;TAZID,TOTHH,HHPOP,RETL,FOOD,MANU,WSLE,OFFI,GVED,HLTH,OTHR,FM_AGRI,FM_MING,FM_CONS,HBJ
1,0,0,0,0,0,0,0,0,0,0,0,0,0,0
2,19,45,0,0,0,0,0,0,0,0,0,0,3,1
3,30,75,0,0,0,0,0,0,0,0,0,0,3,1
4,1,3,0,0,0,0,0,0,0,0,0,0,0,0
5,79,222,0,0,0,0,0,0,3,0,0,0,10,5
6,4,10,0,0,0,9,0,0,0,0,0,0,1,0
7,49,123,2,0,0,31,0,0,0,7,213,0,9,4
8,62,174,19,0,0,0,41,0,0,2,0,0,9,4
9,19,46,0,0,0,103,0,0,0,0,0,0,3,1
10,27,68,0,0,0,108,0,0,0,0,0,0,4,1
11,10,27,0,0,0,0,0,0,0,0,0,0,0,0
12,21,58,0,0,0,0,0,0,0,0,0,0,3,1
13,0,0,0,0,0,0,0,0,0,0,0,0,0,0
14,0,0,0,0,0,0,0,0,0,0,0,0,0,0
15,1,3,0,0,123,168,0,0,0,10,48,0,6,0
16,1,3,0,0,3,85,0,0,0,24,0,0,3,0
17,4,12,0,0,0,0,0,0,0,0,0,0,1,0
18,0,0,0,0,524,249,0,0,0,0,0,0,14,0
19,301,849,17,0,0,11,0,0,0,0,0,0,29,14
20,203,438,14,0,0,2,0,0,0,26,0,0,26,12
21,0,0,0,0,432,45,0,0,0,0,0,0,10,0
22,3,7,0,0,11,0,0,0,0,0,0,0,0,0
23,4,12,0,0,22,31,0,0,0,0,0,0,1,0
24,178,501,0,0,0,0,0,0,1,0,0,0,16,8
25,404,1140,6,0,0,2,0,122,16,5,0,0,56,25
26,272,653,19,0,14,22,0,55,84,21,0,0,38,16
27,0,0,0,0,0,0,0,0,0,0,0,0,0,0
28,1,3,0,0,87,0,0,0,0,0,0,0,3,0
29,311,839,0,0,0,2,0,0,0,0,0,0,26,12
30,388,764,16,0,0,9,47,0,37,10,0,0,59,28
31,293,605,6,63,82,0,44,0,0,41,0,0,40,17
32,150,360,0,0,0,2,0,0,0,0,0,0,18,9
33,218,449,0,0,0,16,0,0,0,0,0,0,24,12
34,268,643,2,0,16,0,6,0,0,0,0,0,33,15
35,375,830,0,0,0,0,0,0,0,0,0,0,47,23
36,105,225,0,0,0,0,0,0,0,0,0,0,14,7
37,0,0,0,0,0,0,0,0,0,5,0,0,0,0
38,0,0,0,0,1599,0,0,25,4,0,0,0,34,0
39,80,216,19,0,0,0,0,0,4,122,0,0,14,5
40,391,770,43,0,0,25,65,96,33,60,0,0,70,30
41,145,286,243,0,0,0,0,0,30,114,0,0,29,10
42,87,172,0,0,0,0,3,0,0,81,0,0,13,5
43,258,571,0,0,0,2,0,46,50,0,0,0,34,15
44,133,343,0,0,0,0,0,0,0,0,0,0,21,10
45,120,309,0,0,0,0,41,0,0,0,0,0,10,4
46,0,0,0,0,0,0,0,0,0,0,0,0,0,0
47,3,7,0,0,0,0,0,0,0,0,0,0,0,0
48,11,30,0,0,0,0,0,0,0,0,0,0,1,0
49,0,0,86,27,0,0,0,0,0,0,0,0,3,0
50,4,12,0,0,13,47,37,113,58,5,0,0,7,0
51,7,16,0,0,12,45,19,0,15,0,0,0,3,0
52,67,130,0,0,190,0,0,0,30,1675,0,0,63,4
53,322,621,327,46,7,74,72,400,72,510,0,0,76,19
54,188,495,14,51,20,0,103,258,87,188,0,0,47,14
55,219,579,0,0,1,0,3,235,0,17,0,0,34,13
56,52,132,0,0,0,0,0,0,0,0,0,0,6,3
57,69,177,0,0,0,0,0,0,0,0,0,0,13,6
58,0,0,0,0,0,0,0,0,0,0,0,0,0,0
59,0,0,0,0,0,0,0,0,0,0,0,0,0,0
60,0,0,0,0,0,0,0,0,0,0,0,0,0,0
61,344,1010,0,0,0,0,0,0,0,0,0,0,36,17
62,271,795,2,0,0,0,0,0,0,14,0,0,34,16
63,26,60,0,0,0,0,0,239,0,0,0,0,9,2
64,296,871,0,86,0,0,0,0,0,24,0,0,40,18
65,367,860,49,0,0,0,0,6,1,26,0,0,50,23
66,183,336,60,25,0,0,0,0,9,43,0,0,33,14
67,182,479,97,0,0,0,3,0,1,43,0,0,29,12
68,228,600,0,0,0,0,0,0,22,19,0,0,33,16
69,39,102,0,0,0,0,0,0,0,24,0,0,6,2
70,137,252,0,0,0,0,9,0,0,17,0,0,16,7
71,0,0,0,0,0,0,0,0,0,0,0,0,0,0
72,123,324,2,0,0,4,0,0,0,84,0,0,16,7
73,4,13,0,0,0,0,0,0,0,0,0,0,1,0
74,0,0,0,0,0,0,0,0,0,0,0,0,0,0
75,176,517,6,15,0,0,0,50,117,17,0,0,27,11
76,116,340,0,0,0,0,0,0,7,2,0,0,13,6
77,103,302,0,0,42,0,0,187,635,10,0,0,44,11
78,564,1285,76,21,0,2,0,0,12,74,0,0,81,37
79,54,124,70,110,0,0,16,69,119,24,0,0,20,5
80,215,489,23,96,0,0,25,142,0,0,0,0,33,13
81,31,57,0,0,0,0,0,69,0,114,0,0,18,6
82,451,828,58,79,4,9,53,0,87,145,0,0,80,34
83,0,0,88,127,0,0,0,0,0,12,0,0,6,0
84,0,0,97,25,0,0,6,76,16,17,0,0,6,0
85,56,156,4,0,0,25,6,0,13,48,0,0,10,3
86,1,3,25,4,0,0,0,0,0,0,0,0,0,0
87,0,0,0,0,0,0,0,0,0,0,0,0,0,0
88,4,12,0,0,0,0,0,0,0,0,29,0,0,0
89,90,252,4,317,0,9,0,0,0,43,0,0,14,3
90,72,200,592,76,22,0,187,63,0,10,0,0,29,4
91,272,763,0,0,0,4,137,0,3,26,0,0,37,17
92,283,795,0,0,9,2,12,0,25,33,0,0,33,15
93,0,0,0,0,0,0,0,0,0,0,0,0,0,0
94,29,85,0,0,0,0,0,0,0,0,0,0,4,2
95,334,989,0,51,0,2,6,0,25,36,0,0,46,21
96,331,927,0,0,0,0,0,0,12,5,0,0,50,24
97,0,0,0,0,0,0,0,0,0,0,0,0,0,0
98,0,0,0,0,0,0,0,0,0,0,0,0,0,0
99,0,0,0,0,0,0,0,0,0,0,0,0,0,0
100,27,67,0,0,0,0,0,0,3,0,0,0,3,2
101,606,1500,0,15,0,11,6,21,32,48,0,0,76,35
102,0,0,0,0,0,0,0,0,0,0,0,0,0,0
103,301,744,0,0,0,4,0,0,3,2,0,0,34,16
104,90,223,0,0,1,0,0,142,0,0,0,0,14,5
105,37,87,0,5,0,0,0,0,0,0,0,0,6,2
106,10,24,12,0,0,0,0,0,0,0,533,0,3,1
107,0,0,0,0,0,0,0,0,0,0,0,0,0,0
108,13,30,0,0,0,0,0,0,0,0,0,0,1,1
109,0,0,0,0,0,0,0,0,0,0,0,0,0,0
110,3,6,0,0,0,0,0,0,0,0,0,0,0,0
111,0,0,0,0,0,0,0,0,0,0,0,0,0,0
112,0,0,0,0,0,0,0,0,0,0,0,0,0,0
113,34,80,0,0,0,0,0,0,0,0,0,0,4,2
114,44,108,0,0,0,2,0,0,0,0,0,0,6,3
115,0,0,68,0,0,0,0,0,0,0,0,0,1,0
116,0,0,0,0,22,0,0,0,0,0,0,0,0,0
117,27,64,25,0,0,0,0,0,0,0,0,0,4,2
118,6,14,0,0,0,0,0,0,0,0,0,0,0,0
119,0,0,0,0,0,0,0,44,0,0,0,0,1,0
120,31,73,2,0,0,0,0,0,0,0,0,0,4,2
121,64,150,0,0,0,2,0,0,0,2,0,11,7,4
122,20,49,0,0,0,0,0,0,0,0,0,0,3,1
123,0,0,0,0,0,0,0,0,0,0,0,0,0,0
124,97,228,0,0,0,0,0,0,0,2,0,0,13,6
125,86,201,0,0,0,0,16,67,0,0,0,0,13,5
126,251,608,0,0,8,2,0,0,0,0,0,0,31,16
127,29,67,0,0,0,0,0,0,0,0,0,0,17,8
128,115,269,0,0,0,11,0,0,0,0,0,0,10,4
129,94,221,0,0,0,0,0,0,0,0,0,0,1,1
130,64,156,0,0,1,0,0,0,0,0,0,0,11,6
131,156,379,0,0,0,0,0,0,0,0,0,0,10,5
132,46,111,0,0,4,0,0,0,0,0,145,0,6,3
133,241,564,0,0,0,0,3,0,0,5,0,0,27,13
134,3,6,0,0,0,0,0,0,0,0,0,0,1,0
135,9,20,0,0,0,0,0,0,0,0,0,0,0,0
136,213,517,0,0,0,11,12,0,0,2,0,0,27,13
137,6,13,0,0,0,63,0,0,0,0,0,0,1,0
138,210,493,0,0,14,0,37,0,0,19,0,0,27,13
139,57,139,0,0,0,0,0,15,0,0,0,55,7,3
140,4,9,0,0,0,0,0,0,0,0,0,0,1,0
141,0,0,0,0,0,0,0,0,0,0,0,0,0,0
142,0,0,0,0,0,0,0,0,0,0,0,0,0,0
143,79,184,47,0,0,76,0,0,0,0,0,0,13,5
144,0,0,0,0,0,0,0,0,0,0,0,0,0,0
145,20,43,0,0,0,0,0,0,0,0,0,0,3,1
146,0,0,0,0,0,0,0,0,0,0,0,0,0,0
147,0,0,0,0,0,0,0,0,0,0,0,0,0,0
148,0,0,0,0,0,0,0,0,0,0,0,0,0,0
149,0,0,0,0,0,0,0,0,0,0,0,0,0,0
150,627,1996,33,0,0,4,6,57,11,26,0,0,64,30
151,46,146,0,0,29,0,0,0,0,0,0,0,4,2
152,4,10,0,0,0,0,0,0,0,0,0,0,0,0
153,0,0,0,0,0,0,0,0,0,0,0,0,0,0
154,0,0,0,0,0,0,0,0,0,0,9,0,0,0
155,27,72,0,0,0,0,0,0,0,0,6,0,15,1
156,6,17,0,0,0,0,0,0,0,0,6,0,0,0
157,111,294,0,0,0,0,0,0,0,0,69,0,37,5
158,342,759,0,0,0,0,0,0,0,0,8,0,53,16
159,0,0,42,56,282,3,0,0,1,16,10,66,13,0
160,3,8,0,0,0,0,0,0,0,0,767,0,0,0
161,34,80,0,0,5,0,0,0,0,0,1,0,1,2
162,139,378,0,0,0,0,0,0,0,0,84,0,34,6
163,15,31,0,0,0,0,0,0,0,0,1,0,8,1
164,188,459,0,0,0,0,0,0,0,0,7,0,26,8
165,0,0,0,3,435,1,0,0,0,17,2,0,15,0
166,183,501,0,0,0,0,0,0,0,0,37,0,48,8
167,18,41,0,0,0,0,0,0,0,0,4,0,1,1
168,53,127,0,0,0,0,0,0,0,0,1,0,2,2
169,51,126,0,0,0,0,0,0,0,0,2,0,16,2
170,42,109,0,7,0,0,0,0,0,0,30,0,2,2
171,170,457,0,0,0,0,0,0,0,0,3,0,41,8
172,97,230,0,0,0,0,0,79,0,0,2,0,6,4
173,287,778,0,0,0,0,0,0,0,0,7,0,88,13
174,241,657,0,0,0,0,0,0,0,0,6,0,7,11
175,1724,4731,9,0,10,2,9,6,27,82,1,0,617,78
176,135,333,0,0,1,0,1,1,1,5,2,0,13,6
177,44,120,0,0,0,0,0,0,0,0,2,0,3,2
178,225,642,0,0,0,0,0,9,0,4,9,0,36,10
179,122,334,10,9,1,7,0,0,1,2,7,0,39,6
180,29,72,0,0,0,0,0,0,0,0,9,0,1,1
181,117,313,0,0,0,0,0,0,0,0,2,0,4,6
182,115,306,0,0,1,2,1,2,1,2,4,0,4,5
183,24,61,7,14,0,0,0,5,1,7,8,0,4,1
184,116,293,0,0,0,0,0,0,0,0,9,0,11,5
185,88,227,0,0,0,0,0,0,0,0,3,0,10,4
186,15,42,0,0,0,0,0,0,0,0,1,0,0,0
187,15,39,0,4,0,0,1,0,0,0,1,0,28,1
188,23,63,0,0,0,0,0,0,0,0,19,0,28,1
189,82,204,0,0,0,0,0,0,0,0,4,0,5,4
190,69,170,0,0,4,0,0,0,0,0,4,0,8,3
191,160,399,0,0,0,0,0,0,0,0,3,0,12,7
192,178,494,0,0,0,0,0,0,0,0,3,0,13,8
193,220,549,0,0,0,0,0,0,0,0,1,0,19,10
194,0,0,0,0,0,0,0,0,0,0,70,0,0,0
195,73,223,0,0,0,0,0,0,0,0,2,0,16,3
196,127,383,0,0,0,0,0,0,0,0,2,0,13,6
197,155,469,0,0,0,0,0,0,0,0,2,0,10,7
198,116,318,0,0,0,0,0,0,0,0,3,0,11,5
199,1167,2905,27,9,1,0,0,0,0,4,2,0,256,53
200,628,1675,0,0,0,0,0,0,0,0,4,0,114,28
201,51,141,0,0,0,0,0,0,0,0,4,0,5,2
202,219,444,0,0,0,0,0,0,0,0,3,0,129,10
203,149,325,0,0,0,1,7,0,0,1,4,0,41,7
204,133,357,0,0,0,0,0,0,0,0,2,0,12,6
205,255,725,0,0,0,0,0,0,0,0,1,0,8,11
206,114,320,0,0,2,4,0,2,1,10,1,0,15,5
207,272,595,0,0,0,0,0,0,0,0,3,0,71,12
208,96,267,0,0,0,0,0,0,0,0,1,0,3,4
209,283,719,0,0,0,0,1,3,0,3,3,0,30,13
210,334,740,0,0,0,0,0,0,0,0,3,0,120,15
211,68,171,1,11,0,0,0,0,0,0,1,0,3,3
212,125,307,1,0,3,8,2,6,2,17,1,0,5,6
213,281,956,130,57,17,34,19,129,13,83,1,0,34,13
214,367,1271,0,0,0,0,0,0,0,1,2,0,26,17
215,158,393,1,0,5,5,5,9,5,19,2,0,10,7
216,84,203,0,0,0,1,0,0,0,2,0,0,3,4
217,175,573,16,0,0,1,0,0,0,10,0,0,7,8
218,265,915,0,0,0,0,0,0,0,1,0,0,21,12
219,139,347,0,0,0,0,0,178,0,2,0,0,14,6
220,255,511,0,0,0,0,0,0,1,0,2,0,18,11
221,719,1497,0,0,0,0,0,0,0,0,2,0,78,33
222,164,405,0,0,0,0,0,0,0,0,2,0,15,8
223,93,220,0,0,0,0,0,0,0,0,0,0,3,4
224,693,1838,0,0,0,1,23,112,0,65,0,0,28,31
225,29,77,239,228,35,309,65,139,151,351,0,0,248,1
226,397,1032,0,0,0,0,0,0,15,0,1,0,18,18
227,356,742,27,8,5,74,12,109,11,58,2,0,50,16
228,310,1038,0,0,0,0,0,124,0,0,0,0,14,14
229,178,549,1,0,1,0,2,6,1,26,1,0,12,8
230,35,92,24,142,4,1068,3,1,1,162,0,0,46,2
231,15,36,416,249,1981,195,49,44,42,532,0,0,112,1
232,120,370,0,0,0,0,0,0,0,0,0,0,4,6
233,90,248,8,0,12,8,23,41,29,99,0,0,33,4
234,167,487,8,2,10,1,2,4,4,35,1,0,10,8
235,1918,4205,13,0,523,31,39,72,71,207,1,0,307,87
236,293,843,12,0,11,0,0,0,0,13,2,0,19,13
237,69,176,7,0,8,8,22,79,27,114,1,0,11,3
238,1030,2110,46,0,11,114,18,95,21,98,1,0,72,47
239,9,27,0,0,0,1,0,0,0,0,1,0,0,0
240,21,50,0,0,0,0,0,0,0,0,0,0,1,1
241,23,41,0,0,0,0,0,0,0,0,0,0,1,1
242,7,19,0,0,0,0,0,0,0,0,1,0,0,0
243,134,328,0,0,0,1,1,1,0,2,1,0,4,6
244,0,0,0,4,0,0,0,0,0,0,2,0,0,0
245,295,927,17,77,121,52,16,14,12,59,1,0,26,13
246,117,294,0,0,0,0,0,0,0,0,1,0,13,5
247,486,1454,0,0,0,0,0,0,0,0,0,0,17,22
248,108,264,0,0,0,0,0,0,0,0,0,0,3,5
249,324,1049,0,0,0,0,0,0,0,0,0,0,11,15
250,282,690,2,0,5,17,12,119,34,73,0,0,17,13
251,94,303,0,0,0,1,0,200,0,0,0,0,9,4
252,223,482,101,300,421,51,61,22,44,167,2,0,104,10
253,554,1800,258,114,252,286,48,68,171,259,1,0,68,25
254,431,1352,1,21,17,9,3,91,6,30,1,0,30,20
255,243,529,0,0,1,1,16,30,14,79,0,0,44,11
256,96,203,1,0,0,6,1,3,2,14,0,0,4,4
257,377,970,152,122,40,65,20,20,25,141,0,0,48,17
258,1,4,123,20,49,37,23,22,27,109,0,0,14,0
259,138,298,7,0,15,6,26,56,43,123,0,0,13,6
260,28,68,0,0,0,0,0,0,0,0,0,0,1,1
261,128,370,0,0,0,0,0,0,0,0,0,0,17,6
262,459,867,0,0,0,0,0,0,0,0,0,0,50,21
263,407,1153,2,0,0,1,3,0,0,2,0,0,32,19
264,761,2201,0,0,0,0,0,0,0,0,0,0,34,35
265,410,1083,0,0,0,0,0,86,0,0,0,0,18,19
266,216,630,0,0,0,0,0,0,0,0,0,0,7,10
267,299,957,0,0,0,0,0,0,0,0,0,0,10,14
268,158,427,0,0,0,0,0,0,0,0,0,0,7,7
269,199,421,2,0,14,7,25,12,76,46,1,0,15,9
270,107,232,163,101,4,9,1,2,3,50,0,0,22,5
271,380,961,6,0,3,2,3,68,27,29,0,0,22,17
272,228,581,0,0,7,0,0,92,0,13,0,0,17,10
273,319,829,0,0,0,0,0,0,0,0,0,0,13,14
274,668,1857,0,0,0,0,0,0,0,0,0,0,25,30
275,50,95,0,0,0,1,1,3,1,5,0,0,3,2
276,1122,2716,48,27,5,6,9,89,24,81,0,0,49,51
277,66,125,31,0,2,2,3,3,6,35,0,0,5,3
278,674,1619,262,159,26,9,22,161,145,129,0,0,51,31
279,292,714,2,0,6,2,7,23,10,38,2,0,17,13
280,159,410,0,0,0,0,0,0,0,0,0,0,7,7
281,382,874,0,0,0,0,0,1,0,0,1,0,25,17
282,881,2445,54,14,20,15,52,45,60,208,1,0,54,40
283,520,1383,18,73,10,6,15,100,20,72,0,0,27,24
284,383,1006,0,0,0,0,2,0,4,1,0,0,17,17
285,110,284,0,0,0,0,0,0,1,5,1,0,23,5
286,218,553,2,6,3,2,44,3,43,33,0,0,13,10
287,159,415,0,0,0,0,0,0,0,0,0,0,7,7
288,988,2337,216,80,65,59,13,224,18,144,0,0,58,45
289,99,274,53,4,15,2,14,16,16,106,1,0,10,4
290,119,356,0,0,0,0,0,0,0,0,0,0,4,5
291,1791,5327,0,0,0,0,0,2,0,0,0,0,57,81
292,156,429,57,14,17,8,23,20,40,122,3,0,28,7
293,603,1726,19,0,13,12,21,46,22,89,1,0,26,27
294,316,912,456,105,46,33,66,127,113,345,0,0,51,14
295,9,16,0,0,0,0,0,0,0,0,1,0,0,0
296,11,26,0,0,0,0,0,0,0,0,2,0,0,0
297,45,111,0,0,0,0,0,0,0,0,4,0,1,2
298,36,70,0,0,0,0,0,0,0,0,2,0,1,2
299,23,45,50,19,13,61,22,24,18,84,1,0,11,1
300,4,14,124,10,275,2,57,151,62,429,1,0,717,0
301,12,36,0,0,0,0,0,0,0,0,1,0,0,1
302,86,214,0,0,0,0,3,5,1,6,3,0,5,4
303,58,147,17,37,3,4,9,8,11,61,1,0,7,3
304,79,191,1,0,0,0,2,56,2,7,1,0,5,3
305,2,4,0,0,0,0,0,0,0,0,2,0,0,0
306,28,70,0,0,0,0,0,0,0,0,2,0,1,1
307,94,231,0,0,0,0,0,0,0,0,2,0,3,4
308,240,671,85,3,18,17,41,82,50,186,1,0,45,11
309,207,492,39,9,82,8,22,31,22,88,2,0,17,9
310,0,0,58,1,19,25,7,0,4,66,0,0,6,0
311,24,59,273,151,183,41,115,238,119,514,1,0,53,1
312,417,1378,1,0,4,3,7,50,233,182,1,0,29,19
313,713,1773,0,17,0,1,1,44,2,9,0,0,25,32
314,612,1548,0,0,0,1,0,1,1,11,0,0,20,28
315,0,0,177,2,340,267,66,4,53,566,0,0,47,0
316,1195,3296,5,0,8,11,21,33,69,121,0,0,46,54
317,534,1224,0,0,0,1,0,0,1,5,0,0,18,24
318,126,281,0,0,0,0,0,0,0,0,0,0,5,6
319,0,0,278,15,1604,484,112,254,47,402,0,0,102,0
320,732,1781,0,0,0,1,0,27,0,19,0,0,25,33
321,522,1149,0,0,0,1,4,116,0,5,0,0,21,24
322,334,628,39,0,27,17,43,85,61,214,0,0,26,15
323,374,775,44,0,6,65,6,8,14,65,0,0,19,17
324,596,1425,117,9,37,14,33,62,43,169,0,0,36,27
325,508,1129,0,0,0,0,0,0,0,0,0,0,16,23
326,0,0,152,3,1390,388,320,625,245,1600,1,0,150,0
327,535,1164,0,0,2,30,3,76,4,52,0,0,25,24
328,328,615,56,52,12,5,9,31,20,343,0,0,29,15
329,900,1930,64,3,25,11,13,137,22,107,0,0,41,41
330,440,1193,28,0,3,5,9,82,9,33,0,0,20,20
331,321,613,0,0,1,0,0,411,0,0,0,0,23,14
332,400,877,3,0,6,3,9,52,13,54,0,0,17,18
333,751,2002,93,29,170,37,76,116,91,392,0,0,56,34
334,314,597,255,280,31,29,50,55,115,277,0,0,47,14
335,465,1116,24,422,17,43,17,23,31,166,0,0,39,21
336,236,648,2,0,5,3,6,94,14,31,0,0,17,11
337,338,933,1,0,6,9,10,300,71,36,0,0,28,15
338,687,1708,0,0,0,0,0,2,0,5,0,0,22,31
339,1,2,39,12,40,21,44,378,93,199,0,0,26,0
340,557,1140,171,76,1610,147,93,164,134,312,0,0,104,25
341,88,174,84,65,22,12,40,150,33,92,0,0,19,4
342,238,636,0,65,1,0,1,0,0,3,0,0,10,11
343,152,403,9,129,3,2,3,4,4,41,0,0,13,7
344,384,767,61,6,39,20,40,28,65,167,0,0,26,17
345,240,462,0,0,0,1,1,8,26,11,0,0,9,11
346,418,655,2,44,1,0,1,66,2,11,0,0,17,19
347,727,1161,160,0,10,5,17,14,34,81,0,0,33,33
348,233,468,1,96,4,2,16,25,17,127,0,0,17,11
349,226,456,0,0,0,0,0,0,0,0,0,0,21,10
350,259,502,6,0,0,1,1,1,1,8,0,0,9,12
351,2,6,13,0,24,25,10,12,12,50,0,0,5,0
352,48,91,2,0,5,209,1,0,2,58,0,0,10,2
353,484,876,321,9,28,20,50,8,65,171,0,0,41,22
354,7,16,44,0,10,7,8,0,11,56,0,0,9,0
355,41,85,38,0,20,18,5,4,7,18,0,0,5,2
356,302,579,9,10,7,4,8,2,12,41,0,0,29,14
357,51,133,0,0,1,0,0,1,1,2,0,0,2,2
358,109,201,24,123,31,0,2,0,1,2,0,0,9,5
359,179,396,12,0,7,2,9,2,17,40,0,0,19,8
360,413,709,0,30,5,0,1,3,18,144,0,0,20,19
361,167,419,0,0,0,0,0,300,0,0,0,0,15,8
362,319,643,101,27,6,6,13,10,21,94,0,0,19,14
363,275,668,0,0,0,0,0,0,0,0,0,0,18,13
364,2,2,145,77,85,273,13,4,8,66,0,0,21,0
365,0,0,269,155,731,86,71,80,162,532,0,0,65,0
366,81,223,128,2,350,84,55,48,73,348,0,0,45,4
367,0,0,3,0,2,2,2,5,3,11,0,0,1,0
368,179,330,14,0,7,41,8,7,14,26,0,0,11,8
369,9,17,64,2,114,87,176,23,245,492,0,0,39,0
370,86,186,21,12,49,65,54,26,51,361,0,0,23,4
371,8,16,24,4,116,54,106,60,153,351,0,0,28,0
372,293,551,188,35,27,16,75,461,39,293,0,0,45,13
373,169,313,54,197,98,60,326,88,166,1085,0,0,71,8
374,268,570,6,0,4,3,6,1,8,30,0,0,10,12
375,187,352,40,6,89,46,199,307,292,446,0,0,51,8
376,259,577,10,0,22,13,22,10,44,97,0,0,15,12
377,795,1340,5,0,10,9,39,23,159,85,0,0,36,36
378,328,537,3,0,0,0,0,54,1,2,0,0,12,15
379,708,1639,1,0,4,3,6,4,6,24,0,0,24,32
380,474,1182,1,0,4,4,3,7,6,17,0,0,20,22
381,388,899,15,0,2,0,2,4,2,13,0,0,15,18
382,161,411,0,0,0,0,1,0,0,0,0,0,5,7
383,0,0,86,18,1047,257,254,82,59,149,0,0,62,0
384,6,13,126,20,310,233,81,36,40,183,0,0,33,0
385,8,22,56,6,172,27,20,25,26,103,0,0,14,0
386,6,15,40,7,146,494,8,15,8,62,0,0,25,0
387,311,865,13,14,201,29,41,12,14,98,0,0,26,14
388,0,0,0,0,0,11,0,0,0,0,0,0,0,0
389,164,290,8,3,61,15,26,36,50,141,0,0,16,8
390,122,187,38,187,63,38,121,54,122,378,0,0,36,6
391,77,154,2,0,16,4,31,397,17,69,0,0,19,3
392,357,615,57,263,106,53,160,93,228,403,0,0,55,16
393,320,608,52,2,42,25,111,33,132,344,0,0,55,15
394,22,39,64,121,271,158,1070,5590,536,1084,0,0,284,1
395,202,316,26,4,45,34,105,88,157,316,0,0,35,9
396,451,684,41,131,96,47,180,322,195,545,0,0,64,20
397,629,1471,27,0,12,18,17,26,102,69,0,0,30,29
398,763,1333,19,3,12,8,141,60,39,122,0,0,38,35
399,548,1117,56,0,3,1,5,6,8,30,0,0,21,25
400,662,1218,29,1,20,17,39,84,52,197,0,0,35,30
401,322,740,0,13,0,2,1,38,1,20,0,0,13,15
402,357,761,2,0,1,1,3,9,56,15,0,0,14,16
403,230,472,0,0,0,0,3,0,3,13,0,0,9,10
404,199,409,0,0,0,0,0,37,1,0,0,0,14,9
405,10,25,568,135,190,66,88,6,53,527,0,0,52,0
406,2,3,55,32,5,1,6,2,5,57,0,0,5,0
407,0,0,131,35,70,33,4,0,6,117,0,0,13,0
408,0,0,163,12,31,359,24,0,14,125,0,0,23,0
409,80,200,57,2,357,346,35,39,44,121,0,0,34,3
410,89,256,40,0,9,10,15,4,19,54,0,0,8,4
411,317,900,6,0,11,6,12,5,15,40,0,0,14,14
412,96,194,31,5,11,4,6,6,14,611,0,0,27,4
413,168,345,32,14,38,26,55,15,67,178,0,0,19,8
414,68,138,19,5,8,62,14,36,18,40,0,0,9,3
415,415,1128,3,0,7,6,8,7,12,43,0,0,17,19
416,428,906,6,0,2,1,2,1,4,11,0,0,14,19
417,364,829,50,23,16,12,34,62,81,179,0,0,26,17
418,411,1061,2,0,1,1,1,34,10,85,0,0,17,19
419,522,1016,0,0,0,0,7,1,14,7,0,0,17,24
420,149,340,0,0,0,0,0,157,0,0,0,0,10,7
421,108,245,0,0,1,0,7,35,5,12,0,0,5,5
422,0,0,1,0,3265,69,421,53,56,38,0,0,124,0
423,37,79,147,4,89,110,55,15,70,265,0,0,25,2
424,3,6,157,2,115,13,23,11,59,107,0,0,28,0
425,142,355,187,14,33,27,54,21,84,312,0,0,29,6
426,180,451,76,0,32,34,78,11,196,180,0,0,25,8
427,96,247,31,32,24,17,46,78,79,151,0,0,18,5
428,58,139,28,1,26,25,47,14,55,160,0,0,13,3
429,145,363,64,0,35,26,56,36,80,228,0,0,21,7
430,384,994,0,0,0,0,0,0,0,0,0,0,14,17
431,241,651,0,0,0,4,4,7,3,29,0,0,9,11
432,830,1529,15,32,25,13,31,55,35,159,0,0,38,38
433,387,887,6,0,12,6,17,169,57,104,0,0,24,18
434,44,134,464,248,34,119,104,54,85,328,0,0,47,2
435,77,183,11,1,16,14,29,11,53,199,0,0,14,3
436,508,970,35,24,35,21,64,65,74,289,0,0,39,23
437,240,670,1,41,1,15,14,3824,22,62,0,0,134,11
438,210,478,0,0,0,0,0,0,0,0,0,0,14,9
439,275,593,11,1,38,21,191,59,426,1006,0,0,64,12
440,172,367,171,60,16,16,29,26,4104,435,0,0,160,8
441,315,744,31,120,5,14,9,107,13,78,0,0,56,14
442,264,582,2,29,1,47,2,0,1,517,0,0,27,12
443,443,991,11,99,25,3,12,180,258,128,0,0,46,20
444,462,1186,0,0,0,0,0,0,0,0,0,0,15,21
445,193,478,0,0,0,0,0,0,0,0,0,0,7,9
446,240,600,3,47,11,3,9,21,10,92,0,0,14,11
447,469,1241,76,7,20,3,14,1,8,98,1,0,22,21
448,950,2544,79,13,38,113,49,98,64,237,0,0,61,43
449,288,706,0,0,0,0,0,0,0,0,2,0,12,13
450,412,995,0,0,0,112,0,52,0,1,1,0,24,19
451,18,44,55,83,37,56,55,104,77,217,0,0,22,1
452,112,264,0,0,0,0,0,0,0,0,3,0,4,5
453,364,980,136,68,167,43,35,13,14,158,1,0,32,16
454,202,554,2,12,215,14,1,31,9,42,1,0,17,9
455,667,1828,63,82,48,49,67,79,88,330,0,0,48,30
456,171,503,0,0,0,0,0,0,0,0,1,0,7,8
457,159,423,96,35,37,13,38,67,39,172,3,0,21,8
458,188,576,1,0,1,0,6,118,16,15,3,0,12,9
459,539,1406,66,126,90,186,23,5,10,178,2,17,82,25
460,365,989,0,45,0,5,0,169,1,48,0,0,20,17
461,375,1003,0,0,0,0,0,0,0,0,4,0,34,17
462,758,2159,0,0,0,0,0,1,0,34,1,0,114,34
463,412,1150,0,0,0,1,5,0,1,21,5,0,14,19
464,429,1155,7,9,7,15,11,9,14,52,1,0,18,19
465,786,1842,12,44,11,3,6,2,2,19,2,0,28,36
466,377,982,1,0,0,1,2,4,2,10,0,0,29,17
467,725,1979,2,0,1,0,7,1,4,12,0,0,24,33
468,299,829,0,0,0,1,1,0,1,3,0,0,10,14
469,327,814,0,0,0,0,0,0,0,0,0,0,10,15
470,223,570,0,0,1,5,0,187,0,3,0,0,13,10
471,152,419,0,0,0,0,0,94,0,0,0,0,9,7
472,311,850,1,0,2,12,4,16,4,20,0,0,12,14
473,468,1259,8,28,10,7,35,20,27,159,1,0,59,21
474,158,430,0,0,0,0,0,0,0,0,0,0,5,7
475,283,896,0,0,0,0,0,0,0,0,5,0,9,13
476,45,143,0,0,0,0,0,0,0,0,7,0,1,2
477,111,351,0,0,0,0,0,0,0,0,4,0,4,5
478,31,99,0,0,0,0,0,0,0,0,2,0,1,1
479,114,359,4,0,0,0,6,21,1,7,1,0,5,5
480,130,404,2,4,2,10,6,5,17,27,1,0,7,6
481,95,298,0,0,7,0,1,0,0,1,1,0,3,4
482,68,212,0,0,0,0,0,0,0,0,1,0,2,3
483,114,353,0,0,0,0,0,0,0,0,1,0,4,5
484,228,755,0,0,0,0,0,0,0,0,6,0,8,10
485,251,836,1,0,0,1,2,1,1,18,1,0,9,11
486,81,209,0,0,0,0,0,0,0,0,5,0,3,4
487,112,290,0,0,0,0,0,0,0,0,6,0,6,5
488,100,259,0,0,0,0,0,0,0,0,3,0,3,4
489,168,476,9,8,0,4,1,0,0,4,0,0,11,8
490,107,300,11,3,29,6,4,96,2,20,0,0,9,5
491,144,393,16,0,0,0,0,2,0,2,1,0,12,7
492,165,428,0,0,0,0,0,0,0,0,1,0,5,7
493,92,234,0,0,0,15,3,5,3,16,2,0,4,4
494,256,668,0,0,0,0,0,0,0,0,2,0,8,11
495,68,220,0,0,0,0,0,0,0,0,1,0,2,3
496,461,1486,0,0,0,0,5,94,0,0,0,0,18,21
497,664,1601,21,0,2,28,5,3,5,37,0,0,24,30
498,725,1465,10,5,2,2,2,4,3,23,0,0,25,33
499,520,1335,80,65,4,1,6,88,3,30,0,0,25,24
500,798,1780,41,73,4,5,18,12,12,80,0,0,36,36
501,363,810,0,0,0,0,0,51,0,0,0,0,13,16
502,439,1190,43,50,52,71,43,146,24,307,0,0,37,20
503,721,1772,35,0,9,3,16,9,14,103,0,0,29,33
504,497,1185,5,0,5,4,17,314,11,62,0,0,29,23
505,746,1697,23,25,31,10,26,32,34,129,0,0,34,34
506,633,2146,1,2,0,2,0,0,0,5,0,0,27,29
507,101,312,11,6,2,0,3,94,4,44,0,0,10,5
508,416,1148,0,0,1,0,2,1,2,50,0,0,15,19
509,430,1171,14,0,11,3,6,6,7,44,0,0,22,20
510,477,1124,0,0,0,0,0,0,0,0,0,0,15,22
511,397,959,8,0,0,5,0,192,26,62,0,0,22,18
512,438,1028,10,24,13,9,26,31,52,197,0,0,25,20
513,581,1360,0,0,0,0,0,0,0,0,0,0,18,26
514,210,668,16,98,9,4,22,26,24,136,0,0,17,10
515,332,914,2,0,2,2,7,14,37,33,0,0,14,15
516,415,1035,12,0,14,8,32,180,112,304,0,0,35,19
517,607,1558,0,0,1,1,3,118,2,13,0,0,24,28
518,256,549,39,127,23,17,30,36,46,282,0,0,34,12
519,123,229,292,68,52,66,97,44,97,303,0,0,36,6
520,699,1590,0,0,0,0,0,0,0,0,0,0,22,32
521,446,1030,141,21,3,2,12,16,62,107,0,0,26,20
522,356,1100,147,18,17,8,41,38,90,215,0,0,30,16
523,611,1416,7,0,3,0,4,0,5,20,0,0,21,28
524,478,1341,1,0,0,1,0,0,0,1,0,0,15,22
525,342,896,0,0,0,0,0,57,0,0,0,0,13,16
526,395,969,156,107,52,35,88,58,278,589,0,0,58,18
527,0,0,0,0,178,0,85,77,0,0,0,0,11,0
528,348,845,0,0,0,0,0,0,0,0,0,0,11,16
529,314,680,0,0,4,29,5,27,5,26,0,0,13,14
530,665,1611,5,0,3,9,13,106,8,27,0,0,27,30
531,310,678,22,0,4,1,3,8,9,24,0,0,12,14
532,0,0,546,488,85,55,140,238,185,682,0,0,77,0
533,126,295,153,289,58,31,71,58,101,265,0,0,37,6
534,3,5,97,21,311,11,309,339,1288,2816,0,0,164,0
535,316,750,474,108,65,193,137,235,166,606,0,0,73,14
536,264,549,616,226,35,40,67,113,75,265,0,0,104,12
537,655,1375,183,1,19,38,31,91,145,309,0,0,47,30
538,1056,2065,834,276,58,165,127,158,146,560,0,0,174,48
539,225,465,0,0,0,0,0,0,1,43,1,0,12,10
540,0,0,0,0,2,0,0,87,0,1,0,0,3,0
541,0,0,0,0,1374,0,279,1829,0,0,0,0,111,0
542,338,818,9,25,2,4,7,14,7,28,0,0,14,15
543,851,2307,7,0,9,5,13,118,23,95,0,0,36,39
544,530,1243,0,0,0,0,0,0,0,0,0,0,17,24
545,393,765,0,0,1,0,1,166,1,28,0,0,19,18
546,439,1152,0,0,1,0,0,2,3,6,0,0,14,20
547,426,1113,0,0,0,0,0,124,0,0,0,0,19,19
548,386,879,30,1,14,12,67,18,98,347,0,0,31,18
549,43,129,1,0,2,1,2,0,1952,10,0,0,64,2
550,108,246,15,0,35,27,50,350,100,292,0,0,31,5
551,369,825,0,0,0,0,0,16,0,0,2,0,12,17
552,370,732,2,0,3,26,7,15,14,34,1,0,121,17
553,65,205,367,48,57,48,87,48,127,338,0,0,42,3
554,291,708,337,144,77,57,120,49,198,592,0,0,59,13
555,133,269,19,35,23,12,37,13,61,173,0,0,16,6
556,313,635,1,7,2,1,4,39,10,27,0,0,14,14
557,326,560,0,0,1,0,8,2,9,6,0,0,11,15
558,159,382,0,0,0,0,0,1,0,150,0,0,11,7
559,0,0,30,22,8,5,11,6,67,62,0,0,7,0
560,459,1072,0,0,0,0,0,0,0,9,0,0,16,21
561,553,1252,6,0,11,14,24,110,31,122,0,0,29,25
562,163,374,4,0,5,7,13,8,18,100,0,0,13,7
563,496,1128,1,0,2,2,11,28,6,33,0,0,19,22
564,390,962,0,0,0,0,2,0,1,5,0,0,22,18
565,289,655,0,0,2,0,1,169,2,21,0,0,15,13
566,367,890,32,17,132,2,3,1,106,124,0,0,27,17
567,168,423,0,0,0,0,0,0,0,0,0,0,12,8
568,959,2326,16,59,12,10,22,70,59,288,0,83,51,44
569,245,593,114,84,22,16,124,45,320,405,0,0,44,11
570,1201,2577,51,23,28,11,151,37,341,403,0,0,80,55
571,419,1130,5,0,9,27,18,149,35,136,0,0,46,19
572,948,1956,189,104,12,57,26,34,372,480,0,0,71,43
573,307,721,0,0,0,0,0,0,0,0,0,0,21,14
574,99,263,0,0,0,0,0,0,0,0,2,0,3,4
575,312,833,44,28,78,21,36,32,18,131,1,0,23,14
576,9,21,8,22,91,32,25,37,26,165,0,0,13,0
577,1,3,0,0,0,0,0,0,0,0,0,0,0,0
578,4,8,0,0,0,0,0,0,0,0,0,0,0,0
579,36,68,0,0,0,0,0,0,0,0,0,0,1,2
580,2,5,0,0,0,0,1,6,1,4,0,0,0,0
581,8,18,0,0,0,0,0,0,0,0,0,0,0,0
582,269,769,0,0,0,0,0,0,0,0,42,0,25,13
583,1742,5001,0,0,0,0,0,0,0,0,32,0,231,81
584,301,893,0,0,0,0,0,0,0,0,9,0,25,14
585,1630,4988,6,4,1,1,4,2,6,31,3,0,61,76
586,188,485,0,0,0,0,0,0,0,0,12,0,37,9
587,253,759,0,0,0,0,3,0,0,2,8,0,8,12
588,294,913,0,0,0,29,30,0,3,8,4,0,59,14
589,203,589,0,0,0,0,0,0,0,0,6,0,8,10
590,354,1071,0,0,0,0,0,0,0,0,4,0,13,17
591,336,1015,0,0,0,0,0,0,0,0,2,0,35,16
592,228,548,0,0,0,0,0,0,0,0,3,0,9,11
593,463,1335,1,0,0,0,1,90,2,6,3,0,23,22
594,358,1004,15,2,3,20,50,75,92,255,0,0,37,17
595,585,1629,4,1,2,4,4,163,11,40,1,0,33,27
596,409,1050,12,2,1,2,6,3,7,36,1,0,14,19
597,365,903,0,0,0,0,0,0,0,0,5,0,13,17
598,1742,4900,23,7,6,8,14,4,20,109,9,0,129,81
599,1138,3343,2,1,0,7,7,4,14,88,6,0,92,53
600,354,918,278,135,20,42,59,27,86,373,10,0,107,17
601,399,1045,0,0,0,0,0,0,0,0,1,0,31,19
602,713,2317,0,0,0,0,0,0,0,0,9,0,67,33
603,377,1164,0,0,0,0,36,1,2,9,0,0,12,18
604,720,1441,0,0,1,1,0,0,0,0,0,0,33,34
605,723,1519,16,4,2,13,21,7,22,207,2,0,71,34
606,343,964,0,0,0,0,0,0,0,0,0,0,12,16
607,317,791,1,0,0,6,0,0,1,4,0,0,17,15
608,300,882,0,0,0,0,0,0,0,2,3,0,21,14
609,960,3652,89,78,15,31,52,103,43,401,0,0,60,45
610,240,654,405,185,8,63,120,259,132,825,0,0,74,11
611,390,1100,30,1,1,6,16,59,11,68,0,0,17,18
612,478,1281,6,1,0,6,6,7,7,56,0,0,20,22
613,165,489,0,0,0,0,0,0,0,0,0,0,17,8
614,868,2560,35,62,4,7,16,6,134,89,0,0,38,40
615,182,510,681,156,6,56,114,43,164,804,0,0,65,9
616,397,1117,3,0,0,2,3,51,7,20,0,0,16,19
617,520,1353,1,0,1,7,0,0,2,14,0,0,16,24
618,603,1829,10,3,21,31,43,41,27,312,1,0,54,28
619,673,2089,18,5,3,4,5,6,18,77,3,0,210,31
620,403,1052,0,0,0,0,0,0,0,0,1,0,21,19
621,573,1463,0,0,2,1,0,0,2,4,0,0,19,27
622,537,1351,137,6,3,34,76,69,59,253,0,0,93,25
623,0,0,0,2,971,0,1819,484,0,807,0,0,119,0
624,607,1614,35,3,2,20,16,64,35,122,0,0,54,28
625,543,1420,6,2,1,8,6,103,14,62,0,0,26,25
626,0,0,7,1,2,1,283,425,18,76,0,0,24,0
627,559,1505,36,13,24,16,28,56,48,226,0,0,39,26
628,0,0,21,5,13,8,1276,2153,360,294,0,0,121,0
629,0,0,0,0,423,0,0,1420,1,52,0,0,55,0
630,0,0,0,0,314,0,376,4502,2,72,0,0,154,0
631,0,0,0,0,253,0,1108,6775,0,187,0,0,243,0
632,393,904,0,0,0,0,0,1,0,44,0,0,13,18
633,0,0,0,0,0,0,318,135,3,57,0,0,15,0
634,46,143,254,57,22,18,730,11824,426,745,0,0,413,2
635,270,811,19,7,4,18,34,10,34,316,13,0,38,13
636,540,1627,7,3,4,19,45,118,62,315,18,0,34,25
637,594,1550,1,1,1,7,5,45,4,40,5,0,41,28
638,692,1787,37,2,1,12,31,68,24,218,2,0,56,32
639,4,9,1,41,0,0,5,1,10,39,0,108,3,0
640,0,0,0,0,0,0,0,0,0,0,0,0,0,0
641,161,468,5,4,1,7,12,1,8,52,7,0,15,7
642,451,1265,0,0,0,0,9,0,1,8,0,0,18,21
643,665,1719,85,19,9,35,22,73,41,192,0,0,41,31
644,448,1090,0,0,0,0,0,0,0,0,0,0,18,21
645,735,2209,32,49,2,10,42,20,43,190,0,0,212,34
646,894,1812,105,39,8,101,151,193,239,842,0,0,85,42
647,0,0,30,0,714,0,1894,59,1,1062,0,0,110,0
648,534,1139,2,0,0,0,2,0,3,4,1,0,22,25
649,357,826,16,0,1,0,0,0,0,6,2,0,30,17
650,411,944,0,0,0,3,0,0,0,2,0,0,14,19
651,0,0,16,4,41,173,4,0,32,163,0,0,13,0
652,37,87,8,1,157,101,11,15,199,107,0,0,19,2
653,937,1835,48,3,2,22,48,2,115,253,0,0,90,44
654,720,1564,47,24,6,16,55,13,98,210,0,0,59,34
655,694,2051,1,0,0,0,0,54,5,19,0,0,23,32
656,414,1373,0,0,0,0,0,0,0,0,1,0,18,19
657,1,2,76,13,2600,391,199,64,196,721,0,0,125,0
658,789,1535,3,2,1,6,16,1,9,30,0,0,38,37
659,358,699,14,20,1,6,39,142,51,262,0,0,59,17
660,868,1636,53,9,13,34,123,412,489,806,0,0,237,40
661,1200,2483,276,93,17,58,790,56,420,1296,1,0,271,56
662,943,1928,118,4,3,70,69,35,92,972,0,0,67,44
663,332,701,53,47,3318,351,67,343,138,502,2,0,157,16
664,1255,2382,46,64,6,35,37,48,101,373,0,0,89,58
665,1243,3081,39,4,7,22,21,73,43,122,1,0,100,58
666,1256,3656,79,24,1,20,38,58,146,159,0,0,59,59
667,1502,4430,10,2,3,2,5,6,6,42,3,0,58,70
668,1422,4377,40,11,9,5,60,3,120,164,16,0,142,66
669,242,617,49,44,67,179,53,316,62,234,2,0,209,11
670,988,2869,9,2,1,3,9,2,5,72,2,0,130,46
671,418,1113,7,40,4,29,12,2,123,64,4,0,37,20
672,374,1249,7,44,0,4,15,2,29,32,1,0,15,17
673,412,1376,0,0,0,0,5,0,0,7,2,0,41,19
674,593,1723,480,174,11,76,68,173,71,412,2,0,61,28
675,817,2249,40,9,1,4,19,240,87,73,0,0,57,38
676,6,15,2,2,0,40,8,20,5,48,13,0,4,0
677,808,2398,18,5,8,9,6,62,10,78,19,0,124,37
678,587,1707,7,1,3,3,25,222,94,185,5,0,57,27
679,835,2476,26,17,1,15,33,9,122,153,1,0,59,39
680,1415,3709,135,59,8,68,132,175,167,443,0,0,88,66
681,765,2130,209,142,11,70,23,94,23,187,0,7,46,36
682,683,1823,1,0,1,10,3,0,1,8,1,0,26,32
683,4431,12998,0,0,0,0,0,0,0,0,39,0,358,207
684,1020,2944,0,0,0,1,4,4,0,4,11,0,83,47
685,755,2188,0,0,0,0,0,0,0,3,0,0,46,35
686,405,1350,0,0,0,0,3,0,7,0,0,0,24,19
687,773,2314,0,0,4,0,6,0,0,1,4,0,30,36
688,579,1652,0,0,0,0,0,0,0,0,0,0,34,27
689,0,0,0,0,0,0,0,0,0,0,42,0,0,0
690,742,1792,61,3,3,21,145,143,326,377,13,0,53,35
691,598,1423,74,7,295,94,106,29,141,355,12,0,50,28
692,621,1603,10,3,2,20,176,26,56,477,0,0,41,29
693,1374,3351,69,23,31,52,260,392,454,1002,2,0,107,64
694,600,1276,86,37,13,92,97,171,72,510,2,0,49,28
695,29,83,3,0,46,17,0,1,1,138,13,0,7,1
696,557,1551,182,130,12,53,88,54,48,337,2,0,43,26
697,686,1713,2,1,16,11,52,13,214,195,2,0,37,32
698,1007,2716,0,0,0,0,0,50,0,1,0,0,42,47
699,724,1926,0,9,0,1,9,2,6,45,2,0,70,34
700,576,1208,191,339,35,30,23,110,45,277,0,0,48,27
701,783,1745,42,19,8,53,41,150,302,232,1,0,48,36
702,1186,2336,119,24,17,94,36,63,47,391,0,0,85,55
703,1202,2799,302,85,35,82,66,21,2335,406,0,0,147,56
704,1543,2795,704,811,127,40,420,111,651,1364,0,0,432,72
705,1736,4382,227,71,22,112,246,39,438,984,2,0,114,81
706,135,335,14,3,1,16,10,10,12,89,4,0,8,6
707,1859,4564,0,0,0,0,4,0,12,0,7,0,60,87
708,1129,3107,0,0,0,0,4,0,4,0,0,0,33,53
709,296,670,10,2,48,88,57,16,24,148,2,0,20,14
710,751,1693,326,128,11,122,45,24,98,361,0,0,134,35
711,229,411,471,503,19,46,29,26,80,359,0,0,58,11
712,205,489,55,26,10,102,161,140,261,670,4,0,50,9
713,847,2133,3,0,0,0,2,0,13,23,0,0,29,39
714,1206,3647,22,0,0,0,7,54,23,12,1,0,70,56
715,606,1582,0,0,0,0,3,0,0,11,0,0,29,28
716,258,788,14,6,0,2,5,0,108,16,0,0,14,12
717,1089,2737,4,0,6,11,3,2,3,24,4,0,78,51
718,256,819,3,0,1,5,15,68,6,49,3,0,12,12
719,0,0,26,1,255,497,83,7,12,177,0,23,31,0
720,1102,2198,1423,311,52,89,87,55,162,488,0,0,325,52
721,639,1443,35,9,5,25,33,136,48,202,0,0,38,30
722,305,587,72,62,5,36,135,357,190,510,1,0,62,14
723,1342,2635,3,19,0,1,11,67,12,101,0,0,61,63
724,1754,4018,31,17,2,5,26,15,58,139,3,0,87,82
725,212,677,1,0,1,1,1,103,1,3,1,0,9,10
726,237,679,1,0,0,0,0,81,1,5,1,0,38,11
727,228,558,0,0,0,0,0,0,0,0,1,0,7,11
728,529,1411,7,11,6,19,28,138,20,128,10,0,141,25
729,365,832,85,1,480,857,111,6,83,203,2,0,66,17
730,1101,2874,42,4,0,6,5,9,9,47,2,0,117,51
731,420,1262,0,0,0,0,10,0,0,0,7,0,35,20
732,695,2089,5,0,1,2,24,61,3,44,7,0,26,32
733,190,602,0,0,0,0,0,0,0,0,3,0,218,9
734,286,904,60,7,8,56,41,39,44,298,6,0,175,13
735,431,1413,0,0,0,0,0,0,0,0,0,0,13,20
736,412,935,0,0,1,3,3,0,0,3,1,0,40,19
737,1032,2379,19,7,29,24,49,94,131,381,0,0,58,48
738,199,354,246,147,10,60,76,24,188,576,0,0,50,9
739,1526,3594,71,37,10,37,79,48,106,402,1,0,91,71
740,3,9,0,0,0,0,0,0,0,0,26,0,0,0
741,177,520,0,0,0,0,0,0,0,0,0,0,5,8
742,351,953,8,1,1,10,21,6,1019,70,0,0,49,16
743,716,2283,12,0,1,15,22,135,23,89,3,3,38,33
744,866,2128,1,0,0,0,3,52,7,3,2,0,172,40
745,282,794,2,0,0,3,2,0,0,1,0,0,10,13
746,138,452,6,1,2,11,29,21,20,136,0,0,11,6
747,1098,2449,223,44,13,53,166,210,370,660,0,0,213,51
748,568,1443,0,0,0,0,10,0,3,1,2,0,54,26
749,485,1506,0,0,0,0,0,0,0,0,2,0,71,23
750,476,1395,260,113,3,31,27,19,25,229,0,0,44,22
751,12,36,286,14,262,285,536,6,192,284,0,0,254,1
752,54,124,217,148,69,121,203,104,927,1113,1,0,144,2
753,1,3,0,0,0,0,0,0,0,0,12,0,0,0
754,487,1743,10,1,1,8,16,43,10,40,5,0,29,23
755,567,1898,0,0,0,0,0,0,0,0,3,0,28,27
756,457,1421,37,4,14,99,32,109,123,526,0,0,41,21
757,913,1758,38,83,8,17,29,17,62,167,0,0,103,43
758,1013,2092,30,11,9,21,83,290,87,410,0,0,127,47
759,304,1057,0,0,1,1,11,0,0,0,8,0,9,14
760,617,1943,2,0,1,2,13,120,6,59,19,0,37,29
761,351,1088,10,2,8,9,46,976,83,191,3,0,62,16
762,432,1451,7,1,2,7,36,218,16,105,4,0,28,20
763,417,1424,0,0,0,0,0,0,0,0,1,0,16,20
764,1362,3474,5,0,2,10,16,71,8,32,1,0,60,63
765,349,1204,9,1,3,45,12,72,12,91,1,0,36,16
766,214,451,1,0,0,39,4,2,7,12,6,0,8,10
767,458,1120,61,5,5,9,25,3,58,144,2,0,55,22
768,586,1476,0,0,10,0,1,0,4,3,0,0,36,27
769,625,1450,3,15,1,9,8,3,6,365,0,0,33,29
770,743,1914,0,0,9,0,18,83,3,5,0,0,53,35
771,544,1533,138,25,18,74,210,49,317,1062,0,0,119,25
772,387,1086,0,0,0,0,0,0,0,0,0,0,29,18
773,514,1424,9,0,1,0,0,2,6,11,0,0,24,24
774,269,794,203,48,8,44,77,21,200,531,1,0,42,13
775,3744,7916,188,228,25,37,121,106,252,687,5,0,275,175
776,914,1938,26,0,0,3,37,35,56,117,0,0,41,43
777,1162,2507,119,86,28,52,72,84,188,486,0,0,146,54
778,898,3406,0,0,10,4,1,0,0,0,2,0,27,42
779,434,1081,0,0,0,1,9,0,0,1,0,0,67,20
780,357,1047,1375,601,29,83,130,86,565,1370,0,0,134,16
781,19,45,16,2,2,3,18,38,9,2276,1,0,72,1
782,467,1171,0,0,15,1,2,6,2,26,0,0,37,22
783,77,189,7,1,1,7,4,7,5,65,19,0,35,3
784,404,1432,29,3,5,26,15,70,14,226,6,0,23,19
785,1403,3654,0,0,0,0,0,17,0,0,5,0,145,65
786,489,1314,9,1,7,31,38,692,21,110,2,0,56,23
787,419,985,52,13,83,26,130,747,270,852,0,0,97,20
788,277,690,4,1,1,23,2,110,48,35,0,0,59,13
789,495,1224,0,0,0,0,0,2,0,0,0,0,21,23
790,436,1097,0,0,0,3,2,4,2,21,0,0,29,20
791,1,3,10,3,12,50,3,0,9,91,9,0,5,0
792,86,203,3,0,2,10,0,0,1,13,0,0,13,4
793,799,2198,0,0,0,0,0,0,2,0,1,0,64,37
794,112,347,7,5,39,21,11,27,5,89,63,0,18,5
795,458,1384,1,0,0,0,0,41,1,2,2,0,26,21
796,356,998,0,0,0,0,0,0,0,0,2,0,19,17
797,446,989,0,0,0,0,0,0,0,0,0,0,13,21
798,428,973,1,0,0,0,0,51,2,3,0,0,25,20
799,544,1362,12,0,2,4,1,3,4,18,0,0,28,25
800,0,0,0,0,0,0,1,2,1,6,6,0,0,0
801,60,168,76,14,193,170,56,24,14,145,0,0,22,3
802,263,562,39,218,6,17,230,21,179,662,0,0,58,12
803,700,1578,80,45,2,2,15,1,2,56,0,0,30,33
804,273,589,0,0,0,0,0,0,0,0,0,0,9,13
805,762,2086,0,0,0,0,0,0,0,0,0,0,28,36
806,632,1627,144,52,153,69,348,24,132,819,1,0,109,30
807,96,243,876,210,63,108,254,147,217,1370,0,0,101,5
808,697,1695,509,197,21,48,71,56,105,496,0,0,82,33
809,355,889,45,28,9,23,35,95,81,125,0,0,43,16
810,324,724,142,21,10,44,46,39,33,271,0,0,28,15
811,451,979,0,0,0,0,0,0,0,0,0,0,14,21
812,303,659,1,1,1,1,0,110,1,6,0,0,16,14
813,61,178,0,0,0,1,1,2,1,16,2,0,2,3
814,238,578,0,0,3,0,0,0,9,0,2,0,7,11
815,444,1079,0,1,0,2,0,0,0,2,0,0,14,21
816,3,7,1,0,1,51,2,1,2,49,1,0,3,0
817,115,275,15,7,3,8,7,5,5,43,14,0,6,5
818,403,1130,0,0,1,3,0,0,0,20,0,0,18,19
819,505,1419,3,2,3,2,10,93,6,35,0,0,20,24
820,25,70,1,20,1,5,0,0,0,4,9,0,2,1
821,150,389,80,40,13,30,19,23,13,86,4,0,87,7
822,77,179,5,73,3,9,5,1,2,30,0,10,6,4
823,108,256,20,50,8,9,30,5,11,61,0,0,9,5
824,0,1,1035,409,61,108,178,132,120,971,0,0,88,0
825,801,1736,267,123,60,72,162,182,245,785,0,0,81,37
826,816,1877,90,49,20,29,159,260,434,937,0,0,86,38
827,643,1715,212,87,24,62,92,177,133,762,0,0,70,30
828,743,1975,0,0,0,0,0,0,0,0,1,0,23,35
829,404,1098,0,0,0,0,0,0,0,0,0,0,15,19
830,773,2028,333,206,28,67,216,114,151,630,0,0,75,36
831,636,1746,198,97,36,78,133,278,197,570,0,26,107,30
832,851,2390,189,36,40,62,112,99,559,744,0,0,132,40
833,471,1315,223,12,37,50,237,130,1686,916,0,0,133,22
834,361,951,0,0,0,0,0,55,1,3,0,0,12,17
835,591,1852,1,2,0,5,16,49,5,19,0,0,27,27
836,264,623,232,448,21,87,87,72,58,429,0,0,53,12
837,383,808,566,102,45,75,103,127,253,982,0,0,105,18
838,561,1200,23,13,6,12,46,180,58,124,0,0,31,26
839,324,616,3,0,1,0,0,105,2,10,0,0,26,15
840,474,1240,18,0,5,19,16,50,28,56,0,0,20,22
841,378,1009,38,0,0,1,2,64,0,8,0,0,17,18
842,541,1327,1,4,3,0,6,0,7,5,0,0,38,25
843,212,564,0,0,0,0,0,0,0,0,0,0,34,10
844,489,990,214,81,23,29,23,102,93,341,0,0,44,23
845,336,799,115,5,14,20,107,43,363,329,0,0,50,16
846,440,1030,104,15,5,36,7,10,8,70,1,0,41,21
847,558,1602,173,26,20,45,62,50,43,367,0,0,39,26
848,960,2523,0,0,0,0,0,0,0,0,0,0,28,45
849,274,746,1,0,1,0,0,78,0,4,0,0,10,13
850,359,1014,2,0,1,0,0,63,2,2,0,0,14,17
851,210,593,0,0,0,0,0,0,3,0,0,0,7,10
852,526,1465,3,0,2,3,13,74,6,68,0,0,22,24
853,621,1648,0,0,0,0,0,0,0,0,0,0,73,29
854,315,713,16,0,1,2,39,6,8,32,0,0,15,15
855,403,979,127,90,18,14,26,16,15,177,0,0,27,19
856,525,1319,37,9,11,20,22,40,17,179,0,0,27,24
857,698,1972,0,0,0,0,0,0,0,0,0,0,21,33
858,502,1541,0,0,0,0,0,5,0,0,0,0,22,23
859,0,0,0,0,0,0,0,0,0,0,4,0,0,0
860,96,230,63,4,17,3,31,26,15,66,3,0,9,4
861,445,1272,7,4,2,33,0,3,3,6,2,0,59,21
862,294,868,182,227,37,69,23,26,42,128,16,0,64,14
863,250,716,28,193,77,75,13,8,21,56,1,0,21,12
864,380,905,82,38,390,28,146,80,50,183,0,0,49,18
865,194,299,422,213,44,132,405,68,638,1049,0,0,93,9
866,601,1574,5,30,191,133,8,0,2,88,0,0,31,28
867,3,10,184,564,258,458,74,13,181,435,1,0,63,0
868,820,2552,36,92,38,104,54,177,30,311,0,0,49,38
869,12,33,23,111,143,83,10,8,15,64,0,0,14,1
870,324,924,55,26,27,54,32,20,21,97,0,0,19,15
871,332,861,72,63,11,23,29,71,20,133,0,0,22,15
872,155,316,669,245,42,28,99,132,99,319,0,0,52,7
873,319,753,22,10,2,3,2,1,2,42,0,0,12,15
874,1184,3101,19,8,6,5,8,3,9,69,0,0,38,55
875,0,0,0,0,0,0,0,0,0,0,0,0,0,0
876,1523,4043,534,99,353,453,271,773,252,1031,0,0,158,71
877,0,0,425,73,551,728,102,106,75,512,0,7,75,0
878,0,0,11,29,135,961,2,4,6,117,0,0,37,0
879,138,256,69,56,408,204,28,51,22,244,0,131,36,6
880,451,842,259,162,55,37,100,42,89,485,0,0,49,21
881,0,0,160,56,589,331,83,13,17,946,0,0,64,0
882,0,0,8,7,179,145,7,9,3,243,0,0,18,0
883,635,1733,81,24,11,17,52,19,31,145,0,0,32,30
884,625,1427,24,1,11,2,45,83,10,49,0,0,34,29
885,232,520,58,3,11,12,15,75,17,141,0,0,16,11
886,404,1028,0,0,0,0,3,0,0,2,0,0,13,19
887,337,852,0,0,0,0,0,0,0,0,0,0,11,16
888,0,0,81,17,113,112,95,113,41,210,0,0,23,0
889,0,0,1,0,6,231,2,0,1,1,0,0,7,0
890,0,0,64,4,349,149,3,1,4,146,0,0,21,0
891,683,1498,45,9,8,7,13,78,15,105,0,0,37,32
892,691,1573,4,0,1,3,31,2,3,63,0,0,24,32
893,0,0,108,40,423,114,63,49,52,203,0,0,31,0
894,1051,2647,10,0,4,1,0,0,0,30,0,95,32,49
895,293,746,5,0,3,1,1,1,0,57,0,0,12,14
896,421,1259,1,0,0,0,13,0,0,72,0,0,32,20
897,0,0,0,0,0,0,0,0,0,0,0,0,0,0
898,0,0,0,0,0,0,0,0,0,0,5,0,0,0
899,0,0,0,0,0,0,0,0,0,0,20,0,0,0
900,0,0,0,0,0,0,0,5,0,0,0,0,0,0
901,0,0,0,0,0,0,0,0,0,0,0,0,0,0
902,0,0,0,0,0,0,0,0,0,0,0,0,0,0
903,7,18,0,0,0,0,0,0,0,0,0,0,0,0
904,15,38,0,0,0,0,0,0,0,0,0,0,0,1
905,1,2,0,0,0,0,0,0,0,0,0,0,0,0
906,0,0,0,0,0,0,0,0,0,0,0,0,0,0
907,0,0,6,20,547,100,9,322,0,93,0,0,40,0
908,0,0,0,6,158,0,0,88,0,0,0,0,9,0
909,0,0,0,3,56,0,0,30,0,0,0,0,3,0
910,0,0,0,0,0,0,0,0,0,0,0,0,0,0
911,0,0,0,18,556,0,0,343,0,0,0,0,34,0
912,0,0,0,0,0,0,0,0,0,0,0,0,0,0
913,0,0,0,0,0,0,0,0,0,0,0,0,0,0
914,0,0,0,0,13,0,0,0,0,0,0,0,0,0
915,0,0,0,0,0,0,0,0,0,0,0,0,0,0
916,0,0,0,0,0,0,0,0,0,0,0,0,0,0
917,0,0,0,0,0,0,0,0,0,0,0,0,0,0
918,0,0,0,0,0,0,0,0,0,0,0,0,0,0
919,0,0,0,0,0,0,0,0,0,0,0,0,0,0
920,0,0,0,0,0,0,0,0,0,0,0,0,0,0
921,0,0,0,0,0,0,0,0,0,0,2,0,0,0
922,0,0,0,0,0,0,0,0,0,0,0,0,0,0
923,0,0,0,0,0,0,0,0,0,0,0,0,0,0
924,0,0,0,0,0,0,0,0,0,0,0,2070,0,0
925,0,0,0,3,546,0,0,55,0,0,0,512,22,0
926,382,945,0,22,106,25,1,12,4,6,0,0,21,29
927,0,0,0,0,3,34,0,0,0,0,0,0,1,0
928,0,0,0,0,18,0,0,1,0,0,0,0,1,0
929,0,0,0,0,24,0,0,3,0,0,93,0,1,0
930,0,0,0,9,421,0,0,213,0,0,0,0,24,0
931,120,267,24,21,553,4,21,22,0,84,3,0,31,9
932,2093,4618,0,8,217,0,0,8,0,0,21,0,249,161
933,3553,7979,2,82,2690,2,3,144,0,11,0,0,238,273
934,192,496,0,0,0,0,0,0,0,0,1,0,49,15
935,0,0,0,0,0,0,0,0,0,0,0,0,0,0
936,86,254,0,0,0,0,0,0,0,0,0,0,11,7
937,0,0,0,0,0,0,0,0,0,0,0,0,0,0
938,52,157,0,0,0,0,0,0,0,0,0,0,2,4
939,56,132,792,458,0,312,1051,664,0,3690,4,0,777,4
940,0,0,36,10,0,113,38,89,0,262,0,0,20,0
941,237,569,0,0,0,0,0,152,0,0,0,0,14,18
942,0,0,0,0,279,0,0,923,0,0,0,0,44,0
943,0,0,0,0,6,0,0,2,0,0,8,0,0,0
944,0,0,155,46,7,347,127,263,0,633,0,0,58,0
945,0,0,102,28,103,220,38,117,0,420,0,0,38,0
946,0,0,167,64,6,287,109,147,0,530,0,11,128,0
947,0,0,4,2,0,2050,18,485,0,1413,2,0,146,0
948,2,5,65,26,3,163,154,104,0,508,0,0,57,0
949,34,55,129,54,0,134,175,102,0,487,0,0,152,3
950,0,0,67,39,51,141,149,99,0,382,2,0,152,0
951,1362,4335,18,0,0,0,0,57,0,0,0,0,53,105
952,149,414,9,5,0,3,18,39,0,70,0,0,11,11
953,0,0,34,7,0,61,16,179,0,117,0,0,15,0
954,0,0,0,0,0,0,0,0,0,0,0,0,0,0
955,0,0,0,1,26,0,0,12,0,0,0,0,1,0
956,0,0,0,3,483,0,0,41,0,0,5,0,19,0
957,0,0,333,234,10340,999,436,867,0,2397,7,0,1325,0
958,0,0,32,11,31,5659,23,65,0,239,4,0,222,0
959,0,0,32,21,544,444,127,241,165,531,0,0,77,0
960,652,1892,112,35,0,34,88,162,6,230,0,0,51,50
961,721,1956,2,1,0,0,9,155,8,26,0,0,38,55
962,480,1154,24,10,0,2,7,10,0,70,0,0,24,37
963,93,184,335,226,316,579,865,399,0,1334,0,0,757,7
964,575,1302,0,0,0,0,0,0,0,0,0,0,33,44
965,0,0,19,378,0,7713,166,3361,14,1139,0,0,469,0
966,203,563,14,11,1,1,33,8,9,43,0,0,30,16
967,336,845,5,11,0,2,3,49,22,18,0,0,21,26
968,453,735,7,13,0,0,2,1,0,5,0,0,19,35
969,367,1104,0,0,0,0,0,55,0,0,0,0,15,28
970,661,850,14,13,0,0,2,4,0,48,0,0,33,51
971,575,1001,48,16,5,24,45,42,0,141,0,0,42,44
972,319,597,38,22,95,24,125,32,88,197,0,0,38,25
973,711,1423,0,0,0,0,0,0,0,0,0,0,26,55
974,910,1906,43,13,1,16,71,152,9,158,0,0,57,70
975,0,0,0,1,175,0,0,21,0,0,0,0,7,0
976,0,0,0,0,1,2,0,1,0,3,886,0,0,0
977,0,0,132,12,2190,276,186,21,0,175,0,0,110,0
978,0,0,1061,863,2181,1758,2344,2352,0,6640,0,0,754,0
979,0,0,13,53,1811,309,1596,110,316,401,0,84,169,0
980,697,2232,20,52,11,3,19,2,24,47,0,0,74,54
981,512,1017,41,35,0,15,66,215,3,158,0,0,52,39
982,310,772,138,7,3,6,13,16,0,64,0,0,20,24
983,258,602,0,0,0,0,0,0,0,0,0,0,9,20
984,1809,3746,205,200,0,36,575,2488,0,965,0,0,250,139
985,1192,2715,155,119,0,22,247,1129,0,592,0,0,127,92
986,534,1234,93,47,0,43,182,362,0,414,0,0,67,41
987,517,1287,0,0,0,0,0,0,0,0,0,0,19,40
988,657,1421,78,46,0,6,181,75,0,275,0,0,75,51
989,441,1379,0,1,0,2,1,12,65,9,0,0,20,34
990,763,1286,19,16,0,20,58,44,87,114,0,0,41,59
991,459,771,6,3,3,246,20,8,19,57,0,0,30,35
992,1269,2064,83,26,8,56,324,57,186,279,0,0,84,98
993,502,840,14,8,34,93,10,3,8,57,0,0,33,39
994,414,690,59,62,0,6,84,376,45,255,0,0,73,32
995,1220,2084,15,58,1,3,9,3,36,20,0,0,51,94
996,732,1372,22,10,0,7,59,91,38,150,0,0,41,56
997,539,812,17,6,0,7,10,12,6,27,0,0,26,41
998,546,875,25,11,0,15,74,59,22,151,0,0,34,42
999,0,0,313,123,0,138,283,985,0,635,0,0,91,0
1000,292,578,194,111,24,95,497,425,1759,944,0,0,160,23
1001,554,964,130,31,4,2,20,12,0,113,0,0,32,43
1002,471,942,0,0,0,0,0,0,0,0,0,0,17,36
1003,645,1007,5,1,0,0,1,0,0,17,0,0,25,50
1004,444,874,2,1,1,0,2,1,0,12,0,0,18,34
1005,51,96,0,0,0,0,0,0,0,0,0,0,3,4
1006,450,1371,26,19,0,18,46,51,150,111,0,0,36,35
1007,0,0,2,1,0,0,946,8,14543,28,0,0,570,0
1008,0,0,0,0,0,3,0,0,0,0,0,0,0,0
1009,0,0,29,10,34,187,26,84,0,256,0,0,23,0
1010,0,0,70,20,434,399,53,170,0,544,0,0,62,0
1011,57,155,125,35,89,1289,256,300,0,854,0,0,114,4
1012,0,0,39,9,37,233,62,49,0,336,0,0,28,0
1013,0,0,0,0,0,0,0,0,0,0,0,0,0,0
1014,0,0,0,0,0,0,0,0,0,0,0,0,0,0
1015,0,0,1,0,0,0,0,1,0,22,0,0,1,0
1016,1895,4387,8,13,0,2,9,32,0,31,0,0,73,146
1017,0,0,116,37,0,277,295,250,0,879,0,0,68,0
1018,171,468,13,7,25,14,10,12,0,71,0,0,14,13
1019,324,899,150,64,17,150,702,339,0,490,0,0,82,25
1020,470,1287,18,8,110,28,8,17,0,56,0,0,27,36
1021,692,1883,19,7,16,7,19,15,51,64,0,0,35,53
1022,873,2327,13,25,1,3,26,14,14,55,0,0,38,67
1023,0,0,10,2,54,401,7,8,0,19,0,0,18,0
1024,86,154,28,27,0,148,99,44,1,127,0,0,21,7
1025,674,1088,0,0,0,0,0,0,0,8,0,0,25,52
1026,1323,1736,10,4,0,10,11,28,26,44,0,0,53,102
1027,424,534,89,703,4,84,1639,40,220,2424,0,25,206,33
1028,0,0,58,33,0,38,139,65,185,1254,0,0,65,0
1029,0,0,178,7,0,2,853,43,473,61,0,0,59,0
1030,0,0,63,92,0,9,88,29,242,468,0,0,36,0
1031,494,913,0,0,0,0,0,0,0,0,0,0,18,38
1032,0,0,68,45,0,15,186,32,179,1210,0,0,64,0
1033,65,158,102,94,0,51,219,88,329,553,0,0,55,5
1034,468,844,1063,418,136,142,1069,44,310,2828,0,0,238,36
1035,0,0,0,8,0,5,3969,14,1204,2973,0,0,300,0
1036,145,258,293,407,3,24,3658,103,302,733,0,0,208,11
1037,262,495,231,14,10,76,398,84,296,882,0,0,97,20
1038,1026,1894,29,14,0,24,152,54,396,144,0,0,70,79
1039,705,1174,4,8,0,1,37,47,8,28,0,0,31,54
1040,564,1500,20,6,0,6,89,16,90,173,0,0,35,43
1041,711,1503,18,6,0,10,74,22,57,137,0,0,38,55
1042,362,699,49,16,0,40,220,37,134,501,0,0,50,28
1043,628,967,62,152,8,24,253,108,34,282,0,0,57,48
1044,453,894,223,104,0,116,893,413,34,1592,0,0,140,35
1045,685,1031,32,4,3,7,80,19,70,136,0,0,40,53
1046,501,772,46,12,0,7,74,78,187,73,0,0,37,39
1047,501,919,5,44,0,4,27,3,19,30,0,0,23,39
1048,540,1010,141,55,0,57,264,194,659,529,0,0,89,42
1049,396,626,1,0,4,0,0,40,0,57,0,0,18,30
1050,453,732,0,0,0,0,7,0,1,15,0,0,19,35
1051,621,977,182,160,0,36,160,25340,696,286,0,0,1008,48
1052,0,0,200,128,0,142,469,856,0,854,0,0,97,0
1053,0,0,0,0,0,0,0,0,0,0,0,0,0,0
1054,0,0,5,4,5,2485,120,8,0,33,2,0,98,0
1055,0,0,85,27,50,1611,69,142,0,428,0,0,88,0
1056,0,0,132,35,369,524,111,170,0,836,0,9,80,0
1057,0,0,61,16,111,321,61,74,0,225,0,0,32,0
1058,0,0,90,37,127,85,159,190,0,470,0,0,43,0
1059,1,3,63,24,12,155,105,47,325,485,0,0,45,0
1060,448,961,0,0,0,1,0,0,0,0,0,0,17,34
1061,412,1092,28,4,0,2,15,105,68,36,0,0,36,32
1062,248,660,10,11,0,1,4,5,0,19,0,0,16,19
1063,236,711,4,18,0,1,9,14,14,18,0,0,16,18
1064,274,498,8,2,0,32,9,71,0,28,0,0,16,21
1065,665,1177,12,1,16,12,19,30,0,179,0,0,34,51
1066,807,1464,186,79,0,64,321,145,38,904,0,0,96,62
1067,159,199,58,302,0,5,147,24,119,355,0,0,43,12
1068,0,0,0,0,0,0,0,0,0,0,0,0,0,0
1069,483,874,114,96,7,66,214,26,209,125,0,2,49,37
1070,344,445,84,157,0,22,250,55,216,732,0,0,68,26
1071,249,412,138,87,0,26,231,50,44,764,0,0,58,19
1072,353,593,38,200,1,13,312,29,154,242,0,0,49,27
1073,485,620,12,30,0,16,131,6,119,192,0,0,36,37
1074,271,476,45,96,1,10,137,77,165,283,0,0,40,21
1075,150,263,104,379,0,101,196,95,963,559,0,0,93,11
1076,78,131,110,185,0,90,721,530,596,746,0,0,112,6
1077,357,551,56,349,23,47,958,31,397,1354,0,0,131,27
1078,79,152,16,187,2,11,420,30,344,382,0,0,56,6
1079,86,136,156,606,0,155,1139,278,2026,936,0,0,197,7
1080,0,0,32,280,12,72,1267,13,136,2201,0,0,147,0
1081,51,85,27,175,0,48,979,64,917,801,0,0,112,4
1082,121,184,66,34,2,161,1273,1507,185,757,0,50,151,9
1083,265,417,68,144,0,10,709,22,169,698,0,0,76,20
1084,498,892,546,106,0,12,456,513,136,232,0,0,92,38
1085,223,329,111,67,5,40,273,474,163,499,0,0,68,17
1086,443,640,97,177,0,62,452,93,619,775,0,0,100,34
1087,211,309,50,29,2,53,1043,83,298,949,0,0,100,16
1088,358,510,12,7,9,4,69,11,145,96,0,0,28,28
1089,411,572,65,20,8,13,102,29,37,244,0,0,43,32
1090,690,1092,40,80,0,15,116,14,42,165,0,0,43,53
1091,715,1021,15,16,0,9,12,6,8,33,0,0,30,55
1092,463,728,65,11,2,22,152,23,47,224,0,0,37,36
1093,217,416,66,38,0,17,185,269,144,387,0,0,49,17
1094,760,1091,23,40,0,3,62,14,3,96,0,0,37,58
1095,285,469,86,35,4,29,226,81,41,687,0,0,64,22
1096,476,863,59,28,0,27,256,64,74,375,0,0,53,37
1097,552,797,40,24,0,7,77,32,516,149,0,4,51,42
1098,629,1053,6,16,0,4,22,8,77,62,0,0,32,48
1099,620,910,40,7,3,9,50,23,107,89,0,0,35,48
1100,483,914,15,6,0,7,31,16,12,55,0,0,24,37
1101,314,701,85,188,0,0,5,0,17,8,0,0,23,24
1102,372,817,32,51,446,62,1598,233,4784,338,0,0,290,29
1103,0,0,0,0,0,0,0,0,0,0,0,0,0,0
1104,0,0,20,7,0,161,14,49,0,140,0,0,14,0
1105,0,0,14,4,283,1310,1795,15,0,51,0,0,127,0
1106,0,0,90,1,440,995,14,1,6,7,0,0,57,0
1107,0,0,11,2,305,355,7,8,0,122,0,0,30,0
1108,698,1202,0,8,0,0,1,0,1,28,0,0,35,54
1109,346,1036,0,0,0,0,1,1,0,9,0,0,15,27
1110,236,427,27,9,0,11,42,49,80,77,0,0,22,18
1111,247,468,5,4,0,0,8,202,0,15,0,0,27,19
1112,112,216,19,8,2,2,19,9,93,63,0,0,21,9
1113,83,153,5,1,0,0,5,3,0,14,0,0,8,6
1114,1020,1830,61,19,59,116,345,52,0,216,0,0,85,78
1115,445,924,84,32,124,108,240,46,0,391,0,0,106,34
1116,389,677,64,21,3,16,155,45,0,216,0,0,36,30
1117,126,219,8,4,0,6,22,6,0,48,0,0,8,10
1118,660,1123,5,1,4,19,6,5,0,23,0,0,27,51
1119,0,0,52,7,83,30,43,32,0,109,0,0,13,0
1120,258,464,61,15,14,13,135,29,0,193,0,0,26,20
1121,467,833,2,43,0,4,1,0,0,6,0,0,19,36
1122,772,1266,3,0,2,2,0,0,0,3,0,0,29,59
1123,0,0,126,27,17,49,50,116,75,178,0,0,23,0
1124,361,611,51,41,0,12,238,49,34,386,0,0,46,28
1125,229,377,81,57,0,33,147,39,0,360,0,0,38,18
1126,233,418,73,83,0,12,179,17,0,356,0,0,44,18
1127,260,430,175,204,0,15,229,57,3,697,0,0,60,20
1128,697,1164,26,3,0,1,29,9,0,44,0,0,30,54
1129,100,161,108,42,0,10,240,32,0,427,0,0,35,8
1130,368,578,213,160,0,25,218,42,1,857,0,0,85,28
1131,75,133,383,303,0,55,406,129,229,1409,0,0,110,6
1132,1209,2061,19,7,7,17,24,11,0,77,0,0,50,93
1133,0,0,55,41,0,91,270,53,0,488,0,0,37,0
1134,0,0,15,195,0,1,7,6,0,40,0,0,10,0
1135,0,0,0,0,0,0,0,0,0,0,0,0,0,0
1136,906,1516,35,38,0,4,15,14,0,56,0,0,65,70
1137,642,1049,119,27,0,10,117,23,0,258,0,0,54,50
1138,0,0,14,572,0,1,10,1,0,43,0,0,23,0
1139,0,0,176,81,0,97,746,606,235,1041,0,0,109,0
1140,282,474,179,88,33,37,271,171,32,590,0,0,62,22
1141,0,0,159,79,0,51,249,139,41,529,0,0,46,0
1142,0,0,211,20,0,8,59,12,0,225,0,0,20,0
1143,0,0,22,9,1,10,20,503,14,33,0,0,22,0
1144,180,293,34,11,0,32,43,23,0,94,0,0,16,14
1145,385,611,43,15,0,21,97,176,66,236,0,0,38,30
1146,459,611,9,10,0,6,16,370,12,34,0,0,34,35
1147,0,0,1,1,0,0,226,2,0,71,0,0,11,0
1148,479,830,4,7,0,4,9,5,0,29,0,0,20,37
1149,97,167,0,0,0,0,1,0,0,0,0,0,4,7
1150,379,472,15,7,1,6,145,27,0,115,0,0,39,29
1151,493,643,33,10,1,256,102,479,8,224,0,0,59,38
1152,312,451,11,24,0,0,3,4,6,25,0,0,14,24
1153,434,689,60,18,0,6,33,21,0,115,0,0,25,33
1154,226,355,15,5,0,4,52,30,0,91,0,0,21,17
1155,412,666,0,0,0,0,10,1,0,103,0,0,24,32
1156,533,797,3,60,0,0,1,1,0,1,0,0,22,41
1157,321,537,430,272,0,20,209,70,11,491,0,0,72,25
1158,282,483,148,45,0,43,164,36,0,239,0,0,35,22
1159,666,1095,88,52,26,7,97,24,81,134,0,0,44,51
1160,568,966,8,22,0,0,15,3,692,42,0,0,49,44
1161,521,872,170,161,0,11,21,58,180,140,0,0,48,40
1162,452,869,84,139,5,3,23,178,2,46,0,0,36,35
1163,658,1190,0,0,0,0,0,0,0,10,0,0,25,51
1164,444,800,1,20,2,0,0,0,0,4,0,2,17,34
1165,406,781,11,2,0,1,10,229,1,17,0,0,26,31
1166,225,524,12,9,0,6,16,532,3,51,0,0,31,17
1167,0,0,4,2,0,1,99,551,2804,127,0,0,132,0
1168,634,1455,0,0,0,0,0,0,0,0,0,0,23,49
1169,0,0,5,3,0,3,20,33,0,197,1,0,10,0
1170,0,0,6,2,0,7,11,23,0,23,0,0,3,0
1171,0,0,64,11,183,157,59,65,0,208,0,0,27,0
1172,0,0,0,0,0,0,0,0,0,0,0,0,0,0
1173,0,0,131,1,546,868,65,10,90,119,0,0,67,0
1174,0,0,46,12,702,893,249,52,7,373,0,0,86,0
1175,0,0,82,23,283,451,117,95,0,284,0,0,49,0
1176,0,0,65,0,348,4,0,0,0,8,0,0,16,0
1177,83,228,122,88,87,315,139,180,9,616,0,0,60,6
1178,468,1286,34,20,25,44,116,97,2,150,0,0,49,36
1179,406,1114,39,16,0,28,25,21,1,91,0,0,51,31
1180,519,1403,0,0,0,0,0,0,0,0,0,0,30,40
1181,182,554,0,0,0,0,0,92,0,0,0,0,10,14
1182,83,244,9,4,0,0,6,2,0,15,0,0,6,6
1183,132,397,7,5,114,24,75,6,0,33,0,0,27,10
1184,89,166,19,23,41,12,33,27,0,79,0,0,18,7
1185,0,0,4,1,303,124,2,3,0,19,0,0,17,0
1186,361,688,254,75,22,29,416,132,0,770,0,0,79,28
1187,269,627,23,7,11,5,97,47,0,134,0,0,22,21
1188,514,1136,203,65,10,22,246,89,19,600,0,0,86,40
1189,381,821,64,29,2,21,163,34,0,325,0,7,39,29
1190,808,1450,10,66,7,1,27,7,0,63,0,0,43,62
1191,384,721,76,43,0,15,251,98,41,405,0,0,55,30
1192,462,838,140,66,0,72,291,394,3,526,0,0,75,35
1193,476,860,268,105,15,33,549,310,8,1010,0,0,114,37
1194,819,1570,113,49,0,8,128,100,15,279,0,0,72,63
1195,690,1254,28,69,0,3,20,5,99,127,0,0,41,53
1196,0,0,0,0,0,0,0,44,0,31,0,0,3,0
1197,697,1355,23,90,1,4,18,4,2,91,0,0,35,54
1198,643,1393,61,20,1,3,12,14,34,66,0,0,31,49
1199,228,492,4,0,0,0,0,0,0,4,0,0,11,18
1200,321,758,0,0,0,0,0,0,0,0,0,0,20,25
1201,313,660,0,0,0,0,0,49,0,0,0,0,16,24
1202,145,306,0,0,0,0,0,0,0,0,0,0,7,11
1203,531,1291,2,55,0,0,0,1,0,2,0,0,25,41
1204,591,1093,19,8,0,22,31,53,5,53,0,0,31,45
1205,239,587,4,146,0,1,3,16,1,256,0,0,35,18
1206,934,1992,0,0,0,0,0,0,0,0,0,0,34,72
1207,0,0,143,83,3,157,252,105,0,661,0,0,119,0
1208,0,0,0,0,0,0,0,0,0,0,0,0,0,0
1209,0,0,3,1,0,2,7,19,0,12,0,0,2,0
1210,0,0,55,14,0,224,29,68,0,322,0,0,26,0
1211,0,0,494,22,1548,3025,293,134,0,599,0,0,224,0
1212,0,0,318,56,818,2756,437,210,105,1268,0,0,219,0
1213,0,0,714,704,1774,1839,985,923,217,4228,0,0,418,0
1214,0,0,98,21,1277,820,81,325,27,258,0,0,107,0
1215,0,0,50,8,395,362,18,24,0,241,0,915,40,0
1216,65,181,301,30,924,395,256,121,36,423,0,0,94,5
1217,320,1027,209,144,12,126,364,283,241,807,0,5,118,25
1218,284,967,2,0,0,0,3,154,0,9,0,0,32,22
1219,348,1231,16,2,0,2,18,9,0,13,0,0,16,27
1220,265,742,24,26,0,1,23,19,0,46,0,0,46,20
1221,82,211,2,0,0,0,0,0,0,4,0,0,9,6
1222,19,51,61,25,111,110,99,240,71,428,0,0,58,2
1223,212,633,4,0,0,2,61,7,1,19,0,0,16,16
1224,0,0,22,6,148,122,7,14,0,68,0,0,14,0
1225,0,0,259,28,0,54,80,78,0,933,0,0,52,0
1226,515,1372,587,167,8,82,696,221,0,1376,0,0,177,40
1227,581,1163,178,38,29,164,119,71,80,327,0,0,61,44
1228,627,1303,86,56,3,178,221,123,106,400,0,0,76,48
1229,931,1807,22,67,0,3,96,90,674,131,0,0,98,71
1230,465,849,48,80,14,19,64,154,1065,172,0,0,104,36
1231,649,1487,19,12,0,13,76,771,270,142,0,0,73,50
1232,734,1426,7,12,6,0,18,4,8,23,0,0,32,56
1233,584,1138,7,45,6,0,28,109,32,5,0,0,30,45
1234,593,1204,112,35,0,10,102,51,16,145,0,0,39,46
1235,689,1431,38,94,0,23,56,122,90,119,0,0,46,53
1236,603,1291,53,23,0,23,130,92,79,167,0,0,46,46
1237,196,426,0,19,0,1,3,2,0,10,0,0,9,15
1238,626,1322,5,28,0,0,2,4,4,19,0,0,26,48
1239,209,488,0,0,0,0,0,0,0,0,0,0,11,16
1240,494,1159,87,49,5,7,4,3,2,36,0,0,30,38
1241,373,981,0,0,0,0,0,62,0,0,0,0,19,29
1242,384,1193,22,7,0,16,20,10,13,76,0,0,29,30
1243,515,1119,368,175,18,23,89,118,30,555,0,0,75,40
1244,358,823,60,47,0,3,52,46,21,258,0,0,43,28
1245,510,1205,0,0,0,0,0,29,0,0,0,0,26,39
1246,0,0,258,13,227,191,43,31,0,395,0,0,42,0
1247,0,0,91,79,73,2347,450,150,7,220,0,0,125,0
1248,0,0,0,0,0,0,0,0,0,0,0,0,0,0
1249,411,1120,86,32,229,100,194,74,0,474,0,0,244,32
1250,0,0,381,50,1,479,77,51,0,362,0,0,51,0
1251,0,0,63,11,0,142,67,58,0,154,0,0,18,0
1252,0,0,17,24,15,146,5,9,0,133,0,0,13,0
1253,877,1910,137,43,0,11,115,60,0,254,0,0,55,67
1254,644,1178,209,33,30,10,59,44,0,301,0,0,64,50
1255,691,1173,176,73,0,26,491,227,27,695,0,0,88,53
1256,516,822,41,20,0,13,67,43,84,137,0,0,53,40
1257,405,699,34,107,0,25,97,32,109,135,0,0,50,31
1258,1032,1637,194,72,0,24,146,6293,381,524,0,0,318,79
1259,736,1306,168,82,1,106,333,317,117,655,0,0,95,57
1260,768,1499,66,139,0,8,46,40,48,237,0,0,50,59
1261,710,1533,55,50,6,18,94,69,100,201,0,0,51,55
1262,499,893,30,18,0,1,44,16,55,94,0,0,29,38
1263,254,398,18,32,0,9,47,428,113,112,0,0,38,20
1264,496,879,28,149,1,5,48,28,145,110,0,0,38,38
1265,520,1239,10,2,0,2,5,5,0,36,0,0,25,40
1266,537,1152,11,0,0,1,0,1,0,11,0,0,23,41
1267,498,1128,27,4,2,3,16,4,8,32,0,0,24,38
1268,677,1538,73,8,0,2,12,72,0,63,0,0,38,52
1269,564,1167,0,0,0,0,0,138,0,0,0,0,35,43
1270,456,1024,0,9,0,0,0,0,0,0,0,0,19,35
1271,326,536,99,66,0,7,40,31,58,174,0,0,33,25
1272,417,727,29,27,0,6,44,21,5,80,0,0,24,32
1273,1330,2211,213,228,2,13,141,68,1,430,0,0,89,102
1274,371,735,64,64,0,5,40,22,5,131,0,0,28,29
1275,316,682,18,14,0,4,826,6,29,389,0,16,59,24
1276,706,1158,77,51,3,57,101,46,181,282,0,0,55,54
1277,0,0,1,1,0,0,1,135,4,5,0,0,11,0
1278,555,1207,1,4,0,0,15,28,20,38,0,0,29,43
1279,320,811,18,0,21,0,1,2,0,11,0,0,14,25
1280,792,1677,30,29,0,7,187,41,31,201,0,0,52,61
1281,564,1288,1,0,0,3,40,0,59,3,0,5,25,43
1282,374,688,33,4,0,30,3,2,0,13,0,0,18,29
1283,284,469,15,6,0,9,9,8,0,39,0,0,14,22
1284,568,1114,11,3,0,5,8,7,0,18,0,0,23,44
1285,215,340,0,0,0,1,0,0,0,0,0,0,10,17
1286,550,926,14,7,0,3,19,2,0,71,0,0,25,42
1287,213,435,87,37,2,14,120,73,10,250,0,0,35,16
1288,385,751,289,231,0,27,409,45,210,324,0,0,73,30
1289,196,337,2,0,0,0,8,0,0,55,0,0,10,15
1290,773,1623,0,12,33,0,22,0,9,49,0,0,34,59
1291,429,1179,24,5,0,6,16,19,9,224,0,0,27,33
1292,429,1092,14,10,0,11,15,31,4,199,0,0,41,33
1293,365,874,164,50,0,11,101,83,70,341,0,0,57,28
1294,0,0,0,0,0,0,0,0,0,30,0,0,1,0
1295,190,378,0,0,0,0,0,45,0,0,0,0,9,15
1296,436,870,0,0,17,0,0,0,0,7,0,0,18,34
1297,585,1044,63,22,0,12,133,47,61,216,0,0,45,45
1298,738,1720,78,50,4,3,21,22,0,94,0,0,38,57
1299,374,762,22,3,3,3,14,90,0,34,0,0,26,29
1300,182,497,53,25,0,0,133,0,79,1,0,0,18,14
1301,684,1194,642,96,0,15,150,90,28,979,0,0,100,53
1302,3,9,69,37,133,55,123,70,0,364,2,0,48,0
1303,421,1129,35,21,24,49,73,151,9,227,2,0,39,32
1304,306,759,3,1,0,3,4,8,0,13,1,0,12,24
1305,20,53,18,1,0,585,2,4,0,15,1,0,24,2
1306,1398,3981,52,58,35,24,77,194,8,224,0,0,77,107
1307,497,1270,8,2,0,0,5,47,0,14,0,0,27,38
1308,814,2136,0,0,0,0,0,0,0,0,0,0,41,63
1309,1102,3389,5,1,0,3,4,45,0,23,0,0,44,85
1310,1229,3820,8,0,0,0,0,0,0,5,0,0,50,94
1311,872,2510,4,5,0,15,8,8,0,20,0,0,37,67
1312,1250,3146,19,6,0,9,18,86,4,32,0,0,73,96
1313,1012,3068,30,14,26,36,52,17,0,132,1,0,49,78
1314,723,1705,6,23,22,8,3,85,0,29,0,0,37,55
1315,605,1738,160,64,0,0,8,2,84,331,0,0,46,47
1316,1118,3456,27,4,8,9,17,143,39,57,0,0,87,86
1317,82,236,10,2,1,64,12,26,0,73,1,0,10,6
1318,327,950,0,0,0,0,0,0,0,0,0,0,18,25
1319,0,0,41,12,180,193,32,55,0,234,0,0,103,0
1320,499,1458,0,0,0,0,0,0,0,0,1,0,23,38
1321,0,0,27,5,8,349,209,38,0,174,0,0,30,0
1322,0,0,20,8,0,250,19,39,0,183,0,0,19,0
1323,0,0,44,2,0,30,12,5,0,48,0,0,5,0
1324,0,0,263,42,15,1173,129,139,0,1234,0,0,110,0
1325,0,0,94,20,268,1932,465,24,0,222,0,7,111,0
1326,0,0,341,2,1761,787,171,4,149,265,0,0,128,0
1327,338,1305,77,45,1279,680,183,108,4,702,0,0,125,26
1328,0,0,213,32,290,2044,367,99,3,577,0,0,133,0
1329,0,0,22,2,359,333,8,25,0,105,0,0,31,0
1330,0,0,250,189,1174,1256,407,532,179,1465,0,0,200,0
1331,859,2058,70,42,105,254,571,152,344,1495,0,0,163,66
1332,53,172,79,15,293,598,43,100,0,437,0,0,59,4
1333,100,287,1,0,0,1,3,58,0,8,0,0,10,8
1334,300,978,201,59,0,31,78,71,16,379,0,0,42,23
1335,107,305,380,374,169,1034,224,214,0,893,0,0,134,8
1336,21,56,80,42,53,47,1983,111,39,417,0,0,102,2
1337,0,0,42,56,0,28,925,225,4,3292,0,0,188,0
1338,623,2106,0,0,0,0,0,63,0,0,0,0,25,48
1339,264,876,1,1,0,3,2,2,0,14,0,0,16,20
1340,356,1025,0,0,0,0,0,0,0,0,0,0,19,27
1341,211,607,95,149,0,27,120,104,43,416,0,0,43,16
1342,1026,2839,239,492,0,10,86,244,77,409,0,0,99,79
1343,0,0,89,44,0,79,714,520,0,1051,0,0,92,0
1344,0,0,29,12,0,184,1124,23,56,240,0,0,61,0
1345,275,753,0,0,0,0,0,0,0,0,0,0,10,21
1346,0,0,23,12,10,125,71,239,0,197,0,0,25,0
1347,626,1919,48,34,66,74,66,50,0,203,0,0,51,48
1348,614,1753,20,22,0,3,4,132,0,20,0,0,30,47
1349,377,1238,0,2,0,0,0,0,0,6,0,0,14,29
1350,1250,3799,97,117,4,21,153,274,34,630,0,0,97,96
1351,495,1291,41,19,59,79,423,116,298,513,0,0,75,38
1352,340,869,48,3,6,41,42,212,40,196,0,0,48,26
1353,275,610,20,16,0,12,52,65,8,118,0,0,22,21
1354,1093,3010,4,29,0,4,2,2,0,19,0,0,48,84
1355,672,2386,2,1,0,0,2,79,10,10,0,0,42,52
1356,2,7,519,278,0,25,49,215,199,283,0,0,59,0
1357,249,773,36,105,0,1,4,8,43,19,0,0,22,19
1358,522,1679,66,68,8,13,62,122,22,316,0,0,44,40
1359,348,970,0,0,0,0,0,0,0,0,0,0,13,27
1360,404,1350,35,13,0,81,37,43,4,56,0,0,30,31
1361,291,809,0,0,0,0,0,44,0,0,0,0,12,22
1362,311,1349,0,0,0,0,0,0,0,0,0,0,16,24
1363,646,2081,154,36,0,32,140,229,480,439,0,0,86,50
1364,714,2226,126,81,0,18,83,74,9,371,0,0,58,55
1365,143,449,32,56,0,0,0,2,45,102,0,0,26,11
1366,668,2005,58,146,26,12,45,275,22,233,0,0,64,51
1367,632,1639,36,19,0,2,32,16,0,109,0,0,31,49
1368,383,1111,0,0,0,0,0,2,6,3,0,0,14,30
1369,451,1132,80,105,0,5,115,25,0,359,0,0,161,35
1370,570,1643,136,159,0,52,97,62,0,348,0,0,61,44
1371,672,1448,97,77,10,24,124,113,0,322,0,0,59,52
1372,837,2389,46,15,18,10,28,93,1,157,0,0,69,64
1373,1005,2729,12,2,0,4,5,81,56,32,0,0,52,77
1374,159,489,202,78,0,71,578,321,0,954,0,0,94,12
1375,262,791,324,14,0,28,20,59,20,81,0,0,42,20
1376,905,2813,30,24,0,16,0,58,7,164,0,0,72,69
1377,1007,2958,41,14,14,16,27,32,0,114,0,0,71,78
1378,479,1538,102,42,0,23,44,117,12,225,0,0,38,37
1379,430,1071,380,47,7,26,274,217,51,408,0,0,74,33
1380,220,712,172,32,0,10,42,50,0,211,0,0,28,17
1381,81,264,2,1,0,1,4,205,2,24,0,0,14,6
1382,661,1942,164,104,0,18,111,124,2,375,0,0,87,51
1383,1042,2507,104,134,0,78,386,1027,234,984,0,0,146,80
1384,283,644,637,458,0,21,256,88,0,523,0,0,88,22
1385,600,1301,29,17,0,6,26,18,0,123,0,0,30,46
1386,759,1654,147,82,16,52,107,158,28,471,0,0,104,58
1387,820,2929,234,79,31,65,118,125,3,491,0,0,148,63
1388,879,2235,0,0,0,0,0,0,0,0,0,0,32,68
1389,1199,3383,0,0,0,3,1,0,0,4,0,2,48,92
1390,518,1534,12,16,0,13,20,35,0,68,0,0,27,40
1391,518,1619,40,1,0,3,16,26,20,38,0,0,38,40
1392,256,764,4,1,0,5,18,17,16,26,0,0,20,20
1393,262,797,10,4,0,9,6,11,1,21,0,0,12,20
1394,418,984,0,0,0,0,0,72,0,0,0,0,36,32
1395,413,1273,7,3,0,3,11,58,19,26,0,0,23,32
1396,311,825,0,0,0,0,0,0,0,0,0,0,16,24
1397,368,734,0,0,0,0,0,0,0,0,0,0,13,28
1398,128,485,1,0,0,0,1,2,0,1,0,0,11,10
1399,2733,8489,24,60,0,4,25,17,10,112,0,0,120,210
1400,1064,2315,65,20,0,6,52,44,0,142,0,0,100,82
1401,0,0,15,4,87,136,10,40,0,98,0,0,14,0
1402,1,2,7,2,0,1,15,2,0,15,0,0,6,0
1403,0,0,29,16,0,79,62,138,0,164,0,0,18,0
1404,208,695,2,0,0,0,5,19,31,21,0,0,40,16
1405,554,1587,6,0,0,0,0,49,0,0,0,0,22,43
1406,302,846,3,2,0,3,5,366,0,18,0,0,26,23
1407,385,1647,41,27,0,87,32,39,29,113,0,0,83,30
1408,484,1388,13,0,0,0,0,0,0,2,0,0,21,37
1409,539,1596,0,0,0,0,1,0,1,8,0,0,21,41
1410,398,1268,15,49,0,0,2,1,0,31,0,0,20,31
1411,361,1055,1,0,0,0,1,0,0,4,0,0,13,28
1412,242,698,28,12,0,28,125,122,79,206,0,0,40,19
1413,534,1678,15,1,0,3,7,75,0,11,0,0,24,41
1414,541,1424,0,0,0,0,0,129,0,0,0,0,25,42
1415,631,1985,15,8,0,2,31,9,0,54,0,0,28,48
1416,896,3029,22,4,0,10,18,74,1,41,0,0,48,69
1417,370,1302,11,5,0,12,31,131,6,55,0,0,23,28
1418,484,1739,22,5,4,11,9,168,0,57,0,0,28,37
1419,598,1620,300,13,0,11,33,42,0,160,0,0,50,46
1420,436,1230,387,70,0,26,73,86,9,351,0,0,55,33
1421,112,317,19,6,0,4,18,16,98,85,0,0,13,9
1422,493,1434,14,8,1,1,16,5,0,66,0,0,40,38
1423,732,1716,22,43,3,16,73,101,60,195,0,0,48,56
1424,0,0,1,0,491,4,0,0,0,3,0,0,18,0
1425,0,0,4,0,993,21,1,4,0,19,0,0,38,0
1426,308,968,28,3,0,86,19,229,0,372,0,0,38,24
1427,0,0,9,3,720,249,37,24,2,43,0,0,40,0
1428,0,0,15,8,0,18,17,12,0,57,0,0,5,0
1429,0,0,0,0,2,4,0,2,0,3,2,0,0,0
1430,124,281,0,0,0,0,0,0,0,0,0,0,33,9
1431,3,6,0,0,0,0,0,0,0,0,0,0,0,0
1432,0,0,2,1,19,9,1,2,0,12,0,178,2,0
1433,801,2438,56,24,191,35,51,1,1,217,0,0,55,62
1434,747,2069,87,35,20,6,64,21,0,263,2,0,88,58
1435,344,792,104,48,12,7,83,28,0,284,0,0,157,27
1436,622,2128,0,0,0,13,3,82,2,5,0,0,27,48
1437,514,1320,474,118,12,14,57,77,7,242,1,0,56,40
1438,687,2451,0,0,0,0,0,0,0,0,0,0,25,53
1439,0,0,16,8,769,368,232,101,0,370,0,0,68,0
1440,0,0,184,17,329,387,49,99,0,218,0,0,47,0
1441,0,0,23,7,63,109,18,38,0,122,0,0,14,0
1442,0,0,72,37,0,113,23,20,0,142,0,0,15,0
1443,0,0,166,27,0,122,51,33,0,246,0,0,24,0
1444,310,649,74,38,4,18,178,69,0,276,0,0,51,24
1445,618,1172,152,86,0,22,304,138,0,604,0,0,73,47
1446,250,445,42,68,8,5,71,49,99,69,0,0,28,19
1447,85,146,21,5,0,68,16,19,12,64,0,0,11,7
1448,0,0,29,14,275,114,98,1,0,51,0,0,23,0
1449,242,657,82,38,1,16,229,63,0,437,0,0,41,19
1450,0,0,31,6,180,193,15,18,0,75,0,0,19,0
1451,0,0,507,59,107,65,149,134,0,661,0,0,62,0
1452,104,290,46,8,31,76,23,46,0,198,0,0,37,8
1453,277,682,123,57,1,29,342,84,1,527,0,0,58,21
1454,199,404,41,17,21,30,86,84,6,167,0,0,27,15
1455,531,1162,183,70,25,55,319,120,0,533,0,0,92,41
1456,4,12,34,5,4,43,8,268,1,57,0,0,16,0
1457,299,766,188,87,0,52,277,253,68,636,0,0,68,23
1458,599,1080,57,8,0,7,17,11,0,50,0,0,28,46
1459,427,1129,26,9,1,15,27,46,54,71,0,0,27,33
1460,485,869,0,0,0,0,0,0,0,0,0,0,18,37
1461,0,0,55,10,37,189,108,38,0,90,0,0,19,0
1462,0,0,143,39,75,210,105,120,14,454,0,0,43,0
1463,0,0,85,10,64,97,62,30,0,184,0,0,20,0
1464,257,576,36,2,39,240,11,8,0,71,0,0,24,20
1465,142,301,109,27,56,48,265,131,11,349,0,0,49,11
1466,223,568,66,13,10,6,63,156,34,281,0,0,41,17
1467,740,1653,80,27,5,6,43,39,24,162,0,0,60,57
1468,664,1826,0,0,0,0,0,0,0,0,0,0,27,51
1469,281,560,46,14,139,614,40,72,204,505,0,0,70,22
1470,0,0,19,10,46,44,38,148,0,131,0,0,16,0
1471,54,164,94,6,34,58,22,504,0,71,0,0,35,4
1472,129,307,45,17,40,144,99,45,0,250,0,0,28,10
1473,204,583,55,12,2,55,43,34,0,154,0,0,38,16
1474,194,441,157,57,20,192,310,120,36,454,0,0,58,15
1475,307,885,67,38,3,37,56,50,14,206,0,0,34,24
1476,609,1737,62,29,0,3,26,137,0,111,0,0,70,47
1477,414,888,61,14,13,17,42,30,0,193,0,0,29,32
1478,535,1234,72,15,0,6,34,41,2,172,0,0,38,41
1479,44,110,254,118,0,337,634,3019,120,1157,0,0,208,3
1480,0,0,42,3,883,348,21,7,0,378,0,0,62,0
1481,192,457,128,24,223,115,62,54,0,242,0,0,54,15
1482,181,390,132,9,7,68,77,13,2,167,0,0,27,14
1483,193,416,63,53,4,18,69,45,120,196,0,0,83,15
1484,154,404,261,177,5,16,81,90,3,604,0,0,59,12
1485,881,2007,93,83,0,8,51,49,3,280,0,0,60,67
1486,825,1776,10,9,0,77,13,0,5,16,0,0,36,63
1487,401,865,2,1,0,2,12,19,30,42,0,0,24,31
1488,1109,2651,0,0,0,0,0,50,0,1,0,0,43,85
1489,307,686,41,4,42,105,47,8,0,90,0,0,29,24
1490,0,0,0,0,23,0,0,0,0,0,0,0,1,0
1491,7,20,103,40,106,205,149,151,0,342,0,0,62,0
1492,496,919,15,8,5,15,23,22,2,77,0,0,40,38
1493,419,953,30,12,296,117,244,69,6,203,0,0,64,32
1494,85,233,141,68,5,34,147,137,213,452,0,0,81,7
1495,565,1132,86,22,6,24,44,53,23,159,0,0,50,43
1496,365,782,15,6,6,8,71,190,66,85,0,0,38,28
1497,263,561,3,11,0,5,218,77,334,31,0,0,45,20
1498,260,568,10,0,0,0,0,0,0,0,0,0,10,20
1499,453,1149,4,9,0,1,37,85,0,22,0,0,26,35
1500,343,903,0,0,0,0,0,0,0,0,0,0,17,26
1501,505,1163,3,1,1,1,20,149,3,116,0,0,34,39
1502,618,1689,51,63,0,4,24,66,10,119,0,0,41,48
1503,563,1435,391,101,43,13,89,146,0,563,0,0,73,43
1504,906,1993,0,0,0,0,0,52,3,0,0,0,47,70
1505,377,846,24,9,0,3,23,65,0,59,0,0,25,29
1506,354,643,66,14,5,27,191,67,3,176,0,0,34,27
1507,1093,2778,117,88,0,18,173,132,9,472,0,0,79,84
1508,507,1157,68,10,0,7,61,52,28,147,0,0,33,39
1509,416,902,1,0,0,2,11,3,1,4,0,0,19,32
1510,321,664,7,16,1,3,19,21,8,43,0,0,21,25
1511,449,1160,57,19,0,10,55,38,2,142,0,0,38,35
1512,443,1106,9,2,0,2,35,25,42,80,0,0,31,34
1513,567,876,99,6,0,42,35,42,9,119,0,0,48,44
1514,303,647,30,18,6,18,68,79,6,188,0,0,28,23
1515,368,801,70,20,0,6,69,39,25,178,0,0,33,28
1516,146,317,167,56,19,35,338,212,127,595,0,0,67,11
1517,265,665,12,13,1,10,54,60,25,133,0,0,42,20
1518,246,598,0,1,0,0,0,0,0,16,0,0,15,19
1519,515,1515,44,83,0,28,125,346,87,269,0,0,73,40
1520,380,970,64,11,0,5,27,33,18,100,0,0,39,29
1521,771,2254,36,43,5,45,85,144,87,205,0,0,57,59
1522,424,693,43,41,5,43,176,243,455,404,0,0,71,33
1523,421,861,20,62,1,6,117,36,89,131,0,0,40,32
1524,249,541,48,40,0,24,129,190,748,242,0,0,63,19
1525,563,1106,138,54,2,68,220,416,222,491,0,0,90,43
1526,128,312,13,36,1,0,14,85,4,58,0,0,40,10
1527,202,481,0,0,0,0,0,0,0,0,0,0,15,15
1528,386,1159,28,8,0,5,37,30,10,184,0,0,31,30
1529,488,1250,24,1,0,2,21,7,0,39,0,0,36,38
1530,802,2216,1,0,0,0,1,531,0,0,0,0,63,61
1531,1500,3777,47,60,4,2,10,14,0,62,0,0,154,115
1532,561,1095,88,27,28,184,104,40,1,268,0,0,48,43
1533,0,0,18,2,146,160,24,12,0,58,0,0,15,0
1534,786,1794,139,49,31,78,167,76,15,468,0,0,107,60
1535,595,1253,64,21,6,56,74,30,0,268,0,0,48,45
1536,504,1045,83,29,26,101,129,94,4,357,0,0,54,39
1537,514,1031,5,2,1,7,19,27,24,107,0,0,26,39
1538,804,1595,48,9,0,33,40,47,121,116,0,0,47,62
1539,693,1424,261,1,16,19,84,84,231,317,0,2,67,53
1540,559,1073,21,6,47,36,82,81,346,116,0,2,55,43
1541,502,971,242,38,0,7,78,42,23,167,0,0,57,39
1542,272,506,17,32,7,6,387,2269,205,476,0,0,138,21
1543,327,648,18,41,0,10,41,60,56,109,0,0,24,25
1544,355,646,22,8,0,11,70,31,26,96,0,0,27,27
1545,225,416,0,0,0,1,16,0,2445,148,0,0,104,17
1546,315,769,0,0,0,0,4,1,10,10,0,0,15,24
1547,263,516,21,39,21,8,35,44,83,80,0,0,23,20
1548,707,1489,50,52,0,82,213,63,186,325,0,0,64,54
1549,1142,1811,489,81,0,93,453,351,237,752,0,0,141,88
1550,108,207,2,0,0,1,0,3,4,1,0,0,4,8
1551,683,1349,146,65,1,39,176,79,283,265,0,0,75,52
1552,649,1586,0,0,0,0,0,0,1,0,0,0,24,50
1553,355,705,12,5,24,10,90,81,102,142,0,0,35,27
1554,713,1767,0,0,0,0,0,224,0,1,0,0,59,55
1555,567,1356,1,0,24,14,130,0,116,72,0,0,60,44
1556,252,497,3,0,0,12,16,4,6,33,0,0,12,19
1557,897,2410,62,24,0,63,113,46,0,250,0,0,191,69
1558,241,555,158,66,147,208,206,156,0,611,0,0,101,19
1559,1011,2758,0,0,0,0,0,132,0,0,0,0,46,78
1560,958,2479,0,0,0,0,0,84,0,0,0,0,41,74
1561,417,986,29,13,0,4,19,238,6,72,0,0,30,32
1562,721,3312,10,0,2,0,3,243,0,85,0,0,41,55
1563,897,2370,54,61,3,15,75,102,1,174,0,0,51,69
1564,629,1867,4,1,0,37,9,84,0,41,0,0,30,48
1565,654,1693,0,0,0,0,0,0,0,0,0,0,24,50
1566,368,1041,1,34,1,0,0,310,0,23,0,0,27,28
1567,486,1382,3,16,0,10,4,66,0,14,0,0,26,37
1568,351,892,94,47,10,23,218,121,49,390,0,0,144,27
1569,432,1114,80,48,0,15,110,32,0,289,0,0,37,33
1570,494,1825,151,61,2,24,17,77,0,481,0,0,48,38
1571,833,2605,3,1,2,17,3,53,0,17,0,0,34,64
1572,442,1266,0,0,0,0,0,0,0,0,0,0,16,34
1573,494,1208,179,69,0,110,661,2044,49,1018,0,0,170,38
1574,269,674,0,0,0,0,0,0,0,0,0,0,11,21
1575,381,948,184,94,4,26,120,167,81,408,0,0,73,29
1576,536,1306,79,40,0,7,25,97,0,119,0,0,37,41
1577,1286,2471,429,16,587,201,963,103,266,447,0,0,159,99
1578,597,1140,114,63,0,25,368,76,371,512,0,0,78,46
1579,324,823,0,0,0,0,0,0,0,0,0,0,16,25
1580,183,547,24,14,0,27,1,1787,21,4,0,0,78,14
1581,765,2048,34,86,4,18,2,121,14,32,0,0,57,59
1582,687,1347,46,57,0,34,103,45,376,157,0,0,55,53
1583,277,994,92,86,0,18,83,88,120,343,0,0,59,21
1584,207,751,0,0,0,0,0,0,0,0,0,0,8,16
1585,726,2247,7,9,0,0,0,54,9,39,0,0,61,56
1586,262,638,31,9,6,7,34,37,66,123,0,0,30,20
1587,534,1317,16,6,0,9,43,184,2,88,0,0,39,41
1588,492,1170,17,18,0,3,15,13,11,76,0,0,46,38
1589,1064,2581,281,278,51,65,228,327,211,807,0,0,178,82
1590,560,1284,17,12,0,10,51,60,4,109,0,0,45,43
1591,796,2039,0,0,0,0,0,0,0,2,0,2,79,61
1592,697,1223,9,5,0,18,53,68,130,183,0,0,43,53
1593,246,622,0,0,0,0,0,0,0,0,0,0,19,19
1594,144,395,66,94,0,17,93,186,38,301,0,0,43,11
1595,366,1022,37,10,0,5,18,19,0,115,0,0,24,28
1596,334,1096,3,27,0,0,1,1,0,6,0,0,17,26
1597,262,639,12,1,1,6,2,5,0,11,0,0,16,20
1598,502,963,11,4,0,10,23,377,7,47,0,0,48,39
1599,414,1011,172,113,0,23,318,62,0,686,0,0,165,32
1600,909,2094,430,171,0,47,511,243,192,1190,0,0,135,70
1601,1019,2546,18,29,1,13,9,56,6,70,0,0,79,78
1602,625,1599,0,0,0,1,0,103,0,0,0,0,32,48
1603,299,699,2,1,0,1,20,13,40,20,0,0,18,23
1604,984,2182,343,348,0,20,148,94,10,604,0,0,108,76
1605,787,2173,451,111,0,22,233,160,472,451,0,0,103,61
1606,419,1220,0,0,0,0,0,114,0,0,0,0,20,32
1607,119,302,13,5,26,26,23,102,24,63,0,0,35,9
1608,520,1600,0,0,0,0,0,0,0,0,0,0,19,40
1609,638,1330,7,3,0,6,17,65,30,39,0,0,29,49
1610,425,1182,0,0,0,0,1,0,0,0,0,0,16,33
1611,568,1473,0,0,0,0,1,0,38,0,0,0,23,44
1612,242,702,7,1,0,5,616,4,149,31,0,0,42,19
1613,469,908,32,19,19,43,154,187,138,281,0,0,67,36
1614,303,789,35,26,8,53,174,93,116,213,0,0,47,23
1615,18,38,199,146,657,432,148,52,26,550,0,2,82,1
1616,1,1,86,75,7,61,153,52,0,203,0,0,78,0
1617,568,1497,335,153,5,92,787,175,3,1421,0,0,168,44
1618,1178,3090,229,98,25,89,532,150,1,901,0,0,117,91
1619,1534,2691,22,11,1,26,72,65,3,164,0,0,70,118
1620,1053,2912,334,100,1,41,476,147,5,746,0,0,107,81
1621,356,665,98,27,0,24,64,47,0,195,0,0,40,28
1622,505,1308,168,32,0,27,196,105,0,348,0,0,56,39
1623,439,645,37,33,0,5,21,20,4,125,0,0,25,34
1624,201,448,29,66,0,25,298,92,204,321,0,0,61,15
1625,670,1428,27,12,0,25,264,120,162,245,0,0,67,51
1626,900,2182,8,6,0,5,68,165,71,68,0,0,97,69
1627,884,2113,109,59,6,59,306,131,653,595,0,73,252,68
1628,441,1064,35,12,0,19,49,118,23,139,0,0,39,34
1629,566,1308,132,77,0,37,215,499,56,513,0,0,82,44
1630,948,2050,23,10,0,29,175,102,35,203,0,0,79,73
1631,707,1563,4,2,0,1,13,53,94,69,0,0,86,54
1632,847,1962,102,72,0,53,889,325,1635,1152,0,0,186,65
1633,504,1340,40,68,1,19,227,220,1620,435,0,0,213,39
1634,0,0,334,9,0,46,144,76,10142,184,0,0,401,0
1635,65,166,165,356,0,13,93,95,0,438,0,0,46,5
1636,226,510,0,10,0,0,0,42,0,21,0,0,14,17
1637,850,1285,32,10,0,60,158,136,167,333,0,0,68,65
1638,324,908,0,0,0,0,0,0,0,0,0,0,16,25
1639,495,1288,0,0,0,0,0,0,0,0,0,0,32,38
1640,544,1549,223,29,3,38,328,60,849,1650,0,0,144,42
1641,0,0,66,59,46,40,119,288,170,366,0,0,48,0
1642,5,8,13,3,6,89,12,22,83,65,0,0,14,0
1643,649,1368,550,123,45,97,243,335,261,688,0,0,167,50
1644,681,1620,103,102,1,30,261,394,150,370,0,0,111,52
1645,1091,1725,187,71,0,67,217,162,90,535,0,2,89,84
1646,655,1749,19,11,0,21,123,127,40,197,0,0,53,51
1647,538,1128,3,1,0,0,3,0,0,14,0,0,23,41
1648,667,1856,0,0,0,0,5,92,0,1,0,0,43,51
1649,228,558,161,79,0,70,202,298,888,494,0,0,101,18
1650,333,812,13,3,0,28,50,68,50,62,0,0,30,26
1651,413,1115,117,56,0,45,186,85,132,306,0,0,110,32
1652,753,1905,6,4,0,9,31,17,80,83,0,0,63,58
1653,840,1599,20,8,11,27,145,432,36,163,0,0,72,64
1654,502,1311,0,0,2,8,3,0,0,3,0,0,21,39
1655,11,21,0,0,0,0,1,1,0,37,0,0,2,1
1656,266,703,4,0,0,4,0,26,0,6,0,0,22,20
1657,12,29,23,1,116,76,21,6,1,151,0,0,15,1
1658,15,27,46,26,145,109,58,19,27,130,0,0,21,1
1659,1212,2386,506,129,0,70,308,266,44,892,0,0,129,93
1660,1131,2256,1339,537,8,153,940,300,183,1643,0,0,291,87
1661,819,1483,20,116,31,59,532,126,223,330,0,0,96,63
1662,250,685,18,5,0,9,32,33,262,100,0,0,49,19
1663,369,1104,230,146,24,90,639,376,262,1207,0,0,147,28
1664,660,1384,58,69,2,19,185,72,189,571,0,2,80,51
1665,883,2006,37,4,5,13,124,20,64,122,0,0,70,68
1666,369,694,0,0,0,0,0,0,0,0,0,0,14,28
1667,253,487,0,0,0,0,0,0,0,0,0,0,11,19
1668,287,685,82,23,118,118,208,36,0,269,0,0,42,22
1669,1348,2501,90,39,0,30,174,101,5,416,0,0,89,104
1670,588,1288,3,1,1,2,109,7,13,41,0,0,40,45
1671,380,835,43,12,0,7,64,52,89,128,0,0,44,29
1672,496,1179,37,7,8,12,28,35,126,70,0,0,45,38
1673,560,1548,0,0,0,0,0,72,0,0,0,0,45,43
1674,344,1069,20,12,126,11,36,14,51,47,0,0,37,26
1675,355,974,0,0,0,0,0,33,0,0,0,0,19,27
1676,303,656,4,1,0,0,3,293,4,10,0,2,23,23
1677,451,1247,3,0,0,0,0,0,0,3,0,0,18,35
1678,519,1080,0,0,0,0,0,19,0,17,0,0,24,40
1679,220,569,0,0,0,0,9,0,0,11,0,0,11,17
1680,580,1278,86,35,14,6,6,41,0,47,0,0,31,45
1681,761,1925,8,5,3,4,25,1,4,35,0,0,60,58
1682,213,544,0,0,0,0,0,0,0,0,0,0,8,16
1683,474,1262,0,0,0,0,0,43,0,0,0,0,31,36
1684,686,1856,15,4,0,4,32,14,24,37,0,0,59,53
1685,832,1660,28,23,7,40,62,43,130,114,0,0,51,64
1686,507,1034,98,70,2,13,169,322,140,303,0,0,71,39
1687,372,984,0,0,0,0,0,0,0,0,0,0,17,29
1688,917,1996,40,38,1,28,185,466,55,469,0,0,84,71
1689,1043,2100,66,23,0,4,66,52,62,154,0,5,57,80
1690,939,2678,231,133,0,33,361,187,20,895,0,0,103,72
1691,212,569,6,3,1,3,31,25,8,47,0,0,14,16
1692,307,880,0,0,0,0,0,0,0,0,0,0,18,24
1693,348,893,0,5,0,0,0,0,7,0,0,0,19,27
1694,592,1569,0,0,0,0,6,52,0,26,0,0,43,45
1695,346,779,0,0,3,2,2,1,0,78,0,0,25,26
1696,678,1498,22,7,4,11,7,6,138,48,0,0,49,52
1697,367,951,115,47,20,5,34,100,19,278,0,0,38,28
1698,283,745,16,12,6,4,37,31,0,144,0,0,23,22
1699,101,264,1,76,0,1,1,0,0,13,0,0,7,8
1700,24,55,51,192,345,68,1151,215,227,1928,0,0,387,2
1701,1225,3094,15,0,0,7,4,46,1,10,0,0,48,94
1702,0,0,19,38,100,172,95,149,18,434,0,0,38,0
1703,389,1119,55,27,0,10,38,65,1,154,0,0,29,30
1704,621,1871,0,0,0,0,0,0,0,0,0,0,23,48
1705,1691,4538,5,19,0,18,0,2,0,30,0,0,65,130
1706,1283,2427,27,16,0,38,355,141,17,466,0,0,86,99
1707,446,1374,0,0,0,0,0,0,0,0,0,0,16,34
1708,420,1294,0,0,0,0,0,0,0,0,0,0,15,32
1709,340,941,0,0,0,0,0,1,19,0,0,0,13,26
1710,345,1066,0,0,0,0,0,0,0,0,0,0,13,27
1711,210,616,232,123,0,55,133,205,8,678,0,0,72,16
1712,822,1839,72,5,0,20,56,55,74,115,0,0,46,63
1713,331,767,13,2,0,0,1,1,29,26,0,0,18,25
1714,4251,9017,272,133,253,19,246,103,0,840,1,0,413,327
1715,0,0,0,0,0,0,0,0,0,0,0,0,0,0
1716,295,770,0,0,0,0,0,64,0,0,2,0,55,23
1717,24,61,18,144,2,14,13,9,0,56,0,0,19,2
1718,465,1483,0,0,0,0,0,61,0,0,0,0,19,36
1719,688,2198,0,0,0,0,0,0,0,0,0,0,25,53
1720,536,1317,19,10,0,13,16,18,0,60,0,0,31,41
1721,0,0,2131,1318,39,126,1347,491,309,2660,0,0,492,0
1722,719,2239,15,2,1,4,6,90,165,14,0,0,38,55
1723,693,2150,45,39,0,10,37,81,20,154,0,0,40,53
1724,743,1572,29,8,1,1,6,76,50,36,0,0,43,57
1725,1088,2639,221,151,0,61,213,330,109,722,0,0,144,84
1726,1347,3063,262,107,6,58,176,207,173,525,0,0,117,104
1727,810,1893,72,48,3,42,133,229,2,300,0,0,67,62
1728,998,2886,22,4,6,5,16,3,0,44,5,0,59,77
1729,790,2284,17,9,0,0,17,4,0,63,1,0,86,61
1730,451,1209,345,261,0,54,97,48,17,383,1,0,94,35
1731,917,2387,4,2,0,1,6,4,0,20,0,0,45,71
1732,669,1768,41,22,0,4,41,102,0,119,0,0,37,51
1733,530,1396,84,33,8,40,94,158,0,333,0,0,47,41
1734,863,1858,50,66,6,9,54,132,7,128,0,0,48,66
1735,508,2048,27,6,0,1,11,71,0,25,0,0,36,39
1736,138,335,10,0,0,0,2,3,7,10,0,0,6,11
1737,1,1,97,39,275,638,155,180,7,487,0,0,136,0
1738,474,1370,28,39,0,20,48,44,145,101,0,0,33,36
1739,684,1555,85,76,3,51,135,186,43,345,0,0,157,53
1740,512,1108,207,96,23,53,238,96,0,658,0,0,225,40
1741,718,1911,186,49,0,103,124,300,25,193,0,0,73,55
1742,480,1184,43,35,7,29,88,127,6,296,0,0,41,37
1743,226,586,9,12,0,6,21,403,8,40,0,0,57,17
1744,629,1714,89,34,4,49,80,325,0,280,0,0,124,48
1745,450,1205,84,28,0,23,197,68,0,327,1,0,61,34
1746,869,2795,4,3,0,0,5,171,0,13,0,0,46,67
1747,512,1702,5,3,0,0,3,0,0,18,0,0,28,39
1748,246,647,4,3,0,0,2,1,0,5,0,0,14,19
1749,763,2296,0,0,0,0,1,65,4,0,0,0,31,59
1750,793,2502,0,0,0,0,0,0,0,0,0,0,29,61
1751,676,1962,0,0,3,1,0,0,0,0,0,0,25,52
1752,228,566,4,2,0,6,12,82,0,23,0,0,13,18
1753,448,1146,23,8,0,12,61,88,0,68,0,0,44,34
1754,1202,3624,207,110,50,93,323,179,119,959,0,0,149,93
1755,97,232,5,3,0,0,4,60,0,17,2,0,9,8
1756,272,900,13,7,0,7,24,19,67,61,1,0,157,21
1757,0,0,46,26,0,9,54,22,0,166,0,0,12,0
1758,383,1107,8,27,0,0,4,280,0,19,0,0,35,29
1759,5,13,96,5,40,364,22,68,0,317,1,0,34,0
1760,1633,4491,198,122,0,72,317,261,1097,690,0,0,290,125
1761,311,748,33,6,237,21,39,45,36,108,0,0,46,24
1762,55,139,106,36,0,15,35,91,12,196,0,0,20,4
1763,226,561,354,93,0,68,230,317,198,627,0,0,80,17
1764,476,1176,301,269,3,105,422,370,68,780,0,0,115,37
1765,468,1258,9,2,0,15,119,88,0,150,1,0,58,36
1766,1403,3082,731,387,1873,149,1021,411,0,2762,6,0,393,108
1767,423,1172,98,41,465,1149,202,169,2,605,1,0,117,33
1768,3146,7031,190,82,24,26,242,46,0,635,1,0,228,242
1769,0,0,78,5,875,233,50,71,0,205,0,2,56,0
1770,0,0,118,2,888,291,2,12,0,112,3,0,52,0
1771,771,2094,9,4,1,51,8,10,0,43,0,0,33,59
1772,314,882,0,0,0,0,0,0,0,0,0,0,12,24
1773,491,1403,17,9,0,1,20,3,0,51,0,0,31,38
1774,151,420,119,33,0,163,49,61,147,134,0,0,43,12
1775,337,941,75,113,0,27,34,22,13,162,0,0,38,26
1776,11,33,3,1,0,44,56,82,60,20,0,0,12,1
1777,320,838,9,28,0,2,17,4,248,40,0,0,44,25
1778,183,462,0,0,0,0,1,90,74,10,0,0,21,14
1779,989,1991,130,22,0,18,69,52,26,408,0,0,93,76
1780,539,1334,241,161,1,218,377,248,168,885,0,0,108,41
1781,297,794,144,77,15,39,182,151,137,338,0,0,113,23
1782,9,24,40,12,562,392,47,72,58,332,0,0,56,1
1783,0,0,5,1,0,0,4,1,0,12,2,20,1,0
1784,143,433,266,119,0,34,323,103,0,851,0,0,68,11
1785,0,0,0,0,173,4,0,1,0,1,0,0,7,0
1786,138,376,93,44,4,212,356,229,0,566,0,0,187,11
1787,969,2338,395,105,0,48,215,278,55,650,0,0,102,75
1788,586,1200,0,0,0,0,0,0,0,0,0,0,27,45
1789,725,1538,163,262,0,7,27,18,163,540,0,0,70,56
1790,0,0,137,70,0,835,1413,907,0,1414,0,0,175,0
1791,100,207,423,205,133,173,987,193,0,1551,0,0,141,8
1792,1057,1549,384,151,43,126,732,100,24,954,0,0,158,81
1793,391,726,45,28,0,19,93,97,8,244,0,0,35,30
1794,642,1226,34,51,0,25,143,110,74,276,0,0,76,49
1795,576,1141,514,342,0,25,292,34,15,441,0,0,121,44
1796,867,1668,9,31,1,10,41,26,14,91,0,0,46,67
1797,1092,2301,0,0,0,0,0,0,0,0,0,0,40,84
1798,0,0,510,149,0,16,92,73,18,351,0,0,44,0
1799,752,1684,12,9,1,8,28,6,2,50,0,0,32,58
1800,451,1222,214,75,173,49,179,73,464,681,0,0,225,35
1801,1011,1822,100,192,0,66,127,101,30,377,0,0,88,78
1802,584,1066,341,173,79,76,242,277,153,897,0,0,122,45
1803,575,1197,78,29,9,27,73,90,176,221,0,0,57,44
1804,383,870,22,2,3,4,32,10,14,26,0,0,20,29
1805,269,641,38,162,0,12,29,180,35,207,0,0,41,21
1806,1022,2172,187,51,17,14,43,41,13,201,0,0,65,79
1807,406,867,19,16,0,3,202,95,28,157,0,0,38,31
1808,1054,2860,82,60,0,49,337,273,0,588,0,0,90,81
1809,1298,3043,12,5,0,39,34,36,3,111,0,0,56,100
1810,283,371,8,10,0,86,19,29,0,39,0,0,17,22
1811,281,609,2,0,0,11,2,250,8,6,0,0,29,22
1812,224,502,68,34,0,43,39,57,2,163,0,0,29,17
1813,789,1628,40,7,0,32,59,66,0,142,0,0,45,61
1814,451,1285,88,25,9,51,71,139,0,228,0,0,51,35
1815,558,1133,39,3,87,24,30,32,3,97,0,0,69,43
1816,463,1039,1,1,0,1,5,8,80,14,0,0,27,36
1817,283,736,78,20,0,23,66,57,0,207,0,0,31,22
1818,208,498,32,11,22,100,62,87,0,184,0,0,51,16
1819,252,636,0,0,0,0,0,0,0,0,0,0,12,19
1820,343,771,6,3,0,6,17,5,0,39,0,0,18,26
1821,135,354,28,3,13,3,3,47,1,304,0,0,30,10
1822,361,671,6,4,0,17,55,22,84,103,0,0,33,28
1823,476,1132,144,44,18,154,124,143,98,276,0,0,57,36
1824,996,2307,73,26,30,59,152,230,128,333,0,0,74,77
1825,1262,2667,15,23,27,10,53,38,33,145,0,0,60,97
1826,34,76,173,135,125,702,3422,682,263,3824,0,0,343,3
1827,759,1704,46,60,69,2,45,17,2,143,0,0,47,58
1828,2031,4438,0,5,125,1,0,29,0,0,0,0,80,156
1829,686,1261,32,9,1,37,251,88,84,288,0,0,55,53
1830,18,48,211,91,1,172,1206,448,37,1713,0,0,270,2
1831,1213,2957,6,3,1,3,51,6,8,24,0,0,52,93
1832,479,1231,415,171,0,65,898,86,0,1327,0,0,133,37
1833,651,1716,40,24,2,1,143,93,120,81,0,0,47,50
1834,859,2193,57,60,5,9,51,15,28,67,0,0,60,66
1835,692,1652,127,69,135,31,90,517,46,409,0,0,78,53
1836,778,1700,0,0,1,0,20,0,0,0,0,0,36,60
1837,431,936,14,5,0,8,45,31,79,89,0,0,29,33
1838,227,488,3,0,1,4,6,8,36,15,0,0,18,17
1839,137,293,1,0,21,1,6,7,10,8,0,0,8,11
1840,716,1444,0,0,0,0,0,137,0,0,0,0,32,55
1841,1090,2634,15,255,270,11,43,48,6,84,0,0,106,84
1842,861,1846,0,0,11,4,20,5,5,21,0,0,42,66
1843,366,1020,6,3,3,7,16,8,49,109,0,0,30,28
1844,364,809,6,0,4,0,0,2,0,11,0,0,17,28
1845,534,1563,0,0,0,0,0,0,0,0,0,0,21,41
1846,997,2208,0,2,16,0,8,45,8,10,0,0,62,77
1847,676,1543,0,0,1,41,22,0,32,24,0,0,55,52
1848,211,444,0,0,0,0,0,0,0,0,0,0,9,16
1849,274,582,27,136,3,15,324,20,200,497,0,0,55,21
1850,497,1052,13,3,0,6,27,27,6,50,0,0,24,38
1851,199,412,4,40,0,1,3,74,0,14,0,0,12,15
1852,1140,2794,66,31,0,36,141,205,80,285,0,0,86,88
1853,1467,3106,40,62,0,21,248,143,215,392,0,0,172,113
1854,662,1691,0,0,1,0,6,0,1,0,0,0,39,51
1855,313,765,0,0,0,0,0,0,0,0,0,0,13,24
1856,442,1053,30,31,12,51,128,113,82,233,0,0,59,34
1857,707,1636,0,0,0,0,0,96,0,0,0,0,46,54
1858,395,1164,37,1,9,3,52,57,33,40,0,0,40,30
1859,699,1786,19,9,7,13,61,110,31,165,0,0,64,54
1860,821,2116,0,0,3,0,0,0,0,216,0,0,81,63
1861,0,0,280,63,332,469,1388,474,11,1422,0,0,163,0
1862,609,1369,27,14,37,168,48,63,1,274,0,0,56,47
1863,386,815,41,33,3,15,118,31,0,172,0,0,165,30
1864,581,1416,20,7,0,32,20,35,0,103,0,0,35,45
1865,468,925,29,7,0,8,42,34,0,77,0,0,37,36
1866,986,1896,55,57,25,61,160,107,87,355,0,0,73,76
1867,284,736,10,3,0,8,53,36,8,75,0,0,29,22
1868,564,1656,3,0,0,0,0,60,0,44,0,0,37,44
1869,352,1067,0,0,0,0,0,0,0,0,0,0,15,27
1870,508,1151,178,11,217,265,339,369,54,377,0,0,92,39
1871,0,0,227,8,180,127,82,14,1,138,0,0,28,0
1872,44,135,363,233,0,146,897,377,155,1903,0,0,178,4
1873,495,1345,242,106,3,124,1050,192,93,1187,0,0,150,38
1874,171,429,66,12,3,23,107,21,2,101,0,0,38,13
1875,149,351,0,0,0,51,0,78,0,10,0,0,12,11
1876,158,408,32,13,20,5,27,19,2,71,0,0,24,12
1877,500,1375,87,38,0,67,109,175,44,329,0,0,54,38
1878,681,1608,31,32,0,55,138,244,1,352,0,0,66,52
1879,706,1544,84,61,7,28,89,156,43,393,0,0,64,55
1880,484,1176,716,244,0,50,234,281,13,1023,0,0,118,37
1881,412,880,47,61,0,13,96,55,175,242,0,0,51,32
1882,455,1135,0,0,0,0,0,0,0,0,0,0,18,35
1883,1740,4391,88,41,23,52,50,91,84,140,0,0,117,134
1884,402,1048,0,0,0,0,1,72,0,0,0,0,20,31
1885,639,1109,115,13,84,152,193,30,78,345,0,0,60,49
1886,1,2,46,53,38,60,588,463,819,1501,0,0,133,0
1887,198,374,82,61,0,77,341,286,164,1070,0,0,92,15
1888,10,21,75,38,0,83,301,447,0,944,0,37,70,1
1889,276,701,0,0,0,0,0,0,0,0,0,0,13,21
1890,634,1537,19,12,10,18,107,78,54,224,0,0,75,49
1891,623,1676,19,18,2,95,132,210,113,249,0,0,65,48
1892,365,925,15,2,1,0,3,52,922,13,0,0,53,28
1893,304,782,20,26,0,36,147,606,49,173,0,0,67,23
1894,557,1249,181,152,10,10,69,79,0,355,0,0,63,43
1895,561,1519,42,15,5,20,81,95,10,319,0,0,54,43
1896,379,965,0,0,0,0,0,0,0,0,0,0,27,29
1897,577,1207,45,116,36,275,2487,687,576,2885,0,0,343,44
1898,1345,2733,0,0,0,0,3,0,343,30,0,0,63,103
1899,320,706,68,18,7,15,47,64,20,181,0,0,37,25
1900,205,559,0,0,0,0,7,1,15,7,0,0,9,16
1901,507,1408,7,10,0,11,29,102,104,115,0,0,39,39
1902,153,394,37,5,14,12,41,66,154,51,0,0,33,12
1903,787,2110,0,0,4,0,0,0,0,0,0,0,60,60
1904,1006,2246,0,0,0,0,0,0,0,0,0,0,62,77
1905,674,1644,0,0,0,0,0,93,0,0,0,0,77,52
1906,245,572,0,0,0,0,0,0,0,0,0,0,28,19
1907,260,641,0,73,5,0,0,0,0,0,0,0,16,20
1908,563,1498,583,350,8,159,1111,359,100,2173,0,192,259,44
1909,544,1371,205,137,13,31,85,83,0,366,0,0,65,42
1910,684,1716,11,66,2,3,5,5,2,65,0,0,36,52
1911,694,1505,13,47,0,5,11,67,0,93,0,0,46,53
1912,254,704,0,0,0,0,0,0,0,0,0,0,9,20
1913,301,811,4,12,0,4,15,19,4,34,0,0,24,23
1914,353,1017,22,9,0,3,14,8,0,40,0,0,16,27
1915,343,914,0,0,0,0,0,0,0,0,0,0,20,26
1916,409,957,3,4,28,1,10,27,0,28,0,0,74,31
1917,239,517,0,0,0,0,0,0,0,0,0,0,19,18
1918,0,0,662,368,48,13,44,34,0,426,0,0,59,0
1919,492,1368,419,216,0,60,384,97,0,629,0,0,258,38
1920,507,1326,3,5,0,8,43,22,17,94,0,0,141,39
1921,252,697,47,11,0,13,26,72,0,118,0,0,42,19
1922,550,1492,57,17,0,24,96,99,30,241,0,0,86,42
1923,427,1106,5,3,0,11,37,86,40,154,0,0,50,33
1924,440,1225,5,15,2,0,2,3,4,81,0,0,63,34
1925,39,101,38,2,14,4,22,31,0,33,0,0,18,3
1926,131,355,0,0,0,0,0,0,0,0,0,0,14,10
1927,534,1295,0,0,0,0,0,0,0,0,0,0,33,41
1928,0,1,871,376,49,22,135,53,0,367,0,0,69,0
1929,815,2188,109,32,4,109,169,176,54,289,0,0,400,63
1930,457,1240,5,4,0,6,27,30,0,46,0,0,21,35
1931,494,1384,25,2,0,13,53,74,7,46,0,0,38,38
1932,401,1176,3,1,0,4,17,164,64,43,0,0,32,31
1933,475,1302,0,0,0,0,0,42,0,0,0,0,44,36
1934,470,1184,0,0,0,5,5,8,4,5,0,0,44,36
1935,496,1251,0,0,0,0,0,0,0,0,0,0,63,38
1936,110,246,0,0,0,0,0,0,0,0,0,0,12,9
1937,245,681,18,2,2,34,13,10,11,40,0,0,36,19
1938,932,2879,1,17,1,8,39,139,63,45,0,0,57,72
1939,742,1980,0,0,1,1,3,0,2,7,0,0,63,57
1940,211,564,0,0,0,0,0,0,0,0,0,0,13,16
1941,628,1550,0,0,2,4,17,46,19,45,0,0,109,48
1942,290,792,2,0,0,0,6,3,0,227,0,0,40,23
1943,258,713,0,0,0,0,0,0,0,0,0,0,9,20
1944,251,629,0,0,0,0,1,1,1,3,0,0,9,19
1945,699,1985,0,1,0,1,8,74,0,42,0,0,33,54
1946,220,706,12,13,0,15,18,18,0,83,0,0,34,17
1947,284,831,0,0,0,0,0,71,114,0,0,0,17,22
1948,346,895,0,0,0,0,0,0,0,0,0,0,15,27
1949,289,705,0,0,0,0,0,73,0,0,0,0,31,22
1950,401,1019,14,11,0,17,64,71,122,105,0,0,83,31
1951,371,832,24,10,0,1,17,4,0,62,0,0,25,29
1952,362,991,0,0,0,0,0,0,0,0,0,0,54,28
1953,0,0,0,0,0,0,0,0,0,0,0,0,0,0
1954,743,2233,0,0,0,0,0,0,0,0,0,0,32,57
1955,280,906,0,0,0,0,0,98,0,0,0,0,14,22
1956,464,1282,414,104,12,10,54,34,1,280,0,0,115,36
1957,428,1020,1,0,0,0,0,1,0,1,0,0,68,33
1958,381,1128,9,1,0,4,5,101,0,19,0,0,100,29
1959,274,700,15,2,0,0,6,1,3,44,0,0,14,21
1960,468,725,270,139,2854,110,310,604,144,623,0,0,226,36
1961,254,614,86,43,8,78,330,302,344,832,0,4,88,20
1962,282,684,50,39,2,28,295,136,91,490,2,2,62,22
1963,335,511,28,3,75,166,826,11,102,546,0,0,79,26
1964,7,20,25,11,18,199,232,206,0,358,0,0,39,1
1965,15,37,15,2,12,165,14,27,0,108,0,0,13,1
1966,308,776,404,199,0,187,1097,239,0,1367,8,0,448,24
1967,1720,4570,39,17,0,18,76,152,0,108,0,0,78,132
1968,680,2012,0,0,0,0,0,0,0,0,0,0,25,52
1969,150,493,0,0,0,0,0,0,0,0,0,0,6,12
1970,120,371,36,13,0,26,106,99,63,186,0,0,24,9
1971,188,476,80,40,4,140,149,291,12,345,0,0,46,14
1972,621,1048,54,23,876,47,180,58,23,253,3,0,141,48
1973,25,67,434,163,0,199,561,359,158,1473,0,0,124,2
1974,1391,3538,147,53,50,111,305,233,0,531,1,0,214,107
1975,3137,6340,23,13,0,12,48,16,0,58,0,0,121,241
1976,503,1268,0,0,0,0,0,0,0,0,0,0,18,39
1977,940,2323,110,23,0,24,3,1,0,263,0,0,50,72
1978,726,2354,0,0,0,0,0,75,0,0,0,0,29,56
1979,248,815,9,1,0,2,13,16,8,25,0,0,12,19
1980,700,2156,64,113,0,12,34,26,0,285,0,0,45,54
1981,412,1046,414,58,2,100,250,168,125,711,0,0,95,32
1982,851,2713,0,0,0,0,0,0,6,0,0,0,116,65
1983,625,1824,24,2,1,7,34,89,53,40,0,0,161,48
1984,217,645,88,42,0,34,91,133,24,250,0,0,34,17
1985,540,1147,284,314,0,69,210,546,306,577,0,0,172,42
1986,337,716,5,4,0,6,105,119,56,46,0,0,42,26
1987,376,1043,555,557,22,401,3859,1523,215,3814,1,2,759,29
1988,958,1920,22,34,1,29,291,77,37,949,0,0,134,74
1989,161,479,907,193,0,114,282,235,7,769,0,0,124,12
1990,0,0,0,0,14,0,0,6,0,0,14,0,1,0
1991,366,785,0,0,0,0,0,0,0,0,0,0,30,28
1992,1466,3392,0,0,0,0,0,0,0,0,1,0,54,113
1993,550,1210,0,0,0,0,0,0,0,0,0,0,43,42
1994,584,1028,267,96,66,159,630,285,0,954,0,0,148,45
1995,245,446,189,115,0,124,574,273,0,781,0,0,838,19
1996,1661,4131,218,197,49,208,973,480,202,1303,0,0,194,128
1997,582,1892,1,1,4,18,44,10,3,24,0,0,25,45
1998,470,1448,0,0,0,0,0,0,0,0,0,0,19,36
1999,811,1697,25,420,0,51,142,44,1,169,0,0,61,62
2000,444,1334,2,1,0,3,12,10,0,32,0,0,21,34
2001,54,156,8,10,0,13,50,88,0,155,0,0,14,4
2002,296,817,0,0,0,0,14,0,0,1,0,0,11,23
2003,149,428,0,0,0,0,0,0,0,0,0,0,77,11
2004,604,1368,3,1,0,0,4,0,0,9,0,0,23,46
2005,526,1035,0,0,0,0,0,0,0,0,0,0,35,40
2006,1294,3345,0,3,0,0,0,0,0,0,0,0,48,99
2007,456,1234,8,2,0,5,7,4,0,26,0,0,19,35
2008,0,0,233,183,14,165,81,58,0,378,0,0,41,0
2009,478,1076,496,247,23,274,1660,539,15,2182,1,0,217,37
2010,476,1214,0,0,0,0,0,0,0,0,0,0,17,37
2011,483,1728,0,0,2,0,0,81,0,20,0,0,21,37
2012,457,1471,0,0,0,0,20,0,4,0,0,0,18,35
2013,146,468,145,178,0,27,107,167,20,371,0,0,43,11
2014,480,1012,834,657,0,92,313,274,19,1569,0,0,155,37
2015,267,804,6,216,13,1,12,74,1,40,0,0,23,20
2016,391,1264,0,0,0,0,0,0,0,0,0,0,35,30
2017,184,557,0,0,0,0,8,0,20,0,0,0,16,14
2018,261,744,28,13,0,39,179,149,55,214,0,0,96,20
2019,226,483,50,52,0,32,140,194,26,423,0,0,44,17
2020,289,960,0,0,0,0,0,0,0,0,0,0,13,22
2021,319,815,9,4,1,7,32,151,1,49,0,0,21,25
2022,857,2025,23,10,35,3,22,8,0,71,70,0,55,66
2023,1269,2745,17,9,0,0,15,39,0,59,2,0,60,97
2024,188,400,0,0,0,1,0,338,0,1,0,0,20,14
2025,811,1743,10,11,1,7,36,104,19,82,0,0,40,62
2026,443,948,74,68,4,33,47,28,0,193,0,0,33,34
2027,0,0,371,287,57,81,411,141,0,1100,1,0,95,0
2028,769,2100,15,0,1,0,0,0,0,2,0,0,29,59
2029,1529,3281,3,2,3,11,4,1,0,32,0,0,58,118
2030,283,1027,0,4,37,0,2,13,0,4,1,0,13,22
2031,218,796,13,8,36,7,18,16,0,44,1,0,13,17
2032,483,1755,15,16,80,19,12,110,61,46,0,0,31,37
2033,686,1990,0,0,3,2,7,236,0,8,0,0,35,53
2034,113,236,0,0,0,0,0,0,0,0,0,0,7,9
2035,458,1419,0,3,39,0,0,0,1,0,1,0,63,35
2036,870,1973,0,1,37,0,0,61,0,0,0,0,39,67
2037,164,433,16,1,15,5,0,69,1,0,0,0,21,13
2038,205,592,48,122,403,14,1,76,77,168,0,0,44,16
2039,1202,3579,328,283,42,27,11,9,4,112,0,0,74,92
2040,1181,3134,44,22,255,29,52,55,0,152,0,0,66,91
2041,495,1617,0,0,0,12,7,0,0,0,0,0,58,38
2042,258,966,2,0,34,0,3,14,0,18,0,0,12,20
2043,372,1397,26,1,11,2,0,2,0,23,0,0,16,29
2044,879,2862,0,0,1,0,0,75,0,6,0,0,72,68
2045,298,784,0,1,41,0,5,29,2,6,0,0,14,23
2046,259,864,0,0,0,0,0,0,0,0,0,0,10,20
2047,657,1577,1,0,0,0,1,365,0,0,0,0,38,50
2048,1061,3016,0,0,0,0,0,0,0,0,0,0,87,82
2049,14,37,0,0,1,0,0,94,0,0,0,0,4,1
2050,395,1336,0,0,0,0,0,0,0,0,0,0,14,30
2051,339,1373,0,0,0,0,0,0,0,0,0,0,12,26
2052,613,2147,2,4,100,0,5,96,0,5,0,0,30,47
2053,1972,4711,137,36,19,47,139,227,3,267,0,0,104,152
2054,548,1359,0,0,0,0,0,0,0,0,0,0,20,42
2055,718,1942,4,32,3,0,0,0,0,0,0,0,28,55
2056,1889,4405,64,45,30,15,75,25,0,229,0,0,114,145
2057,457,1150,0,0,0,4,10,301,56,28,0,0,31,35
2058,2286,5447,154,129,115,108,321,236,6,647,0,0,184,176
2059,244,606,69,40,0,13,74,20,0,228,0,0,42,19
2060,0,0,11,6,1,67,38,75,0,59,0,0,9,0
2061,1,3,26,48,0,163,46,56,0,191,0,0,19,0
2062,598,2027,0,0,0,0,0,74,0,0,0,0,27,46
2063,357,1022,51,137,7,44,169,65,354,283,1,0,76,28
2064,406,1279,281,243,13,79,113,86,24,219,0,0,65,31
2065,268,784,0,0,0,0,0,29,0,0,0,0,40,21
2066,703,2109,17,64,5,17,34,212,18,95,0,0,50,54
2067,523,1341,32,49,3,23,60,55,85,183,0,0,88,40
2068,174,445,0,0,0,0,0,0,0,0,0,0,12,13
2069,1134,3050,139,77,1,23,54,118,49,228,0,0,156,87
2070,1065,2491,18,2,4,6,55,9,24,68,0,0,81,82
2071,759,1928,152,76,1,3,29,2,1,76,0,0,43,59
2072,619,1551,0,0,0,0,0,0,0,0,0,0,23,48
2073,282,696,30,7,3,20,8,5,0,40,0,0,29,22
2074,684,1835,44,18,12,79,57,33,28,178,0,0,42,53
2075,121,367,1,2,0,2,20,69,1305,6,0,0,56,9
2076,114,359,104,39,22,164,563,325,120,499,0,0,82,9
2077,354,1099,22,8,6,28,54,51,36,91,0,0,32,27
2078,279,894,10,2,1,8,12,188,3,46,0,0,24,21
2079,805,1755,42,39,0,103,61,291,42,195,0,0,109,62
2080,552,1388,71,5,0,3,10,13,14,111,0,0,50,42
2081,183,439,6,3,0,2,20,19,21,32,0,0,19,14
2082,498,1211,766,516,564,234,46,84,0,300,0,0,110,38
2083,2191,4874,619,327,86,117,681,192,8,1905,1,0,225,168
2084,0,0,344,171,19,64,87,96,21,356,0,0,43,0
2085,134,410,0,0,0,0,16,0,0,0,0,0,8,10
2086,407,1230,0,0,0,0,0,0,0,0,0,0,34,31
2087,380,1064,0,0,0,0,0,0,0,0,0,0,15,29
2088,498,1441,0,0,0,14,2,69,1,14,0,0,59,38
2089,130,334,0,3,74,0,2,12,44,5,0,0,21,10
2090,500,1671,0,0,0,0,0,87,0,0,0,2,22,38
2091,523,1359,2,84,43,0,3,4,11,22,0,0,25,40
2092,804,1846,1,7,174,0,1,29,0,12,1,0,38,62
2093,167,522,82,101,2,8,44,110,28,150,0,0,64,13
2094,523,1655,413,183,27,32,87,71,78,348,0,0,65,40
2095,335,1141,0,0,0,0,1,192,0,1,0,0,30,26
2096,204,561,0,0,0,0,0,0,0,0,0,0,9,16
2097,578,1452,13,29,0,19,26,11,0,60,0,0,48,44
2098,275,665,1,1,1,2,10,8,187,57,0,0,62,21
2099,178,427,5,2,0,40,34,46,27,42,1,0,27,14
2100,474,1636,0,0,0,0,0,0,0,0,0,0,17,36
2101,387,1026,19,7,3,23,66,102,4,125,1,0,41,30
2102,335,886,63,8,0,10,88,12,56,55,0,0,40,26
2103,349,757,270,23,1,36,186,178,0,398,0,0,63,27
2104,0,0,737,137,209,662,1263,547,24,2783,0,0,233,0
2105,539,1138,254,105,14,158,424,295,344,818,0,0,111,41
2106,307,693,0,0,0,0,0,0,0,0,0,0,13,24
2107,287,651,182,14,3,12,46,46,154,197,0,0,49,22
2108,643,1225,398,499,74,234,223,98,786,850,0,0,182,49
2109,858,1925,133,154,0,40,218,457,34,574,0,0,149,66
2110,455,1257,10,3,17,1,88,18,199,57,0,0,50,35
2111,0,0,155,34,1610,13,75,81,0,496,0,0,90,0
2112,229,620,51,61,0,40,191,131,63,445,0,0,114,18
2113,425,1194,120,96,2,24,182,59,117,471,0,0,66,33
2114,134,354,183,98,7,11,36,30,21,161,0,0,26,10
2115,223,604,0,0,0,0,0,0,0,0,0,0,12,17
2116,266,612,0,0,0,0,8,0,6,1,0,0,11,20
2117,422,951,1795,75,0,237,1121,589,4,1683,0,0,217,32
2118,0,0,336,54,160,1370,262,22,29,255,0,0,91,0
2119,437,944,52,17,0,109,214,201,13,304,0,0,93,34
2120,199,479,485,496,150,351,483,695,321,1208,0,0,234,15
2121,308,897,92,163,0,89,173,162,134,423,0,4,59,24
2122,414,1241,185,23,4,64,112,89,99,225,0,0,56,32
2123,245,693,15,9,14,30,129,453,29,98,0,0,57,19
2124,365,1155,0,0,0,0,0,60,0,0,0,0,33,28
2125,132,409,0,0,0,0,0,0,0,0,0,0,10,10
2126,466,1507,0,0,0,0,0,0,2,0,0,0,23,36
2127,524,1147,1133,4,4,2,274,8,0,789,0,0,106,40
2128,1,1,614,149,79,332,1009,780,35,2075,0,0,192,0
2129,978,2294,221,37,14,151,152,81,33,615,0,0,99,75
2130,332,977,0,0,0,0,0,0,0,0,0,0,14,26
2131,19,56,0,0,0,0,1,146,0,0,0,0,6,1
2132,290,817,0,0,0,0,0,180,0,1,0,0,45,22
2133,0,0,0,0,0,0,0,0,0,0,0,0,0,0
2134,1132,2535,105,20,0,41,164,110,3,630,0,0,103,87
2135,639,2351,0,0,0,0,0,64,0,0,0,0,34,49
2136,598,1644,0,0,1,0,0,1,1,0,0,0,64,46
2137,223,736,0,0,0,0,0,0,0,0,0,0,8,17
2138,5326,14869,14,4,0,1,12,3,2,36,0,0,467,409
2139,0,0,226,115,17,240,1056,319,0,871,0,0,104,0
2140,0,0,379,221,0,180,1104,409,2125,1623,2,0,368,0
2141,0,0,186,110,0,104,586,168,155,827,0,0,78,0
2142,2,3,128,62,0,247,1638,321,35,1144,0,0,131,0
2143,0,0,233,103,2,40,169,63,17,672,0,0,48,0
2144,413,928,3,1,0,12,75,16,24,106,0,0,26,32
2145,275,613,0,0,0,0,0,0,0,0,0,0,11,21
2146,836,1958,2,1,13,10,42,62,1,42,0,0,37,64
2147,476,1072,0,0,0,0,0,0,0,0,0,0,18,37
2148,263,636,0,0,0,0,0,0,0,0,0,0,10,20
2149,0,0,0,198,0,0,0,293,5631,0,0,0,225,0
2150,392,878,62,17,0,49,88,37,88,327,0,0,39,30
2151,403,908,7,1,0,0,0,0,0,14,0,0,16,31
2152,469,1055,8,0,0,0,3,1,19,5,0,0,19,36
2153,0,0,90,2,0,39,10,295,1,34,0,0,17,0
2154,364,832,47,45,0,146,798,379,2,763,0,0,93,28
2155,725,1875,0,0,0,0,0,0,0,0,0,0,28,56
2156,503,1495,0,6,0,2,14,2,3,64,0,0,23,39
2157,0,0,8,3,0,51,7,8,0,27,0,0,7,0
2158,875,2203,121,51,0,118,513,307,24,1502,0,0,129,67
2159,64,179,0,1,0,12,0,3,0,6,0,0,4,5
2160,0,0,0,0,0,0,0,0,0,0,0,0,0,0
2161,0,0,88,46,0,59,143,37,0,317,0,0,25,0
2162,196,548,0,0,0,0,0,0,0,0,0,0,10,15
2163,107,306,0,0,0,0,0,0,0,0,1,0,11,8
2164,83,231,0,0,0,0,0,80,0,1,0,0,6,6
2165,114,319,3,1,2,36,7,177,2,41,0,0,15,9
2166,179,564,32,2,6,9,2,42,7,19,0,0,19,14
2167,700,1881,23,84,0,24,156,72,68,427,1,0,79,54
2168,32,94,9,5,13,68,30,57,0,53,0,0,15,3
2169,227,675,0,0,0,0,0,0,0,0,0,0,14,17
2170,0,0,69,5,25,454,81,62,75,206,1,0,36,0
2171,170,465,0,0,0,0,0,0,0,0,0,0,12,13
2172,175,642,0,0,0,0,0,0,0,0,0,0,6,13
2173,180,657,0,0,0,0,0,0,0,0,0,0,8,14
2174,106,330,7,4,0,1,5,3,0,24,0,0,22,8
2175,125,339,8,3,0,2,8,3,0,47,0,0,27,10
2176,9,22,0,0,0,0,0,0,0,0,4,0,0,1
2177,416,1113,0,0,0,3,0,0,0,0,0,0,15,32
2178,756,2064,50,18,97,494,137,106,0,490,0,7,229,58
2179,45,130,72,81,0,113,242,165,16,486,0,0,132,4
2180,193,705,0,0,0,0,0,0,0,0,0,7,11,15
2181,332,882,3,2,1,23,11,12,0,61,0,0,18,26
2182,1307,3466,0,0,0,0,1,233,0,2,0,0,57,100
2183,1072,2837,0,0,0,3,0,88,0,0,0,0,43,82
2184,65,171,16,3,0,215,12,28,0,113,0,0,17,5
2185,0,0,230,104,195,391,358,263,0,912,0,426,137,0
2186,527,1412,162,97,3,226,537,474,1,870,1,0,115,41
2187,29,54,0,0,0,0,0,0,0,0,0,0,0,0
2188,425,1063,0,0,0,0,0,0,0,0,0,0,0,0
2189,191,479,0,0,0,0,0,10,0,0,0,0,0,0
2190,7,14,0,54,0,0,0,1,0,0,0,0,0,0
2191,0,0,0,0,0,0,0,0,0,0,0,0,0,0
2192,67,98,0,51,0,0,0,0,0,0,0,0,0,0
2193,14,25,0,0,0,0,0,0,0,0,0,0,0,0
2194,22,42,31,43,0,0,0,0,0,33,0,0,0,0
2195,79,142,10,13,0,0,0,10,0,34,0,0,0,0
2196,195,271,0,108,0,0,0,40,0,50,0,0,0,0
2197,31,45,33,480,0,0,0,34,0,140,0,0,0,0
2198,0,0,0,0,0,0,0,0,0,0,0,0,0,0
2199,19,53,0,0,0,0,10,0,0,84,0,0,0,0
2200,1,3,0,0,0,0,0,162,0,0,0,0,6,0
2201,0,0,0,0,0,0,0,0,0,0,0,0,0,0
2202,0,0,0,0,0,0,0,5,0,0,0,0,0,0
2203,0,0,0,0,0,0,0,0,0,0,0,0,0,0
2204,0,0,0,0,0,0,0,0,0,0,0,0,0,0
2205,0,0,0,0,0,0,0,0,0,0,0,0,10,0
2206,4,17,0,4,0,0,0,0,0,10,0,0,0,0
2207,30,60,0,0,0,0,0,0,0,0,0,0,0,0
2208,0,0,0,0,0,0,0,0,0,0,0,0,0,0
2209,0,0,0,0,0,0,0,0,0,0,0,0,0,0
2210,0,0,0,0,0,0,0,0,0,0,0,0,0,0
2211,1,2,0,0,0,0,0,0,0,0,0,0,0,0
2212,2,4,0,0,0,0,0,0,0,0,0,0,0,0
2213,0,0,0,0,0,0,0,0,0,0,0,0,0,0
2214,0,0,0,0,0,0,0,0,0,0,0,0,0,0
2215,0,0,0,0,0,0,0,0,0,0,0,0,0,0
2216,0,0,0,0,0,0,0,0,0,0,0,0,0,0
2217,1,2,0,0,0,0,0,0,0,0,1428,0,0,0
2218,0,0,0,0,0,0,0,0,0,0,3,0,0,0
2219,0,0,0,0,0,0,0,0,0,0,0,0,0,0
2220,8,21,0,0,0,0,0,0,0,0,0,0,0,1
2221,1,2,0,0,0,0,0,0,0,0,43,0,0,0
2222,6,20,0,2,2,0,89,12,1,0,5,0,5,0
2223,9,30,0,2,2,0,182,33,2,0,4,0,10,1
2224,0,0,0,0,0,0,0,0,0,0,0,0,0,0
2225,0,0,0,0,0,0,0,0,0,0,0,0,0,0
2226,0,0,0,0,0,0,0,0,0,0,0,0,0,0
2227,0,0,0,0,0,0,0,0,0,0,0,0,0,0
2228,4,15,0,0,0,0,0,0,0,0,12,0,0,0
2229,29,100,0,1,0,0,27,14,0,0,0,0,3,2
2230,4,15,0,0,0,0,0,0,0,0,0,0,0,0
2231,0,0,0,0,0,0,0,0,0,0,0,0,0,0
2232,1,4,0,0,0,0,0,0,0,0,0,0,0,0
2233,1,2,0,0,0,0,0,0,0,0,2,0,0,0
2234,0,0,0,0,0,0,0,0,0,0,2,0,0,0
2235,0,0,0,0,2,1,298,1,0,0,0,0,13,0
2236,0,0,0,0,0,0,0,0,0,0,4,0,0,0
2237,3,9,0,0,0,0,0,0,0,0,0,0,0,0
2238,9,29,0,0,1,0,29,3,1,0,0,0,2,1
2239,2,6,0,0,0,0,0,0,0,0,0,0,0,0
2240,0,0,0,0,0,0,0,0,0,0,0,0,0,0
2241,1,2,0,0,0,0,3,0,0,0,1,0,0,0
2242,1,4,0,0,0,0,6,1,0,0,1,0,0,0
2243,1,2,0,0,0,0,38,8,1,0,0,0,2,0
2244,0,0,0,0,0,0,0,0,0,0,5,0,0,0
2245,0,0,0,0,0,0,0,0,0,0,0,0,0,0
2246,0,0,0,0,0,0,0,0,0,0,5,0,0,0
2247,0,0,0,0,0,0,0,0,0,0,3,0,0,0
2248,0,0,0,0,0,0,0,0,0,0,1,0,0,0
2249,0,0,0,0,0,0,1,0,0,0,4,0,0,0
2250,2849,7452,0,1,0,0,31,5,0,0,3,0,121,183
2251,16,53,0,0,0,0,0,0,0,0,2,0,1,1
2252,1,2,0,0,0,0,0,0,0,0,2,0,0,0
2253,0,2,0,0,4,0,25,3,1,0,3,0,1,0
2254,0,0,0,0,5,0,36,5,1,0,6,0,2,0
2255,0,0,0,0,0,0,0,0,0,0,7,0,0,0
2256,0,1,0,1,17,0,110,4,2,0,1,0,6,0
2257,27,90,0,0,0,0,0,0,0,0,0,0,1,2
2258,1,2,0,1,1,0,106,20,3,0,1,0,6,0
2259,0,0,0,3,4,7,116,76,3,9,1,0,9,0
2260,0,0,0,0,0,0,0,0,0,0,4,0,0,0
2261,0,0,2,0,15,0,58,4,2,2,2,0,3,0
2262,0,0,0,0,0,0,0,0,0,0,1,0,0,0
2263,1,2,1,2,22,0,147,5,2,0,2,0,8,0
2264,6,18,3,7,0,0,265,4,11,3,1,0,13,0
2265,0,0,0,0,0,0,0,0,0,0,0,0,0,0
2266,0,0,0,11,2,0,502,28,35,0,0,0,24,0
2267,85,216,0,0,0,0,0,0,0,0,3,0,246,5
2268,150,379,0,0,0,0,0,0,0,0,3,0,6,10
2269,7,18,0,0,0,0,0,43,0,0,1,0,2,0
2270,0,0,0,0,0,0,0,0,0,0,0,0,0,0
2271,318,976,0,0,0,0,0,0,0,0,1,0,13,21
2272,0,0,15,11,0,25,198,17,14,39,1,0,14,0
2273,0,0,1,16,0,75,191,11,13,9,2,0,13,0
2274,0,0,0,0,771,0,77,1,0,0,2,0,36,0
2275,0,0,13,3,0,79,670,6,8,38,6,0,35,0
2276,0,0,0,0,0,0,0,0,0,0,4,0,0,0
2277,0,0,0,0,0,0,0,0,0,0,4,0,0,0
2278,0,0,0,0,0,0,0,0,0,0,6,0,0,0
2279,0,0,0,0,0,0,0,0,0,0,4,0,0,0
2280,0,0,0,0,0,0,0,0,0,0,1,0,0,0
2281,0,0,0,1,1,0,28,16,0,0,0,0,2,0
2282,0,0,0,1,1,0,297,1,5,0,0,0,13,0
2283,0,0,0,0,0,0,0,0,0,0,1,0,0,0
2284,0,0,0,0,0,0,0,0,0,0,1,0,0,0
2285,0,0,0,0,0,0,0,0,0,0,0,0,0,0
2286,0,0,8,14,0,4,1488,22,80,22,4,0,69,0
2287,0,0,29,43,0,55,282,34,32,122,2,0,25,0
2288,1,3,0,0,0,0,0,0,0,0,0,0,0,0
2289,0,0,0,0,0,0,0,0,0,0,1,0,0,0
2290,0,0,0,0,0,0,0,0,0,0,2,0,0,0
2291,0,0,0,0,0,0,0,0,0,0,0,0,0,0
2292,0,0,12,24,0,0,736,13,40,41,3,0,37,0
2293,0,0,0,0,0,0,0,0,0,0,3,0,0,0
2294,0,0,0,1,8,0,66,2,1,0,6,0,3,0
2295,13,34,0,0,0,0,0,0,0,0,1,0,1,1
2296,0,0,19,47,0,29,1366,13,45,44,2,0,66,0
2297,9,26,0,0,0,0,0,0,0,0,0,0,1,0
2298,80,205,0,0,0,0,0,0,0,0,1,0,4,5
2299,20,52,0,0,0,0,0,0,0,0,0,0,1,1
2300,0,0,0,0,0,0,0,0,0,0,0,0,0,0
2301,0,0,0,0,0,0,0,0,0,0,5,0,0,0
2302,46,117,0,0,0,0,0,63,0,0,0,0,5,3
2303,8,26,0,0,0,0,0,4,0,0,0,0,1,0
2304,172,577,1,1,2,0,58,4,1,0,0,0,10,11
2305,778,2327,20,9,0,41,143,25,16,62,0,0,48,50
2306,368,969,0,0,0,0,0,0,0,0,0,0,16,24
2307,500,1288,0,0,0,0,0,0,0,0,0,0,21,32
2308,0,0,0,0,0,0,0,0,0,0,0,0,0,0
2309,206,541,0,0,0,0,0,0,0,0,1,0,9,13
2310,264,750,0,11,0,0,1,0,0,0,0,0,12,17
2311,174,589,20,0,0,0,10,25,0,0,0,0,10,11
2312,563,1623,0,0,0,0,0,0,0,0,0,0,24,36
2313,289,904,0,0,0,0,0,0,0,0,0,0,12,19
2314,327,1136,20,87,9,2,540,24,13,11,0,0,44,21
2315,264,904,0,2,2,1,70,138,2,0,0,0,20,17
2316,444,1512,0,0,0,0,0,0,0,0,0,0,19,29
2317,330,1047,0,0,0,0,0,39,0,0,0,0,16,21
2318,559,1818,0,0,0,0,0,0,0,0,0,0,24,36
2319,250,847,0,0,0,0,0,0,0,0,0,0,11,16
2320,0,0,0,0,0,0,0,0,0,0,0,0,0,0
2321,14,40,0,1,6,2,35,6,0,0,0,0,3,1
2322,2,4,0,0,0,0,0,0,0,0,0,0,0,0
2323,0,0,0,0,0,0,0,0,0,0,1,0,0,0
2324,0,0,0,0,0,0,0,0,0,0,1,0,0,0
2325,0,0,0,0,0,0,0,0,0,0,2,0,0,0
2326,9,25,1,0,1,1,15,0,0,0,4,0,1,1
2327,5,13,0,0,0,0,0,0,0,0,0,0,0,0
2328,1,4,0,0,0,0,0,0,0,0,0,0,0,0
2329,0,0,0,0,0,0,0,0,0,0,0,0,0,0
2330,0,0,0,0,0,0,0,0,0,0,0,0,0,0
2331,0,0,0,0,0,0,0,0,0,0,1,0,0,0
2332,0,0,0,0,0,0,4,0,0,0,2,0,0,0
2333,0,0,0,0,0,0,0,0,0,0,0,0,0,0
2334,0,0,0,0,0,0,0,0,0,0,0,0,0,0
2335,0,0,0,0,0,0,0,0,0,0,2,0,0,0
2336,0,0,0,0,0,0,0,0,0,0,2,0,0,0
2337,0,0,0,0,0,0,0,0,0,0,0,0,0,0
2338,0,0,0,0,0,0,0,0,0,0,0,0,0,0
2339,0,0,0,0,0,0,0,0,0,0,1,0,0,0
2340,0,0,0,0,0,0,0,0,0,0,2,0,0,0
2341,0,0,0,0,0,0,0,0,0,0,1,0,0,0
2342,0,0,0,0,0,0,0,0,0,0,0,0,0,0
2343,0,0,0,0,0,0,0,0,0,0,0,0,0,0
2344,143,409,5,1,3,11,163,2,1,3,1,0,15,9
2345,207,595,0,0,0,0,0,0,0,0,0,0,9,14
2346,105,365,0,0,0,0,0,152,0,0,0,0,11,7
2347,509,1332,0,0,0,0,0,0,0,0,1,0,21,33
2348,667,1836,0,0,0,0,0,0,0,0,2,0,28,43
2349,29,86,0,0,0,0,0,0,0,0,0,0,1,2
2350,2,5,1,1,1,2,15,1,1,1,2,0,1,0
2351,79,209,16,17,0,51,285,33,27,28,1,0,23,5
2352,29,72,0,0,0,0,0,0,0,0,0,0,1,2
2353,1237,3141,113,76,2,185,832,44,80,307,1,0,259,80
2354,115,308,73,15,13,3,63,24,24,154,0,0,20,8
2355,1,2,0,0,0,0,0,0,0,0,0,0,0,0
2356,0,0,0,0,0,0,0,0,0,0,8,0,0,0
2357,0,0,204,120,0,178,875,68,164,867,7,0,104,0
2358,562,2256,0,0,1,0,30,105,1,10,0,0,30,36
2359,2427,6163,0,0,0,0,0,0,0,0,0,0,1477,156
2360,287,739,0,0,0,0,0,0,0,0,0,0,12,18
2361,0,0,0,0,0,0,0,0,0,0,3,0,0,0
2362,37,98,0,0,0,0,0,0,0,0,4,0,2,2
2363,47,122,0,0,0,0,0,0,0,0,1,0,2,3
2364,16,63,0,0,0,0,0,27,0,0,1,0,2,1
2365,20,84,0,0,0,0,0,0,0,0,1,0,1,1
2366,0,0,0,0,0,0,0,0,0,0,2,0,0,0
2367,55,153,0,0,0,0,0,0,0,0,1,0,2,4
2368,187,522,0,0,0,0,0,6,0,0,2,0,8,12
2369,137,514,0,0,0,0,0,7,1,0,0,0,6,9
2370,429,1719,0,0,0,0,2,0,2,0,0,0,18,27
2371,1190,3396,0,0,0,0,0,48,0,0,1,0,52,77
2372,763,2092,0,0,0,0,0,0,0,0,2,0,32,49
2373,435,1192,0,0,0,0,0,0,0,0,1,0,18,28
2374,0,0,0,0,0,0,0,0,0,0,2,0,0,0
2375,0,0,35,4,1,28,136,12,10,32,0,0,11,0
2376,33,120,9,1,1,7,85,12,4,8,1,0,7,2
2377,151,604,27,7,2,36,64,17,11,43,0,0,15,10
2378,364,1083,25,0,0,1,1,29,0,14,0,0,18,23
2379,332,1300,0,0,0,0,0,0,0,0,0,0,14,21
2380,0,0,0,0,0,0,0,0,0,0,1,0,0,0
2381,0,0,267,154,3,353,998,76,459,1445,0,0,157,0
2382,283,888,2,1,1,2,51,8,3,7,3,0,15,18
2383,246,988,0,0,0,0,0,0,0,0,2,0,10,16
2384,457,1556,24,0,0,2,53,0,26,3,0,0,24,29
2385,266,905,0,0,0,0,0,37,0,0,0,0,13,17
2386,87,250,0,0,2,0,5,32,1,1,0,0,5,6
2387,49,164,0,0,0,0,4,7,0,0,0,0,25,3
2388,9,30,0,0,0,0,1,1,0,0,0,0,4,1
2389,0,0,0,0,0,0,0,0,0,0,0,0,0,0
2390,7,20,0,0,0,0,0,0,0,0,1,0,0,0
2391,0,0,0,0,0,0,0,0,0,0,5,0,0,0
2392,0,0,0,0,0,0,0,0,0,0,4,0,0,0
2393,0,0,0,0,0,0,0,0,0,0,0,0,0,0
2394,0,0,0,0,0,0,0,0,0,0,11,0,0,0
2395,0,0,0,0,0,0,0,0,0,0,4,0,0,0
2396,0,0,0,0,0,0,0,0,0,0,13,0,0,0
2397,0,0,0,0,0,0,0,0,0,0,0,0,0,0
2398,0,0,0,0,0,0,0,0,0,0,1,0,0,0
2399,0,0,0,0,0,0,0,0,0,0,14,0,0,0
2400,0,0,0,0,0,0,0,0,0,0,13,0,0,0
2401,0,0,0,0,0,0,0,0,0,0,4,0,0,0
2402,0,0,0,0,0,0,0,0,0,0,0,0,0,0
2403,0,0,0,0,0,0,0,0,0,0,2,0,0,0
2404,0,0,59,26,1,31,134,24,41,147,1,0,20,0
2405,0,0,0,0,0,0,0,0,0,0,7,0,0,0
2406,0,0,0,0,0,0,0,0,0,0,4,0,0,0
2407,0,0,0,0,0,0,0,0,0,0,4,0,0,0
2408,0,0,0,0,0,0,18,3,0,0,2,0,1,0
2409,0,0,0,0,0,0,0,0,0,0,2,0,0,0
2410,0,0,0,0,0,0,0,0,0,0,0,0,0,0
2411,6,16,0,0,0,0,0,0,0,0,3,0,0,0
2412,0,0,0,0,0,0,0,0,0,0,3,0,0,0
2413,0,0,0,0,0,0,0,0,0,0,4,0,0,0
2414,0,0,0,0,0,0,0,0,0,0,4,0,0,0
2415,0,0,0,0,0,0,0,0,0,0,3,0,0,0
2416,1,5,0,0,0,0,0,0,0,0,0,0,0,0
2417,456,1283,6,0,14,0,32,12,2,7,0,0,90,29
2418,393,1402,0,12,5,1,60,136,0,16,0,0,26,25
2419,396,1377,0,0,0,0,0,0,0,0,0,0,17,26
2420,0,0,0,0,0,0,0,0,0,0,24,0,0,0
2421,0,0,0,0,0,0,0,0,0,0,16,0,0,0
2422,0,0,0,0,0,0,0,0,0,0,49,0,0,0
2423,0,0,0,0,0,0,0,0,0,0,52,0,0,0
2424,1,3,0,0,0,0,0,0,0,0,41,0,0,0
2425,0,0,0,0,0,0,0,0,0,0,0,0,0,0
2426,0,0,0,0,0,0,0,0,0,0,0,0,0,0
2427,269,699,0,0,0,0,0,0,0,0,0,0,11,17
2428,707,2322,0,0,2,0,39,1,0,0,0,0,32,45
2429,757,2364,128,76,0,0,0,26,51,571,0,0,68,49
2430,0,0,0,0,2,0,35,1,0,0,0,0,2,0
2431,157,488,10,5,40,3,227,15,6,9,0,0,20,10
2432,60,180,0,0,0,0,0,0,0,0,0,0,3,4
2433,1081,3028,0,0,0,0,0,0,0,0,0,0,46,70
2434,11941,34616,0,0,0,0,0,0,0,0,1,0,503,768
2435,719,1882,161,103,1,165,60,87,99,544,0,0,81,46
2436,632,1838,0,0,0,0,0,0,0,0,0,0,27,41
2437,3342,9328,0,0,0,0,0,0,0,0,0,0,409,215
2438,829,2420,0,0,0,0,0,35,0,0,0,0,36,53
2439,1018,2851,0,0,0,0,0,0,0,0,0,0,43,66
2440,932,2796,0,0,0,0,0,0,0,0,0,0,39,60
2441,2545,7003,0,0,0,0,0,0,0,0,0,0,107,164
2442,366,1200,0,0,0,0,21,4,0,1,0,0,16,24
2443,499,1365,9,1,23,0,21,15,3,7,0,0,24,32
2444,536,1656,0,0,0,0,0,0,0,0,0,0,23,35
2445,638,1864,0,0,0,0,0,49,0,0,0,0,29,41
2446,532,1624,0,0,1,0,20,3,0,5,0,0,24,34
2447,156,434,1,0,3,0,2,2,0,1,0,0,7,10
2448,702,2238,0,0,0,0,0,0,0,0,0,0,29,45
2449,444,1594,22,1,0,1,9,0,0,10,0,0,20,28
2450,341,1050,2,0,2,1,25,34,0,33,0,0,19,22
2451,797,2267,0,0,0,0,0,0,0,0,0,0,33,51
2452,473,1362,0,0,0,0,3,0,0,0,0,0,20,31
2453,231,692,0,0,0,0,0,45,0,0,0,0,12,15
2454,888,2372,0,0,0,0,0,0,0,0,0,0,37,57
2455,188,551,0,0,0,0,0,0,0,0,1,0,8,12
2456,58,161,0,0,0,0,0,0,0,0,0,0,4,4
2457,570,1975,0,0,0,0,0,0,0,0,0,0,24,37
2458,541,1790,0,0,0,0,0,59,0,0,0,0,25,35
2459,421,1076,0,0,0,0,0,0,0,0,0,0,18,27
2460,1685,4667,2,0,4,1,5,1,1,2,3,0,368,108
2461,504,1590,7,0,13,5,16,5,2,9,1,0,25,33
2462,53,187,0,0,0,0,0,0,0,0,0,0,3,3
2463,393,1258,0,0,0,0,0,0,0,0,1,0,166,25
2464,450,1347,18,1,0,0,0,7,3,13,0,0,226,29
2465,999,3044,0,0,0,0,0,42,0,0,0,0,44,64
2466,427,1517,0,0,0,0,0,0,0,0,0,0,18,27
2467,1249,4532,0,0,0,0,0,49,0,0,0,0,55,80
2468,937,2947,0,0,0,0,0,39,0,0,1,0,41,60
2469,201,623,0,0,0,0,0,0,0,0,1,0,8,13
2470,1642,5136,0,0,0,0,0,0,0,0,2,0,475,106
2471,595,1674,11,77,2,9,93,62,50,75,0,0,41,38
2472,463,1679,53,2,1,7,5,6,3,80,0,0,26,30
2473,737,2676,0,0,0,0,0,0,0,0,0,0,31,47
2474,765,2309,0,0,0,0,0,0,0,0,1,0,32,49
2475,626,1910,6,2,1,0,2,2,3,8,0,0,27,40
2476,264,754,0,0,0,0,0,0,0,0,1,0,11,17
2477,494,1779,12,2,3,1,5,4,3,49,0,0,24,32
2478,106,379,43,11,16,4,14,109,16,150,0,0,20,7
2479,507,1658,0,0,0,0,0,0,0,1,0,0,21,33
2480,699,2443,217,133,5,26,11,16,48,125,0,0,54,45
2481,912,3062,0,0,0,0,0,0,0,0,0,0,38,59
2482,185,648,6,1,1,6,6,6,2,28,0,0,10,12
2483,141,505,0,0,0,0,0,409,0,0,0,0,23,9
2484,6,19,0,0,0,0,0,177,0,0,0,0,8,0
2485,118,389,0,0,0,0,0,0,0,0,0,0,34,8
2486,2362,7317,0,0,0,0,0,0,0,0,2,0,100,152
2487,915,2989,18,2,1,25,134,7,66,100,0,0,53,59
2488,202,701,0,0,0,0,0,0,0,0,0,0,8,13
2489,94,289,0,0,0,0,0,0,0,0,0,0,4,6
2490,286,990,0,0,0,0,0,0,0,0,0,0,12,18
2491,328,1152,0,0,0,0,0,0,0,0,0,0,14,21
2492,873,2700,181,125,0,0,0,139,774,807,0,0,121,56
2493,509,1606,28,1,5,0,10,21,11,118,0,0,447,33
2494,613,1844,0,0,0,0,0,0,0,0,0,0,26,39
2495,158,483,0,0,0,0,0,0,0,0,0,0,7,10
2496,97,338,1,0,1,0,0,39,0,6,0,0,6,6
2497,1356,4023,236,184,0,0,0,125,516,1138,1,0,1135,87
2498,1572,4665,273,213,0,0,0,145,598,1319,1,0,1316,101
2499,831,2582,144,93,2,0,4,111,578,641,0,0,251,53
2500,0,0,89,11,5,168,316,48,61,214,0,0,38,0
2501,0,0,158,73,0,92,4,42,168,603,0,0,48,0
2502,3928,12639,0,0,0,0,0,0,0,0,4,0,165,253
2503,947,2890,0,0,0,0,0,0,0,0,1,0,40,61
2504,518,1558,66,47,0,17,10,31,94,225,0,0,42,33
2505,482,1561,19,6,5,0,8,13,5,72,0,0,26,31
2506,126,415,17,4,3,0,4,26,5,44,0,0,10,8
2507,0,0,119,205,25,1,42,71,44,514,0,0,43,0
2508,13,39,431,77,31,1,87,84,59,559,0,0,56,1
2509,10,34,588,429,27,0,54,63,43,735,0,0,82,1
2510,374,982,61,13,8,1,23,67,51,224,0,0,35,24
2511,497,1287,103,240,17,27,81,338,161,368,0,0,77,32
2512,3,11,530,105,41,0,68,101,74,539,0,0,62,0
2513,476,1304,132,235,20,23,19,7,56,74,0,0,44,31
2514,901,2998,12,2,3,1,16,15,11,56,0,0,43,58
2515,128,429,1,30,0,0,3,67,126,80,0,0,19,8
2516,686,1559,4,17,0,9,1,2,2,15,0,0,31,44
2517,443,1029,11,2,3,0,7,26,6,37,0,0,23,28
2518,291,999,1,0,1,0,0,1,0,1,0,0,12,19
2519,1144,3792,30,10,4,10,47,51,28,98,0,0,60,74
2520,537,1255,53,4,24,0,16,26,13,158,0,0,36,34
2521,235,688,0,0,0,0,0,0,0,0,0,0,11,15
2522,347,1240,1,0,1,2,1,0,0,1,0,0,15,22
2523,1157,2626,21,3,3,3,20,8,7,66,0,0,54,74
2524,387,879,9,3,7,0,0,6,17,14,0,0,19,25
2525,230,675,51,4,5,0,9,40,10,89,0,0,18,15
2526,0,0,47,8,5,8,14,21,17,166,0,0,12,0
2527,8,22,21,6,4,1,0,7,17,46,0,0,5,0
2528,96,218,60,82,6,0,21,83,22,265,0,0,27,6
2529,3,9,216,29,104,7,13,243,303,550,0,0,62,0
2530,751,1711,0,0,0,0,0,0,0,0,0,0,32,48
2531,0,0,141,4,251,3,48,26,20,139,0,0,27,0
2532,0,0,0,0,0,0,0,0,0,0,0,0,0,0
2533,0,0,87,21,30,0,28,226,38,265,0,0,29,0
2534,426,1247,0,0,0,0,0,0,0,0,0,0,18,27
2535,429,1256,0,0,0,0,0,45,0,0,0,0,20,28
2536,0,0,232,60,89,1,76,765,110,791,0,0,89,0
2537,185,634,0,0,0,0,0,0,0,0,0,0,8,12
2538,231,811,0,0,0,0,0,13,0,0,0,0,10,15
2539,47,166,0,0,0,0,0,0,0,0,0,0,2,3
2540,336,820,29,11,13,1,26,120,44,112,0,0,29,22
2541,268,1008,0,0,0,0,0,49,0,0,0,0,13,17
2542,205,487,1,0,1,0,0,0,0,1,0,0,9,13
2543,283,784,121,14,211,94,55,79,92,345,0,263,54,18
2544,422,1241,4,0,1,2,2,2,0,17,0,0,19,27
2545,12,27,0,0,0,0,0,283,0,0,0,0,12,1
2546,230,702,78,9,1,1,0,12,43,116,0,0,21,15
2547,0,0,48,44,6,0,19,25,26,222,0,0,16,0
2548,6,12,44,10,20,3,183,54,97,194,0,0,26,0
2549,1384,3439,103,57,65,2,910,145,138,1228,0,0,170,89
2550,0,0,377,77,93,122,1070,376,661,1758,0,0,191,0
2551,0,0,29,8,15,2,360,38,58,122,0,0,27,0
2552,44,116,140,237,52,295,160,153,291,529,0,0,80,3
2553,0,0,37,70,51,0,2953,9,36,1404,0,0,192,0
2554,146,427,53,12,20,1,41,72,83,209,0,0,27,9
2555,378,1103,111,133,41,5,291,97,209,413,0,0,71,24
2556,0,0,114,269,11,8,236,35,108,185,0,0,41,0
2557,665,1987,297,27,72,75,482,72,166,226,0,0,88,43
2558,2,4,10,0,8,0,4,9,5,20,0,0,2,0
2559,259,840,0,0,0,0,0,0,0,0,0,0,26,17
2560,378,1095,46,4,2,0,0,4,10,45,1,0,21,24
2561,334,966,0,0,0,0,0,0,0,0,0,0,14,21
2562,263,735,0,0,0,0,0,0,0,0,0,0,11,17
2563,191,556,0,0,0,0,0,0,0,0,0,0,8,12
2564,231,659,0,0,0,0,0,0,0,0,1,0,11,15
2565,524,1715,0,0,0,0,0,0,0,0,1,0,22,34
2566,4,10,27,3,134,379,135,60,12,41,0,0,33,0
2567,131,373,0,0,0,0,0,0,0,0,0,0,6,8
2568,416,1144,18,1,20,0,0,15,7,15,0,0,22,27
2569,3,7,0,0,64,164,122,2,1,0,0,0,15,0
2570,411,1247,120,14,10,186,362,239,87,531,1,0,82,26
2571,0,0,294,2,315,308,356,17,12,88,0,0,59,0
2572,720,2280,0,0,0,0,0,0,0,0,2,0,30,46
2573,1396,4534,30,5,7,0,10,14,6,91,1,0,66,90
2574,336,1188,0,0,0,0,0,0,0,0,0,0,17,21
2575,70,249,0,0,0,0,0,49,0,0,0,0,5,4
2576,431,1339,46,0,11,0,8,0,0,8,0,0,21,28
2577,262,1054,0,0,0,0,0,0,0,0,0,0,11,17
2578,420,1177,0,0,0,0,0,0,0,0,0,0,18,27
2579,954,2563,16,3,1,0,3,7,11,24,0,0,43,61
2580,477,1282,8,1,1,0,2,3,5,12,0,0,22,31
2581,423,1176,4,0,1,13,5,2,8,10,0,0,20,27
2582,608,1690,6,0,2,19,7,3,11,14,0,0,29,39
2583,665,1867,1,0,0,7,8,0,0,1,0,0,77,43
2584,624,1677,10,2,1,0,2,4,7,16,0,0,28,40
2585,328,882,5,1,0,0,1,2,4,8,0,0,15,21
2586,228,635,2,0,1,7,2,1,4,5,0,0,11,15
2587,639,1880,112,22,6,225,193,61,266,208,0,0,73,41
2588,157,396,45,13,4,44,0,28,117,121,0,0,22,10
2589,666,2485,0,0,0,0,0,0,0,0,0,0,28,43
2590,111,360,19,2,5,0,4,10,8,41,0,0,8,7
2591,56,198,0,0,0,0,0,31,0,0,0,0,4,4
2592,138,492,1,0,0,0,2,0,71,1,0,0,9,9
2593,281,1060,0,0,44,1,0,0,0,0,0,0,14,18
2594,171,639,4,0,0,1,6,3,1,25,0,0,11,11
2595,133,371,0,0,0,0,0,0,0,0,0,0,6,8
2596,603,1654,142,164,3,2,103,175,491,960,0,0,111,39
2597,454,1239,1,0,21,0,0,0,0,0,0,0,20,29
2598,379,1262,7,0,0,0,0,35,20,27,0,0,21,24
2599,240,538,25,24,6,0,14,54,17,69,0,0,23,15
2600,180,413,153,34,15,2,80,61,81,352,0,0,42,12
2601,319,866,117,5,348,35,112,75,65,303,0,0,58,21
2602,43,107,183,138,14,2,65,44,212,338,0,0,49,3
2603,159,453,72,43,98,30,128,15,89,327,0,0,40,11
2604,284,770,65,10,10,11,18,22,18,198,0,0,27,18
2605,351,1191,6,1,5,2,13,10,6,33,0,0,19,23
2606,149,508,28,23,3,8,1,83,3,18,0,0,13,10
2607,113,382,10,0,24,0,4,5,3,15,0,0,7,7
2608,79,192,72,3,12,0,19,50,29,180,0,0,19,5
2609,258,592,52,72,45,0,34,301,119,584,0,0,70,16
2610,280,667,20,3,14,128,72,197,47,68,0,0,35,18
2611,113,294,113,107,40,2,49,254,91,309,0,0,47,7
2612,152,520,0,0,0,0,5,73,0,0,0,0,10,10
2613,214,735,0,0,0,0,0,48,0,0,0,0,11,14
2614,135,314,27,6,22,0,13,75,12,89,0,0,18,9
2615,277,704,6,1,6,1,5,23,5,27,0,0,15,18
2616,282,716,148,26,169,1,428,266,83,342,0,0,88,18
2617,470,1431,0,0,3,0,0,0,0,0,0,0,20,30
2618,268,659,271,45,53,434,1321,218,347,629,0,0,151,17
2619,39,96,50,1,104,3,18,13,10,77,0,0,36,3
2620,323,898,0,0,0,0,0,0,0,0,0,0,14,21
2621,293,1040,0,0,0,0,0,0,0,0,0,66,12,19
2622,268,897,0,0,0,0,0,0,0,0,0,0,11,17
2623,52,134,35,6,12,1,135,47,728,169,0,0,50,3
2624,648,1725,0,0,0,0,0,0,0,0,0,0,27,42
2625,307,1111,13,1,1,0,14,13,10,76,0,0,18,20
2626,459,1664,1,0,0,0,36,34,2,49,0,0,24,30
2627,132,447,0,0,0,0,0,147,0,0,0,0,12,8
2628,240,745,0,0,0,0,0,0,0,0,0,10,10,15
2629,0,0,78,297,13,2,45,41,111,420,0,0,42,0
2630,0,0,404,92,85,60,1124,315,685,1424,0,0,176,0
2631,1,1,123,225,19,1,210,131,245,754,0,0,72,0
2632,155,565,4,0,0,51,12,0,0,153,0,0,16,10
2633,364,1321,16,29,3,9,14,9,80,54,0,0,24,23
2634,342,788,0,0,0,0,13,0,0,71,0,0,22,22
2635,161,503,62,4,4,0,32,96,100,195,0,0,28,10
2636,81,250,412,133,27,0,74,90,178,510,0,0,63,5
2637,0,0,91,257,27,1,1464,74,189,286,0,0,101,0
2638,0,0,688,219,59,2,85,108,141,829,0,0,90,0
2639,0,0,356,416,10,14,60,96,106,287,0,0,219,0
2640,64,174,242,39,51,17,1480,177,349,587,0,0,126,4
2641,711,1790,0,0,0,0,0,0,0,0,0,0,30,46
2642,562,1432,4,1,1,0,4,7,4,37,0,0,26,36
2643,153,395,30,2,6,0,0,145,14,25,0,0,16,10
2644,389,958,0,0,0,0,0,0,0,0,1,0,16,25
2645,0,0,0,0,1138,5,0,0,0,0,0,0,48,0
2646,0,0,247,23,19,0,532,53,72,731,0,0,71,0
2647,637,1785,0,0,0,0,0,0,0,0,0,0,27,41
2648,301,761,66,2,5,0,12,62,30,28,0,0,21,19
2649,108,269,0,0,0,0,0,0,0,0,0,0,5,7
2650,974,2343,2,0,5,0,1,0,1,2,1,0,41,63
2651,234,655,0,0,0,0,0,0,0,0,0,0,10,15
2652,385,987,0,0,0,0,0,34,0,0,0,0,18,25
2653,97,257,46,2,135,2,21,10,7,47,0,0,15,6
2654,2903,8692,0,0,0,0,0,0,0,0,0,0,125,187
2655,349,927,0,0,0,0,0,0,0,0,0,0,17,23
2656,12536,39399,0,0,0,0,0,0,0,0,0,0,527,807
2657,129,297,292,147,7,81,21,21,17,207,0,0,39,8
2658,411,957,22,1,8,76,15,113,24,76,0,0,33,26
2659,120,286,109,11,14,384,88,75,88,298,0,0,62,8
2660,618,1742,39,252,8,22,302,34,187,57,0,0,67,40
2661,460,1076,240,463,172,49,89,92,230,517,0,0,97,29
2662,0,0,1014,272,47,22,85,125,122,888,0,0,108,0
2663,142,304,727,612,9,42,99,44,183,367,0,0,94,9
2664,423,930,225,193,40,203,165,89,144,608,0,0,91,27
2665,31,77,281,31,16,502,126,242,202,431,0,0,78,2
2666,210,412,149,119,73,124,47,9,85,254,0,0,45,13
2667,266,686,23,0,0,7,19,42,167,46,0,0,26,17
2668,228,396,28,2,23,175,23,77,126,166,0,0,36,15
2669,545,1819,89,62,10,2,19,31,109,246,0,0,47,35
2670,438,1141,2,1,20,4,4,386,3,297,0,0,50,28
2671,489,1452,12,1,1,64,22,10,21,41,0,0,28,32
2672,346,902,35,6,4,0,26,53,46,273,0,0,33,22
2673,393,1392,695,257,52,14,243,91,202,633,0,0,110,25
2674,565,1789,0,0,3,0,8,0,0,0,0,0,24,37
2675,291,852,0,0,0,0,0,0,0,0,0,0,12,19
2676,279,816,0,0,0,0,0,0,0,0,0,0,12,18
2677,354,1106,1,0,0,2,5,1,0,98,0,0,19,23
2678,259,733,0,0,0,0,0,48,0,0,0,0,13,17
2679,233,610,0,0,0,0,0,95,0,0,0,0,14,15
2680,224,749,0,0,0,0,0,0,0,0,0,0,9,14
2681,471,1629,0,0,0,0,0,0,0,0,0,0,20,30
2682,365,1169,0,0,0,0,0,207,0,0,0,0,24,23
2683,186,682,0,0,0,0,0,0,0,0,0,0,8,12
2684,275,619,0,0,0,0,0,0,0,0,0,0,12,18
2685,276,817,0,0,0,0,0,0,0,0,0,0,12,18
2686,358,1249,0,0,0,0,0,0,0,0,0,0,15,23
2687,279,928,0,0,0,0,0,35,0,0,0,0,13,18
2688,355,1155,0,0,0,0,0,0,0,0,0,0,15,23
2689,150,470,0,0,0,0,0,0,0,0,0,0,6,10
2690,350,1094,0,0,0,0,0,61,0,0,0,0,17,23
2691,221,644,15,2,2,24,4,7,3,39,0,0,13,14
2692,550,1533,1,45,0,2,0,123,1,4,0,0,35,35
2693,619,1757,51,107,8,65,171,124,116,92,0,0,57,40
2694,356,1210,0,1,8,1,44,4,11,18,0,0,19,23
2695,436,1287,0,0,0,0,0,0,0,0,0,0,18,28
2696,234,877,293,56,22,38,340,66,71,135,0,0,53,15
2697,434,1476,0,0,0,0,0,0,0,0,0,0,18,28
2698,381,1173,0,0,13,0,18,49,1,22,0,0,20,24
2699,353,1259,0,0,0,0,0,0,0,0,0,0,15,23
2700,211,649,3,0,0,0,12,36,1,14,0,0,15,14
2701,267,724,5,0,0,8,12,28,4,34,0,0,15,17
2702,451,1210,249,226,8,72,46,214,74,361,0,0,76,29
2703,243,706,30,49,1,107,57,22,49,252,0,0,34,16
2704,224,848,0,0,0,0,0,0,0,0,0,0,9,14
2705,343,1141,0,0,0,0,31,2,0,54,0,0,18,22
2706,56,160,0,0,0,0,0,0,0,0,0,0,2,3
2707,388,1090,71,27,2,24,12,13,54,183,0,0,33,25
2708,107,343,16,0,0,3,0,0,0,38,0,0,7,7
2709,77,244,0,0,0,0,0,0,0,0,0,0,3,5
2710,122,387,0,0,1,0,5,4,2,2,0,0,6,8
2711,493,1344,29,2,37,35,76,38,24,56,0,0,33,32
2712,80,237,0,0,0,0,0,0,0,0,0,0,3,5
2713,276,814,32,23,68,130,116,112,124,157,0,0,44,18
2714,202,513,0,0,0,0,0,0,0,0,0,0,8,13
2715,237,601,0,0,0,0,0,0,0,0,0,0,10,15
2716,367,1113,1,0,0,1,109,17,6,12,0,0,22,24
2717,148,368,21,3,17,54,398,137,87,56,0,0,39,10
2718,263,654,0,0,0,2,26,46,0,4,0,0,14,17
2719,1191,3721,0,0,0,0,0,0,0,0,0,0,50,77
2720,1377,4697,0,0,0,0,0,0,0,0,2,0,59,88
2721,446,1622,0,0,0,0,0,0,0,0,0,0,19,29
2722,330,845,0,0,0,0,0,0,0,0,0,0,14,21
2723,344,970,0,0,62,3,215,14,1,32,0,0,28,22
2724,223,729,0,0,0,0,0,0,0,0,0,0,9,14
2725,261,858,0,0,0,0,0,0,0,0,0,0,11,17
2726,0,0,0,0,130,41,18,0,0,14,0,0,9,0
2727,0,0,258,14,61,935,526,117,94,807,0,0,118,0
2728,0,0,396,20,1007,200,179,250,54,470,0,314,108,0
2729,0,0,287,28,317,428,1229,27,31,916,0,0,137,0
2730,0,0,322,14,11,3,714,50,56,172,0,0,56,0
2731,440,1271,7,0,2,99,15,1,0,12,0,0,24,28
2732,2,4,54,4,865,177,53,83,41,154,0,0,60,0
2733,49,135,127,5,700,191,27,73,30,187,0,0,62,3
2734,192,437,0,0,0,0,0,0,0,0,0,0,8,12
2735,177,514,22,31,5,45,35,25,10,110,0,0,19,11
2736,321,722,127,18,34,140,91,160,280,441,0,0,68,21
2737,41,128,44,66,2,10,40,163,1,226,0,0,25,3
2738,215,662,121,63,33,5,50,149,104,534,0,0,54,14
2739,293,960,0,0,0,0,11,103,1,30,0,0,18,19
2740,428,1212,0,0,0,0,0,0,0,0,0,0,19,27
2741,494,1230,114,91,17,396,351,76,106,363,0,0,85,32
2742,484,1425,29,2,64,147,38,13,11,488,0,0,54,31
2743,465,1215,79,14,2,74,74,38,141,132,0,0,45,30
2744,85,237,519,119,112,273,67,107,79,693,0,0,89,5
2745,183,550,44,16,3,42,83,89,94,251,0,0,34,12
2746,448,1370,5,0,1,36,27,19,4,71,0,0,26,29
2747,403,1186,0,0,0,0,0,0,0,0,0,0,17,26
2748,45,111,174,65,130,422,739,71,116,590,0,0,99,3
2749,169,465,66,27,211,129,45,28,73,137,0,0,37,11
2750,255,698,389,91,138,698,124,312,503,1258,0,0,158,17
2751,86,242,148,106,6,33,48,2,37,1400,0,0,78,6
2752,685,1638,89,123,1,102,133,64,74,134,0,0,59,44
2753,584,1651,23,8,5,33,19,196,17,390,0,0,54,37
2754,596,1808,0,0,0,0,0,0,0,0,0,0,25,38
2755,79,176,6,53,212,23,532,58,23,98,0,0,46,5
2756,150,433,304,8,62,186,1436,60,41,141,0,0,100,10
2757,582,1329,30,17,2,9,193,27,12,148,0,0,45,38
2758,601,1611,172,110,11,83,598,43,208,191,0,0,85,39
2759,695,1543,1958,5,272,204,119,33,86,129,0,0,147,44
2760,504,1557,0,0,0,0,0,0,0,0,0,0,59,32
2761,0,0,38,1,153,518,42,7,7,74,0,0,35,0
2762,177,287,48,26,3,110,27,44,102,277,0,0,34,11
2763,2086,4445,95,312,96,147,1086,173,262,379,0,0,204,134
2764,453,910,64,6,8,3,347,21,15,40,0,0,40,29
2765,977,2310,148,49,2,3,255,45,27,85,0,0,67,63
2766,690,1535,181,112,5,23,325,24,60,35,0,0,61,44
2767,157,272,17,117,6,59,296,46,44,85,0,0,35,10
2768,25,41,44,3,51,70,271,20,97,117,0,0,29,2
2769,356,609,111,140,19,206,450,244,140,299,0,0,83,23
2770,483,1051,64,253,20,3,437,59,204,66,0,0,67,31
2771,601,1814,17,3,0,4,86,8,470,220,0,0,59,39
2772,430,1180,0,1,0,0,86,59,3,15,0,0,25,28
2773,1091,2777,4,17,39,23,354,216,30,18,0,0,76,70
2774,407,1083,4,0,0,1,3,112,6,13,0,0,23,26
2775,540,1316,0,0,0,0,0,0,33,0,0,0,24,34
2776,581,1901,0,0,0,0,0,0,0,0,0,0,26,37
2777,414,1175,0,0,0,0,0,148,0,0,0,0,25,27
2778,548,1616,0,0,0,0,0,0,0,0,0,0,23,35
2779,778,2465,31,0,14,4,112,42,81,101,0,30,49,50
2780,147,430,36,18,11,5,1336,182,1569,15,0,0,140,9
2781,312,986,0,0,0,0,0,0,0,0,0,0,13,20
2782,314,925,0,0,0,0,0,36,0,0,0,0,15,20
2783,599,1469,0,0,2,1,27,153,1,47,0,0,35,38
2784,386,1144,0,1,0,0,18,2,19,9,0,0,18,25
2785,295,1193,0,0,0,0,0,0,0,0,0,0,12,19
2786,253,835,0,0,0,0,14,1,0,33,0,0,13,17
2787,1151,3276,341,215,38,110,78,464,1355,1580,2,0,225,74
2788,607,1857,0,0,0,0,0,373,0,0,0,0,59,39
2789,382,1086,0,1,2,0,130,115,6,23,0,0,28,25
2790,0,0,395,62,513,387,97,183,82,712,0,0,102,0
2791,256,691,46,6,1,1,2,30,61,66,0,0,20,17
2792,73,196,9,1,8,0,0,13,3,6,0,0,5,5
2793,11436,30538,20,3,1,0,0,4,7,23,0,0,1999,736
2794,1806,4545,4,0,0,0,0,1,1,4,0,0,76,116
2795,0,0,444,78,146,55,149,178,196,1359,0,0,110,0
2796,66,164,39,7,3,1,0,27,76,86,0,0,13,4
2797,184,491,13,1,3,0,0,6,10,24,0,0,25,12
2798,1296,3474,372,518,212,12,0,511,1752,2671,0,0,309,83
2799,3229,8352,893,582,2,0,1,356,2640,5249,0,0,1304,208
2800,0,0,193,3,686,64,302,31,25,238,0,0,65,0
2801,35,86,21,4,1,0,0,14,40,45,0,0,7,2
2802,121,322,9,1,2,0,0,4,7,15,0,0,16,8
2803,1366,3811,4,0,0,0,0,70,5,5,0,0,61,87
2804,630,1760,0,0,0,0,0,34,0,0,0,0,28,41
2805,0,0,21,3,59,0,0,19,15,32,0,0,6,0
2806,28,71,28,201,14,0,112,26,80,381,0,0,37,2
2807,1,2,198,36,161,464,224,482,217,913,0,0,113,0
2808,254,736,0,0,0,0,0,0,0,0,0,0,11,16
2809,750,2182,0,0,0,0,0,0,0,0,0,0,32,48
2810,1170,2454,0,0,0,0,0,0,0,0,0,0,49,75
2811,503,1056,45,12,8,0,20,22,30,143,0,0,33,32
2812,1,2,218,41,937,102,53,42,74,333,0,0,76,0
2813,308,1062,0,0,0,0,0,0,0,0,0,0,13,20
2814,137,475,0,0,0,0,0,39,0,0,0,0,7,9
2815,158,552,24,27,18,13,10,64,42,145,0,0,23,10
2816,324,679,50,26,6,0,13,19,47,127,0,0,26,21
2817,0,0,345,54,191,425,370,120,347,802,0,0,112,0
2818,866,2343,0,0,0,0,0,0,0,269,0,0,48,56
2819,2,6,2,0,59,0,2,36,3,19,0,0,5,0
2820,221,692,56,0,238,49,24,9,10,136,0,0,31,14
2821,159,428,8,1,3,0,9,23,11,87,0,0,13,10
2822,0,0,22,7,87,193,50,193,15,83,0,0,27,0
2823,2,4,131,20,1110,66,236,332,193,470,0,0,108,0
2824,25,56,828,54,397,143,1352,239,380,938,0,0,202,2
2825,324,726,0,0,0,0,0,87,0,0,0,0,17,21
2826,231,607,64,183,12,0,24,101,133,309,0,0,44,15
2827,149,427,150,197,26,8,33,34,301,225,0,0,47,10
2828,629,2058,0,0,0,0,0,32,0,0,0,0,28,40
2829,664,2002,0,0,7,0,0,0,0,0,0,0,28,43
2830,219,666,0,0,0,0,0,0,0,0,0,0,10,14
2831,336,627,69,5,18,7,301,33,164,95,0,0,43,22
2832,534,1807,0,0,0,0,0,33,0,0,0,0,24,34
2833,437,1347,89,148,276,4,47,30,71,245,0,0,57,28
2834,474,1257,104,86,9,2,65,70,27,207,0,0,44,30
2835,293,762,0,0,0,0,0,253,0,0,0,0,23,19
2836,130,296,235,62,75,86,794,532,612,1005,0,0,149,8
2837,954,2121,407,178,62,12,221,352,435,1129,0,0,158,61
2838,533,1530,316,83,59,10,124,201,1348,759,0,0,144,34
2839,701,1624,213,84,44,17,38,154,92,464,0,0,76,45
2840,581,1519,6,1,1,7,0,0,0,10,0,0,26,37
2841,336,716,4,0,0,0,11,95,7,28,0,0,20,22
2842,656,1999,14,40,4,12,124,34,290,115,0,51,54,42
2843,1835,4741,110,78,44,19,38,78,63,248,0,0,106,118
2844,578,1680,17,1,1,6,32,88,32,44,0,0,34,37
2845,363,801,235,72,14,69,75,66,151,327,0,0,58,23
2846,367,762,174,46,28,27,71,65,67,325,0,0,49,24
2847,826,2158,27,3,13,0,21,79,43,225,0,0,52,53
2848,467,1346,9,44,72,12,94,7,168,143,0,0,43,30
2849,427,1229,226,15,11,3,66,69,137,320,0,0,54,27
2850,86,272,86,21,30,19,104,197,346,346,0,0,52,6
2851,0,0,67,7,19,1,93,200,1063,471,0,0,81,0
2852,3,7,47,9,32,23,92,64,108,213,0,0,25,0
2853,829,2452,19,33,5,81,10,29,59,97,0,0,49,53
2854,391,1061,5,0,1,22,12,48,550,8,0,0,44,25
2855,758,1418,416,248,50,65,167,201,447,1008,0,0,141,49
2856,251,597,109,145,87,0,123,256,207,271,0,0,61,16
2857,379,902,20,4,10,1,12,46,38,105,0,0,26,24
2858,520,1418,0,0,0,0,0,0,0,0,0,0,22,33
2859,424,1271,0,0,0,0,0,55,0,0,0,0,20,27
2860,0,0,32,4,18,221,1786,47,166,1128,0,0,143,0
2861,110,243,108,273,22,0,72,39,15,207,0,0,36,7
2862,423,985,18,1,3,2,7,58,12,71,0,0,25,27
2863,641,1695,4,0,5,3,60,0,60,179,0,0,40,41
2864,224,688,4,1,3,0,203,194,142,350,0,0,47,14
2865,518,1336,409,95,34,1,66,116,154,564,0,0,82,33
2866,484,1242,208,176,63,3,150,98,145,922,0,0,95,31
2867,285,678,426,182,51,6,126,244,229,1038,0,0,109,18
2868,393,1029,0,0,0,0,96,102,0,25,0,0,26,25
2869,348,902,1,0,0,0,6,2,2,16,0,20,16,22
2870,108,309,4,70,1,0,286,5,79,45,0,111,25,7
2871,578,1759,0,0,0,0,0,0,0,0,0,0,24,37
2872,433,1321,0,0,0,0,0,0,0,0,0,0,18,28
2873,453,1247,2,0,0,0,11,29,2,27,0,0,22,29
2874,610,1309,172,56,37,5,144,156,202,745,0,0,89,39
2875,84,192,65,11,19,33,241,177,103,387,0,0,47,5
2876,459,1071,0,0,0,0,6,0,13,0,0,0,21,30
2877,246,719,0,0,0,0,0,0,0,0,0,10,10,16
2878,566,1618,47,6,18,7,14,82,20,140,0,0,41,36
2879,104,283,43,6,6,1,55,169,131,316,0,0,35,7
2880,362,982,18,0,3,2,62,0,32,75,0,0,23,23
2881,379,1067,0,0,0,0,0,0,0,0,0,0,16,24
2882,287,683,12,2,3,0,13,17,9,53,0,0,17,18
2883,405,1154,2,0,2,2,1,108,3,8,0,0,22,26
2884,665,1371,2,0,0,0,1,0,26,13,0,0,30,43
2885,25,55,232,50,47,34,223,133,333,470,0,0,65,2
2886,193,562,66,89,13,0,31,21,45,170,0,0,26,13
2887,644,1592,467,184,22,1,39,53,71,436,0,0,81,41
2888,294,727,162,56,40,64,278,124,128,526,0,0,70,19
2889,397,1041,0,0,4,3,277,49,183,951,0,0,78,25
2890,70,198,116,123,21,1,422,99,381,504,0,0,73,5
2891,495,1405,162,22,17,9,165,142,94,192,0,0,55,32
2892,588,1535,0,0,6,0,30,159,10,31,0,0,35,38
2893,320,865,50,1,2,1,201,138,21,129,0,0,39,21
2894,528,1539,0,0,0,0,0,0,0,0,0,0,22,34
2895,335,794,0,0,0,0,0,0,0,0,0,0,14,21
2896,0,0,498,82,40,0,58,75,79,520,0,0,57,0
2897,21,44,484,108,19,0,33,48,57,479,0,0,53,1
2898,94,239,1047,852,10,22,253,43,115,626,0,0,129,6
2899,536,1266,831,142,73,2,190,168,211,1047,0,0,135,34
2900,203,538,72,77,20,92,28,44,90,292,0,0,39,13
2901,7,17,85,91,4,0,42,22,139,146,0,0,23,0
2902,3,6,636,643,74,13,130,186,256,1411,0,0,141,0
2903,195,422,238,118,12,5,249,58,302,327,0,0,63,13
2904,458,1081,17,2,13,13,15,81,15,91,0,0,30,29
2905,408,1082,0,0,0,0,0,0,0,0,0,0,17,26
2906,834,1600,41,40,14,0,6,7,10,43,0,0,42,54
2907,453,1320,3,1,0,0,5,59,4,34,0,0,24,29
2908,577,1590,78,75,23,1,28,132,153,296,0,0,57,37
2909,410,890,140,24,55,2,90,155,113,487,0,0,62,26
2910,334,932,0,0,3,0,4,0,95,23,0,0,19,21
2911,355,925,77,255,12,41,197,120,375,221,0,0,70,23
2912,135,319,3,1,1,0,7,5,4,23,0,0,8,9
2913,327,854,0,0,0,0,0,57,0,0,0,0,16,21
2914,376,1010,0,1,1,0,16,90,1,6,0,0,21,24
2915,465,819,26,25,16,0,58,71,210,167,0,0,44,30
2916,456,1439,270,90,20,3,30,49,69,272,0,0,53,29
2917,349,832,170,14,18,0,28,30,35,238,0,0,37,22
2918,137,324,196,15,88,1,39,33,70,1166,0,0,85,9
2919,345,914,0,0,0,0,0,0,0,0,0,0,15,22
2920,337,1233,0,0,0,0,0,0,0,0,0,0,14,22
2921,566,1470,22,48,3,0,24,102,95,78,0,0,43,36
2922,287,764,6,0,20,1,10,3,1,10,0,0,14,18
2923,0,0,26,1,10,3,32,143,17,74,0,0,13,0
2924,124,310,30,3,81,1,440,180,55,61,0,0,41,8
2925,378,913,0,0,0,0,0,0,0,0,0,0,16,24
2926,0,0,44,3,90,0,10,15,11,57,0,0,10,0
2927,501,1322,5,2,1,0,3,7,5,43,0,0,24,32
2928,177,453,10,2,165,0,5,8,9,34,0,0,21,11
2929,343,912,24,1,69,87,5,3,3,56,0,0,25,22
2930,941,2264,182,137,61,0,89,571,300,863,0,0,132,60
2931,189,471,7,2,7,0,4,5926,9,58,0,0,261,12
2932,589,1437,0,0,0,0,1,7,0,33,0,0,27,38
2933,216,480,0,0,0,0,0,0,0,0,2,0,9,14
2934,609,1566,2,0,1,0,1,5,1,5,0,0,26,39
2935,68,152,0,0,0,0,0,0,0,0,0,0,3,4
2936,32,82,19,1,13,0,8,48,10,53,0,0,8,2
2937,259,663,45,11,4,2,0,20,39,83,0,0,20,17
2938,315,915,14,0,34,33,10,5,3,16,0,0,18,20
2939,121,316,1,0,1,0,0,336,0,0,0,0,19,8
2940,401,1039,0,0,0,0,0,68,0,0,0,0,20,26
2941,343,1065,0,0,0,0,0,0,0,0,0,0,14,22
2942,7,21,0,0,0,0,0,0,0,0,0,0,0,0
2943,530,1349,0,0,0,0,0,0,0,0,0,0,22,34
2944,126,321,0,0,0,0,0,0,0,0,0,0,5,8
2945,20,61,4,0,0,0,6,22,3,22,0,0,4,1
2946,459,1438,46,40,24,0,2,6,1,6,0,0,25,29
2947,249,772,12,19,0,0,3,3,4,24,0,0,13,16
2948,2,5,2,0,2,321,0,15,2,8,0,0,15,0
2949,2,3,43,3,55,113,15,23,13,97,0,0,15,0
2950,37,92,12,1,7,1,5,102,8,52,0,0,9,2
2951,263,721,21,1,7,0,14,38,21,100,0,0,20,17
2952,463,1133,34,3,5,17,8,14,6,48,0,0,25,30
2953,281,761,0,0,0,0,0,64,0,1,0,0,15,18
2954,8,24,0,0,0,0,0,0,0,0,2,0,0,1
2955,6,13,45,1,386,48,4,6,13,42,0,0,23,0
2956,67,197,0,0,0,0,0,0,0,0,0,0,3,4
2957,49,143,7,0,3,0,23,6,23,21,0,0,6,3
2958,143,429,0,0,0,0,0,59,0,0,0,0,8,9
2959,89,239,0,0,0,0,0,0,0,0,0,0,5,6
2960,661,1657,18,81,358,4,24,1,17,56,0,0,51,42
2961,320,1241,0,0,0,0,0,25,0,0,0,0,15,21
2962,348,1015,0,0,0,0,0,519,0,31,0,0,38,22
2963,826,1928,0,0,0,0,0,17,0,0,0,0,35,53
2964,700,1986,95,373,46,0,31,122,136,361,0,0,79,45
2965,183,687,51,197,4,1,16,130,28,161,0,0,32,12
2966,2,10,6,2,19,23,7,15640,10,36,0,0,662,0
2967,380,702,3,1,2,0,13,188,39,24,0,0,27,25
2968,210,809,8,214,4,0,6,13,11,59,0,0,22,13
2969,583,1157,51,9,10,0,22,24,194,203,0,0,48,37
2970,522,1480,4,0,0,0,0,17,14,10,0,0,26,34
2971,578,1427,0,0,0,0,0,0,0,0,0,0,27,37
2972,873,1969,175,127,45,1,94,494,197,982,0,0,128,56
2973,626,1789,10,17,1,0,3,9,12,37,0,0,30,40
2974,514,1601,23,3,8,1,8,15,29,108,0,0,32,33
2975,530,1158,142,163,2,5,22,20,64,388,0,0,79,34
2976,448,1422,0,0,0,0,0,0,0,0,0,0,20,29
2977,454,1180,46,33,11,1,116,60,27,145,0,0,53,29
2978,371,1151,7,22,0,5,6,1,70,7,0,0,30,24
2979,468,1077,2,0,1,0,5,4,3,11,0,0,21,30
2980,452,1437,2,12,0,0,3,58,439,28,0,0,47,29
2981,268,609,352,232,65,1,146,123,251,660,0,0,90,17
2982,288,758,59,14,14,0,35,74,1253,307,0,0,98,19
2983,12,29,99,160,15,62,153,225,4737,525,0,0,332,1
2984,361,711,14,4,5,0,7,13,245,35,0,0,29,23
2985,115,206,136,35,75,4,82,459,124,947,0,0,83,7
2986,272,584,1,0,0,1,0,165,143,4,0,0,29,18
2987,745,1627,20,14,8,2,10,33,90,73,0,0,60,48
2988,350,771,145,6,12,1,13,68,47,152,0,0,37,23
2989,434,963,76,57,18,1,56,37,56,339,0,0,53,28
2990,111,277,52,271,109,29,70,18,36,469,0,0,52,7
2991,396,872,91,123,38,5,352,147,192,553,0,0,86,26
2992,239,518,8,0,3,0,3,12,8,25,0,0,18,15
2993,119,266,0,0,0,0,0,68,0,0,0,0,8,8
2994,116,252,0,0,0,0,0,0,0,0,0,0,5,7
2995,276,669,21,1,8,0,11,19,16,97,0,0,19,18
2996,308,730,209,127,50,3,241,723,217,930,0,0,127,20
2997,363,843,144,47,33,897,90,171,351,541,0,0,111,23
2998,394,841,155,47,37,2,82,1007,144,777,0,0,121,25
2999,315,730,16,8,15,2,24,16,113,88,0,0,29,20
3000,399,877,77,13,8,1,25,32,54,234,0,0,40,26
3001,363,1055,3,1,2,0,6,14,4,24,0,0,18,23
3002,0,0,159,33,72,5,99,294,1164,752,0,0,108,0
3003,410,1182,0,0,0,0,0,0,0,0,0,0,17,26
3004,490,1271,2,12,1,6,1,45,85,15,0,0,28,31
3005,238,572,0,0,0,0,0,0,0,0,0,0,12,15
3006,216,523,45,2,21,8,17,113,11,61,0,0,21,14
3007,481,1155,21,3,17,1,14,40,48,139,0,0,47,31
3008,1136,2562,142,28,54,3,80,97,153,266,0,0,101,73
3009,342,781,38,13,20,2,8,25,44,118,0,0,31,22
3010,145,338,6,1,41,44,1,27,24,20,0,0,13,9
3011,476,1073,82,14,15,2,18,60,127,216,0,0,43,31
3012,279,568,29,1,2,0,7,242,189,30,0,0,33,18
3013,428,1249,17,1,2,8,5,60,12,29,0,0,24,28
3014,224,533,0,0,0,0,0,0,0,0,0,0,9,14
3015,136,410,8,2,10,0,6,7,66,41,0,0,12,9
3016,756,1445,0,0,0,0,0,0,0,0,0,0,32,49
3017,578,1475,1,0,55,0,0,1,1,4,0,0,49,37
3018,245,608,48,18,9,0,18,35,64,243,0,0,29,16
3019,61,159,70,32,179,134,36,60,140,288,0,0,55,4
3020,419,1041,24,2,117,1,12,9,72,68,0,0,30,27
3021,590,1769,9,2,8,0,13,10,21,40,0,0,29,38
3022,167,501,0,0,0,0,0,0,0,0,0,0,7,11
3023,315,872,0,0,0,0,0,0,0,0,0,0,13,20
3024,2,5,696,251,169,3,305,246,445,2424,0,0,191,0
3025,53,136,358,372,36,0,62,72,106,614,0,0,88,3
3026,0,0,661,201,77,11,109,147,167,961,0,0,98,0
3027,0,0,108,15,219,203,31,224,87,273,0,0,49,0
3028,0,0,103,78,42,0,897,27,1465,170,0,0,117,0
3029,519,1508,37,2,16,7,179,13,12,80,0,0,36,33
3030,540,1286,0,0,0,0,0,0,0,0,0,0,23,34
3031,165,479,35,10,48,1,49,20,19,85,0,0,18,11
3032,559,1659,0,0,0,2,87,229,23,10,0,0,38,36
3033,0,0,70,9,271,42,119,69,72,411,0,0,45,0
3034,0,0,0,0,0,97,0,0,0,0,0,0,4,0
3035,484,1214,26,3,110,1,23,98,14,58,0,0,34,31
3036,0,0,57,20,132,3,190,406,71,151,0,0,43,0
3037,0,0,6,1,8,0,5,14,10,13,0,0,2,0
3038,22,53,50,21,350,1,28,43,47,96,0,0,28,1
3039,0,0,255,6,806,128,100,68,49,225,0,0,69,0
3040,0,0,0,0,1187,68,0,0,1,244,0,0,63,0
3041,0,0,106,55,427,98,514,236,55,292,0,0,75,0
3042,138,370,111,50,0,0,0,0,0,6,0,0,13,9
3043,0,0,182,76,56,77,62,48,43,331,0,0,37,0
3044,0,0,33,1,397,75,48,6,7,35,0,0,25,0
3045,0,0,28,266,960,242,169,18,124,133,0,0,82,0
3046,204,646,9,11,204,27,13,106,4,44,0,0,26,13
3047,148,400,8,45,2,19,15,11,48,51,0,0,15,10
3048,0,0,77,7,20,24,18,107,55,129,0,0,18,0
3049,23,82,0,0,0,0,0,0,0,0,0,0,1,1
3050,0,0,2,0,10,7,2,0,0,2,0,0,1,0
3051,336,1067,81,20,41,195,107,80,42,171,0,0,45,22
3052,397,1053,85,30,10,109,46,98,137,187,0,0,46,26
3053,466,1477,0,0,0,0,0,0,0,0,0,0,20,30
3054,1,3,46,2,64,61,25,8,9,39,0,0,11,0
3055,277,1026,0,0,0,0,0,68,0,0,0,0,15,18
3056,417,1532,6,0,1,11,9,53,2,31,0,0,22,27
3057,246,499,16,51,1,31,5,5,18,30,0,0,17,16
3058,307,665,24,13,9,93,17,29,12,87,0,0,25,20
3059,330,814,0,0,0,0,0,47,0,0,0,0,16,21
3060,330,984,0,0,0,0,0,0,0,0,0,0,14,21
3061,84,202,30,27,2,44,5,4,2,24,0,0,199,5
3062,291,784,0,0,0,0,0,58,0,0,0,0,15,19
3063,390,899,35,3,5,44,19,35,204,170,0,0,38,25
3064,267,576,141,158,3,74,37,104,24,126,0,0,39,17
3065,268,576,109,13,21,190,122,138,135,310,0,0,55,17
3066,184,391,132,3,4,33,11,210,43,107,0,0,31,12
3067,354,1041,0,0,2,3,23,20,0,7,0,0,17,23
3068,284,863,0,0,0,0,0,85,0,0,0,0,16,18
3069,122,344,639,268,34,102,112,107,90,900,0,0,100,8
3070,314,798,42,30,1,0,0,44,243,206,0,0,154,20
3071,38,134,288,131,15,51,32,164,20,458,0,0,50,2
3072,331,965,50,19,58,115,70,121,116,164,0,0,44,21
3073,258,562,36,3,2,37,26,25,11,80,0,0,20,17
3074,256,468,41,42,6,71,21,244,254,180,0,0,47,16
3075,345,629,0,0,0,0,0,42,0,0,0,0,16,22
3076,231,668,0,0,0,0,2,356,4,0,0,0,25,15
3077,349,1011,1,6,6,2,275,23,9,6,0,0,28,22
3078,154,443,0,0,0,0,0,0,0,0,0,0,6,10
3079,472,1086,36,2,115,20,96,9,2,76,0,0,35,30
3080,292,1056,59,28,0,0,0,30,228,211,0,0,35,19
3081,518,1513,0,0,0,0,0,0,0,0,0,0,22,33
3082,16,47,7,0,3,41,8,9,3,36,0,0,5,1
3083,34,102,9,0,24,41,5,7,2,23,0,0,6,2
3084,208,671,1,0,0,6,1,1,0,11,0,0,10,13
3085,206,577,0,0,0,0,0,43,0,0,0,0,10,13
3086,342,873,0,0,0,0,0,0,0,0,0,0,14,22
3087,201,582,0,0,0,0,0,0,0,0,0,0,8,13
3088,362,1146,0,0,0,0,0,0,0,0,0,0,15,23
3089,207,582,0,0,0,0,0,0,0,0,0,0,9,13
3090,180,535,2,0,1,9,15,11,1,21,0,0,10,12
3091,114,338,0,0,0,0,0,0,0,0,0,0,5,7
3092,107,344,0,0,0,0,0,0,0,0,0,0,5,7
3093,193,507,45,8,4,0,0,23,37,107,0,0,18,12
3094,542,1423,126,22,10,0,0,64,104,300,0,0,49,35
3095,0,0,0,0,0,0,0,0,0,0,1,0,0,0
3096,6,16,12,2,46,18,7,5,5,28,0,0,5,0
3097,12,32,19,3,70,28,11,8,8,44,0,0,8,1
3098,31,107,6,0,6,5,14,6,3,23,0,0,4,2
3099,85,271,9,0,11,50,25,4,0,17,0,0,8,5
3100,178,470,37,1,3,47,6,40,8,52,0,0,16,11
3101,221,651,3,0,1,4,11,2,1,18,0,0,11,14
3102,203,645,0,0,0,0,0,54,0,0,0,0,11,13
3103,89,231,225,48,283,14,77,168,608,735,0,0,115,6
3104,66,187,17,2,6,0,1,8,11,31,0,0,6,4
3105,52,147,13,1,5,0,1,6,9,24,0,0,5,3
3106,58,166,0,0,0,0,0,0,0,0,0,0,2,4
3107,201,739,0,0,0,0,0,0,0,0,0,0,8,13
3108,297,989,0,0,0,0,0,0,0,0,0,0,13,19
3109,190,633,0,1,0,0,0,0,0,2,0,0,8,12
3110,341,1137,0,2,0,0,0,1,0,4,0,0,15,22
3111,109,288,16,15,6,19,35,9,37,40,0,0,12,7
3112,170,446,2,0,0,2,2,157,7,61,0,0,17,11
3113,310,1000,1,0,1,3,7,78,1,102,0,0,21,20
3114,269,855,0,0,0,0,0,0,0,0,0,0,11,17
3115,226,509,89,40,70,18,15,112,16,140,0,0,31,14
3116,77,245,0,0,0,0,0,92,0,0,0,0,7,5
3117,127,402,0,0,0,0,0,0,0,0,0,0,5,8
3118,252,722,0,0,0,0,0,0,0,0,0,30,11,16
3119,336,759,44,3,13,6,26,46,19,166,0,0,28,21
3120,163,516,35,2,2,10,13,35,66,140,0,0,20,10
3121,42,134,0,0,0,0,0,0,0,0,0,0,2,3
3122,49,170,18,2,2,0,5,21,5,84,0,0,8,3
3123,69,217,0,0,0,4,0,0,0,0,0,0,3,4
3124,88,278,0,0,0,0,0,0,0,0,0,0,4,5
3125,74,215,0,0,0,0,0,0,0,0,1,0,3,5
3126,109,347,1,0,2,0,5,0,0,0,0,0,5,7
3127,127,402,3,0,3,0,0,1,0,4,0,0,6,8
3128,137,432,3,1,3,0,0,1,0,4,0,0,6,9
3129,375,1158,0,0,0,0,0,0,0,0,0,0,16,24
3130,18,45,0,0,0,0,0,0,0,0,5,0,1,1
3131,8,18,0,0,0,0,0,0,0,0,2,0,0,1
3132,0,0,0,0,0,0,0,0,0,0,1,0,0,0
3133,0,0,0,0,0,0,0,0,0,0,1,0,0,0
3134,0,0,0,0,0,0,0,0,0,0,3,0,0,0
3135,19,63,0,0,0,0,0,0,0,0,1,0,1,1
3136,0,0,168,27,26,100,53,196,65,411,0,0,44,0
3137,0,0,218,39,124,76,43,46,22,148,1,0,30,0
3138,0,0,0,0,0,0,0,0,0,0,1,0,0,0
3139,0,0,0,0,0,0,0,0,0,0,4,0,0,0
3140,102,284,14,2,17,0,0,8,5,11,1,0,7,7
3141,7,24,101,45,11,112,29,15,10,169,0,0,21,0
3142,5,10,0,0,0,0,0,0,0,0,1,0,0,0
3143,13,31,0,0,0,0,0,0,0,0,1,0,1,1
3144,12,30,0,0,0,0,0,0,0,0,0,0,1,1
3145,0,0,0,0,0,0,0,0,0,0,1,0,0,0
3146,1,1,4,0,6,1,10,4,1,19,1,0,2,0
3147,372,907,3,0,53,39,1,0,0,2,0,0,20,24
3148,280,678,235,131,121,458,193,129,75,529,0,0,91,18
3149,15,38,0,0,0,0,0,0,0,0,1,0,1,1
3150,13,32,13,2,1,1,6,16,5,52,0,0,5,1
3151,18,44,0,0,0,0,0,0,0,0,0,0,1,1
3152,5,10,76,2,175,69,39,21,13,106,2,0,21,0
3153,0,0,299,47,255,39,86,1409,133,760,0,0,127,0
3154,0,0,513,5,278,36,150,32,15,185,0,0,51,0
3155,14,32,0,0,0,0,0,0,0,0,1,0,1,1
3156,19,46,0,0,0,0,0,0,0,0,0,0,1,1
3157,14,32,0,0,0,0,0,0,0,0,0,0,1,1
3158,0,0,174,6,519,51,61,24,17,164,0,0,43,0
3159,8,18,0,0,0,0,0,0,0,0,0,0,0,1
3160,6,14,0,0,0,0,0,0,0,0,1,0,0,0
3161,6,16,0,0,0,0,0,0,0,0,0,0,0,0
3162,4,7,0,0,0,0,0,0,0,0,0,0,0,0
3163,0,0,8,1,166,0,6,10,4,28,0,0,9,0
3164,1,4,279,6,419,57,72,45,40,326,0,0,52,0
3165,0,0,171,12,729,17,74,52,98,315,0,0,62,0
3166,2,3,0,0,0,0,0,0,0,0,1,0,0,0
3167,2,3,0,0,0,0,0,0,0,0,0,0,0,0
3168,3,5,25,1,5,0,0,16,31,33,0,0,5,0
3169,9,23,47,5,68,2,14,12,13,61,0,0,10,1
3170,4,9,0,0,0,0,0,0,0,0,0,0,0,0
3171,53,129,55,13,1,0,0,22,33,154,0,0,14,3
3172,35,98,104,25,1,0,0,30,193,272,0,0,83,2
3173,3,9,0,0,0,0,0,0,0,0,0,0,0,0
3174,3,9,6,0,1,0,2,7,3,18,0,0,2,0
3175,0,0,664,356,24,1,61,48,42,607,0,0,76,0
3176,0,0,0,0,0,0,0,0,0,0,0,0,0,0
3177,5,13,409,296,354,5,117,149,126,710,0,0,91,0
3178,9,23,828,434,47,3,81,112,76,905,0,0,105,0
3179,651,1708,39,1,27,2,21,18,12,39,0,0,34,42
3180,75,168,162,63,36,2,45,77,132,331,0,0,39,5
3181,44,99,103,151,11,5,7,14,19,73,0,0,18,3
3182,134,361,3,1,0,0,8,68,1,16,0,0,10,9
3183,228,612,75,109,19,1,58,45,186,340,0,5,45,15
3184,296,675,34,30,27,3,5,17,90,80,0,0,24,19
3185,320,636,37,6,7,0,13,12,29,72,0,0,21,21
3186,173,342,55,97,74,0,5,7,5,161,0,0,24,11
3187,557,1412,22,73,6,0,22,52,30,183,0,0,40,36
3188,304,1085,0,0,0,0,0,59,0,0,0,0,15,20
3189,259,924,0,0,0,0,0,0,0,0,0,0,11,17
3190,176,654,0,0,0,0,0,0,0,0,0,0,7,11
3191,283,715,0,0,0,0,8,0,0,0,0,0,12,18
3192,59,150,0,0,0,0,0,110,0,0,0,0,7,4
3193,198,501,144,16,22,59,54,76,63,318,0,0,40,13
3194,247,660,147,103,45,7,92,132,160,420,0,0,57,16
3195,266,710,0,0,0,0,0,40,0,0,0,0,13,17
3196,223,564,28,0,0,0,0,84,0,5,0,0,14,14
3197,418,1323,0,0,0,0,0,48,0,0,0,5,20,27
3198,145,504,0,0,0,0,0,122,0,0,0,0,11,9
3199,294,1013,0,0,0,0,0,0,0,0,0,0,12,19
3200,4,14,32,2,7,0,14,35,13,115,0,0,9,0
3201,325,1108,0,0,90,8,0,0,0,0,0,0,18,21
3202,341,1085,15,0,17,4,6,1,0,15,0,0,17,22
3203,303,1033,0,0,0,0,0,49,0,0,0,0,15,19
3204,321,673,23,3,8,2,10,20,184,48,0,0,26,21
3205,145,303,40,50,33,11,84,248,100,219,0,0,39,9
3206,176,439,16,25,0,0,5,20,0,140,0,0,16,11
3207,221,568,34,24,4,131,9,10,7,114,0,0,23,14
3208,206,514,2,14,2,0,2,3,12,14,0,0,11,13
3209,187,486,8,4,5,3,5,11,4,17,0,0,10,12
3210,277,699,1,0,0,0,2,1,1,21,0,0,13,18
3211,610,1985,59,49,11,2,25,112,21,264,0,0,48,39
3212,399,1348,3,1,1,0,9,9,1,18,0,0,19,25
3213,6,21,36,5,28,0,0,10,9,50,0,0,6,0
3214,133,277,66,45,64,1,68,103,39,253,0,0,32,8
3215,84,203,140,39,89,5,57,359,65,650,0,0,63,5
3216,258,627,0,0,0,0,0,94,0,0,0,0,15,17
3217,190,571,0,0,0,0,0,0,0,0,0,0,8,12
3218,450,1463,0,0,0,0,0,0,0,0,0,0,19,29
3219,386,1275,6,0,1,0,7,74,2,24,0,0,23,25
3220,344,1208,0,0,0,0,0,0,0,0,0,0,14,22
3221,537,1829,0,0,0,0,0,0,0,0,0,0,23,35
3222,125,303,0,0,11,0,0,0,0,67,0,0,9,8
3223,240,721,0,0,0,0,0,0,0,0,0,0,10,15
3224,394,1350,28,3,4,0,17,76,10,140,0,0,28,25
3225,441,1422,0,0,0,0,0,0,0,0,0,0,29,28
3226,240,752,0,0,0,0,0,68,0,0,0,0,13,15
3227,8,23,0,0,0,0,0,0,0,0,1,0,0,1
3228,1,2,0,0,0,0,0,0,0,0,2,0,0,0
3229,0,0,0,0,0,0,0,0,0,0,1,0,0,0
3230,140,421,2,10,2,9,1,1,2,19,0,0,8,9
3231,145,479,0,0,1,1,0,0,0,0,0,0,7,9
3232,0,0,54,0,75,146,22,10,4,52,0,0,15,0
3233,97,285,0,0,0,0,0,0,0,0,0,0,4,6
3234,41,122,0,0,0,0,0,0,0,0,0,0,2,3
3235,55,156,0,0,0,0,0,0,0,0,0,0,2,4
3236,293,862,0,0,49,7,1,180,0,0,0,0,22,19
3237,223,658,44,3,15,1,11,12,7,138,0,0,19,14
3238,11,34,0,0,0,0,0,0,0,0,0,0,0,1
3239,31,73,24,1,7,0,0,3,5,22,0,0,30,2
3240,31,87,0,0,0,0,0,0,0,0,1,0,1,2
3241,95,256,20,1,69,1,9,4,5,22,0,0,10,6
3242,46,119,6,1,10,0,4,3,2,10,0,0,13,3
3243,146,380,99,13,5,0,3,24,28,151,0,0,76,9
3244,98,257,67,9,3,0,2,16,19,102,0,0,51,6
3245,228,591,74,10,24,1,26,60,54,147,0,0,26,15
3246,0,0,78,3,141,139,29,12,6,72,0,0,20,0
3247,208,605,0,0,0,0,0,0,0,0,1,0,9,13
3248,169,499,0,0,25,0,1,0,0,0,0,0,8,11
3249,87,249,0,0,2,0,0,2,0,7,1,0,4,6
3250,39,114,0,0,0,0,0,0,0,0,0,0,2,3
3251,18,55,0,0,0,0,0,0,0,0,0,0,1,1
3252,13,38,0,0,0,0,0,0,0,0,1,0,1,1
3253,13,39,0,0,0,0,0,0,0,0,0,0,1,1
3254,20,60,0,0,0,0,0,0,0,0,0,0,1,1
3255,572,1637,1,0,0,0,0,1,0,1,0,0,24,37
3256,161,395,13,1,9,0,1,7,14,14,0,0,12,10
3257,13,27,0,0,0,0,0,0,0,0,0,0,5,1
3258,249,750,0,0,0,0,0,0,0,0,1,0,10,16
3259,41,119,0,0,0,0,0,0,0,0,0,0,2,3
3260,191,548,0,0,0,0,0,0,0,0,1,0,8,12
3261,193,567,184,109,69,2,58,209,60,477,0,0,58,13
3262,47,140,15,14,2,3,5,11,5,57,0,0,7,3
3263,69,205,22,20,3,4,7,16,7,83,0,0,10,5
3264,28,82,0,0,0,0,0,0,0,0,0,0,1,2
3265,33,97,0,0,0,0,0,0,0,0,0,0,1,2
3266,11,31,6,1,6,0,0,4,2,8,0,0,2,1
3267,12,36,7,1,7,0,0,5,3,9,1,0,2,1
3268,0,1,0,0,0,0,0,0,0,0,1,0,0,0
3269,2,3,0,0,0,0,0,0,0,0,3,0,0,0
3270,19,40,124,58,26,49,23,40,13,220,0,0,24,1
3271,147,428,17,1,26,6,7,2,1,14,0,0,9,9
3272,215,657,7,0,6,0,0,4,2,5,0,0,10,14
3273,193,622,0,0,0,0,0,0,0,0,1,0,55,12
3274,403,1271,5,0,10,0,0,4,1,4,1,0,18,26
3275,59,184,0,0,0,0,0,0,0,0,0,0,41,4
3276,20,59,5,1,5,0,2,21,1,27,0,0,3,2
3277,87,276,24,4,47,5,15,133,30,56,0,0,17,6
3278,142,406,29,27,9,11,70,22,7,81,0,0,17,9
3279,351,997,0,0,0,0,0,0,0,0,0,0,16,23
3280,100,317,4,0,0,0,1,4,1,13,0,0,5,7
3281,346,1040,0,0,0,0,0,0,0,0,1,0,14,22
3282,437,1395,26,80,21,23,5,11,0,28,0,0,27,28
3283,134,395,129,3,3,14,10,70,4,68,0,0,18,9
3284,233,699,0,0,0,0,0,0,0,0,1,0,10,15
3285,807,2430,0,0,0,0,0,0,0,0,2,0,34,52
3286,196,429,54,26,2,25,15,10,22,85,0,0,18,13
3287,234,509,52,50,19,42,18,48,11,134,0,0,26,15
3288,198,525,138,28,6,3,11,60,130,406,0,0,41,12
3289,77,209,23,3,7,0,5,19,14,89,0,0,10,5
3290,56,164,13,2,5,0,7,22,17,88,0,0,9,4
3291,120,382,77,33,9,0,25,237,37,97,0,0,27,8
3292,185,391,32,3,14,42,93,40,27,148,0,0,25,12
3293,350,880,111,23,27,104,92,159,878,391,0,0,123,22
3294,55,136,0,0,0,0,0,0,0,0,0,0,2,4
3295,238,617,6,2,1,1,12,13,2,39,0,0,13,15
3296,217,697,0,0,5,0,24,0,3,4,0,0,11,14
3297,196,561,0,0,0,0,0,0,0,0,0,0,8,13
3298,265,821,0,0,0,0,0,50,0,3,0,0,23,17
3299,155,471,0,0,0,0,0,64,0,0,0,0,9,10
3300,53,163,0,0,0,0,0,0,0,0,0,0,2,4
3301,364,1085,0,0,0,0,0,0,0,0,0,0,15,24
3302,59,172,0,0,0,0,0,0,0,0,0,0,2,4
3303,416,1116,2,0,0,5,3,4,0,16,0,15,22,27
3304,92,251,8,0,1,14,6,10,1,41,1,0,7,6
3305,9,23,0,0,0,0,0,0,0,0,1,0,0,1
3306,383,1073,2,0,1,0,3,70,0,12,1,0,20,25
3307,197,558,0,0,0,0,0,48,0,0,0,0,10,13
3308,321,908,0,0,2,2,3,0,0,1,0,0,14,21
3309,6,14,0,0,0,0,0,0,0,0,0,0,0,0
3310,195,563,0,0,0,0,0,0,0,0,0,0,8,13
3311,229,709,0,0,0,0,2,0,0,0,0,0,10,15
3312,203,631,0,0,0,0,0,0,0,0,0,0,17,13
3313,113,355,15,0,1,1,6,17,3,46,0,0,9,7
3314,275,904,0,0,0,0,0,0,0,0,0,0,12,17
3315,179,598,0,0,0,0,0,0,0,0,4,0,8,11
3316,172,466,20,1,2,29,14,26,12,91,0,0,15,11
3317,256,804,7,1,1,8,6,9,1,33,0,0,14,17
3318,239,791,0,0,0,0,0,0,0,0,0,0,10,15
3319,327,1084,0,0,0,0,0,0,0,0,0,0,14,21
3320,492,1330,0,0,0,0,0,0,0,0,0,0,23,32
3321,6,20,0,0,0,0,0,0,0,0,0,0,0,0
3322,5,10,0,0,0,0,0,0,0,0,0,0,0,0
3323,0,0,0,0,0,0,0,0,0,0,1,0,0,0
3324,8,29,0,0,0,0,0,0,0,0,1,0,0,1
3325,7,17,0,0,0,0,0,0,0,0,1,0,0,0
3326,10,25,0,0,0,0,0,0,0,0,0,0,0,1
3327,11,35,0,0,0,0,0,0,0,0,3,0,0,1
3328,8,28,0,0,0,0,0,0,0,0,2,0,0,1
3329,16,49,0,0,0,0,0,0,0,0,0,0,1,1
3330,7,24,0,0,0,0,0,0,0,0,1,0,0,0
3331,12,29,0,0,0,0,0,0,0,0,0,0,0,1
3332,8,20,0,0,0,0,0,0,0,0,0,0,0,1
3333,56,201,0,0,0,0,0,0,0,0,13,0,2,4
3334,15,52,0,0,0,0,12,2,0,0,6,0,1,1
3335,14,48,0,0,0,0,0,0,0,0,0,0,1,1
3336,4,14,0,0,0,0,0,0,0,0,1,0,0,0
3337,4,12,0,0,0,0,0,0,0,0,1,0,0,0
3338,9,30,0,0,0,0,0,0,0,0,1,0,0,1
3339,21,50,0,0,0,0,0,0,0,0,0,0,1,1
3340,7,15,0,0,0,0,0,0,0,0,1,0,0,0
3341,11,35,0,0,0,0,0,0,0,0,0,0,0,1
3342,12,40,0,0,0,0,0,0,0,0,0,0,1,1
3343,9,30,0,0,0,0,0,0,0,0,1,0,0,1
3344,20,66,18,0,2,2,7,22,5,57,0,0,6,1
3345,25,59,9,0,22,1,4,1,0,7,0,0,3,2
3346,17,39,0,0,0,0,0,0,0,0,0,0,1,1
3347,16,39,18,2,2,0,7,18,7,59,0,0,5,1
3348,12,39,0,0,0,0,0,0,0,0,8,0,1,1
3349,2,5,0,0,0,0,0,0,0,0,3,0,0,0
3350,7,23,0,0,0,0,0,0,0,0,0,0,0,0
3351,8,28,0,0,0,0,0,0,0,0,0,0,0,1
3352,17,58,7,1,6,0,3,30,2,12,0,0,3,1
3353,14,32,0,0,0,0,0,0,0,0,0,0,1,1
3354,19,46,0,0,0,0,0,0,0,0,0,0,1,1
3355,21,51,0,0,0,0,0,0,0,0,0,0,1,1
3356,8,23,0,0,0,0,0,0,0,0,2,0,0,1
3357,10,33,0,0,0,0,0,0,0,0,1,0,0,1
3358,18,61,0,0,0,0,0,0,0,0,0,0,1,1
3359,22,72,5,0,4,0,1,2,1,4,1,0,2,1
3360,10,26,0,0,0,0,0,0,0,0,1,0,0,1
3361,16,37,0,0,0,0,0,0,0,0,0,0,1,1
3362,7,15,0,0,0,0,0,0,0,0,0,0,0,0
3363,10,28,0,0,0,0,0,0,0,0,1,0,50,0
3364,33,91,0,1,2,0,115,22,2,1,2,0,7,2
3365,7,20,5,0,0,5,2,4,1,13,5,0,2,0
3366,20,54,0,0,0,0,0,0,0,0,1,0,1,1
3367,13,34,0,0,0,0,0,0,0,0,1,0,1,1
3368,13,35,0,0,0,0,0,0,0,0,0,0,1,1
3369,28,74,0,0,1,0,0,1,1,1,0,0,1,2
3370,13,36,5,0,1,0,1,5,1,10,0,0,1,1
3371,7,20,0,0,0,0,0,0,0,0,0,0,0,0
3372,26,70,0,0,0,0,0,0,0,0,0,0,1,2
3373,26,72,2,0,7,1,1,0,0,4,0,0,2,2
3374,10,26,4,0,3,0,3,8,2,18,0,0,2,1
3375,16,47,0,0,0,0,0,0,0,0,0,0,1,1
3376,19,50,0,0,0,0,0,0,0,0,0,0,1,1
3377,26,73,12,1,2,0,5,15,4,48,0,0,5,1
3378,4,10,0,0,0,0,0,0,0,0,1,0,0,0
3379,1,2,0,0,0,0,0,0,0,0,2,0,0,0
3380,3,9,0,0,0,0,0,0,0,0,1,0,0,0
3381,0,0,0,0,0,0,0,0,0,0,2,0,0,0
3382,0,0,0,0,0,0,0,0,0,0,1,0,0,0
3383,4,10,1,0,2,0,0,0,0,0,1,0,0,0
3384,9,24,21,1,7,0,0,11,29,28,1,0,4,1
3385,64,201,7,1,4,0,0,2,2,4,1,0,9,4
3386,3,9,0,0,0,0,0,0,0,0,0,0,0,0
3387,70,194,0,0,0,0,0,0,0,0,2,0,3,5
3388,19,52,0,0,0,0,0,0,0,0,0,0,1,1
3389,7,18,0,0,0,0,0,0,0,0,0,0,0,0
3390,7,20,0,0,0,0,0,0,0,0,1,0,0,0
3391,0,0,0,0,0,0,0,0,0,0,1,0,0,0
3392,0,0,0,0,0,0,0,0,0,0,2,0,0,0
3393,74,231,0,0,0,0,0,0,0,0,0,0,3,5
3394,1739,5129,300,315,0,0,0,46,447,1872,2,0,954,112
3395,11,31,0,0,0,0,0,0,0,0,1,0,0,1
3396,7,17,0,0,0,0,0,0,0,0,0,0,0,0
3397,17,45,0,0,0,0,0,0,0,0,0,0,1,1
3398,59,173,0,0,0,0,0,0,0,0,1,0,2,4
3399,4,10,0,0,0,0,0,0,0,0,0,0,0,0
3400,603,1773,187,150,1,0,0,77,198,1093,1,0,133,39
3401,5,12,0,0,0,0,0,0,0,0,1,0,0,0
3402,5,11,0,0,0,0,0,0,0,0,1,0,0,0
3403,27,87,0,0,0,0,0,0,0,0,0,0,1,2
3404,135,402,0,0,0,0,0,0,0,0,1,0,6,9
3405,86,260,69,4,15,2,26,82,28,307,0,0,26,6
3406,360,1010,12,1,1,3,17,9,3,61,0,0,20,23
3407,11,27,0,0,0,0,0,0,0,0,1,0,0,1
3408,43,121,0,0,0,0,67,12,2,0,1,0,37,3
3409,41,118,0,0,0,0,0,0,0,0,0,0,2,3
3410,380,912,18,1,4,60,22,10,2,45,0,0,23,24
3411,34,84,37,0,30,188,44,5,1,58,0,0,17,2
3412,63,152,0,0,0,0,0,0,0,0,1,0,3,4
3413,9,20,0,0,0,0,0,0,0,0,2,0,0,1
3414,40,121,7,1,7,23,105,7,2,10,1,0,9,3
3415,39,141,0,0,18,0,77,2,0,0,2,0,6,3
3416,101,313,0,0,0,0,0,0,0,0,0,0,4,6
3417,269,876,24,4,138,0,0,8,8,54,1,0,62,17
3418,89,263,9,1,4,24,23,11,6,17,0,0,8,6
3419,0,0,32,1,504,112,7,5,8,33,0,0,30,0
3420,295,764,33,46,7,104,20,231,14,167,0,0,39,19
3421,192,441,169,62,18,333,70,221,63,274,0,0,61,12
3422,0,0,598,44,94,30,97,5,0,0,0,0,37,0
3423,0,0,44,49,5,29,163,26,55,70,0,0,19,0
3424,310,749,4,32,4,1,13,79,1,9,0,0,19,20
3425,322,776,135,4,2,35,11,71,3,92,0,0,32,21
3426,393,919,18,39,4,51,9,71,51,53,0,0,29,25
3427,38,115,0,0,0,0,0,0,0,0,0,0,2,2
3428,254,660,0,0,0,0,0,0,0,0,0,0,32,16
3429,28,56,455,188,23,4,722,47,57,57,0,0,67,2
3430,348,730,1,11,1,2,52,7,58,15,0,0,21,23
3431,249,816,4,0,0,22,14,27,21,11,0,0,15,16
3432,314,1071,16,0,28,1,2,0,0,0,0,0,16,20
3433,116,357,0,0,0,0,0,0,0,0,1,0,5,7
3434,314,839,1,0,0,2,9,1,2,1,0,0,14,20
3435,221,576,10,1,6,23,0,9,9,21,0,0,39,14
3436,206,588,1,2,2,0,151,23,5,10,0,0,17,13
3437,302,819,0,0,0,0,0,0,0,0,0,0,13,19
3438,214,602,0,0,0,0,0,0,0,0,0,0,9,14
3439,534,1703,0,0,0,0,0,0,0,0,1,0,22,35
3440,312,977,0,0,0,0,0,0,0,0,0,0,13,20
3441,215,620,0,0,0,0,0,0,0,0,0,0,9,14
3442,583,1738,0,0,0,0,0,59,0,0,0,0,28,37
3443,311,945,0,0,0,0,0,0,0,0,0,0,13,20
3444,11,41,0,0,8,1,162,2,0,0,2,0,8,1
3445,236,738,1,0,0,1,1,1,0,5,0,0,19,15
3446,23,56,0,0,5,2,150,2,0,0,1,0,16,1
3447,550,1641,5,0,5,23,12,2,5,5,0,0,171,35
3448,229,627,12,1,5,0,0,0,3,18,0,0,11,15
3449,202,577,0,0,0,0,0,0,0,0,0,0,8,13
3450,139,451,0,0,0,0,0,0,0,0,0,0,6,9
3451,0,0,0,0,0,0,0,0,0,0,6,0,0,0
3452,3,5,0,0,0,0,0,0,0,0,0,0,0,0
3453,5,10,0,0,0,0,0,0,0,0,1,0,0,0
3454,15,37,0,0,0,0,0,0,0,0,0,0,1,1
3455,0,0,0,0,0,0,0,0,0,0,0,0,0,0
3456,11,29,0,0,0,0,0,0,0,0,1,0,0,0
3457,725,2182,0,0,0,0,26,6,0,16,1,0,33,47
3458,5,16,0,0,0,0,0,0,0,0,3,0,0,0
3459,43,156,0,0,0,0,0,0,0,0,4,0,2,3
3460,189,684,0,0,0,0,0,0,0,0,4,0,8,12
3461,104,379,0,0,32,0,14,28,0,0,10,0,7,7
3462,52,186,0,0,0,0,0,0,0,0,0,0,2,3
3463,51,183,0,1,2,0,93,11,1,0,1,0,7,3
3464,21,76,0,0,1,5,71,12,1,0,1,0,5,1
3465,8,24,0,0,0,0,0,0,0,0,1,0,0,0
3466,0,0,0,4,6,1,129,63,3,0,0,0,9,0
3467,677,1994,0,0,0,0,0,0,0,0,0,0,29,43
3468,466,1286,0,0,0,0,0,64,0,0,0,0,24,30
3469,6,16,0,0,0,0,0,0,0,0,0,0,0,0
3470,7,17,0,0,0,0,0,0,0,0,0,0,0,0
3471,4,15,0,0,1,0,23,0,1,0,1,0,1,0
3472,256,718,1,1,8,23,138,10,1,5,0,0,19,17
3473,191,545,32,18,1,19,37,3,40,0,0,0,21,12
3474,228,646,0,0,0,0,28,0,0,0,0,0,56,15
3475,243,715,12,40,1,0,51,4,13,13,0,0,26,15
3476,213,563,5,1,43,13,215,31,7,7,0,0,77,14
3477,87,257,174,59,2,1,132,7,1,1,0,0,20,6
3478,247,734,39,92,14,1,37,32,0,1,0,0,20,16
3479,31,84,0,0,0,0,0,0,0,0,0,0,1,2
3480,145,373,0,0,0,0,0,0,0,0,0,0,6,9
3481,1,4,0,0,0,0,0,0,0,0,1,0,0,0
3482,86,209,0,1,2,0,34,13,0,0,0,0,6,5
3483,312,692,1,17,9,3,946,363,41,8,0,0,71,20
3484,250,679,33,54,2,1,124,6,9,14,0,35,22,16
3485,188,572,14,33,3,0,114,11,1,1,0,0,15,12
3486,653,1876,0,0,0,0,0,0,0,0,0,0,29,42
3487,2313,6055,0,0,0,0,0,0,0,0,0,0,98,149
3488,421,1262,0,0,0,0,0,0,0,0,0,0,18,27
3489,1,1,0,0,0,0,0,0,0,0,1,0,0,0
3490,53,137,0,0,0,0,0,0,0,0,1,0,2,3
3491,204,661,0,0,0,0,0,0,0,0,0,0,9,13
3492,41,126,0,0,0,0,0,0,0,0,0,0,2,2
3493,333,1056,0,0,0,0,0,0,0,0,0,0,14,22
3494,185,608,0,0,0,0,0,0,0,0,0,0,10,12
3495,28,80,0,0,0,0,0,0,0,0,1,0,1,2
3496,21,60,0,3,9,22,573,77,10,1,0,0,30,1
3497,137,378,0,1,0,0,50,3,1,0,0,0,8,9
3498,2326,6238,0,0,1,2,18,53,0,0,0,0,207,150
3499,619,1670,0,0,0,0,1,0,0,0,0,0,26,40
3500,292,731,36,5,1,26,165,15,5,29,0,0,24,19
3501,291,907,0,0,0,0,0,0,0,0,0,0,12,19
3502,924,2322,0,0,11,0,261,5,4,0,0,0,51,59
3503,16,56,0,0,1,0,70,13,0,0,681,0,4,1
3504,1,2,0,0,0,0,0,0,0,0,67,0,0,0
3505,0,0,0,0,0,0,0,0,0,0,104,0,0,0
3506,40,140,0,0,0,0,0,0,0,0,0,0,2,3
3507,24,84,0,2,1,1,79,13,0,4,72,0,5,2
3508,110,392,11,1,10,0,46,49,1,0,11,0,18,7
3509,73,207,0,0,0,0,0,0,0,0,402,0,3,5
3510,21,58,0,1,3,0,174,29,2,0,20,0,10,1
3511,336,942,0,0,0,1,15,1,0,0,2,0,15,22
3512,125,405,0,0,0,0,0,0,0,0,13,0,5,8
3513,13,44,0,0,0,0,0,0,0,0,12,0,1,1
3514,1,3,0,0,0,0,0,0,0,0,102,0,0,0
3515,148,426,0,0,0,0,0,0,0,0,0,0,6,10
3516,2,5,0,0,0,0,0,0,0,0,0,0,0,0
3517,0,0,0,0,0,0,0,0,0,0,0,0,0,0
3518,1,1,0,0,0,0,0,5,0,0,0,0,0,0
3519,0,0,0,0,0,0,0,0,0,0,0,0,0,0
3520,0,0,0,0,0,0,0,0,0,0,0,0,0,0
3521,1,3,0,0,0,0,0,0,0,0,0,0,0,0
3522,0,0,0,0,0,0,0,0,0,0,0,0,0,0
3523,32,103,115,156,0,0,0,0,0,116,0,0,0,0
3524,0,0,0,0,0,0,0,0,0,0,0,0,0,0
3525,18,95,0,0,0,0,0,0,0,0,0,0,2,0
3526,0,0,0,0,0,0,0,0,0,0,0,0,0,0
3527,4,10,0,0,0,0,0,10,0,32,0,0,0,0
3528,34,83,0,0,0,0,0,0,0,0,0,0,0,0
3529,6,17,0,0,0,0,0,0,0,37,0,0,0,0
3530,2,4,0,0,0,0,0,0,0,0,0,0,0,0
3531,10,24,0,0,0,0,0,0,0,0,0,0,0,1
3532,41,87,2,0,0,0,0,0,0,0,0,0,0,0
3533,54,166,0,0,0,0,0,0,0,0,0,0,0,0
3534,31,76,0,0,0,0,0,0,0,0,0,0,0,0
3535,0,0,0,0,0,0,0,0,0,0,0,0,0,0
3536,0,0,0,0,0,0,0,0,0,0,0,0,0,0
3537,0,0,0,0,0,0,0,0,0,0,0,0,0,0
3538,5,19,0,0,0,0,0,0,0,0,0,0,0,0
3539,0,0,0,0,0,0,0,0,0,0,0,0,0,0
3540,65,247,7,0,0,0,1,0,0,0,0,0,8,0
3541,0,0,0,0,0,0,0,0,0,0,0,0,0,0
3542,1,6,0,0,0,0,0,0,0,0,0,0,0,0
3543,0,0,0,0,0,0,0,0,0,0,0,0,0,0
3544,38,110,0,0,0,0,0,0,26,0,0,0,0,0
3545,36,148,0,0,0,0,0,0,0,0,0,0,0,0
3546,0,0,0,0,0,0,0,0,0,0,0,0,0,0
3547,5,25,0,0,0,0,0,0,0,0,0,0,0,0
3548,2,5,0,0,0,0,0,0,0,0,0,0,0,0
3549,0,0,0,0,0,0,0,0,0,0,0,0,0,0
3550,0,0,0,0,0,0,0,0,0,0,0,0,0,0
3551,15,42,0,0,0,0,0,0,0,0,0,0,0,0
3552,0,0,1,0,8,0,28,1,1,1,0,81,2,0
3553,0,0,0,0,0,0,0,0,0,0,1,0,0,0
3554,0,0,0,0,0,0,0,0,0,0,0,0,0,0
3555,5,9,0,0,0,0,0,0,0,0,0,0,0,0
3556,19,55,0,0,0,0,0,0,0,0,2,0,1,1
3557,0,0,0,0,0,0,0,0,0,0,0,0,0,0
3558,0,0,0,0,0,0,0,0,0,0,0,0,0,0
3559,3,8,0,0,0,0,0,0,0,0,0,0,0,0
3560,274,849,0,0,0,0,0,0,0,0,0,0,11,18
3561,0,0,0,0,0,0,0,0,0,0,0,0,0,0
3562,1,6,0,0,0,0,0,0,0,0,0,0,0,0
