TAZID,TOTHH,HHPOP,RETL,FOOD,MANU,WSLE,OFFI,GVED,HLTH,OTHR,FM_AGRI,FM_MING,FM_CONS,HBJ
1,0,0,0,0,0,0,0,0,0,0,0,0,0,0
2,14,39,0,0,0,0,0,0,0,0,0,0,2,1
3,22,65,0,0,0,0,0,0,0,0,0,0,2,1
4,1,3,0,0,0,0,0,0,0,0,0,0,1,0
5,58,192,0,0,0,0,0,0,2,0,0,0,5,3
6,3,9,0,0,0,8,0,0,0,0,0,0,2,0
7,35.99999997,105.9999999,1.999999998,0,0,26.99999998,0,0,0,5.999999995,85,0,1,3
8,45,150,17,0,0,0,36,0,0,2,0,0,3,3
9,14,40,0,0,0,90,0,0,0,0,0,0,8,1
10,20,59,0,0,0,93,0,0,0,0,0,0,1,1
11,7,23,0,0,0,0,0,0,0,0,0,0,2,0
12,16,50,0,0,0,0,0,0,0,0,0,0,3,1
13,0,0,0,0,0,0,0,0,0,0,0,0,0,0
14,0,0,0,0,0,0,0,0,0,0,0,0,0,0
15,1,3,0,0,109,146,0,0,0,9,19,0,2,0
16,1,3,0,0,2,74,0,0,0,21,0,0,6,0
17,3,10,0,0,0,0,0,0,0,0,0,0,2,0
18,0,0,0,0,467,216,0,0,0,0,0,0,6,0
19,222,733,15,0,0,10,0,0,0,0,0,0,11,10
20,150,378,12,0,0,2,0,0,0,23,0,0,15,9
21,0,0,0,0,385,39,0,0,0,0,0,0,2,0
22,2,6,0,0,9,0,0,0,0,0,0,0,10,1
23,3,10,0,0,20,27,0,0,0,0,0,0,20,1
24,131,433,0,0,0,0,0,0,1,0,0,0,15,6
25,298,985,5,0,0,2,0,102,12,4,0,0,8,18
26,201,564,17,0,13,19,0,46,62,19,0,0,1,11
27,0,0,0,0,0,0,0,0,0,0,0,0,0,0
28,1,3,0,0,78,0,0,0,0,0,0,0,29,1
29,229,725,0,0,0,2,0,0,0,0,0,0,14,9
30,286,660,13,0,0,8,41,0,27,9,0,0,0,19
31,217,523,5,66,73,0,39,0,0,36,0,0,6,12
32,111,311,0,0,0,2,0,0,0,0,0,0,8,7
33,161,388,0,0,0,14,0,0,0,0,0,0,8,9
34,198,555,2,0,14,0,5,0,0,0,0,0,0,10
35,277,717,0,0,0,0,0,0,0,0,0,0,0,16
36,77,194,0,0,0,0,0,0,0,0,0,0,10,6
37,0,0,0,0,0,0,0,0,0,4,0,0,7,0
38,0,0,0,0,1426,0,0,21,3,0,0,0,2,0
39,59,187,17,0,0,0,0,0,3,109,0,0,6,4
40,288,665,37,0,0,21,58,79,24,53,0,0,1,20
41,107,247,211,0,0,0,0,0,22,102,0,0,5,7
42,64,149,0,0,0,0,3,0,0,72,0,0,4,4
43,190,493,0,0,0,2,0,38,37,0,0,0,11,11
44,98,296,0,0,0,0,0,0,0,0,0,0,13,8
45,89,267,0,0,0,0,36,0,0,0,0,0,31,5
46,0,0,0,0,0,0,0,0,0,0,0,0,0,0
47,2,6,0,0,0,0,0,0,0,0,0,0,0,0
48,8,26,0,0,0,0,0,0,0,0,0,0,2,0
49,0,0,74,29,0,0,0,0,0,0,0,0,4,0
50,3,10,0,0,12,41,33,94,43,4,0,0,22,1
51,5,14,0,0,11,39,16,0,11,0,0,0,17,1
52,50,112,0,0,169,0,0,0,22,1495,0,0,0,3
53,238,536,284,48,6,64,63,332,53,456,0,0,6,13
54,138,428,12,53,18,0,91,215,64,168,0,0,6,10
55,162,500,0,0,1,0,3,195,0,15,0,0,2,9
56,38,114,0,0,0,0,0,0,0,0,0,0,2,2
57,51,153,0,0,0,0,0,0,0,0,0,0,5,5
58,0,0,0,0,0,0,0,0,0,0,0,0,0,0
59,0,0,0,0,0,0,0,0,0,0,0,0,0,0
60,0,0,0,0,0,0,0,0,0,0,0,0,0,0
61,253,872,0,0,0,0,0,0,0,0,0,0,14,13
62,200,687,2,0,0,0,0,0,0,13,0,0,9,12
63,19,52,0,0,0,0,0,199,0,0,0,0,1,1
64,219,752,0,91,0,0,0,0,0,21,0,0,7,12
65,270,743,42,0,0,0,0,5,1,23,0,0,0,16
66,135,290,52,26,0,0,0,0,7,38,0,0,1,10
67,134,414,84,0,0,0,3,0,1,38,0,0,0,8
68,168,518,0,0,0,0,0,0,17,17,0,0,0,11
69,29,88,0,0,0,0,0,0,0,21,0,0,3,2
70,101,218,0,0,0,0,8,0,0,15,0,0,4,5
71,0,0,0,0,0,0,0,0,0,0,0,0,0,0
72,91,280,2,0,0,4,0,0,0,75,0,0,7,5
73,3,11,0,0,0,0,0,0,0,0,0,0,0,0
74,0,0,0,0,0,0,0,0,0,0,0,0,0,0
75,130,447,5,16,0,0,0,41,86,15,0,0,109,14
76,86,294,0,0,0,0,0,0,5,2,0,0,114,11
77,76,261,0,0,38,0,0,156,469,9,0,0,109,14
78,416,1110,66,22,0,2,0,0,9,66,0,0,48,28
79,40,107,61,116,0,0,14,57,87,21,0,0,142,12
80,158,422,20,101,0,0,22,118,0,0,0,0,120,19
81,23,49,0,0,0,0,0,57,0,102,0,0,24,6
82,333,715,51,83,4,8,47,0,64,130,0,0,2,23
83,0,0,76,134,0,0,0,0,0,11,0,0,1,0
84,0,0,84,26,0,0,5,64,12,15,0,0,1,0
85,41,135,3,0,0,21,5,0,10,43,0,0,7,3
86,1,3,22,4,0,0,0,0,0,0,0,0,3,0
87,0,0,0,0,0,0,0,0,0,0,0,0,0,0
88,3,10,0,0,0,0,0,0,0,0,12,0,0,0
89,67,218,3,334,0,8,0,0,0,38,0,0,49,5
90,53,173,514,80,20,0,166,52,0,9,0,0,17,4
91,201,659,0,0,0,4,121,0,2,23,0,0,24,13
92,209,687,0,0,8,2,11,0,18,30,0,0,14,11
93,0,0,0,0,0,0,0,0,0,0,0,0,0,0
94,21,73,0,0,0,0,0,0,0,0,0,0,8,2
95,246,854,0,53,0,2,5,0,18,32,0,0,19,15
96,244,801,0,0,0,0,0,0,9,4,0,0,1,16
97,0,0,0,0,0,0,0,0,0,0,0,0,0,0
98,0,0,0,0,0,0,0,0,0,0,0,0,0,0
99,0,0,0,0,0,0,0,0,0,0,0,0,0,0
100,20,58,0,0,0,0,0,0,2,0,0,0,31,3
101,447,1296,0,16,0,10,5,17,23,43,0,0,20,25
102,0,0,0,0,0,0,0,0,0,0,0,0,0,0
103,222,643,0,0,0,4,0,0,2,2,0,0,16,12
104,67,193,0,0,1,0,0,118,0,0,0,0,18,5
105,27,75,0,5,0,0,0,0,0,0,0,0,30,4
106,7,21,10,0,0,0,0,0,0,0,211,0,14,2
107,0,0,0,0,0,0,0,0,0,0,0,0,0,0
108,10,26,0,0,0,0,0,0,0,0,0,0,76,4
109,0,0,0,0,0,0,0,0,0,0,0,0,0,0
110,2,5,0,0,0,0,0,0,0,0,0,0,6,0
111,0,0,0,0,0,0,0,0,0,0,0,0,0,0
112,0,0,0,0,0,0,0,0,0,0,0,0,15,1
113,25,69,0,0,0,0,0,0,0,0,0,0,37,3
114,33,93,0,0,0,2,0,0,0,0,0,0,33,4
115,0,0,59,0,0,0,0,0,0,0,0,0,1,0
116,0,0,0,0,20,0,0,0,0,0,0,0,0,0
117,20,55,22,0,0,0,0,0,0,0,0,0,2,1
118,4,12,0,0,0,0,0,0,0,0,0,0,9,1
119,0,0,0,0,0,0,0,36,0,0,0,0,0,0
120,23,63,2,0,0,0,0,0,0,0,0,0,24,3
121,48,130,0,0,0,2,0,0,0,2,0,3,2,3
122,15,42,0,0,0,0,0,0,0,0,0,0,17,2
123,0,0,0,0,0,0,0,0,0,0,0,0,0,0
124,72,197,0,0,0,0,0,0,0,2,0,0,5,5
125,63,174,0,0,0,0,14,56,0,0,0,0,2,4
126,185,525,0,0,7,2,0,0,0,0,0,0,0,11
127,21,58,0,0,0,0,0,0,0,0,0,0,2,6
128,84,232,0,0,0,10,0,0,0,0,0,0,9,4
129,70,191,0,0,0,0,0,0,0,0,0,0,12,2
130,48,135,0,0,1,0,0,0,0,0,0,0,3,4
131,115,327,0,0,0,0,0,0,0,0,0,0,7,4
132,34,96,0,0,4,0,0,0,0,0,58,0,9,2
133,177,487,0,0,0,0,3,0,0,4,0,0,4,9
134,2,5,0,0,0,0,0,0,0,0,0,0,0,0
135,6,17,0,0,0,0,0,0,0,0,0,0,0,0
136,157,447,0,0,0,10,11,0,0,2,0,0,15,10
137,4,11,0,0,0,55,0,0,0,0,0,0,0,0
138,155,426,0,0,13,0,33,0,0,17,0,0,6,9
139,42,120,0,0,0,0,0,13,0,0,0,15,21,3
140,3,8,0,0,0,0,0,0,0,0,0,0,0,0
141,0,0,0,0,0,0,0,0,0,0,0,0,0,0
142,0,0,0,0,0,0,0,0,0,0,0,0,0,0
143,58,159,40,0,0,66,0,0,0,0,0,0,2,4
144,0,0,0,0,0,0,0,0,0,0,0,0,0,0
145,15,37,0,0,0,0,0,0,0,0,0,0,2,1
146,0,0,0,0,0,0,0,0,0,0,0,0,0,0
147,0,0,0,0,0,0,0,0,0,0,0,0,0,0
148,0,0,0,0,0,0,0,0,0,0,0,0,0,0
149,0,0,0,0,0,0,0,0,0,0,0,0,0,0
150,463,1724,29,0,0,4,5,48,8,23,0,0,43,23
151,34,126,0,0,26,0,0,0,0,0,0,0,1,1
152,3,9,0,0,0,0,0,0,0,0,0,0,0,0
153,0,0,0,0,0,0,0,0,0,0,0,0,0,0
154,0,0,0,0,0,0,0,0,0,0,3,0,0,0
155,14,42.23022937,0,0,0,0,0,0,0,0,22,0,1,1
156,5.5,18.08907857,0,0,0,0,0,0,0,0,29,0,0,0
157,50,146.8258137,0,0,0,0,0,0,0,0,44,0,22,3
158,95,273.5738598,0,0,0,0,0,0,0,0,32,0,4,4
159,0,0,0,0,280,0,0,0,0,0,46,64,10,0
160,2.5,6.042433096,0,0,0,0,0,0,0,0,16,0,0,0
161,24,62.40359362,0,0,5,0,0,0,0,0,6,0,1,1
162,56,161.9271578,0,0,0,0,0,0,0,0,42,0,3,3
163,8,23.13245111,0,0,0,0,0,0,0,0,4,0,0,0
164,1,2.017336425,0,0,0,0,0,0,0,0,19,0,0,0
165,0,0,0,3,435,0,0,0,0,18,9,0,17,0
166,28,82.46224168,0,0,0,0,0,0,0,0,27,0,1,1
167,14,37.23468672,0,0,0,0,0,0,0,0,18,0,1,1
168,50,134.8365113,0,0,0,0,0,0,0,0,4,0,2,2
169,20,53.33513939,0,0,0,0,0,0,0,0,9,0,1,1
170,27,77.44757967,0,11,0,0,0,0,0,0,18,0,1,1
171,40,114.663147,0,0,0,0,0,0,0,0,17,0,23,2
172,84,223.4081203,0,0,0,0,0,79,0,0,11,0,6,4
173,79,212.3223297,0,0,0,0,0,0,0,0,20,0,4,4
174,27,71.45292849,0,0,0,0,0,0,0,0,22,0,1,1
175,33,90.55070675,9,0,1,1,1,2,1,4,7,0,101,9
176,10,26.16801543,0,0,0,0,0,0,0,0,9,0,0,0
177,26.5,76.93853468,0,0,0,0,0,0,0,0,9,0,1,1
178,32,93.52891297,0,0,0,0,0,9,0,4,19,0,25,5
179,5.25,16.58568465,0,0,0,0,0,0,0,0,22,0,0,0
180,29,82.48136105,0,0,0,0,0,0,0,0,14,0,1,1
181,39,109.648485,0,0,0,0,0,0,0,0,8,0,1,2
182,43,118.7169392,0,0,1,1,1,2,1,2,9,0,2,2
183,20,55.33335645,0,0,0,0,0,5,1,4,26,0,1,1
184,91,253.5152118,0,0,0,0,0,0,0,0,13,0,3,4
185,45,124.7498291,0,0,0,0,0,0,0,0,10,0,2,2
186,9,28.14711313,0,0,0,0,0,0,0,0,5,0,0,0
187,14,42.23022937,0,4,0,0,1,0,0,0,5,0,1,1
188,3.5,9.808192209,0,0,0,0,0,0,0,0,31,0,0,0
189,65,179.084077,0,0,0,0,0,0,0,0,10,0,2,3
190,69,194.1471825,0,0,4,0,0,0,0,0,6,0,13,3
191,140,392.3290378,0,0,0,0,0,0,0,0,6,0,6,6
192,3,9.049334866,0,0,0,0,0,0,0,0,17,0,0,0
193,197,554.275315,0,0,0,0,0,0,0,0,3,0,26,9
194,0,0,0,0,0,0,0,0,0,0,2,0,0,0
195,72,256.1492694,0,0,0,0,0,0,0,0,11,0,24,3
196,90,321.4354725,0,0,0,0,0,0,0,0,7,0,3,4
197,138,489.2043265,0,0,0,0,0,0,0,0,8,0,5,6
198,25,89.39864331,0,0,0,0,0,0,0,0,14,0,1,1
199,0,0,0,0,0,0,0,0,0,0,13,0,54,1
200,52.25,155.361221,0,0,0,0,0,0,0,0,24,0,58,4
201,23,78.37021074,0,0,0,0,0,0,0,0,18,0,11,1
202,29.5,95.72908852,0,0,0,0,0,0,0,0,15,0,32,3
203,69.25,194.4017395,0,0,0,1,7,0,0,1,20,0,3,3
204,86.5,290.6458573,0,0,0,0,0,0,0,0,12,0,38,5
205,236.25,789.3167176,0,0,0,0,0,0,0,0,3,0,9,11
206,104,346.6808568,0,0,0,0,0,0,0,0,6,0,5,5
207,20.25,59.33448721,0,0,0,0,0,0,0,0,18,0,61,2
208,74.5,251.9508469,0,0,0,0,0,0,0,0,4,0,3,3
209,58.75,197.1983223,0,0,0,0,0,0,0,0,15,0,2,3
210,13,35.2173503,0,0,0,0,0,0,0,0,17,0,52,2
211,6,18.09866974,0,12,0,0,0,0,0,0,8,0,3,1
212,118.5,332.2210876,1,0,1,6,2,6,2,14,2,0,6,5
213,250,1020.873217,135,63,16,23,22,125,11,80,3,0,27,11
214,350,1428.423216,0,0,0,0,0,0,0,0,7,0,13,15
215,132.9999999,377.2085741,0.999999999,0,4.999999997,4.999999997,4.999999997,8.999999995,4.999999997,18.99999999,9,0,10,6
216,78,218.2978615,0,0,0,1,0,0,0,2,0,0,3,3
217,125,510.9361624,16,0,0,1,0,0,0,10,2,0,87,7
218,253,1032.919877,0,0,0,0,0,0,0,0,2,0,9,11
219,122,344.0276799,0,0,0,0,0,179,0,2,1,0,11,5
220,155,340.6621846,0,0,0,0,0,0,1,0,10,0,6,7
221,250,549.2939901,0,0,0,0,0,0,0,0,15,0,10,12
222,100.25,289.4102304,0,0,0,0,0,0,0,0,11,0,4,4
223,93,250.556125,0,0,0,0,0,0,0,0,2,0,3,4
224,667,2045.938475,0,0,0,0,25,113,0,64,0,0,32,28
225,28,85.45956728,149,90,11,185,62,108,45,228,0,0,45,1
226,325,996.3303469,0,0,0,0,0,0,15,0,4,0,17,14
227,80,245.3120306,24,1,3,77,15,109,11,58,4,0,191,8
228,307,1199.804339,0,0,0,0,0,124,0,0,1,0,16,13
229,139,543.1753065,1,0,0,0,2,5,1,26,3,0,7,6
230,0,0,9,156,0,1095,2,0,0,155,1,0,86,1
231,0,0,390,261,1968,200,54,43,38,528,0,0,128,0
232,101,393.5815997,0,0,0,0,0,0,0,0,2,0,4,4
233,56.25,219.6303998,8,0,6,8,22,28,22,87,2,0,10,2
234,155,541.4829993,0,0,1,1,1,3,2,16,5,0,10,7
235,81,179.3899869,12,0,507,30,43,62,52,157,14,0,154,12
236,255,889.0864873,12,0,11,0,0,0,0,13,7,0,11,11
237,20,69.32087588,7,0,4,8,22,69,20,99,5,0,10,1
238,414,908.1122026,47,0,4,116,17,94,14,77,6,0,31,20
239,9,31.14443872,0,0,0,1,0,0,0,0,3,0,0,0
240,21,57.35069288,0,0,0,0,0,0,0,0,0,0,1,1
241,1,2.017336425,0,0,0,0,0,0,0,0,0,0,0,0
242,7,22.11422321,0,0,0,0,0,0,0,0,1,0,0,0
243,133,372.2130317,0,0,0,0,1,1,0,2,2,0,5,6
244,0,0,0,4,0,0,0,0,0,0,9,0,0,0
245,257.25,980.2981592,12,78,120,47,19,14,12,57,2,0,29,11
246,36,127.5750805,0,0,0,0,0,0,0,0,5,0,1,2
247,470.25,1641.783997,0,0,0,0,0,0,0,0,2,0,17,20
248,108,300.7983419,0,0,0,0,0,0,0,0,0,0,6,5
249,303,1153.768869,0,0,0,0,0,0,0,0,0,0,11,13
250,276,769.5949703,2,0,4,12,13,120,33,72,0,0,20,12
251,91,345.4331966,0,0,0,0,0,202,0,0,0,0,11,4
252,67.75,208.8600652,38,294,409,17,64,14,8,132,10,0,39,3
253,506.75,1938.218061,35,18,208,280,49,66,160,203,3,0,111,23
254,330,1259.940825,1,23,17,7,5,91,5,28,3,0,20,15
255,239,588.0489097,0,0,1,0,19,28,14,76,2,0,14,10
256,78,193.3201482,1,0,0,5,2,3,2,15,1,0,7,3
257,375,1108.187362,74,68,10,61,19,18,16,95,2,0,28,16
258,1,4.015553486,6,0,4,31,22,22,17,51,2,0,6,0
259,138,337.3398299,7,0,9,6,28,55,34,107,1,0,14,6
260,0,0,0,0,0,0,0,0,0,0,0,0,34,1
261,78.5,282.9997847,0,0,0,0,0,0,0,0,0,0,3,4
262,50.25,179.301593,0,0,0,0,0,0,0,0,0,0,37,3
263,349,1177.627856,2,0,0,1,3,0,0,2,0,0,15,15
264,745,2514.01347,0,0,0,0,0,0,0,0,0,0,30,31
265,346.25,1083.908825,0,0,0,0,0,87,0,0,0,0,16,15
266,213,718.4350238,0,0,0,0,0,0,0,0,1,0,8,9
267,289,1099.549337,0,0,0,0,0,0,0,0,0,0,11,12
268,149,466.4351433,0,0,0,0,0,0,0,0,0,0,6,6
269,108,263.8313263,2,0,11,5,29,12,74,41,3,0,11,5
270,66,161.1192429,170,112,1,10,2,2,2,47,0,0,15,3
271,366.25,1064.808658,6,0,1,2,4,68,25,24,0,0,26,16
272,208,617.4294654,0,0,7,0,0,92,0,13,0,0,12,9
273,307,925.0494927,0,0,0,0,0,0,0,0,0,0,11,13
274,605,1999.793191,0,0,0,0,0,0,0,0,0,0,22,26
275,15.25000009,32.5128206,0,0,0,1.000000006,1.000000006,3.000000018,1.000000006,5.000000029,1,0,5,3
276,767.25,2169.49669,50,30,3,6,9,85,18,65,1,0,41,32
277,12,29.20357975,33,0,1,2,4,3,5,33,1,0,3,1
278,486.75,1218.227758,268,172,21,7,22,153,139,109,2,0,78,22
279,103,258.7401868,2,0,3,2,8,23,8,33,3,0,7,5
280,147,426.4325634,0,0,0,0,0,0,0,0,0,0,5,6
281,303,757.3726185,0,0,0,0,0,1,0,0,6,0,15,13
282,487.25,1567.425539,55,15,13,13,53,44,40,177,3,0,34,21
283,462,1401.590438,19,77,3,5,15,100,14,56,0,0,28,20
284,373,1131.128619,0,0,0,0,3,0,4,1,1,0,14,16
285,46.25,132.7665134,0,0,0,0,0,0,1,7,3,0,2,2
286,205,584.4015258,2,7,1,2,48,3,41,29,1,0,12,9
287,126.5,368.8416494,0,0,0,0,0,0,0,0,0,0,5,6
288,983,2646.44977,20,1,12,58.25,9,223,7,69,2,0,51,42
289,45,138.7373486,53,4,14,2,16,15,14,100,4,0,10,2
290,119,410.9105933,0,0,0,0,0,0,0,0,2,0,4,5
291,425.5,1370.169979,0,0,0,0,0,2,0,0,0,0,16,18
292,127,401.0724628,58,15,8,8,24,18,34,103,9,0,15,6
293,373.25,1173.345707,19,0,6,12,24,43,18,76,2,0,22,16
294,191,599.1204826,476,115,23,30,68,99,81,284,2,0,304,8
295,8,15.13958287,0,0,0,0,0,0,0,0,4,0,0,0
296,10,26.16801543,0,0,0,0,0,0,0,0,9,0,0,0
297,43.25,120.2203991,0,0,0,0,0,0,0,0,19,0,2,2
298,29,64.4974075,0,0,0,0,0,0,0,0,10,0,1,1
299,18,40.30848977,51,21,5,63,22,22,14,67,2,0,10,1
300,5,17.08044184,92,9,19,2,23,154,16,186,3,0,19,0
301,12,42.19199065,0,0,0,0,0,0,0,0,3,0,0,1
302,80.25,223.5861998,0,0,0,0,3,5,1,5,12,0,10,4
303,55.75,156.1774934,17,40,2,4,9,6,8,56,3,0,8,2
304,72.25,199.4546402,1,0,0,0,2,55,1,6,5,0,5,3
305,1.25,2.521687771,0,0,0,0,0,0,0,0,11,0,0,0
306,27,76.44847114,0,0,0,0,0,0,0,0,9,0,1,1
307,92.25,258.7844997,0,0,0,0,0,0,0,0,9,0,3,4
308,45.25,126.253289,86,3,10,18.25,40,59,38,156,4,0,53,3
309,181.5,501.7756303,40,10,74,8,22,30,16,76,8,0,18,8
310,0,0,59,1,18,25,7,0,4,64,1,0,7,0
311,23,63.38358279,280,162,150,39,121,220,86,453,3,0,58,1
312,414,1595.498872,1,0,2,3,7,49,230,180,7,0,33,18
313,713,2026.835796,0,19,0,1,1,44,1,8,0,0,29,30
314,589.75,1697.521049,0,0,0,1,0,1,1,10,1,0,23,26
315,0,0,182,2,311,274,71,4,43,530,0,0,52,0
316,1187,3770.350782,5,0,4,10,20,26,59,109,0,0,53,50
317,514.5,1321.666289,0,0,0,1,0,0,1,5,0,0,19,22
318,116,294.9566456,0,0,0,0,0,0,0,0,0,0,4,5
319,0,0,282,16,1569,495,124,248,38,348,0,0,116,0
320,615.75,1643.067,0,0,0,1,0,27,0,19,2,0,26,28
321,518,1281.76899,0,0,0,2,4,116,0,14,0,0,27,22
322,333,698.7489598,40,0,11,17,44,26,37,160,0,0,26,14
323,367,844.2697551,45,0,2,67,6,5,6,55,0,0,21,16
324,392.75,904.4586755,162,22,35,16,44,65,40,184,0,0,36,17
325,465,1195.831439,0,0,0,0,0,0,0,0,0,0,17,20
326,0,0,157,1,1279,389,350,561,195,1380,2,0,163,0
327,510,1243.649911,0,0,1,31,3,76,2,48,3,0,25,22
328,328,685.664952,58,58,1,3,7,6,7,334,0,0,31,14
329,871.75,2078.327834,65,3,18,11,15,123,15,91,0,0,47,38
330,440,1372.195664,28,0,2,5,10,81,6,27,0,0,23,19
331,315,664.4351212,0,0,0,0,0,413,0,0,0,0,27,13
332,352.0000001,873.9562207,3.000000001,0,4.000000001,3.000000001,7.000000001,46.00000001,8.000000001,39.00000001,0,0,19,17
333,630.25,1938.331071,95,32,150,36,79,102,63,335,0,0,62,31
334,314,667.4133274,265,309,10,27,47,39,89,231,0,0,52,13
335,465,1272.762795,25,466,6,44,18,16,18,135,0,0,45,20
336,214,668.4987166,2,0,2,3,7,93,9,24,0,0,14,10
337,328,1037.351155,1,0,2,8.999999999,8.999999999,296,68.99999999,30,0,0,28,14
338,495.9999997,1375.014881,0,0,0,0,0,1.999999999,0,4.999999997,0,0,30,27
339,2,5.03378138,38,12,16,20,46,340,74,168,0,0,28,0
340,402,855.9291266,232,114,1582,162,126,189,107,348,0,0,115,22
341,84,176.4500194,87,69,8,11,44,143,22,69,0,0,20,4
342,233.25,712.3280027,0,71,0,0,1,0,0,1,0,0,11,10
343,144.25,439.8679675,9,142,0,2,2,1,1,38,0,0,13,6
344,354.75,765.3555377,65,6,24,21,43,22,39,131,0,0,32,16
345,221.75,456.3363297,0,0,0,1,2,8,25,9,0,0,11,10
346,403.25,665.3731426,2,47,1,0,1,67,1,8,0,0,20,17
347,696,1160.28367,164,0,4,4,18,11,26,67,0,0,37,29
348,193.2500004,432.062635,1.000000002,103.0000002,2.000000005,2.000000005,17.00000004,19.00000004,14.00000003,120.0000003,0,0,18,9
349,199,422.4312277,0,0,0,0,0,0,0,0,0,0,7,8
350,259,562.4544752,6,0,0,1,1.25,1,1,8,0,0,10,11
351,3,10.0484434,16,0,10,34,10,12,5,32,0,0,4,0
352,32.25,65.8084311,2,0,1,214,1,0,1,56,0,0,11,1
353,99.99999759,205.979815,328.9999921,9.999999759,8.999999783,19.99999952,46.99999887,6.999999831,37.99999908,132.9999968,0,0,27,5
354,0,0,44,0,3,6,9,0,8,47,0,0,4,0
355,19.5,58.07136247,40,0,18,18,5,1,5,17,0,0,20,1
356,236,487.3312286,9,11,3,4,8,0,5,27,0,0,12,11
357,49,147.8058028,0,0,0,0,0,0,0,2,0,0,2,2
358,97.5,203.1844888,25,136,29,0,0,0,0,0,0,0,11,4
359,78,239.2791407,12,0,2,2,7,1,4,28,0,0,35,4
360,345.75,607.0747192,0,34,0,0,0,0,9,128,0,0,20,16
361,159.25,454.1422774,0,0,0,0,0,300,0,0,0,0,17,7
362,306,690.2398687,103,29,3,6,14,6,14,74,0,0,21,13
363,244,701.0438155,0,0,0,0,0,0,0,0,0,0,15,11
364,1.25,2.022167985,147,81,83,281,14,3,7,64,0,0,25,0
365,0,0,4,0,4,99,11,70,11,27,1,0,29,0
366,60,191.9768912,123,1,193,83,43,43,33,186,0,0,30,3
367,0,0,3,0,1,2,2,2,3,9,0,0,1,0
368,31.00000048,63.53653868,15.00000023,0,3.000000046,42.00000065,7.000000108,1.000000015,9.000000139,19.00000029,0,0,38,3
369,0,0,67,2,46,78,169,3,147,361,0,0,35,0
370,8,16.13869139,23,12,21,67,48,6,36,331,0,0,58,2
371,0,0,23,3,69,50,97.25,54,97,291,0,0,40,0
372,269.25,557.4049626,195,38,4,15,77,451,13,240,0,0,50,12
373,156.25,321.2034129,56,217,52,57,354,6,114,997,0,0,76,7
374,120.25,248.5793735,6,0,2,3,7,0,7,22,0,0,7,6
375,164.5,343.0918405,39,5,30,40,198,296,220,313,0,0,51,8
376,93.5,192.8671467,10,0,6,12,21,2,24,60,0,0,100,7
377,597.75,1018.030472,5,0,5,9,42,20,149,72,0,0,37,29
378,303.5,535.0802843,3,0,0,0,0,54,0,1,0,0,14,13
379,697,1835.700157,1,0,2,2,6,3,5,17,0,0,28,30
380,460.75,1315.393473,1,0,2,4,3,5,5,14,0,0,20,20
381,388,1022.51258,16,0,1,0,2,3,2,11,0,0,16,16
382,156,452.0818708,0,0,0,0,1,0,0,0,0,0,6,7
383,0,0,83,13,1034,263,282,59,36,103,0,0,70,0
384,6,17.0995612,124,16,300,241.25,93,31,26,167,0,0,37,0
385,8,26.1297767,54,5,166,29,21,21,19,89,0,0,15,0
386,6,17.0995612,40,7,143,509,7,13,5,57,0,0,29,0
387,293,946.0128262,7,13,177,29,46,7,5,71,0,0,50,13
388,0,0,0,0,0,12,0,0,0,0,0,0,0,0
389,90,139.5977199,8,3,47,14,26,2,24,100,0,0,21,4
390,69.75,106.9893027,38,201,26,32,117,37,75,304,0,0,37,5
391,28.5,90.96422387,2,0,10,4,33,394,10,59,0,0,22,3
392,0,0,59,285,42,46,156,63,153,294,0,0,49,0
393,114.5,176.2837454,53,2,15,21,110,3,89,273,0,0,129,8
394,0,0,65,131,92,143,1139.25,5424,294,827,0,0,307,0
395,153.75,237.4802848,27,4,23,31,104,60,100,248,0,0,44,7
396,365.75,565.2449097,42,141,43,43,187,279,131,436,0,0,70,16
397,559.25,1483.628255,28,0,4,17,17,19,92,51,0,0,30,24
398,690.75,1294.563349,20,3,5,7,157,58,25,96,0,0,40,30
399,546,1251.331967,58,0,1,1,5,5,3,25,0,0,24,23
400,486,886.5093006,43,1,43,28,168,317,90,378,0,0,33,22
401,322,840.4120581,0,15,0,2,1,37,1,18,0,0,15,14
402,357,859.0651894,2,0,0,1,2,8,56,12,0,0,16,15
403,217.5000012,493.971542,0,0,0,0,4.000000022,0,2.000000011,13.00000007,0,0,11,10
404,181.75,411.111287,0,0,0,0,0,37,1,0,0,0,8,8
405,9,26.14889607,574,139,183,68,96,5,50,530,0,0,61,0
406,1.25,1.25,53,29,5,1,7,2,4,57,2,0,6,0
407,0,0,131,37,69,33,4,0,5,118,0,0,15,0
408,0,0,168,12,28,366,25,0,14,123,0,0,27,0
409,17,52.27867276,60,2,337,355,34,16,29,103,0,0,58,1
410,88,292.4230864,42,0,4,10,16,1,12,44,0,0,8,4
411,314,1029.090615,6,0,10,5,12,1,8,32,0,0,14,13
412,96,217.6429016,32,5,2,3,1,0,1,604,0,0,28,4
413,165,380.8177195,32,14,16,23,55,4,42,144,0,0,19,7
414,68,153.1646134,20,5,2,64,13,35,13,33,0,0,10,3
415,415,1296.78454,3,0,5,6,7,5,9,38,0,0,18,18
416,425,1014.22802,6,0,1,1,2,1,2,9,0,0,17,18
417,360,927.0619276,50,24,7,10,34,56,62,129,0,0,92,16
418,411,1215.780272,2,0,0,1,1,34,10,85,0,0,20,17
419,521,1134.957394,0,0,0,0,9,1,13,6,0,0,20,22
420,149,384.5082439,0,0,0,0,0,157,0,0,0,0,11,6
421,106.25,273.2893707,0,0,1,0,8,36,5,11,0,0,6,5
422,0,0,1,0,3257,70,478,48,47,22,0,0,143,0
423,36.25,88.61460738,123,1,24,111,51,8,38,182,0,0,22,2
424,0,0,160,2,108,13,23,10,52,98,0,0,17,0
425,142,406.354796,191,16,17,26,54,13,56,260,0,0,30,6
426,179,514.9659337,78,0,15,31,78,5,170,144,0,0,29,8
427,75.25,201.7600097,35,38,10,17,51,61,61,125,0,0,19,5
428,58,157.9689624,28,0,12,23,43,6,34,128,0,0,13,2
429,120,325.006379,65,0,17,25,57,16,55,183,0,0,22,6
430,384,1139.3318,0,0,0,0,0,0,0,0,0,0,17,16
431,241,748.9436219,0,0,0,4,3,6,3,26,0,0,11,10
432,786,1551.65674,21,47,19,14,41,65,32,171,0,0,43,35
433,367.9999999,943.4502361,5.999999998,0,7.999999997,4.999999998,15.99999999,167.9999999,52.99999998,89.99999996,0,0,27,16
434,0,0,476,271,17,122,110,43,62,301,0,0,52,0
435,77,208.2876568,11,0,7,12,32,8,38,170,0,0,14,3
436,478,1010.245803,36,27,18,19,63,53,58,234,0,0,38,21
437,221.0000001,727.5798658,1,44.00000001,1,15,16,3271.000001,22.00000001,61.00000002,0,0,139,10
438,178,451.0038684,0,0,0,0,0,0,0,0,0,0,7,8
439,262.25,641.9457586,12,1,23,19,206,48,388,970,0,0,72,12
440,163.25,396.5202305,174,66,8,16,29,15,3568,416,0,0,168,7
441,247.25,600.4456581,33,134,3,14,8,103,9,69,0,0,45,12
442,254.5,622.5646439,2,31,0,49,1,0,1,522,0,0,32,11
443,422.5,1047.400497,11,105,20,3,11,180,253,114,0,0,60,18
444,459,1345.583002,0,0,0,0,0,0,0,0,0,0,17,19
445,178.75,510.964716,0,0,0,0,0,0,0,0,0,0,7,8
446,239.25,679.4721374,3,53,10,3,9,20,9,86,0,0,16,10
447,408.75,1265.692835,77,7,19,3,17,1,8,99,2,0,24,18
448,591.25,1835.926038,78,14,28,114,51.25,74,49,203,1,0,46,26
449,274,767.5585145,0,0,0,0,0,0,0,0,4,0,10,12
450,209,648.4209492,0,0,0,116,0,53,0,0,5,0,15,9
451,0,0,56,91,19,56,54,86,53,167,0,0,22,0
452,66,181.1014135,0,0,0,0,0,0,0,0,12,0,2,3
453,351.25,1090.748484,128,64,163,44,40,12,11,153,4,0,36,15
454,178,552.9129385,2,13,215,14,1,30,9,42,1,0,19,8
455,527.5,1635.884872,62,88,30,48.5,70,67,64,284,0,0,56,23
456,153,542.4438692,0,0,0,0,0,0,0,0,7,0,6,6
457,139.25,431.7795025,93,36,30,13,37,56,29,145,11,0,22,6
458,184,653.9376163,1,0,1,0,8,119,15,14,7,0,13,8
459,432.25,1338.327555,52,132,87,189,25,3,9,175,6,16,41,19
460,365.5,1137.479364,0,50,0,5,0,170,0,47,1,0,24,15
461,252.5,786.8798378,0,0,0,0,0,0,0,0,11,0,9,11
462,309,959.0574215,0,0,0,0,0,1,0,35,7,0,13,13
463,93,288.5222491,0,0,0,1,6,0,0,22,7,0,21,5
464,414.5,1287.533244,6,9,4,15,13,9,10,43,3,0,20,18
465,785,2093.154444,6,44,8,3,5,0,1,9,2,0,32,33
466,292,904.7805316,1,0,0,1,2,3,1,10,3,0,12,12
467,718,2255.727246,2,0,1,0,7,1,4,12,1,0,28,30
468,261,814.2680636,0,0,0,1,1,0,1,2,1,0,108,14
469,311,900.1482569,0,0,0,0,0,0,0,0,2,0,11,13
470,217,631.5890591,0,0,1,5,0,188,0,3,0,0,15,9
471,148,465.4169154,0,0,0,0,0,96,0,0,1,0,9,6
472,306,959.9991719,1,0,1,13,5,14,3,19,1,0,13,13
473,332,1042.423193,8,30,7,6,34,19,18,129,4,0,104,18
474,146,456.3866999,0,0,0,0,0,0,0,0,0,0,5,6
475,281.25,1033.95957,0,0,0,0,0,0,0,0,22,0,10,12
476,45,165.7132789,0,0,0,0,0,0,0,0,24,0,2,2
477,109.25,401.7321194,0,0,0,0,0,0,0,0,14,0,4,5
478,29,107.4590743,0,0,0,0,0,0,0,0,11,0,6,1
479,111,406.7612042,4,0,0,0,6,21,1,6,4,0,6,5
480,126,460.9998553,2,3,1,11,7,5,17,26,3,0,7,5
481,93.5,340.4854628,0,0,7,0,1,0,0,1,4,0,4,4
482,60,216.9546044,0,0,0,0,0,0,0,0,4,0,2,3
483,109.25,398.9846543,0,0,0,0,0,0,0,0,3,0,4,5
484,215,834.369852,0,0,0,0,0,0,0,0,5,0,9,9
485,239,929.7440271,1,0,0,1,2,1,1,17,4,0,10,10
486,81,239.3364988,0,0,0,0,0,0,0,0,24,0,3,3
487,111,328.8307388,0,0,0,0,0,0,0,0,13,0,4,5
488,99,292.6333994,0,0,0,0,0,0,0,0,14,0,4,4
489,162.25,531.1308364,12,10,0,5,0,0,0,3,1,0,7,7
490,101,330.6377623,5,3,26,7,4,97,1,16,1,0,10,4
491,56,181.9093284,17,0,0,0,0,1,0,1,5,0,3,2
492,165,489.7205494,0,0,0,0,0,0,0,0,3,0,6,7
493,82,242.3529437,0,0,0,16,3,5,3,14,10,0,5,3
494,65,193.0715965,0,0,0,0,0,0,0,0,9,0,133,6
495,49,188.7692525,0,0,0,0,0,0,0,0,3,0,2,2
496,426,1656.673924,0,0,0,0,5,95,0,0,1,0,20,18
497,630.75,1724.281783,22,0,1,28,5,2,4,33,0,0,28,28
498,725,1646.404878,10,6,2,2,2,3,2,23,0,0,29,31
499,483,1421.974115,83,71,2,1,5,87,2,23,2,0,28,20
500,632,1659.613404,42,80,2,5,21,11,9,75,0,0,32,27
501,363,916.1290918,0,0,0,0,0,51,0,0,1,0,15,15
502,434,1355.096103,41,49,48,71,46,129,19,298,0,0,42,18
503,660,1805.269461,36,0,6,3,17,9,12,96,0,0,33,30
504,482,1302.061972,5,0,3,4,19,312,8,57,0,0,33,20
505,650,1684.435816,24,27,19,8,24,27,19,91,0,0,34,28
506,623,2467.720156,1,2,0,2,0,0,0,4,0,0,24,27
507,86,320.3598865,11,7,1,0,4,94,3,42,0,0,13,4
508,407.5,1301.636632,0,0,1,0,2,1,1,50,0,0,17,17
509,418.5,1314.835515,13,0,10,3,6,4,6,41,0,0,19,18
510,477,1278.986879,0,0,0,0,0,0,0,0,0,0,18,20
511,392.25,1073.048835,9,0,0,5,0,193,26,60,0,0,25,17
512,387.2500001,1057.217252,11,25,7.000000001,8.000000002,26,18,39.00000001,173,0,0,27,17
513,550,1449.481797,0,0,0,0,0,0,0,0,0,0,21,24
514,208,770.2930706,16,108,5,3,24,24,20,124,0,0,20,9
515,304.25,974.2030096,2,0,1,2,6,11,36,32,1,0,15,13
516,413,1177.852386,13,0,9,7,34,169,107,292,0,0,39,17
517,605,1778.990205,0,0,0,1,3,117,2,11,0,0,29,26
518,204,477.4777937,40,137,8,16,29,17,30,236,0,0,35,9
519,2,8.031106971,310,76,21,69,105,32,63,247,0,0,81,1
520,680,1761.441096,0,0,0,0,0,0,0,0,0,0,25,29
521,435,1127.318478,143,23,3,2,13,14,60,101,0,0,29,18
522,302,1121.778276,152,20,11,8,46,29,82,193,1,0,31,13
523,611,1610.25558,7,0,3,0,4,0,5,20,0,0,24,26
524,477,1542.75153,1,0,0,1,0,0,0,1,0,0,18,20
525,339,1021.575731,0,0,0,0,0,57,0,0,0,0,15,14
526,352,1009.834981,161,114,22,32,92,29,244,504,0,0,70,15
527,0,0,0,0,69,0,61,10,0,0,0,0,13,0
528,348,963.7995108,0,0,0,0,0,0,0,0,0,0,13,15
529,306,752.1845976,0,0,2,30,5,26,4,21,0,0,15,13
530,662,1829.036327,5,0,2,7,14,106,5,26,0,0,31,28
531,308,762.2139216,22,0,1,1.25,3,7,5,18,0,0,14,13
532,0,0,568,538,42,53,141,200,133,590,0,0,86,0
533,123,327.0619542,159,311,34,30,70,42,64,208,0,0,39,5
534,3,6.052009274,23,16,0,0,51,0,92,1990,0,0,164,0
535,302.25,828.7944662,489,119,40,175,139,206,132,526,0,0,80,13
536,0,0,631,250,15,38,64,97,53,206,2,0,50,0
537,618,1438.542748,189,0,9,36.25,34,88,135,284,0,0,63,26
538,234,623.9212201,860,302,37,117,129,122,116,500,1,0,96,16
539,225,523.8382927,0,0,0,0,0,0,1,43,7,0,10,10
540,0,0,0,0,2,0,0,87,0,1,0,0,3,0
541,0,0,0,0,1048,0,210,1642,0,0,0,0,130,0
542,328.25,899.7288035,9,28,1,4,7,12,4,24,1,0,16,14
543,851,2652.917991,7,0,4,5,15,113,15,82,0,0,40,36
544,523,1389.768308,0,0,0,0,0,0,0,0,0,0,19,22
545,393,856.7561609,0,0,0,0,1,167,1,28,0,0,22,17
546,439,1321.22201,0,0,1,0,0,2,2,5,0,0,17,19
547,426,1277.012683,0,0,0,0,0,125,0,0,0,0,20,18
548,331,813.608202,32,1,11,11,76,12,87,329,0,0,33,14
549,2,7.031998441,7,6,3,7,15,7,1964,103,0,0,78,0
550,108,279.8170628,16,0,26,26,54,340,81,257,0,0,34,5
551,357,911.0188329,0,0,0,0,0,16,0,0,4,0,14,15
552,14.5,34.49681862,2,0,2,27,7,15,12,26,4,0,4,1
553,0,0,377,51,21,45.25,85,12,80,284,0,0,37,0
554,268,736.4714338,349,162,32,51,121,22,139,469,0,0,69,12
555,133,302.2754345,19,39,10,11,36,7,40,133,0,0,21,6
556,313,714.352309,1,8,1,1,4,37,7,24,0,0,15,13
557,326,618.6864418,0,0,1,0,10,1,5,5,0,0,13,14
558,157,429.6210826,0,0,0,0,0,1,0,152,0,0,16,7
559,0,0,31,24,3,5,10,5,61,55,0,0,7,0
560,459,1219.695327,0,0,0,0,0,0,0,9,0,0,17,19
561,552,1418.297808,6,0,6,13,24,104,25,106,0,0,31,23
562,148,372.4998222,5,0,4,7,15,5,15,88,0,0,11,6
563,494,1272.318148,1,0,1,2,12,24,5,30,0,0,21,21
564,367,1020.112856,0,0,0,0,2,0,1,5,0,0,14,16
565,288,741.8493637,0,0,2,0,1,169,2,21,0,0,18,12
566,366,1014.099086,33,20,131,2,3,1,105,122,0,0,29,15
567,167,478.7685942,0,0,0,0,0,0,0,0,0,0,6,7
568,938.25,2605.879542,16,66,8,10,24,69,54,271,0,80,54,40
569,207,575.4477878,117,92,14,17,134,39,306,372,0,0,48,9
570,1175,2837.953092,51,25,21,12,167,31,332,370,0,0,83,50
571,377,1212.132888,5,0,7,30,21,148,33,130,1,0,28,16
572,850.75,1952.288581,193,112,7,58,28,31,366,465,0,0,80,38
573,300.25,802.7794057,0,0,0,0,0,0,0,0,0,0,11,13
574,97,294.5933777,0,0,0,0,0,0,0,0,6,0,20,5
575,306,938.0187843,44,30,76,17,39,31,18,131,4,0,25,13
576,8,20.13512552,8,23,90,25,27,37,24,161,0,0,15,0
577,0,0,0,0,0,0,0,0,0,0,0,0,0,0
578,3.25,6.806154993,0,0,0,0,0,0,0,0,0,0,0,0
579,32.7,64.25018014,0,0,0,0,0,0,0,0,0,0,1,1
580,1,2.017336425,0,0,0,0,1,6,1,4,0,0,1,0
581,8,20.13512552,0,0,0,0,0,0,0,0,0,0,0,0
582,12,29.3950217,0,0,0,0,0,0,0,0,36,0,11,1
583,63,163.1690465,0,0,0,0,0,0,0,0,38,0,72,6
584,31,115.4456213,0,0,0,0,0,0,0,0,13,0,72,4
585,34,125.5742912,0,0,0,0,0,0,0,0,9,0,107,5
586,74,193.5683162,0,0,0,0,0,0,0,0,14,0,25,4
587,136,510.3841887,0,0,0,0,3,0,0,1,11,0,5,6
588,184,689.6278336,0,0,0,31,37,0,0,4,5,0,9,9
589,55,204.5620047,0,0,0,0,0,0,0,0,10,0,6,3
590,145,530.6614185,0,0,0,0,0,0,0,0,8,0,5,7
591,193,707.8833074,0,0,0,0,0,0,0,0,4,0,7,9
592,151,395.2435462,0,0,0,0,0,0,0,0,4,0,6,8
593,163,547.9656841,0,0,0,0,0,101,0,0,5,0,73,9
594,310,1046.292266,8,2,1,19,52,79,69,228,1,0,27,14
595,526,1743.208406,0,0,0,6,1,176,1,7,2,0,25,25
596,400,1219.749102,9,0,0,1,1,1,3,19,1,0,18,19
597,219,572.5980346,0,0,0,0,0,0,0,0,5,0,56,12
598,196,507.7493532,0,0,0,0,4,0,0,2,14,0,44,23
599,260,801.3282916,1,0,0,6,7,3,10,79,9,0,305,21
600,346,1069.78114,241,147,10,37,43,11,24,176,10,0,37,16
601,398,1255.116572,0,0,0,0,0,0,0,0,1,0,14,19
602,404,1777.780278,0,0,0,0,0,0,0,0,6,0,50,20
603,377,1416.717823,0,0,0,0,44,1,1,5,1,0,15,18
604,349.25,881.5266345,0,0,3,2,2,0,0,1,2,0,136,20
605,18,61.78289756,4,1,1,11,15,4,5,161,5,0,121,7
606,323.75,1115.62853,0,0,0,0,0,0,0,0,0,0,20,16
607,307,918.9017485,1,0,0,5,0,0,0,3,0,0,11,14
608,257,964.0597598,0,0,0,0,0,0,0,0,4,0,9,12
609,897,4339.581075,96,101,15,37,62,111,18,406,0,0,61,42
610,184,635.0404215,381,204,3,64,126,270,89,696,0,0,71,9
611,376.75,1301.728782,27,0,0,6,16,66,5,58,0,0,19,18
612,468,1513.354561,5,0,0,7,7,4,2,47,0,0,19,22
613,174,635.9849998,0,0,0,0,0,0,0,0,0,0,14,8
614,862,3101.023475,33,75,4,6,17,5,127,78,0,0,42,40
615,180,611.7637076,673,169,2,55,117,36,95,695,0,0,71,8
616,396,1346.082333,1,0,0,2,4,57,2,13,0,0,17,18
617,504,1565.148017,1,0,0,7,0,0,1,9,0,0,18,24
618,400,1439.109628,4,3,23,32,49,40,20,294,2,0,31,19
619,1,1,0,15,0,2,20,0,0,12,8,0,6,6
620,367,1115.409879,0,0,0,0,0,0,0,0,1,0,13,17
621,551,1669.58006,0,0,3,1,0,0,2,3,0,0,23,27
622,514,1513.65954,177,4,1,45,95,70,57,308,0,0,55,24
623,0,0,0,3,46,0,49,152,0,0,0,0,34,0
624,542,1693.781463,37,1,1,21,16,61,43,112,0,0,29,26
625,510,1561.144285,1,0,0,17,6,112,9,58,0,0,25,24
626,0,0,0,0,0,0,329,464,0,37,0,0,28,0
627,389,1168.121395,16,6,20,21,28,45,14,220,0,0,27,18
628,0,0,0,0,0,1,1453,2353,262,131,0,0,144,0
629,0,0,0,0,450.0000013,0,0,1081.000003,0,49.00000015,0,0,54,0
630,0,0,0,0,0,0,338,3044,2,76,0,0,147,0
631,0,0,0,0,0,0,1229,5920,0,191,0,0,275,0
632,393,1072.114504,0,0,0,0,0,1,0,44,0,0,15,18
633,0,0,0,0,0,0,374.999995,20.99999972,0,53.99999929,0,0,15,0
634,46.00000143,174.1760003,217.0000067,46.00000143,0,1.000000031,806.000025,12600.00039,240.0000074,290.000009,0,0,491,2
635,251,919.541348,6,1,0,12,25,6,5,221,9,0,18,12
636,500,1833.004168,4,3,4,18,53,125,53,292,16,0,37,24
637,580,1820.393152,0,0,0,5,6,49,2,31,4,0,23,27
638,681,2102.086863,37,1,1,11,32,76,15,185,2,0,36,32
639,4,11.1461779,0,46,0,0,4,1,9,36,0,109,3,0
640,0,0,0,0,0,0,0,0,0,0,0,0,0,0
641,57.00000076,195.4773652,0,1.000000013,0,6.00000008,8.000000106,1.000000013,1.000000013,20.00000027,2,0,3,3
642,437,1487.877081,0,0,0,0,10,0,1,7,0,0,16,20
643,625,1907.627008,75,21,5,36,22,72,9,154,0,0,51,29
644,440,1274.601713,0,0,0,0,0,0,0,0,0,0,15,21
645,830,3014.886686,38,88,9,13,53,11,23,210,0,0,83,39
646,870,2029.545834,103,56,3,144,201,208,160,1018,0,0,115,40
647,0,0,30,0,0,0,167,2,0,31,0,0,8,0
648,539,1349.052175,0,0,0,0,0,0,0,0,1,0,19,25
649,224.5,613.0696016,16,0,1,0,0,0,0,6,3,0,9,11
650,390.25,1068.052718,0,0,0,3,0,0,0,2,0,0,19,18
651,0,0,8,0,26,157,3,0,5,105,0,0,11,0
652,36,99.30472311,6,0,163,102,11,13,189,86,0,0,21,2
653,799,1744.00751,107,3,2,42,85,6,85,389,0,0,92,38
654,590.7499995,1500.77428,82.99999992,90.99999992,1.999999998,26.99999997,102.9999999,10.99999999,93.99999991,234.9999998,0,0,103,28
655,678.499999,2453.09818,0,0,0,0,0,58.99999992,3.999999994,16.99999998,0,0,27,32
656,410,1680.775771,0,0,0,0,0,0,0,0,1,0,16,19
657,0,0,38,3,2698,374,210,63,61,497,0,0,137,0
658,541,1179.23793,21,17,0,5,21,1,3,40,0,0,69,27
659,220.25,498.0540695,13,27,9.000000001,8.000000001,46,153,21,255,0,0,47,11
660,347.25,779.9201603,43,6,6,42,155,479,439,862,0,0,89,17
661,1026.25,2513.528415,244,94,5,54,957,47,297,1095,1,0,135,50
662,850.75,2037.757499,113,2,1,75,76,22,36,946,0,0,76,43
663,148,430.351649,21,50,3504,346,62,368,50,349,2,0,230,9
664,751.0000003,1636.536204,33.00000001,84.00000003,3.000000001,45.00000002,38.00000001,48.00000002,60.00000002,392.0000002,0,0,274,43
665,792,2648.696911,40,2,4,28,22,76,19,131,2,0,92,37
666,1131,4186.468155,76,26,1,20,38,58,151,144,1,0,57,53
667,265,816.5246115,0,0,0,0,0,0,0,0,6,0,24,25
668,94,291.7560817,0,0,0,0,2,1,0,1,11,0,94,8
669,195,614.8957912,18,42,55,177,43,340,13,140,2,0,42,9
670,911,3194.34912,0,0,0,1,2,0,0,29,2,0,33,43
671,348,1074.848789,3,44,1,27,15,2,116,52,6,0,22,16
672,374,1532.948903,4,50,0,4,14,1,18,24,1,0,17,17
673,274,1204.761434,0,0,0,0,5,0,0,7,4,0,10,13
674,398,1390.574224,450,190,3,73,67,148,23,313,2,0,69,19
675,766,2619.209069,37,9,0,5,27,264,95,56,0,0,51,36
676,4,13.1679339,2,1,0,45,10,5,4,46,13,0,4,0
677,432,1517.159394,0,1,4,3,0,62,0,6,25,0,20,24
678,360,1223.527416,3.25,1,1,3,36,255,84,205,8,0,34,18
679,684,2533.751659,20,19,0,19,35,6,111,145,1,0,47,32
680,1317,4228.13645,111,61,2,72,140,175,71,377,0,0,83,61
681,721,2466.268142,216,169,3,63,23,99,4,161,1,7,51,34
682,692,2220.432519,0,0,0,10,3,0,0,4,2,0,30,32
683,29,103.3018253,0,0,0,0,0,0,0,0,20,0,251,13
684,751,2555.424306,0,0,0,1,4,4,0,3,12,0,60,39
685,407,1382.54687,0,0,0,0,1,0,0,0,2,0,35,20
686,407,1659.527443,0,0,0,0,4,0,7,0,0,0,14,19
687,587.25,2299.850111,0,0,4,0,8,0,0,1,5,0,21,27
688,511,1738.054566,0,0,0,0,0,0,0,0,0,0,20,25
689,0,0,0,0,0,0,0,0,0,0,42,0,0,0
690,630,1708.517193,48,1,1,18,153,157,263,314,13,0,56,30
691,521,1410.596393,50,2,300,93,115,12,113,272,12,0,52,25
692,616,1907.567339,6,3,1,20,205,22,39,442,0,0,47,29
693,1362,3966.617397,42,18,24,48,273,391,304,845,3,0,117,63
694,597.9999905,1496.02063,64.99999897,37.9999994,2.999999953,88.99999859,97.99999845,160.9999975,22.99999964,409.9999935,2,0,53,28
695,30,103.3084553,2,0,49.00000001,18,0,0,0,139,12,0,8,1
696,557,1874.828074,177,141,7,49,101,33,19,295,2,0,48,26
697,666,1968.551517,1,1,16,11,59,10,208,189,2,0,49,32
698,941,3039.883685,0,0,0,0,0,52,0,0,0,0,35,45
699,223.2499982,615.3359297,0,9.999999919,0,0.999999992,10.99999991,2.999999976,4.999999959,41.99999966,2,0,122,15
700,544.5,1338.979903,184,374,34,27,21,103,18,220,0,0,54,26
701,751.7500065,1987.31565,35.0000003,22.00000019,3.000000026,47.00000041,39.00000034,162.0000014,262.0000023,187.0000016,1,0,54,36
702,996,2291.187735,106,26,8,107,40,60,13,357,0,0,99,46
703,987.5,2810.975364,383,126,33,95,79,15,2289,404,0,0,176,49
704,1071,2173.412257,752,1077,120,31,379,105,506,1040,0,0,176,50
705,1669.5,5103.366383,194,70,12,113,248,30,253,835,2,0,122,80
706,113,344.4477072,9,1,0,14,11,7,4,78,5,0,8,5
707,984,2993.668386,0,0,0,0,4,0,12,0,2,0,35,47
708,1106,3687.939551,0,0,0,0,4,0,4,0,0,0,39,52
709,143,395.1905065,5,1,46,93,66,14,11,123,4,0,17,7
710,505.25,1443.598175,448,213,1,141,55,21,87,430,0,0,81,24
711,0,0,483,629,2,52,15,6,7,201,0,0,49,0
712,77.75,236.0501003,47,25,5,108,184,149,204,615,3,0,49,4
713,806,2434.483595,3,0,0,1,3,0,16,23,1,0,30,38
714,643,2316.141061,22,0,1,1,9,58,22,9,2,0,74,41
715,340,939.3380976,0,0,0,0,4,0,0,10,0,0,94,19
716,221.25,864.7566525,14,6,0,2,5,0,105,11,2,0,13,10
717,315.25,1160.556246,3,0,7,11,3,1,1,21,7,0,228,16
718,256,1000.444738,2,0,1,4,17,73,3,40,3,0,14,12
719,0,0,23,0,270,529,96,7,4,151,0,23,37,0
720,467,1301.568979,1734,426,36,93,102,45,96,404,0,0,175,24
721,563.75,1560.995197,24,6,3,27,39,140,26,193,0,0,42,27
722,146,278.9594262,54.99999999,73.99999999,1,33.99999999,139,385.9999999,79.99999998,434.9999999,2,0,52,8
723,1284,2886.482554,1,81.00000001,0,0,12,69.00000001,9.000000001,95.00000001,0,0,56,60
724,1368,3319.695256,106,71,1,30,58,20,74,294,3,0,75,70
725,212,827.2928809,0,0,0,0,0,112,0,0,1,0,11,10
726,192,706.8657994,0,0,0,0,0,91,0,0,3,0,10,9
727,42,150.899281,0,0,0,0,0,0,0,0,1,0,1,2
728,233,907.2914724,4,15,5,19,29,150,11,112,10,0,20,11
729,349.9999995,959.6219561,78.9999999,0,504.9999993,929.9999988,126.9999998,4.999999993,69.99999991,190.9999997,2,0,77,16
730,923,2766.827285,111,6,1,17,8,6,4,85,4,0,116,45
731,221,771.7542607,0,0,0,0,12,0,0,0,8,0,67,15
732,286,998.6218811,3,0,0,2,30,64,0,39,7,0,15,14
733,141,549.8415806,30,3,2,40,29,23,9,175,11,0,16,7
734,276,1079.425821,39,3,4,52,47,28,15,239,6,0,34,13
735,431.25,1730.702399,0,0,0,0,0,0,0,0,1,0,15,20
736,266.9999973,731.6241119,0,0,0,2.999999969,4.999999949,0,0,1.99999998,4,0,10,12
737,640,1760.13827,31,28,72,36,62,98,89,371,0,0,75,31
738,166,313.4618778,222,160,2,60,81,15,72,463,0,0,67,8
739,1528.25,4283.619012,83,52,12,39,99,45,128,390,1,0,93,71
740,2,7.089405952,0,0,0,0,0,0,0,0,26,0,0,0
741,175,623.8610938,0,0,0,0,0,0,0,0,0,0,6,8
742,353,1161.817448,8,2,1,9,27,3,814,68,0,0,46,16
743,669,2612.500694,9,0,0,15,20,146,7,77,3,3,37,31
744,938,2777.035515,0,0,0,0,3,58,6,0,3,0,42,44
745,161,503.4737921,2,0,0,3,2,0,0,1,1,0,8,8
746,138,553.8652027,4,1,2,11,35,22,13,128,2,0,12,6
747,813.25,2164.37453,368.25,78,12,76,204,215,281,703,0,0,106,38
748,431,1544.44647,0,0,0,0,11,0,3,0,2,0,25,20
749,213,804.0493169,0,0,0,0,0,0,0,0,1,0,46,11
750,469,1668.025525,252,123,1,28,26,15,8,194,0,0,39,22
751,17,63.79802359,284,11,318,361,653,2,173,261,0,0,82,1
752,59,157.0772586,186,180,91,147,237,81,779,1024,2,0,107,3
753,1,3.039263976,0,0,0,0,0,0,0,0,12,0,0,0
754,460,2051.088617,7,0,0,7,18,47,2,34,5,0,21,22
755,512,2191.945418,0,0,0,0,0,0,0,0,3,0,18,24
756,452.25,1720.985554,28,3,2,94,37,116,105,483,0,0,46,21
757,662.25,1465.614714,57,183,10,32,55,17,78,258,0,0,56,32
758,612,1634.856624,60,49,6,54,122,326,83,583,0,0,132,31
759,276,1230.046643,0,0,1,1,13,0,0,0,8,0,20,13
760,601,2359.330356,1,0,0,2,16,129,3,50,8,0,31,28
761,316,1272.768719,3,1,1,5,50,1072,60,135,3,0,61,15
762,393,1683.695695,3,1,1,6,41,235,11,90,5,0,37,19
763,395,1693.817735,0,0,0,0,0,0,0,0,1,0,14,18
764,1099.5,3553.955134,4,0,1,9,20,76,4,26,3,0,43,52
765,338,1446.785594,2,1,1,45,15,80,7,74,1,0,20,16
766,189.75,468.5363863,0,0,0,42,4,2,7,12,6,0,10,10
767,221,688.8622646,41,0,0,7,14,1,4,54,3,0,12,10
768,514,1628.899632,0,0,11,0,2,0,3,3,0,0,19,24
769,589.25,1628.135003,2,20,0,9,8,1,3,383,0,0,36,28
770,658,2057.455742,0,0,8,0,20,90,2,0,0,0,30,31
771,543,1882.822279,88,20,5,74,230,42,169,920,0,0,74,25
772,292.25,1060.074074,0,0,0,0,0,0,0,0,0,0,17,14
773,453,1572.896914,12,0,1,0,0,2,6,13,0,0,32,21
774,255,926.6440139,185,52,2,43,83,15,143,447,1,0,43,12
775,814,2025.383719,126,246,6,31,121,100,200,487,13,0,648,89
776,873.75,2180.696926,23,0,0,3,40,40,53,104,0,0,40,41
777,74,254.2209962,102,95,23,47,85,88,156,409,3,0,51,20
778,813.5,3983.198367,0,0,10,4,1,0,0,0,2,0,29,38
779,261.25,905.9624592,0,0,0,1,12,0,0,0,0,0,28,13
780,300.25,1149.084312,1338.25,678,7,79,138,80,485,1196,0,0,150,15
781,6.25,18.7426873,13,0,0,1,19,42,2,2299,1,0,82,0
782,278.25,941.2031722,0,0,15,1,2,6,1,24,1,0,32,14
783,6.5,27.58950246,6,1,1,7,5,8,1,59,20,0,3,0
784,313.25,1532.798851,21,2,2,24,18,73,8,200,8,0,23,15
785,473.75,1813.118399,0,0,0,0,0,18,0,0,4,0,26,23
786,279.2499999,1068.580387,1.999999999,0,1.999999999,30.99999999,39.99999998,763.9999997,8.999999996,59.99999998,5,0,45,14
787,312.25,915.3984688,28,13,83.99999999,27,148,820.9999999,211,789.9999999,0,0,103,15
788,231,713.1896363,3,1,0,25,4,125,63,30,0,0,21,11
789,499,1473.12497,0,0,0,0,0,3,0,0,0,0,18,24
790,351,1078.912191,0,0,0,4,3,4,1,19,0,0,13,16
791,0,0,6,1,2,43,3,0,3,69,6,0,5,0
792,40.75,115.0048384,1,0,0,9,0,0,0,11,1,0,15,2
793,619,1975.316055,0,0,0,0,0,0,2,0,1,0,84,32
794,0,0,3,2,38,19,12,28,3,79,26,0,6,0
795,377,1393.467629,0,0,0,0,0,46,0,0,2,0,18,18
796,306,1019.982919,0,0,0,0,0,0,0,0,2,0,11,14
797,442,1154.320491,0,0,0,0,0,0,0,0,0,0,15,21
798,393,1024.603238,0,0,0,0,0,58,0,0,0,0,16,18
799,488,1428.573408,11,0,3,3,1,3,3,15,0,0,25,23
800,0,0,0,0,0,0,1,2,0,5,6,0,0,0
801,0,0,50,3,195,171,61,17,0,100,0,0,21,0
802,254,631.4610077,21,252,2,13,262,19,143,626,0,0,55,12
803,559,1388.609016,252,148,2,17,31,3,3,143,0,0,36,27
804,261,647.6814655,0,0,0,0,0,0,0,0,0,0,9,12
805,731,2407.956174,0,0,0,0,0,0,0,0,0,0,25,34
806,366.25,1043.379912,105,22,176,73,400,20,58,772,1,0,87,18
807,58.75,162.1299105,794,237,19,111,263,101,72,1212,0,0,102,3
808,547.25,1502.507345,494,229,7,57,81,41,72,438,0,0,80,28
809,257.75,707.0491278,34,38,4,39,45,100,61,101,0,0,35,14
810,307,781.4223404,122,10,4,43,50,37,15,238,0,0,29,14
811,441,1117.922253,0,0,0,0,0,0,0,0,0,0,15,21
812,293,744.9379127,0,1,0,1,0,119,0,0,0,0,14,14
813,0,0,0,0,0,1,1,2,1,17,3,0,1,0
814,222.75,639.8460654,0,0,4,0,0,0,9,0,2,0,8,11
815,426,1217.394072,0,0,0,2,0,0,0,1,0,0,15,20
816,2,5.06764995,0,0,0,56,2,1,0,49,1,0,4,0
817,92,259.3947257,11,4,1,9,8,5,2,40,13,0,6,4
818,382,1296.456551,0,0,0,3,0,0,0,22,0,0,16,18
819,482.5,1640.568444,1,1,1,1,11,99,4,31,0,0,22,23
820,4,11.1461779,1,16,1,5,0,0,0,4,9,0,1,0
821,77,212.7948881,41,25,4,29,15,7,3,58,5,0,9,4
822,72,197.5985682,4,55,1,10,5,0,1,28,0,10,6,3
823,104,291.8223815,17,37,7,9,34,2,9,58,0,0,10,5
824,0,0,934,435,37,102,198,58,51,854,0,0,97,0
825,778,1961.207051,208,115,45,70,189,162,181,726,0,0,88,36
826,762.4999997,2036.414061,57.99999998,46.99999998,8.999999997,26.99999999,173.9999999,270.9999999,355.9999999,870.9999997,0,0,92,38
827,616.5,1973.783135,177,98,13,65,103,150,113,707,0,0,73,29
828,690.75,2196.921702,0,0,0,0,0,0,0,0,1,0,24,33
829,364,1180.086182,0,0,0,0,0,0,0,0,0,0,17,17
830,758.25,2392.215551,283,216,11,67,250,67,102,574,0,0,83,35
831,349.25,1098.107292,241,166,21,105,190,280,182,725,0,26,88,17
832,522.9999938,1756.330102,189.9999978,49.99999941,38.99999954,75.9999991,155.9999982,94.99999888,553.9999935,804.9999905,0,0,134,27
833,350.5000084,1188.083521,164.0000039,6.000000144,21.0000005,51.00000123,286.0000069,121.0000029,1670.00004,856.0000206,0,0,205,20
834,344,1081.898415,0,0,0,0,0,62,0,0,0,0,14,16
835,529.5,2043.71527,0,1,0,6,19,52,3,16,0,0,24,26
836,235,643.4653774,197,425,7,91,95,49,23,389,0,0,55,12
837,319.5,706.7001266,537,123,17,77,115,83,169,923,0,0,90,16
838,502.7500075,1195.916524,23.00000034,18.00000027,3.000000045,11.00000016,54.0000008,198.0000029,57.00000085,109.0000016,0,0,34,24
839,312.9999778,670.2654924,0,0,0,0,0,123.9999912,0,0,0,0,15,15
840,472.25,1482.80372,12,0,2,20,18,54,15,46,0,0,22,22
841,366,1169.990661,37,0,0,1,2,68,0,7,0,0,28,17
842,503,1444.846906,0,4,4,0,8,0,6,5,0,0,21,24
843,159,490.8246733,0,0,0,0,0,0,0,0,0,0,6,8
844,463.5,1067.02205,189,89,4,33,24,89,84,319,0,0,46,22
845,159,351.5761593,191,3,6,21,123,27,317,295,0,0,43,11
846,424,1165.32081,128,22,3,51,8,6,5,77,1,0,25,20
847,543.25,1890.152749,128,27,10,46,68,23,20,328,0,0,43,26
848,957,3021.79396,0,0,0,0,0,0,0,0,0,0,33,45
849,181,577.4004856,0,0,0,0,0,85,0,0,0,0,9,8
850,354,1210.346222,0,0,0,0,0,69,0,0,0,0,15,17
851,208,710.004513,0,0,0,0,0,0,3,0,0,0,7,10
852,518,1744.166244,1,0,1,3,15,81,3,64,0,0,24,24
853,345.25,1067.248848,0,0,0,0,0,0,0,0,0,0,12,17
854,308,814.7879444,12,0,0,3,44,3,2,36,0,0,14,14
855,358,1014.009701,114,99,11,13,33,4,8,165,0,0,28,17
856,509.5,1523.738357,29,7,5,20,26,33,11,169,0,0,29,24
857,691,2362.959687,0,0,0,0,0,0,0,0,0,0,24,32
858,399,1503.79919,0,0,0,0,0,5,0,0,0,0,14,19
859,0,0,0,0,0,0,0,0,0,0,4,0,0,0
860,95.5,269.5268021,1,0,1,1,29,18,1,14,3,0,6,5
861,1,1,0,0,0,54,0,0,0,0,3,0,2,0
862,294,1053.262333,130,138,16,64,10,5,6,73,11,0,26,14
863,250,865.9581839,7,141,72,80,3,2,3,34,1,0,21,12
864,346.75,956.3147811,52,40,397,28,164,75,17,149,0,0,45,17
865,193,332.8475691,333.25,176,21,133,458,29,494,964,0,0,101,9
866,601,1890.282963,3,8,192,140,9,0,0,84,0,0,36,28
867,3,12.15042593,129,205,142,451,86,10,118,359,1,0,56,0
868,820,3110.853797,26,39,20,103,61,182,15,298,0,0,55,38
869,12,39.5038017,16,50,138,87,11,5,4,53,0,0,14,1
870,324,1119.168302,42,15,22,57,32,13,8,87,0,0,21,15
871,331,1028.235692,51,68,4,22,30,66,9,117,0,0,25,16
872,94,160.3419416,660,276,25,28,111,136,60,288,0,0,58,4
873,289.5,797.4804543,19,7,1,4,2,0,1,41,0,0,14,15
874,1184,3725.859175,2,4,0,5,8,1,3,57,0,0,44,55
875,0,0,0,0,0,0,0,0,0,0,0,0,0,0
876,1498,4777.232352,431,84,294,480,286,820,150,943,0,0,175,70
877,0,0,347,62,551,787,114,80,29,457,0,7,85,0
878,0,0,2,1,120,1050,3,3,1,116,0,0,44,0
879,138,296.0913126,47,25,409,217,33,47,10,220,0,132,40,6
880,447.25,962.5410984,215,179,43,39,114,20,49,442,0,0,55,21
881,0,0,135,42,600,351,91,9,5,952,0,0,75,0
882,0,0,2,0,182,155,8,7,0,248,0,0,21,0
883,624.25,2050.914056,58,25,4,18,57,13,12,117,0,0,33,29
884,586.25,1548.761254,13,0,13,2,60,88,2,35,0,0,28,28
885,230,607.0408163,42,0,6,12,16,74,7,127,0,0,18,11
886,395,1197.476636,0,0,0,0,4,0,0,2,0,0,17,19
887,332,1000.948616,0,0,0,0,0,0,0,0,0,0,12,16
888,0,0,53,14,98,117,107,116,14,187,0,0,25,0
889,0,0,0,0,0,250,2,0,0,0,0,0,9,0
890,0,0,60,0,359,168,3,0,0,145,0,0,25,0
891,505.5,1141.094768,72,25,16,17,23,91,14,197,0,0,43,26
892,674.25,1799.031558,1,0,0,3,37,2,1,63,0,0,27,32
893,0,0,67,39,405,108,70,47,37,174,0,0,33,0
894,1014,3024.193626,10,0,4,1,0,0,0,30,0,96,38,49
895,268,799.3595755,5,0,3,1,1,1,0,55,0,0,12,13
896,261,988.3473518,0,0,0,0,15,0,0,71,0,0,62,14
897,0,0,0,0,0,0,0,0,0,0,0,0,0,0
898,0,0,0,0,0,0,0,0,0,0,5,0,0,0
899,0,0,0,0,0,0,0,0,0,0,20,0,0,0
900,0,0,0,0,0,0,0,5,0,0,0,0,0,0
901,0,0,0,0,0,0,0,0,0,0,0,0,0,0
902,0,0,0,0,0,0,0,0,0,0,0,0,0,0
903,5.999999992,18.23558383,0,0,0,0,0,0,0,0,0,0,0,0
904,15,45.58895963,0,0,0,0,0,0,0,0,0,0,1,1
905,0,0,0,0,0,0,0,0,0,0,0,0,0,0
906,0,0,0,0,0,0,0,0,0,0,0,0,0,0
907,0,0,4,21,530,77,5,318,0,69,0,0,45,0
908,0,0,0,7,157,0,0,89,0,0,0,0,11,0
909,0,0,0,3,55,0,0,30,0,0,0,0,4,0
910,0,0,0,0,0,0,0,0,0,0,0,0,0,0
911,0,0,0,21,553,0,0,343,0,0,0,0,39,0
912,0,0,0,0,0,0,0,0,0,0,0,0,0,0
913,0,0,0,0,0,0,0,0,0,0,0,0,0,0
914,0,0,0,0,13,0,0,0,0,0,0,0,1,0
915,0,0,0,0,0,0,0,0,0,0,0,0,0,0
916,0,0,0,0,0,0,0,0,0,0,0,0,0,0
917,0,0,0,0,0,0,0,0,0,0,0,0,0,0
918,0,0,0,0,0,0,0,0,0,0,0,0,0,0
919,0,0,0,0,0,0,0,0,0,0,0,0,0,0
920,0,0,0,0,0,0,0,0,0,0,0,0,0,0
921,0,0,0,0,0,0,0,0,0,0,16,0,0,0
922,0,0,0,0,0,0,0,0,0,0,0,0,0,0
923,0,0,0,0,0,0,0,0,0,0,4,0,0,0
924,0,0,0,0,0,0,0,0,0,0,0,2073,0,0
925,0,0,0,3,546,0,0,55,0,0,0,512,26,0
926,307,920.8367849,0,35,48,26,1,10,10,6,0,0,21,21
927,0,0,0,0,2,35,0,0,0,0,0,0,2,0
928,0,0,0,0,18,0,0,1,0,0,0,0,1,0
929,0,0,0,0,24,0,0,3,0,0,62,0,1,0
930,0,0,0,10,419,0,0,213,0,0,0,0,27,0
931,0,0,0,0,285,0,0,0,0,0,34,0,12,0
932,0,0,0,0,0,0,0,0,0,0,31,0,0,0
933,220,715.4079245,0,0,0,0,0,0,0,0,37,0,402,89
934,167,540.6441316,0,0,0,0,0,0,0,0,2,0,7,12
935,0,0,0,0,0,0,0,0,0,0,0,0,0,0
936,73.5,269.5536781,0,0,0,0,0,0,0,0,0,0,4,6
937,0,0,0,0,0,0,0,0,0,0,0,0,0,0
938,46.5,168.8863035,0,0,0,0,0,0,0,0,0,0,2,4
939,54,149.2152142,42,12,0,193,71,244,0,585,15,0,57,4
940,0,0,13,2,0,73,24,77,0,161,0,0,17,0
941,237,665.3356041,0,0,0,0,0,152,0,0,1,0,17,16
942,0,0,0,1,275,0,0,926,0,0,0,0,52,0
943,0,0,0,0,5,0,0,2,0,0,73,0,0,0
944,0,0,73,16,7,267,99,219,0,413,0,0,51,0
945,0,0,34,5,106,135,19,75,0,211,0,0,29,0
946,0,0,46,10,6,222,26,100,0,177,0,11,28,0
947,0,0,4,2,0,1845,18,72,0,1422,1,0,150,0
948,6,11.24261382,17,5,3,134,67,58,0,316,0,0,28,0
949,38,68.47801861,53,13,0,108,133,80,0,194,0,0,29,3
950,0,0,12,4,0,102,13,42,0,142,16,0,16,0
951,1362,5178.487012,18,0,0,0,0,57,0,0,0,0,62,93
952,148,487.4990317,3,4,0,3,14,35,0,66,0,0,12,10
953,0,0,9,2,0,39,9,162,0,63,0,0,13,0
954,0,0,0,0,0,0,0,0,0,0,0,0,0,0
955,0,0,0,1,26,0,0,12,0,0,0,0,2,0
956,0,0,0,3,483,0,0,41,0,0,50,0,22,0
957,0,0,45,22,1837.5,462,198,388,0,595,3,0,160,0
958,0,0,16,5,0,5750,15,53,0,166,18,0,262,0
959,0,0,25,18,552,452,125,222,53,523,0,0,87,0
960,652,2245.351466,130,34,0,42,40,159,6,177,0,0,54,45
961,720,2308.725503,1,0,0,0,6,156,8,22,0,0,40,49
962,481,1352.133523,19,7,0,1,3,9,0,54,0,0,25,33
963,24,45.99240614,70.00000001,81.00000001,440.0000001,782.0000001,555.0000001,307,0,437,0,0,117,2
964,543,1397.11129,0,0,0,0,0,0,0,0,0,0,24,38
965,0,0,19.00000001,123.0000001,0,7916.000005,166.0000001,713.0000004,14.00000001,798.0000005,0,0,444,0
966,201,656.1311194,12,14,1,0,13,0,9,0,0,0,11,14
967,322,946.3884424,2,12,0,1,2,48,22,11,0,0,19,23
968,456,827.8679284,6,15,0,0,1,1,0,3,0,0,21,31
969,367,1313.277455,0,0,0,0,0,55,0,0,0,0,18,25
970,653,881.9568907,9,15,0,0,1,3,0,35,0,0,31,45
971,495,884.0827293,22,5,5,17,32,33,0,114,0,0,35,37
972,217,400.6464866,42,42,136,26,114,19,90,165,0,0,38,17
973,699,1585.180263,0,0,0,0,0,0,0,0,0,0,30,48
974,898.9999989,2155.467317,19.99999998,4.999999994,0.999999999,12.99999998,49.99999994,121.9999999,8.999999989,107.9999999,0,0,54,61
975,0,0,0,1,174,0,0,21,0,0,0,0,8,0
976,0,0,0,0,0,2,0,1,0,2,53,0,0,0
977,0,0,128,10,2224,276,185,18,0,163,0,0,129,0
978,0,0,707.0000404,776.0000443,2216.000127,1664.000095,1884.000108,1945.000111,0,5507.000315,0,0,649,0
979,0,0,3,54,1846,312,1614,101,316,374,0,84,198,0
980,698,2672.535771,18,126,20,6,1,0,24,23,0,0,40,48
981,501,1119.132578,23,30,0,12,55,197,3,128,1,0,42,35
982,277,825.7895837,137,3,3,7,11,14,0,50,0,0,22,20
983,246,657.1617291,0,0,0,0,0,0,0,0,0,0,11,17
984,1744,4100.402373,82,112,3,35,214,2388,0,363,0,0,257,122
985,800,1416.577807,73,73,0,16,90,1105,12,386,0,0,114,55
986,296.25,662.5366385,59,57,0,32,141,307,0,323,0,0,62,33
987,516,1509.520687,0,0,0,0,0,0,0,0,0,0,22,35
988,429,1051.669969,131,118,0,1,23,57,0,183,0,0,46,35
989,405,1560.596872,0,0,0,2,1,11,65,7,0,0,23,30
990,336,604.0376028,25,36,0,49,75,50,59,161,0,0,38,26
991,376,675.5818588,2,1,3,253,18,6,18,47,0,0,35,31
992,1093,1965.421791,93,26,9,58,356,38,9,295,0,0,99,85
993,371,663.3174865,3,1,40,102,9,2,2,29,0,0,27,29
994,323,580.5302319,26,55,0,5,39,357,17,159,0,0,55,25
995,1055,1776.353572,15,71,1,3,10,2,9,20,0,0,61,82
996,599,1140.612404,26,10,0,5,56,85,1,142,0,0,47,50
997,527,862.6279189,5,2,0,4,7,8,6,21,0,0,25,36
998,514.25,874.3779106,14,4,0,12,63,40,0,127,0,0,36,37
999,0,0,142,45,0,95,174,808,0,413,0,0,79,0
1000,289,656.1480523,111,77,24,77,394,330,1759,710,0,0,169,20
1001,514,954.6009936,117,26,4,2,12,9,0,85,0,0,35,38
1002,464,1051.676703,0,0,0,0,0,0,0,0,0,0,20,32
1003,645,1120.182237,5,0,0,0,1,0,0,16,0,0,29,44
1004,389,797.1965109,0,1,1,0,1,1,0,9,0,0,20,30
1005,45,80.74277569,0,0,0,0,0,0,0,0,0,0,2,3
1006,441.0000004,1602.503785,25.00000002,11.00000001,0,19.00000002,45.00000004,34.00000003,9.000000008,110.0000001,0,0,32,30
1007,0,0,1,1,0,0,957,6,13279,25,0,0,626,0
1008,0,0,0,0,0,3,0,0,0,0,0,0,0,0
1009,0,0,18,5,0.25,153,19,65,0,185,0,0,22,0
1010,0,0,32,8,434,308,38,129,0,387,0,0,62,0
1011,0,0,73,20,89,1244,228,265,0,671,0,0,116,0
1012,0,0,16,3,37,177,52,39,0,248,0,0,27,0
1013,0,0,0,0,0,0,0,0,0,0,0,0,0,0
1014,0,0,0,0,0,0,0,0,0,0,0,0,0,0
1015,0,0,0,0,0,0,0,0,0,21,0,0,1,0
1016,1155,2716.567593,46.25,53,40,40,47,57,10,146,0,0,278,88
1017,0,0,79,23,0,272,261,206,0,818,0,0,74,0
1018,3,6.132282333,7,3,61,19,6,12,0,60,0,0,13,12
1019,147,493.6305443,98,41,18,142,669,278,0,383,0,0,80,10
1020,197,660.2181531,27,9,132,23,18,27,0,65,0,0,23,13
1021,501,1679.161642,10,3,16,4,12,11,51,42,0,0,28,34
1022,548,1838.595018,43,120,2,18,52,35,14,143,0,0,70,38
1023,0,0,5,1,55,409,5,5,0,11,0,0,21,0
1024,5,5.99981175,17,59,0,227,91,34,0,104,0,0,35,1
1025,467.5,804.109787,0,0,0,0,1,0,0,8,0,0,46,45
1026,1137.75,1473.936682,15,72,0,16,25,29,0,98,0,0,64,81
1027,407,528.7270584,89,775,4,86,1466,26,17,2441,0,25,241,29
1028,0,0,59,25,0,38,141,25,2,1262,0,0,71,0
1029,0,0,181,7,0,2,869,40,442,61,0,0,69,0
1030,0,0,64,87,0,10,89,11,0,472,0,0,36,0
1031,0,0,0,0,0,0,0,0,0,0,0,0,183,8
1032,0,0,69,36,0,15,189,11,1,1217,0,0,69,0
1033,0,0,102,83,0,51,222,33,0,553,0,0,52,0
1034,395.75,733.8369495,1081,452,139,147,1089,13,36,2845,0,0,273,32
1035,0,0,0,0,0,5,3005,0,1050,2986,0,0,313,0
1036,119,215.6545264,298,450,3,25,3725,88,127,739,0,0,241,10
1037,111,203.3895769,246,11,10,80,406,62,127,891,0,0,88,9
1038,827,1467.680546,26,7,0,22,150,15,5,137,0,0,61,64
1039,601,942.3543239,4,8,1,4,110,47,27,79,0,0,40,44
1040,0,0,27,5,1,17,213,8,13,410,0,0,38,0
1041,365,490.9762805,15,7,0,10,85,8,69,169,0,0,43,49
1042,327,694.9894964,25,9,0,33,193,16,134,439,0,0,54,25
1043,616,1033.310835,36,155,8,17,226,77,34,215,0,0,62,43
1044,247,491.6058844,110,60,0,95,681,112,39,1155,0,0,126,28
1045,636,1031.270783,22,3,3,6,75,12,70,128,0,0,44,46
1046,451,766.5499155,45,14,0,5,71,69,199,56,0,0,42,34
1047,499,1041.463929,3,47,0,4,27,2,19,27,0,0,27,34
1048,439,938.2353486,92,42,0,52,222,123,736,450,0,0,93,37
1049,396,698.0686258,1,0,4,0,0,40,0,57,0,0,22,27
1050,393,645.9485554,0,0,0,0,7,0,0,20,0,0,25,30
1051,532.25,839.3794747,174,159,0,26,132,23098,592,233,0,0,1099,42
1052,0,0,107.0000001,76.00000004,0,104.0000001,379.0000002,715.0000004,0,670.0000003,0,0,95,0
1053,0,0,0,0,0,0,0,0,0,0,0,0,0,0
1054,0,0,1,0,3,2542,121,5,0,16,0,0,116,0
1055,0,0,58,14,49,1607,54,120,0,320,0,0,98,0
1056,0,0,52,11,377,388,82,130,0,584,0,9,76,0
1057,0,0,28,8,112,309,49,60,0,152,0,0,33,0
1058,0,0,50,25,129,66,140,171,0,377,0,0,43,0
1059,4,9.198327291,20,7,12,134,54,25,325,379,0,0,43,0
1060,442,1082.330996,0,0,0,1,0,0,0,0,0,0,19,30
1061,419,1305.111854,25,1,0,2,6,98,68,26,0,0,28,29
1062,247,771.6204164,6,10,0,1,3,4,0,15,0,0,12,17
1063,237,851.3306581,3,18,0,1,9,12,14,15,0,0,14,16
1064,277,569.2799213,2,1,0,34,9,70,0,19,0,0,18,19
1065,207,427.2152844,11,5,21,10,22,34,0,183,0,0,49,32
1066,569.75,1180.462799,112,48,0,49,379,65,30,897,0,0,104,43
1067,153,198.991333,46,328,0,5,143,14,5,330,0,0,47,11
1068,0,0,0,0,0,0,0,0,0,0,0,0,0,0
1069,445.25,925.7176425,83,94,7,63,205,2,170,80,0,2,54,33
1070,310.25,402.4826345,80,151,0,21,248,29,15,723,0,0,73,22
1071,219.75,396.5592019,80,61,0,19,196,14,4,598,0,0,58,17
1072,254.25,460.4377793,34,233,1,12,325,7,0,237,0,0,53,20
1073,450,581.975151,10,39,0,16,129,2,83,190,0,0,41,32
1074,52.25,96.83989773,13,166,2,7,33,1,10,212,0,0,24,4
1075,34,60.30164216,106,394,0,108,207,9,0,576,0,0,92,3
1076,0,0,108,229,0,88,726,447,73,747,0,0,115,0
1077,294,488.5490755,57,379,24,49,976,6,63,1366,0,0,146,24
1078,0,0,16,215,2,12,427,6,52,384,0,0,64,0
1079,66,110.383391,143,612,0,144,1142,90,0,909,0,0,173,5
1080,0,0,33,306,14,73,1288,4,13,2215,0,0,171,0
1081,0,0,28,171,0,48,1002,7,460,812,0,0,118,0
1082,99,162.509234,56,27,2,160,1271,1477,0,721,0,50,170,8
1083,218,362.8344977,68,153,0,10,721,4,8,700,0,0,86,18
1084,370,675.5807043,555,114,0,13,468,502,16,233,0,0,109,31
1085,147,205.9888932,54,61,5,29,214,376,45,377,0,0,65,12
1086,306,427.9770335,82,179,0,59,429,23,17,719,0,0,90,25
1087,186,250.9877637,44,21,2,50,1045,14,15,927,0,0,107,14
1088,267,377.9791042,19,9,11,5,67,5,200,103,0,0,32,22
1089,338,473.974398,34,8,8,8,79,3,8,169,0,0,34,28
1090,393,529.9742097,44,93,0,46,174,27,36,379,0,0,48,47
1091,491,665.9670562,42,64,0,20,18,1,28,55,0,0,40,45
1092,246,383.2789023,174,68,2,21,145,11,51,182,0,0,42,20
1093,196,415.9717085,23,13,0,11,108,210,144,232,0,0,44,15
1094,528.25,722.2134798,72,349,0,22,43,2,10,136,0,0,58,38
1095,103.25,163.7874903,182,94,5,26,189,54,55,773,0,0,67,9
1096,231,456.8564769,65,79,0,49,408,69,125,526,0,0,88,21
1097,473,703.7065299,37,31,0,7,72,23,526,135,0,4,60,37
1098,561.25,1052.972781,4,18,0,3,20,3,90,58,0,0,36,43
1099,594,951.5505346,30,4,3,4,40,14,114,66,0,0,39,42
1100,418,848.2996334,8,4,0,6,23,11,12,43,0,0,25,32
1101,273,685.7815481,123,279,0,0,6,0,0,12,0,0,31,20
1102,372,946.3980633,18,47,454,62,1601,224,4784,297,0,0,340,25
1103,0,0,0,0,0,0,0,0,0,0,0,0,0,0
1104,0,0,10,3,0,127,10,35,0,88,0,0,13,0
1105,0,0,3,0,288,1342,1814,6,0,22,0,0,150,0
1106,0,0,90,0,446,1021,14,0,0,0,0,0,68,0
1107,0,0,4,1,311,363,6,7,0,113,0,0,35,0
1108,707,1365.462371,0,8,0,0,1,0,1,27,0,0,32,48
1109,340,1221.296684,0,0,0,0,1,1,0,10,0,0,15,23
1110,241,494.6705825,16,6,0,8,34,48,80,62,0,0,22,16
1111,256,540.6612569,6,1,0,0,2,203,0,9,0,0,21,17
1112,126,264.7095139,17,3,4,1,7,7,93,48,0,0,13,9
1113,89,187.0341302,1,0,0,0,1,1,0,3,0,0,4,6
1114,87,149.2215639,60,10,89,142,293,34,0,125,0,0,93,9
1115,41,69.50054671,20,117,195,160,215,2,0,618,0,0,61,3
1116,148,252.450337,26,2,18,45,30,20,175,55,0,0,25,12
1117,0,0,2,0,0,5,32,0,0,59,0,0,4,0
1118,156,267.7811391,3,0,7,33,1,1,0,16,0,0,11,12
1119,0,0,33,2,84,20,28,9,0,65,0,0,11,0
1120,1,1,35,6,54,19,56,6,0,101,0,0,19,10
1121,0,0,3,91,0,8,5,2,0,31,0,0,19,24
1122,497.25,847.5484218,16,36,4,8,4,1,0,31,0,0,30,40
1123,0,0,89,17,17,41,28,100,75,104,0,0,22,0
1124,202.5,348.5242059,15,27,0,43,150,9,59,302,0,0,37,17
1125,139,236.352879,32,52,2,61,51,3,0,297,0,0,30,11
1126,1,4.087995803,66,102,0,19,197,8,0,365,0,0,79,2
1127,104.5,182.6938542,85,187,0,9,86,7,0,399,0,0,47,18
1128,322.75,562.3903028,216,21,1,4,49,3,0,168,0,0,58,33
1129,10,16.35313773,51,11,0,4,44,4,0,207,0,0,16,1
1130,236.25,402.4386118,119,149,0,18,137,10,0,650,0,0,62,19
1131,0,0,170,231,0,38,279,18,60,927,0,0,96,0
1132,208.5,354.4015544,194,10,10,22,31,5,0,207,0,0,110,16
1133,0,0,33,38,0,91,252,22,0,437,0,0,39,0
1134,0,0,0,216,0,0,1,0,0,6,0,0,10,0
1135,0,0,0,0,0,0,0,0,0,0,0,0,0,0
1136,0,0,75,162,17,4,28,6,36,114,0,0,87,3
1137,389.5,662.0435685,103,14,0,9,24,3,0,133,0,0,32,30
1138,0,0,2,632,0,0,3,0,0,15,0,0,28,0
1139,0,0,130,59,0,87,703,509.25,0,932,0,0,114,0
1140,146,261.6475098,157,71,37,30,165,136,32,436,0,0,96,12
1141,0,0,65,48,0,31,186,63,41,370,0,0,38,0
1142,0,0,193,12,0,6,51,5,0,180,0,0,20,0
1143,0,0,10,2,1,7,15,500,0,25,0,0,25,0
1144,180,326.0369553,19,4,0,30,28,10,0,65,0,0,15,12
1145,151,270.8460295,25,7,0,17,79,159,66,204,0,0,32,10
1146,312,381.2369642,16,10,1,9,82,369,71,118,0,0,45,22
1147,0,0,0,1,0,0,230,0,0,66,0,0,13,0
1148,413,809.2089491,2,7,0,3,7,2,0,24,0,0,23,33
1149,81.75,159.6954973,0,0,0,0,1,0,0,0,0,0,4,6
1150,339.25,417.4852363,6,1,2,6,215,5,0,56,0,0,39,24
1151,398.75,488.4830739,14,47,2,329,95,471,8,225,0,0,85,32
1152,267.5,394.9760375,5,20,0,0,2,1,6,12,0,0,14,19
1153,397.5,686.8273606,30,8,0,3,24,12,0,74,0,0,26,29
1154,142.5,241.9742821,1,14,0,2,3,0,4,52,0,0,30,11
1155,263.75,450.7310726,29,16,0,17,157,17,22,423,0,0,46,20
1156,530,874.8919063,3,69,0,0,0,0,0,0,0,0,26,36
1157,157.75,269.0589154,315,243,0,12,202,24,26,281,0,0,64,12
1158,48.75,79.4660587,627,173,0,44,181,26,0,441,0,0,92,5
1159,622,1139.594878,170,109,38,6,101,26,81,183,0,0,59,43
1160,530,1004.679664,4,21,0,0,15,1,692,36,0,0,58,39
1161,446.75,843.1954208,186,226,0,9,15,49,180,90,0,0,50,34
1162,421,891.2221462,87,166,7,3,20,178,2,38,0,0,41,30
1163,542,967.8917423,0,0,0,0,0,0,0,10,0,0,29,45
1164,365,652.0748727,2,26,2,0,0,0,0,3,0,2,21,30
1165,382,809.4585742,8,0,0,1,10,229,1,14,0,0,29,27
1166,187,487.5065359,6,2,0,5,9,533,3,38,0,0,36,15
1167,0,0,2,2,0,1,99,554,2804,123,0,0,155,0
1168,534.5,1390.97795,0,0,0,0,0,0,0,0,0,0,27,43
1169,0,0,4,2,0,2,17,31,0,195,6,0,11,0
1170,0,0,3,2,0,5,10,23,0,19,0,0,3,0
1171,0,0,54,9,185,158,54,58,0,180,0,0,30,0
1172,0,0,0,0,0,0,0,0,0,0,0,0,0,0
1173,0,0,132,1,553,890,66,7,12,116,0,0,78,0
1174,0,0,30,7,716,914,246,43,0,341,0,0,100,0
1175,0,0,63,21,288,459,110,84,0,253,0,0,56,0
1176,0,0,64,0,354,3,0,0,0,3,0,0,18,0
1177,83,267.7670925,88,79,88,273,114,151,9,495,0,0,62,6
1178,466,1513.59887,25,14,26,44,112,96,2,126,0,0,40,32
1179,402,1303.064682,11,1,0,24,4,7,1,10,0,0,20,28
1180,502,1610.691128,0,0,0,0,0,0,0,0,0,0,23,36
1181,168,607.071129,0,0,0,0,0,92,0,0,0,0,12,12
1182,63,226.8852102,82,1,11,0,4,5,0,26,0,0,9,5
1183,128,454.7927562,1,0,118,17,74,2,0,7,0,0,15,9
1184,94,196.2326499,16,25,42,8,22,21,0,49,0,0,12,6
1185,0,0,1,0,308,123,1,1,0,10,0,0,19,0
1186,16,31.68355494,204,7,104,35,47,13,0,134,0,0,26,1
1187,0,0,54,11,94,16,122,76,0,213,0,0,26,0
1188,178,366.9146043,287,81,26,28,237,85,52,595,0,0,90,14
1189,49.99999308,103.2266422,23.99999668,6.999999031,4.999999308,34.99999515,22.99999682,18.99999737,0,324.999955,0,7,40,4
1190,648.2500019,1333.515107,14.00000004,183.0000005,60.00000018,2.000000006,12.00000004,2.000000006,0,61.00000018,0,0,57,48
1191,277.9999793,571.3239729,11.99999911,0,0,0.999999926,6.99999948,1.999999851,40.99999695,6.99999948,0,0,29,20
1192,160,329.0989595,231,72,0,133,267,347,16,359,0,0,117,13
1193,206,423.1272885,375,88,34,13,96,45,0,414,0,0,65,15
1194,594.25,1381.280871,224,120,1,7,72,86,19,419,0,0,70,45
1195,640.25,1332.491687,21,74,0,1,18,4,99,117,0,0,44,46
1196,0,0,0,0,0,0,0,44,0,31,0,0,3,0
1197,592,1175.357385,19,124,1,3,17,3,2,91,0,0,41,47
1198,597,1468.65824,60,18,1,3,9,9,34,59,0,0,35,42
1199,229,560.0731277,6,0,0,0,0,0,0,6,0,0,10,16
1200,330,901.4241445,3,0,0,0,0,0,0,6,0,0,15,23
1201,306,726.6659318,0,10,0,0,0,49,0,0,0,0,16,21
1202,140,333.1829144,0,0,0,0,0,0,0,0,0,0,6,10
1203,508,1435.938688,0,61,0,0,0,0,0,0,0,0,25,35
1204,576,1176.376257,17,7,0,22,30,51,5,47,0,0,33,40
1205,212,580.5088734,0,165,0,1,0,15,1,247,0,0,28,15
1206,926,2278.106616,0,0,0,0,0,0,0,0,0,0,40,63
1207,0,0,5,2,3,105,14,42,0,53,0,0,12,0
1208,0,0,0,0,0,0,0,0,0,0,0,0,0,0
1209,0,0,2,1,0,2,6,17,0,11,0,0,2,0
1210,0,0,27,6,0,152,20,46,0,211,0,0,23,0
1211,0,0,448,7,1582,2953,274,106,0,398,0,0,252,0
1212,0,0,246,36,836,2550,414,169,105,1028,0,0,240,0
1213,0,0,505,680,1810,1688,882,839,28,3647,0,0,452,0
1214,0,0,83,13,1301,831,74,320,26,223,0,0,124,0
1215,0,0,35,2,401,331,14,16,0,194,0,916,44,0
1216,65,214.6221849,277,23,939,378,246,98,36,369,0,0,106,4
1217,274,1076.166964,171,151,13,126,335,268,254,685,0,5,101,19
1218,277.25,1186.027305,1,0,0,0,2,154,0,8,0,0,20,20
1219,341,1458.389472,13,1,0,2,17,7,0,9,0,0,17,24
1220,272,916.742247,16,24,0,0,11,16,0,17,0,0,53,19
1221,53,168.6320878,1,0,0,0,0,0,0,3,0,0,3,4
1222,29,97.09091053,73,23,150,153,84,222,84,427,0,0,55,2
1223,218,774.6806888,2,0,0,2,60,6,1,14,0,0,13,15
1224,0,0,7,2,150,105,4,10,0,38,0,0,14,0
1225,0,0,228,17,0,37,70,61,0,838,0,0,55,0
1226,63,130.8218307,426,107,41,157,91,92,0,569,0,0,84,20
1227,458,947.4365622,210,43,39,218,74,57,100,271,0,0,101,33
1228,392,807.4165967,41,65,4,310,126,80,1,292,0,0,215,30
1229,229,471.163404,6,151,4,5,55,46,68,88,0,0,62,19
1230,122,252.4453341,169,187,32,52,125,104,312,520,0,0,93,9
1231,476.25,1400.930765,35,83,1,22,91,780,85,239,0,0,85,39
1232,717.25,1599.235617,5,15,6,0,18,3,3,21,0,0,35,50
1233,557,1245.865258,6,53,6,0,26,108,32,0,0,0,35,40
1234,569,1312.294373,98,33,0,8,87,40,16,106,0,0,43,40
1235,616,1392.015582,23,95,0,21,51,107,58,99,0,0,51,47
1236,502,1136.505935,39,18,0,19,114,71,53,135,0,0,47,41
1237,190,466.0461454,0,20,0,1,2,1,0,8,0,0,10,13
1238,586,1389.965908,4,46,0,0,2,2,0,25,0,0,31,42
1239,213,580.5090659,0,0,0,0,0,0,0,0,0,0,9,15
1240,454,1204.967406,89,52,5,8,2,2,0,31,0,0,29,33
1241,328,985.2237291,46,8,0,0,0,63,0,0,0,0,19,23
1242,396,1473.729318,20,3,0,17,17,6,13,63,0,0,23,27
1243,403,909.6137979,298,160,19,18,65,64,30,416,0,0,69,32
1244,275,709.2868024,41,54,0,5,48,43,21,248,0,0,34,21
1245,502,1381.774138,0,0,0,0,0,29,0,0,0,0,23,34
1246,0,0,249,7,230,193,39,29,0,370,0,0,48,0
1247,0,0,73,76,75,2389,444,137,7,182,0,0,147,0
1248,0,0,0,0,0,0,0,0,0,0,0,0,0,0
1249,10,32.70435126,124.25,19,567,220,189,103.25,0,695,0,0,100,1
1250,0,0,346,38,1,458,60,42,0,270,0,0,54,0
1251,0,0,55,7,0,134,53,48,0,114,0,0,18,0
1252,0,0,9,26,15,135,3,5,0,109,0,0,14,0
1253,48,76.65554956,929,270,2,103,188,145,9,609,0,0,105,3
1254,288,460.9552482,307,38,265,44,90,77,0,392,0,0,196,26
1255,382,611.20011,21,8,13,54,92,134,10,161,0,0,71,27
1256,423,677.6348041,33,36,1,15,52,31,23,160,0,0,36,29
1257,102,162.5098112,87,212,0,70,1424,143,11,509,0,0,114,7
1258,860.75,1476.629075,160,51,0,21,129,6299,7,465,0,0,360,70
1259,714,1432.912474,117,64,1,86,288,284,111,541,0,0,98,49
1260,764,1706.804921,42,146,0,6,38,33,48,191,0,0,56,52
1261,530,1243.816162,55,134,13,17,93,68,108,247,0,0,59,40
1262,443,812.5361642,31,20,0,1,44,14,24,94,0,0,32,33
1263,237,374.0796129,19,30,0,10,46,420,3,112,0,0,41,17
1264,475,904.5178978,23,164,1,5,47,22,108,102,0,0,42,34
1265,511.25,1400.426562,8,1,0,2,4,4,0,32,0,0,25,35
1266,469,1079.270338,11,0,0,1,0,0,0,10,0,0,22,34
1267,463,1204.969138,26,2,2,3,16,3,8,27,0,0,30,32
1268,599,1570.853709,105,9,0,2,22,76,1,83,0,0,45,44
1269,456,1076.201984,0,42,0,0,0,139,0,5,0,0,30,35
1270,433,1114.00974,0,9,0,0,0,0,0,0,0,0,19,30
1271,278.5,505.4082536,86,79,0,6,31,29,58,155,0,0,33,21
1272,249.5,401.163715,93,124,0,16,82,38,12,152,0,0,35,18
1273,1160,1864.261542,160,261,2,8,116,34,24,260,0,0,168,84
1274,260,478.0674847,124,201,4,8,45,26,9,206,0,0,46,20
1275,138.5,221.7900163,484,252,0,6,837,4,28,776,0,16,125,11
1276,608.5,961.2618159,95,63,3,74,109,28,21,348,0,0,62,44
1277,0,0,0,0,0,0,0,134.9999957,0,0,0,0,6,0
1278,484.0000019,1120.151262,1.000000004,4.000000016,0,0,16.00000006,27.00000011,20.00000008,37.00000014,0,0,27,36
1279,250,723.5893038,27,1,28,0,28,2,0,18,0,0,18,21
1280,699,1619.926592,36,41,0,5,184,33,31,249,0,0,59,52
1281,492,1261.182014,3,1,0,17,106,0,182,8,0,5,36,36
1282,348,726.6740133,31,5,0,31,2,2,0,9,0,0,22,24
1283,250,454.8162313,6,2,0,7,6,5,0,28,0,0,15,19
1284,457,888.1632207,5,2,0,3,6,4,0,12,0,0,26,38
1285,197,314.7987671,0,0,0,1,0,1,0,0,0,0,9,14
1286,516,919.8550497,13,8,0,3,19,2,0,68,0,0,28,37
1287,143,233.2877429,62,15,3,6,35,16,23,100,0,0,18,10
1288,220,353.6373249,298,279,0,25,326,15,210,186,0,0,68,16
1289,177,316.8388204,2,0,0,0,8,0,0,54,0,0,11,12
1290,744,1772.205927,0,14,33,0,22,0,9,49,0,0,39,53
1291,429,1393.001551,19,2,0,4,13,17,9,216,0,0,31,29
1292,338,956.6110295,17,34,0,14,15,28,4,197,0,0,29,25
1293,215,494.6655796,329,95,0,19,146,130,105,553,0,0,72,16
1294,0,0,0,0,0,0,0,0,0,30,0,0,1,0
1295,173,360.7819372,0,0,0,0,0,45,0,0,0,0,10,13
1296,382,791.0634589,0,0,18,0,0,0,0,7,0,0,19,28
1297,507,912.699662,38,12,0,9,121,40,61,169,0,0,45,39
1298,734,1996.011238,60,48,4,2,16,16,0,70,0,0,45,50
1299,343,765.5071835,16,1,3,2,13,87,0,23,0,0,21,23
1300,169,546.7762215,53,27,0,0,141,0,83,0,0,0,20,12
1301,593,1015.933245,641,98,0,10,145,72,32,984,0,0,113,42
1302,3,12.26398741,11,8,141,42,26,45,0,120,4,0,18,0
1303,354,1111.950637,35,18,0,72,66,146,9,209,5,0,41,25
1304,285,819.659418,2,1,0,3,4,7,0,11,8,0,26,20
1305,1,1,17,1,0,599,1,2,0,11,8,0,27,0
1306,1207.999976,4135.045484,39.99999921,57.99999885,0,22.99999955,71.99999858,423.9999916,10.99999978,203.999996,0,0,94,89
1307,414,1185.542643,4,0,0,0,1,45,0,4,0,0,20,28
1308,625,1842.697637,0,0,0,0,0,0,0,0,0,0,27,43
1309,964,3561.684191,2,0,0,2,2,44,0,11,0,0,44,66
1310,979.999992,3848.855426,8.999999927,0,0,0,0,0,0,6.999999943,0,0,52,67
1311,757,2590.791056,6,35,0,18,13,15,11,41,0,0,39,52
1312,976,2819.750186,25,7,0,6,14,86,4,32,1,0,71,71
1313,949,3464.595974,1,0,0,15,2,4,0,14,3,0,49,68
1314,649,1755.836433,13,78,21,11,5,85,0,51,0,0,40,44
1315,477,1646.454597,360,182,0,0,7,1,84,541,0,0,71,33
1316,1004,3782.43327,64,7,8.25,10,24,164,58,101,0,0,63,69
1317,82,280.0303101,5,1,0,45,9,21,0,51,6,0,10,6
1318,328,1133.406602,0,0,0,0,0,0,0,0,0,0,14,22
1319,0,0,14,2,181,128,11,46,0,122,0,0,23,0
1320,484,1694.487634,0,0,0,0,0,0,0,0,6,0,21,33
1321,0,0,12,2,8,317,204,29,0,117,0,0,31,0
1322,0,0,11,3,0,222,15,31,0,133,0,0,20,0
1323,0,0,35,1,0,21,10,4,0,31,0,0,5,0
1324,0,0,221,26,15,1199,105,130,0,1130,0,0,124,0
1325,0,0,63,7,273,1954,456,15,0,113,2,7,125,0
1326,0,0,340,0,1796,792,171,2,149,248,0,0,150,0
1327,338,1576.935193,53,42,1305,690,178,108,4,650,0,0,145,23
1328,0,0,173,18,296,2083,359,86,3,489,0,0,153,0
1329,0,0,18,1,366,335,6,23,0,92,0,0,36,0
1330,0,0,217,201,1190,1259,396,519,179,1398,0,0,232,0
1331,815,2232.097469,57,47,110,228,559,140,344,1461,2,0,164,56
1332,47,188.0479994,43,4,297.25,517,28,68,0,300,0,0,60,3
1333,0,0,0,0,0,1,3,57,0,7,4,0,3,0
1334,272,1099.671449,188,58,0,26,69,62,16,333,0,0,46,20
1335,0,0,313,375,170,1050,179,192,0,697,4,0,130,0
1336,0,0,3,1,54,2,1863,30,39,56,1,0,87,0
1337,0,0,23,52,0,19,890,197,4,3224,0,0,191,0
1338,499,2081.809891,0,0,0,0,0,64,0,0,1,0,24,34
1339,244,987.2514676,1,0,0,2,2,2,0,10,0,0,12,17
1340,358,1225.387951,0,0,0,0,0,0,0,0,0,0,15,24
1341,196,672.4813709,70,144,0,19,88,78,42,312,0,0,42,13
1342,944,3080.341494,219,536,0,8,73,236,76,333,0,0,107,67
1343,0,0,52,30,0,60,628,452,0,890,0,0,93,0
1344,0,0,6,0,0,172,1108,1,56,154,1,0,64,0
1345,264,859.5114602,0,0,0,0,0,0,0,0,0,0,12,18
1346,0,0,17,11,10,125,67,231,0,181,0,0,29,0
1347,620,2266.806276,34,36,73,66,59,46,0,165,0,0,49,43
1348,590,1994.961579,18,24,0,3,3,132,0,13,0,0,35,41
1349,345,1361.304912,0,2,0,0,0,0,0,6,0,0,16,24
1350,487,2105.312451,69,121,32,34,202,279,34,555,0,0,106,75
1351,272,761.4057183,33,15,116,125,425,119,298,510,0,0,84,20
1352,191,534.5170445,79,1,12,70,55,213,44,210,0,0,39,14
1353,227,518.1727581,14,15,0,11,50,65,13,102,2,0,22,16
1354,1003,3278.61131,1,34,0,5,0,1,0,17,0,0,49,73
1355,598,2632.660446,0,0,0,0,0,79,0,0,0,0,30,42
1356,1,6.131897496,525,304,0,26,46,209,68,273,0,0,64,0
1357,220.25,845.1957609,58,181,0,2,5,9,26,32,0,0,23,15
1358,524.5,2019.220338,35,58,9,10,46,110,22,236,0,0,47,36
1359,347,1144.651718,0,0,0,0,0,0,0,0,0,0,15,24
1360,405,1621.913922,25,12,0,83,32,37,4,35,0,0,28,28
1361,293,964.7779775,0,0,0,0,0,44,0,0,0,0,15,20
1362,313,1648.466942,0,0,0,0,0,0,0,0,0,0,14,21
1363,651,2509.014593,130,19,0,25,114,201,480,347,0,0,86,44
1364,718.0000246,2667.429957,90.00000308,69.00000236,0,13.00000045,68.00000233,64.00000219,9.000000308,288.0000099,0,0,59,49
1365,161.0000092,596.8503078,32.00000183,59.00000338,0,0,0,1.000000057,45.00000258,97.00000556,0,0,17,11
1366,675,2414.999733,46,159,27,11,38,271,23,209,0,0,64,46
1367,536,1605.587916,74,31,0,5,45,30,0,175,0,0,47,37
1368,350,1239.693723,23,2,0,1,5,5,6,35,0,0,18,24
1369,0,0,7,631,0,30,173,0,1,1179,0,0,131,2
1370,393,1445.114117,140,233,0,43,61,64,0,309,0,0,68,29
1371,554,1262.215895,90,90,15,25,127,119,0,372,0,0,63,39
1372,791,2705.256093,29,4,18,7,18,90,1,119,1,0,48,55
1373,982,3161.082923,10,2,0,3,4,80,56,26,0,0,50,67
1374,138,511.0019769,0,0,0,0,0,51,0,0,1,0,9,10
1375,226,840.0870822,324,12,0,22,16,57,14,63,1,0,33,17
1376,801,3050.677403,33,28,0,16,0,58,0,181,0,0,49,56
1377,965,3416.567363,25,9,14,14,16,25,0,82,0,0,57,68
1378,481,1842.669929,84,37,0,16,35,106,12,181,0,0,42,33
1379,436,1268.324895,358,33,7,21,258,200,51,313,0,0,74,30
1380,222.0000024,861.5472896,152.0000016,30.00000033,0,6.000000065,33.00000036,40.00000043,0,167.0000018,0,0,29,15
1381,83.00000167,320.9085429,1.00000002,1.00000002,0,1.00000002,3.00000006,205.0000041,2.00000004,22.00000044,0,0,14,6
1382,681,2381.276509,194,143,0,17,106,126,2,414,0,0,74,46
1383,647,1631.158045,79,145,0,70,370,1017,244,937,0,0,173,72
1384,20,45.99163645,685,599,0,13,166,50,0,381,0,0,84,1
1385,490,1139.569479,18,15,0,4,21,12,0,109,0,0,34,41
1386,443,1127.297025,150,83,26,61,158,209,74,593,0,0,82,34
1387,679,3089.48806,252,106,33,49,116,145,3,510,0,0,86,47
1388,879,2624.538909,0,0,0,0,0,0,0,0,0,0,38,60
1389,1184,3949.045893,0,0,0,3,4,0,6,5,0,2,52,81
1390,485,1722.080499,5,17,0,12,20,32,0,56,0,0,28,35
1391,515,1921.366686,47,2,0,2,17,26,20,38,0,0,29,35
1392,238,860.5284081,4,1,0,5,19,17,23,23,0,0,14,16
1393,261,940.2449998,5,2,0,6,4,9,1,14,0,0,13,18
1394,433,1179.414594,0,0,0,0,0,72,0,0,0,0,22,30
1395,418,1538.116455,3,1,0,2,7,57,19,15,0,0,23,29
1396,318,1002.594969,0,0,0,0,0,0,0,0,0,0,14,22
1397,366,833.9823158,0,0,0,0,0,0,0,0,0,0,16,25
1398,122,568.2281456,1,0,0,0,1,1,0,1,0,0,5,8
1399,2588,9634.428607,36,113,0,4,13,13,10,98,0,0,127,180
1400,752,1708.846514,184,16,0,27,54,75,0,306,0,0,66,56
1401,0,0,9,2,4,114,8,36,0,82,0,0,13,0
1402,1,3.066044957,0,0,0,0,11,0,0,0,0,0,1,0
1403,0,0,21,12,0,63,51,120,0,131,0,0,18,0
1404,208,832.9299628,2,0,0,0,5,19,31,21,0,0,12,14
1405,528.4999972,1791.581516,5.999999968,0,0,0,0,49.99999973,0,0,0,0,26,37
1406,251.0000002,852.3553036,2.000000002,1.000000001,0,3.000000003,4.000000004,366.0000003,0,15.00000001,0,0,28,18
1407,380.0000002,2012.294336,28.00000001,19.00000001,0,89.00000004,26.00000001,35.00000001,29.00000001,83.00000004,1,0,31,26
1408,488,1655.654272,14,0,0,0,0,0,0,1,0,0,22,33
1409,533,1871.294558,0,0,0,0,1,0,1,8,0,0,23,36
1410,363,1405.252262,14,56,0,0,3,1,0,29,0,0,20,25
1411,349,1210.056956,0,0,0,0,0,0,0,0,0,0,15,24
1412,241,833.9582634,17,8,0,24,110,105,79,175,0,0,34,16
1413,534,2002.104459,14,1,0,2,6,75,0,10,0,0,28,36
1414,539,1672.015298,0,0,0,0,0,130,0,0,0,0,29,37
1415,627.999999,2360.82729,0,0,0,0,0,0,0,0,0,0,27,43
1416,886,3611.744773,20,3,0,9,16,73,1,39,0,0,45,60
1417,367,1554.457855,8,4,0,9,28,127,6,49,0,0,26,25
1418,484,2093.048464,18,3,4,8,6,167,0,45,0,0,32,33
1419,589,1883.568744,290,8,0,7,26,37,0,136,0,0,48,41
1420,435,1451.253903,369,69,0,17,60,75,11,283,0,0,58,30
1421,112,376.0994623,16,4,0,3,16,14,98,68,0,0,14,8
1422,504,1734.347565,0,0,1,0,0,0,0,23,0,0,23,34
1423,637,1758.899977,16,46,3,12,71,98,61,182,0,0,53,50
1424,0,0,0,0,501,0,0,0,0,0,0,0,21,0
1425,0,0,1,0,1012,11,1,3,0,8,0,0,44,0
1426,307,1152.819628,23,1,0,67,15,225,0,350,0,0,44,21
1427,0,0,6,3,733,251,35,21,2,33,0,0,47,0
1428,0,0,2.000001149,1.000000574,0,12.00000689,2.000001149,4.000002297,0,21.00001206,0,0,2,0
1429,0,0,0,0,0,4,0,2,0,3,23,0,0,0
1430,2,9.197942453,0,0,0,0,0,0,0,0,4,0,0,0
1431,2,4.088188222,0,0,0,0,0,0,0,0,0,0,0,0
1432,0,0,1,1,17,8,1,2,0,9,0,178,2,0
1433,781,2838.107778,1,0,263,5,2,1,1,4,1,0,47,55
1434,544,1985.75517,0,0,0,0,2,0,0,1,16,0,24,37
1435,96,391.4256463,0,0,0,0,0,0,0,0,3,0,4,7
1436,622,2553.974849,0,0,0,13,3,82,2,5,0,0,31,42
1437,122,439.4623389,467,127,0,12,49,68,7,210,5,0,63,35
1438,687,2948.460383,0,0,0,0,0,0,0,0,0,0,30,47
1439,0,0,9,4,783,367,230,95,0,349,0,0,79,0
1440,0,0,153,9,334,344,38,86,0,147,0,0,50,0
1441,0,0,12,2,65,89,13,29,0,91,0,0,14,0
1442,0,0,43,30,0,102,11,10,0,91,0,0,13,0
1443,0,0,140,22,0,112,42,30,0,184,0,0,24,0
1444,98,216.6724365,28,24,20,41,59,31,0,158,0,0,26,7
1445,391,866.6895533,159,88,43,72,261,134,1,544,0,0,77,29
1446,231,472.9522136,40,86,8,3,64,41,99,53,0,0,28,16
1447,64.5,130.3111636,10,2,0,60,13,16,15,43,0,0,11,5
1448,0,0,28,15,281,116,99,0,0,47,0,0,25,0
1449,0,0,18,6,11,36,320,68,0,511,0,0,85,2
1450,0,0,23,3,183,195,10,16,0,56,0,0,21,0
1451,0,0,453,41,109,50,126,108.25,0,510,0,0,63,0
1452,23,50.08001709,59,3,80,138,34,52,0,295,0,0,30,2
1453,1,1,31,1,32,181,12,4,48,139,0,0,45,1
1454,176,390.4190889,24,10,22,26,82,76,7,168,0,0,27,13
1455,179,395.5294204,192.25,22,45,62,117,71,0,325,0,0,49,13
1456,0,0,30,2,4,43,6,268,1,49,0,0,18,0
1457,294,892.2196599,109,69,0,38,235,210,68,504,0,0,70,20
1458,538,1103.810435,145,10,0,6,26,17,0,87,0,0,38,38
1459,418,1316.353121,13,5,1,11,22,33,54,54,0,0,27,29
1460,413,840.8895468,0,0,0,0,0,0,0,0,0,0,21,33
1461,0,0,46,6,37,168,103,32,0,57,0,0,20,0
1462,0,0,85,23,78,186,80,102,14,343,0,0,42,0
1463,0,0,69,5,65,81,56,23,0,144,0,0,20,0
1464,203,450.7193841,40,1,46,263,44,9,2,97,0,0,32,15
1465,114,252.4437947,97,17,63,42,245,110,11,296,0,0,46,8
1466,86,190.0994054,129,29,25,10,115,173,64,511,0,0,56,6
1467,574,1329.668499,102,24,38,7,43,48,48,184,0,0,51,44
1468,512,1590.254035,0,0,0,0,4,0,1,5,0,0,26,40
1469,262,580.5184943,29,5,143,588,34,59,204,459,0,0,79,19
1470,0,0,12,8,47,43,35,142,0,121,0,0,18,0
1471,5,11.2424214,167,2,43,67,19,504,0,55,0,0,41,0
1472,71,146.1526328,33,15,44,155,104,42,0,256,0,0,32,5
1473,72,150.2406285,47,10,5,93,60,57,0,198,0,0,25,5
1474,146,336.2499215,148,63,21,200,313,112,41,464,0,0,67,11
1475,31,71.54252422,91,78,8,89,85,89,44,371,0,0,51,3
1476,435,1451.253903,151,122,0,9,72,185,0,273,0,0,55,30
1477,380,897.3459621,42,10,13,13,36,27,1,182,0,0,32,27
1478,500,1277.534767,54,8,0,4,26,37,2,145,0,0,39,35
1479,40,117.532044,199,104,0,323,582,2973,120,998,0,0,235,3
1480,0,0,37,2,897,354,19,4,0,365,0,0,72,0
1481,14,27.59536671,149,16,298,156,72,66,0,255,0,0,45,1
1482,80,165.5714306,145,1,9,69,65,6,2,139,0,0,42,6
1483,69,157.3937072,83,102,33,53,103,57,190,251,0,0,43,5
1484,1,1,252,199,25,31,83,108,17,661,0,0,131,3
1485,742,1890.751841,86,98,1,14,44,49,3,302,0,0,74,56
1486,749,1784.470299,13,17,0,85,13,0,5,16,0,0,40,53
1487,361,842.1569604,4,2,0,2,14,19,32,45,0,0,25,25
1488,1085,3019.051574,0,0,0,0,0,51,0,0,0,0,50,76
1489,319,827.841567,39,0,45,95,48,5,0,76,0,0,27,22
1490,0,0,0,0,23,0,0,0,0,0,0,0,1,0
1491,5,11.2424214,110,57,141,244,123,147,0,296,0,0,50,0
1492,486.0000004,1007.737051,23.00000002,4.000000003,9.000000007,32.00000002,34.00000003,38.00000003,7.000000005,106.0000001,0,0,32,33
1493,295,677.6101746,32,28,470,163,289,79,6,230,0,0,70,20
1494,1,1,174,95,16,48,105,135,216,529,0,0,60,0
1495,434,873.8514832,244,42,34,51,86,103,44,387,0,0,77,30
1496,360,866.6835884,13,5,7,9,74,191,67,89,0,0,36,25
1497,260,607.0888315,4,13,0,5,225,80,318,38,0,0,41,18
1498,214,490.5775838,10,0,0,0,0,0,0,0,0,0,11,17
1499,383,1159.987907,1,10,0,1,37,85,0,20,0,0,25,29
1500,307,964.7806714,0,0,0,0,0,0,0,0,0,0,13,21
1501,451,1172.264402,2,0,1,1,20,149,3,123,0,0,34,33
1502,473,1454.327068,55,87,2,6,30,72,15,146,0,0,46,40
1503,408,1133.421996,577,161,6,19,155,213,23,711,0,0,134,29
1504,641,1444.139886,0,0,0,0,0,53,3,0,0,0,42,54
1505,309,711.3372463,40,23,1,5,26,67,0,70,0,0,25,23
1506,299,511.0329563,52,7,5,20,188,58,3,150,0,0,36,22
1507,367,628.5703881,141,166,0,54,130,143,15,556,0,0,76,42
1508,462,1171.244567,87,5,5,19,38,34,41,113,0,0,36,32
1509,345,827.8465699,0,0,0,2,11,2,1,3,0,0,18,27
1510,294,680.6758347,5,19,1,3,20,20,13,36,0,0,21,20
1511,367,1094.579974,67,19,0,13,89,51,6,174,0,0,35,25
1512,309,871.7835293,25,19,0,4,38,29,53,131,0,0,30,26
1513,537,788.9525609,198,9,0,36,63,57,4,157,0,0,60,37
1514,283,657.1688486,21,8,6,14,55,69,6,166,0,0,29,20
1515,384,964.7954876,85,27,0,9,61,54,35,233,0,0,40,26
1516,257,609.132156,245,8,20,21,53,54,236,279,0,0,52,18
1517,225,628.5430646,24,75,1,10,55,64,27,163,0,0,29,16
1518,242,680.6658289,0,1,0,1,0,1,0,48,0,0,13,17
1519,453,1557.540255,62,223,0,26,118,349,92,283,0,0,72,32
1520,374,1015.891106,49,7,0,4,22,31,20,76,0,0,30,26
1521,696,2419.091577,23,57,5,47,68,117,91,163,0,0,57,48
1522,430,778.8092849,44,49,7,45,178,215,269,412,0,0,78,29
1523,428,998.528332,15,61,1,4,120,30,43,113,0,0,46,29
1524,260,654.0985705,20,45,0,16,78,157,751,156,0,0,65,18
1525,581,1308.208878,106,36,2,55,193,377,262,402,0,0,95,40
1526,179,491.5928,7,43,1,1,19,83,10,65,0,0,18,12
1527,229,642.8511462,0,0,0,0,0,0,0,0,0,0,10,16
1528,369,1329.629054,28,9,0,4,32,28,10,191,0,0,31,25
1529,380,1096.626378,65,1,0,4,28,16,0,65,0,0,26,29
1530,657,2105.345162,0,0,0,0,0,533,0,0,0,0,65,47
1531,735.0000062,2370.04546,163.0000014,218.0000018,7.000000059,7.000000059,66.00000056,36.0000003,11.00000009,178.0000015,0,0,107,59
1532,487,1001.605537,60,22,28,154,92,26,1,201,0,0,54,38
1533,0,0,12,1,149,160,23,9,0,49,0,0,18,0
1534,505,1161.033333,132,21,76,132,83,64,25,442,0,0,100,36
1535,514,1182.496032,84,21,10,76,58,70,3,435,0,0,65,37
1536,483,1111.975459,189,20,38,119,137,126,4,471,0,0,71,33
1537,520,1195.782547,3,1,1,5,16,23,24,109,0,0,31,36
1538,825,1867.262941,36,7,0,31,35,39,111,103,0,0,52,56
1539,673,1546.341128,264,1,16,19,83,83,231,314,0,2,73,46
1540,564,1242.800753,33,4,48,37,85,71,281,117,0,2,55,39
1541,489,1037.374201,241,38,0,8,80,43,17,139,0,0,50,34
1542,272,576.4326151,28,54,8,8,395,2289,162,814,0,0,174,19
1543,303,628.5580733,14,55,0,8,40,54,54,103,2,0,30,21
1544,369,763.4682846,11,2,0,10,51,21,10,54,0,0,23,25
1545,233,495.6909939,0,0,0,1,16,0,2445,148,0,0,123,16
1546,326,930.0379985,0,0,0,0,4,0,10,10,0,0,15,22
1547,268,605.0464692,38,137,21,8,36,48,83,90,0,0,32,18
1548,697,1667.957897,53,73,0,84,224,66,187,410,0,0,79,48
1549,1135,1968.495725,495,63,0,76,411,314,237,646,0,0,149,77
1550,110,237.1137624,3,2,0,5,22,30,81,50,0,0,13,8
1551,693,1566.783994,174,90,1,37,167,73,303,241,1,0,77,47
1552,652,1862.119899,0,0,0,0,0,0,1,0,0,0,28,45
1553,365,823.7626149,11,4,25,9,88,77,107,139,0,0,36,25
1554,639.0000085,1870.293029,0,0,0,0,0,225.000003,0,0,0,0,38,44
1555,441.0000036,1135.472256,0,0,24.0000002,14.00000011,131.0000011,0,116.0000009,72.00000059,0,0,36,32
1556,252,569.2751109,1,0,0,12,15,4,6,32,0,0,14,17
1557,897,2848.349608,0,0,0,13,0,2,0,5,0,0,40,61
1558,241,645.9193077,50,19,214,90,70,109,0,217,0,0,45,16
1559,1008,3254.085452,0,0,0,0,0,133,0,0,0,0,49,69
1560,956,2905.590208,0,0,0,0,0,85,0,0,0,0,45,65
1561,417,1146.709089,18,8,0,3,15,237,6,42,0,0,32,28
1562,721,4039.910429,8,0,2,0,3,244,0,83,4,0,46,49
1563,897,2793.164262,51,65,0,14,73,100,1,161,0,0,59,61
1564,629,2218.776318,3,1,0,37,8,84,0,37,0,0,35,43
1565,654,1991.908041,0,0,0,0,0,0,0,0,0,0,28,45
1566,368.0000001,1233.565481,0,37.00000001,0,0,0,311,0,21,0,0,32,25
1567,486,1638.280722,2,19,0,6,1,65,0,9,0,0,26,33
1568,260,774.6887703,58,49,15,23,71,98,71,218,0,0,39,18
1569,346,1022.017423,131,61,1,8,25,27,0,127,0,0,32,24
1570,494,2200.355227,150,64,0,25,15,74.99999999,0,476,0,0,56,34
1571,832.9999998,3107.912808,2,0,0,14,2,51.99999999,0,12,0,0,40,57
1572,442,1501.330842,0,0,0,0,0,0,0,0,0,0,19,30
1573,275,759.3623939,170,158,0,84,450,1986,49,743,0,0,204,19
1574,270,790.0199572,0,0,0,0,0,0,0,0,0,0,12,18
1575,382,1091.517007,155,94,4,22,105,157,67,353,0,0,62,26
1576,508,1450.245999,96,55,0,7,27,99,0,129,0,0,41,35
1577,1245.25,2698.445351,440,4,598,208,976,84,42,445,0,0,179,87
1578,590,1278.574036,26,13,0,25,77,137,0,154,0,0,45,41
1579,311,913.6838987,0,0,0,0,0,0,0,0,0,0,13,21
1580,147,542.6841849,35,25,0,33,2,1799,6,6,0,0,90,11
1581,742,2311.795589,37,104,4,19,1,121,2,32,0,0,46,51
1582,1065,2309.813838,7,22,0,31,80,27,5,55,0,0,57,74
1583,274,1214.130328,45,81,0,13,66,77,120,253,0,0,42,19
1584,205,907.5317973,0,0,0,0,0,0,0,0,0,0,9,14
1585,743,2762.476104,7,10,0,0,0,54,9,39,0,0,38,51
1586,272,773.6691285,26,8,6,6,31,34,66,105,0,0,24,19
1587,504,1479.881805,10,4,0,9,29,188,2,95,0,0,37,34
1588,460,1302.05389,12,18,0,2,9,11,11,62,0,0,26,32
1589,820,2333.271565,353,434,55,70,241,358,136,893,0,0,152,57
1590,473,1232.563735,15,10,0,9,47,55,1,100,0,0,32,35
1591,786,2293.40894,0,7,0,0,13,0,2,2,0,2,35,54
1592,327,893.2479605,8,4,0,18,51,62,77,176,0,0,35,27
1593,245,713.3688332,0,0,0,0,0,0,0,0,0,0,11,17
1594,75,247.3265362,35,129,0,12,64,188,72,263,0,0,37,5
1595,366,1206.994375,27,6,0,4,15,17,0,94,0,0,23,25
1596,332,1314.292671,1,31,0,0,0,0,0,0,0,0,16,23
1597,261,741.9865356,11,1,1,6,2,5,0,10,0,0,13,18
1598,510,1093.585539,32,9,0,14,31,387,22,76,0,0,47,35
1599,385,1096.627339,37,46,0,55,25,30,13,145,0,0,32,26
1600,843,2225.971152,108,24,0,19,235,121,192,262,0,0,360,58
1601,1027,3009.842856,13,35,2,17,8,55,19,71,0,0,54,70
1602,622,1865.179979,0,0,0,0,0,104,0,0,0,0,31,42
1603,297,804.3324644,2,1,0,1,18,12,40,18,0,0,17,20
1604,564,1527.925039,725,869,0,35,178,190,56,1055,0,0,186,39
1605,766,2531.519639,526,149,0,21,209,155,472,421,0,0,119,52
1606,409,1413.436719,0,0,0,0,0,114,0,0,0,0,24,30
1607,125,374.0580621,5,1,26,19,15,96,24,36,0,0,15,9
1608,518,1897.862394,0,0,0,0,0,0,0,0,0,0,22,35
1609,633,1518.740759,5,2,0,5,15,65,30,33,0,0,35,44
1610,400.5,1315.072315,0,0,0,0,1,0,0,0,0,0,18,29
1611,565,1720.051991,0,0,0,0,1,0,38,0,0,0,26,39
1612,225,781.8356916,3,0,0,4,620,1,149,16,2,0,44,16
1613,479,1059.855196,26,18,19,41,151,179,147,253,0,0,58,33
1614,309,945.3639901,23,38,8,40,164,74,116,168,0,0,42,21
1615,6,14.30846636,175,148,671,437,138,42,21,502,0,2,93,0
1616,1,1,58,71,7,42,144,39,0,144,0,0,23,0
1617,225,616.2796565,277,12,61,211,41,49,0,395,0,0,134,16
1618,225,433.350453,112,15,81,151,41,40,32,340,0,0,121,18
1619,1440,2721.732187,16,10,3,57,67,59,3,147,0,0,79,98
1620,290,760.387231,364,106,8,36,323,81,6,492,0,0,158,22
1621,308,582.5712473,145,25,0,22,63,66,0,224,0,0,44,21
1622,300,753.2354992,317,19,0,43,95,74,0,298,0,0,52,20
1623,431,661.2851299,112,116,2,12,35,46,6,301,0,0,47,29
1624,259,651.0325255,21,71,0,22,288,76,204,295,0,0,54,18
1625,715,1773.222298,18,7,0,22,254,103,162,219,0,0,66,49
1626,733,2000.098849,41,4,0,12,92,167,18,93,0,0,52,52
1627,264,503.8725657,68,33,40,133,146,85,146,393,0,73,105,22
1628,308,805.3565318,49,13,0,36,78,131,29,217,0,0,40,21
1629,341,639.8068445,106,85,1,34,168,488,68,456,0,0,90,25
1630,927,2260.733644,33,9,0,25,178,96,37,200,0,0,67,65
1631,694,1733.362174,0,0,0,1,10,52,94,60,0,0,39,48
1632,321,817.6224434,99,50,23,127,970,315,1200,1360,0,0,198,22
1633,0,0,95,58,15,119,525,203,229,994,0,0,101,0
1634,0,0,324,3,0,30,130,46,7046,143,0,0,357,0
1635,25,60.29991039,141,393,0,9,78,90,0,368,0,0,48,2
1636,218,532.4783382,0,65,0,1,34,42,68,93,0,0,23,15
1637,849,1390.016514,18,8,0,57,136,121,167,293,0,0,73,58
1638,322,1062.890839,0,0,0,0,0,0,0,0,1,0,14,22
1639,494,1525.867668,0,0,0,0,0,0,0,0,0,0,21,34
1640,521,1800.777641,228,30,3,40,333,52,784,1663,0,0,165,36
1641,0,0,66,54,47,40,120,272,12,364,0,0,45,0
1642,4,8.176376445,11,2,6,79,11,19,0,59,0,0,10,0
1643,541,1350.101167,511,116,48,92,219,316,189,582,0,0,121,39
1644,594,1426.757678,83,106,1,24,252,380,153,314,0,0,86,44
1645,1093,1917.390101,203,91,0,64,215,175,90,602,0,2,112,75
1646,445,1264.238823,57,58,0,60,263,266,101,652,0,0,88,31
1647,441,937.2137827,78,17,0,14,49,80,0,347,0,0,46,30
1648,625,2112.492661,1,0,0,0,15,92,1,1,0,0,32,43
1649,209,599.9253622,125,69,0,59,167,260,888,392,0,0,96,14
1650,344,982.1609553,7,1,0,26,43,64,50,50,0,0,26,23
1651,416,1320.44054,256,132,0,66,257,123,190,479,0,0,85,28
1652,595,1619.90658,7,22,0,9,39,23,107,174,0,0,51,43
1653,667.9999998,1159.020795,13,5.999999998,8.999999997,24.99999999,136,429.9999999,35.99999999,141,0,0,72,50
1654,496,1520.758299,0,0,2,8,3,0,0,3,0,0,22,34
1655,11,23.50698607,0,0,0,0,1,1,0,37,0,0,2,1
1656,233,806.3640512,4,0,0,4,0,26,0,5,0,0,12,16
1657,12,33.72668695,21,1,118,72,18,4,0,148,0,0,17,1
1658,2,7.154040761,26,23,147,90,17,10,27,55,0,0,17,0
1659,553,1513.615611,475,111,0,48,180,203,51,668,0,0,177,39
1660,32,64.38906071,2223,975,8,34,150,81,193,353,0,0,449,5
1661,799,1599.506817,11,125,31,55,524,118,223,305,0,0,95,55
1662,254,796.1485836,11,3,0,7,26,30,262,87,0,0,29,17
1663,350,1255.022985,162,131,24,80,619,339,275,1062,0,0,136,24
1664,590.9999834,1315.364422,39.99999887,66.99999812,3.999999887,16.99999952,171.9999952,60.99999828,190.9999946,531.999985,0,2,81,41
1665,766.9999978,1842.724955,31.99999991,3.999999988,0,11.99999997,121.9999996,16.99999995,63.99999981,117.9999997,0,0,49,53
1666,371,795.1491457,0,0,0,0,0,0,0,0,0,0,16,25
1667,245,526.3518284,0,0,0,0,0,0,0,0,0,0,11,17
1668,2,2,57,2,182,167,74,17,0,98,0,0,27,0
1669,492,1035.330878,61,21,6,12,51,64,12,279,0,0,151,35
1670,527.0000008,1244.837537,2.000000003,0,0,2.000000003,110.0000002,7.00000001,13.00000002,39.00000006,0,0,30,36
1671,389,966.8403514,37,10,0,8,66,50,93,140,0,0,37,27
1672,470,1231.541206,29,6,9,17,29,33,148,59,0,0,35,32
1673,498,1591.273292,0,0,0,0,0,72,0,0,0,0,25,34
1674,343,1284.658213,42,29,259,16,41,25,52,83,0,0,39,23
1675,331,1043.475504,0,0,0,0,0,34,0,0,0,0,16,23
1676,266,648.9899707,7,2,0,2,8,314,18,41,0,2,29,19
1677,443,1453.299345,16,1,0,2,2,5,0,47,0,0,22,30
1678,501,1162.054514,0,0,0,0,0,18,0,18,0,0,23,34
1679,207,619.3420434,0,0,0,0,9,0,0,11,0,0,10,14
1680,449,1001.598225,114,45,40,21,132,52,18,113,0,0,44,33
1681,554,1460.474359,28,49,14,15,87,9,14,146,0,0,42,41
1682,213,639.7822149,0,0,0,0,0,0,0,0,0,0,9,15
1683,476,1482.942269,0,0,0,0,11,43,0,28,0,0,24,33
1684,503,1481.925514,65,117,3,11,142,56,99,278,0,0,62,35
1685,631.75,1217.776025,82,39,12.25,61,65,64,144,175,0,0,61,50
1686,389.25,768.5819662,118,90,2,17,193,333,179,327,0,0,88,29
1687,349,1086.400903,0,0,0,0,0,0,0,0,0,0,15,24
1688,897,2227.003493,30,38,1,26,177,458,65,447,0,0,94,62
1689,934,2001.159476,76,29,1,6,60,64,63,188,0,5,63,65
1690,108,206.4548522,12,17,0,13,62,64,29,115,0,0,177,9
1691,172,520.2060768,4,2,1,2,25,23,8,46,0,0,13,13
1692,281,953.5342092,0,0,0,0,0,0,0,0,0,0,12,20
1693,329,1001.575135,0,5,0,0,0,0,7,0,0,0,15,23
1694,504,1536.089101,0,0,0,0,6,52,0,26,0,0,26,35
1695,273.7500029,702.6438982,0,12.00000013,205.0000021,8.000000084,15.00000016,73.00000077,10.0000001,78.00000082,0,0,30,20
1696,526.9999968,1129.357083,13.99999991,2.999999982,0,20.99999987,4.999999969,5.999999963,137.9999992,46.99999971,0,0,43,38
1697,231,695.992975,171,73,12,31,51,132,51,423,0,0,54,18
1698,238,720.5211422,12,10,2,4,46,33,1,138,0,0,21,17
1699,99,301.494549,0,82,0,1,0,0,0,12,0,0,8,7
1700,0,0,31,261,320,70,1116,195,227,2034,0,0,184,0
1701,1164,3460.549541,15,0,0,7,4,46,1,9,0,0,57,84
1702,0,0,10,38,101,165,92,146,18,422,2,0,43,0
1703,369,1275.465659,44,25,0,9,31,56,1,126,0,0,32,29
1704,607,2187.091609,0,0,0,0,0,0,0,0,1,0,27,42
1705,1691,5353.303912,4,23,0,18,0,2,0,27,0,0,76,115
1706,1283,2767.689764,20,13,0,34,342,130,17,437,0,0,99,88
1707,446,1637.251075,0,0,0,0,0,0,0,0,0,0,19,30
1708,407,1499.280206,0,0,0,0,0,0,0,0,0,0,19,30
1709,330.25,1084.353396,0,0,0,0,0,1,19,0,0,0,16,24
1710,344,1267.285242,0,0,0,0,0,0,0,0,0,0,15,24
1711,209,727.669218,182,107,0,51,113,175,8,566,2,0,63,14
1712,822,2131.947634,66,5,0,18,52,53,74,100,0,0,52,56
1713,315,842.1481092,12,0,0,0,0,1,29,21,0,0,17,22
1714,141,514.0684067,0,0,0,0,0,0,0,0,21,0,6,10
1715,0,0,0,0,0,0,0,0,0,0,1,0,0,0
1716,198,680.6573625,0,0,0,0,0,64,0,0,15,0,11,14
1717,14,52.12218702,5,156,0,11,1,3,0,20,4,0,42,2
1718,465,1772.152242,0,0,0,0,0,62,0,0,0,0,23,32
1719,688,2626.546059,0,0,0,0,0,0,0,0,0,0,30,47
1720,535,1538.138967,17,8,0,12,14,16,0,51,3,0,29,38
1721,0,0,1839,1307,39,40,633,209,309,1360,0,0,251,0
1722,720,2670.496102,14,1,1,4,5,89,165,11,1,0,44,49
1723,688,2546.833893,39,39,0,8,31,79,20,134,0,0,46,47
1724,740,1805.929535,26,9,1,1,5,75,50,27,0,0,41,51
1725,965,2684.850557,167,157,0,49,118,325,136,510,1,0,109,69
1726,1169,3014.979934,299,119,9,62,104,190,191,402,1,0,112,80
1727,736.9999981,1968.419137,117.9999997,147.9999996,4.999999987,45.99999988,128.9999997,261.9999993,1.999999995,326.9999992,1,0,79,51
1728,807,2952.571277,15,0,0,3,1,2,0,12,45,0,38,55
1729,790,2709.343704,0,0,0,0,0,0,0,0,5,0,34,54
1730,315,1079.240706,262,241,0,51,20,21,17,98,7,0,44,22
1731,770.5,2427.281488,0,0,0,0,0,0,0,0,0,0,38,60
1732,593,1865.174399,0,0,0,0,0,81,0,0,0,0,33,46
1733,482,1484.987325,53,21,7,34,64,143,0,253,1,0,185,42
1734,863,2149.328687,36,67,6,6,29,125,7,81,1,0,53,59
1735,508,2480.372453,18,0,0,0,0,64,0,0,4,0,26,35
1736,136,386.3235888,10,0,0,0,2,3,7,10,0,0,7,9
1737,1,1,69,33,287,603,137,166,7,414,2,0,76,0
1738,453.25,1566.482375,25,41,0,18,41,41,145,94,0,0,39,33
1739,684,1807.962661,11,38,8,90,4,150,43,55,0,0,47,47
1740,479,1167.160035,65,4,118,39,18,19,0,165,0,0,40,33
1741,713,2238.209547,171,44,0,102,118,294,25,154,0,0,70,49
1742,476,1374.61548,32,33,7,27,75,118,6,264,0,0,46,33
1743,55,158.4129642,37,48,0,61,22,436,8,173,0,0,37,4
1744,10.00000005,41.90190911,134.0000007,47.00000025,57.00000031,144.0000008,32.00000017,320.0000017,0,300.0000016,0,0,188,7
1745,29.99999979,93.0032989,0.999999993,0,0,5.999999957,1.999999986,9.999999929,0,6.99999995,10,0,2,2
1746,841,3259.163072,0,0,0,0,0,170,0,0,0,0,45,59
1747,512,2038.890457,0,0,0,0,0,0,0,0,4,0,22,35
1748,237,731.7624091,0,0,0,0,0,0,0,0,0,0,11,17
1749,762.9999991,2731.821424,0,0,0,0,0.999999999,64.99999992,3.999999995,0,0,0,36,52
1750,793.0000007,2986.292964,0,0,0,0,0,0,0,0,1,0,34,54
1751,664.25,2294.918429,0,0,3,1,0,0,0,0,0,0,29,46
1752,224,650.00384,3,2,0,4,12,82,0,20,0,0,15,15
1753,366,1060.855404,3,1,0,9,39,80,0,22,1,0,23,25
1754,672.0000019,2885.096553,63.00000018,8.000000023,144.0000004,155.0000004,94.00000027,110.0000003,130.0000004,444.0000013,0,0,79,46
1755,18,67.45221939,0,0,0,0,0,61,0,0,23,0,3,1
1756,265,1055.726215,6,2,0,14,36,29,202,48,6,0,26,18
1757,0,0,1,0,0,2,0,1,0,2,4,0,0,0
1758,383,1311.236632,0,29,0,0,1,280,0,8,0,0,30,26
1759,5,15.33022479,73,4,41,285,15,59,0,255,5,0,34,0
1760,1260,4136.077522,101,83,0,81,209,219,956,431,0,0,146,86
1761,319,891.2025195,31,6,242,16,34,44,36,98,0,0,36,22
1762,56,166.5887634,91,35,0,11,30,85,12,159,0,0,22,4
1763,228,662.2680198,334,83,0,61,211,295,199,552,0,0,86,16
1764,478,1387.901226,268,283,3,84,401,338,68,678,0,0,114,33
1765,441.9999978,1390.960144,6.999999966,0,0,13.99999993,118.9999994,85.99999958,0,142.9999993,9,0,60,31
1766,0,0,0,0,8,0,0,5,0,0,68,0,1,0
1767,390,1298.974569,28,6,438,1100,114,130,2,334,12,0,113,28
1768,0,0,0,0,0,0,0,0,0,0,25,0,0,0
1769,0,0,72,4,893,230,49,68,0,186,3,2,65,0
1770,0,0,116.9999999,1,901.9999996,280.9999999,1,9.999999995,0,101,9,0,61,0
1771,771.0000043,2473.269417,1.000000006,1.000000006,1.000000006,37.0000002,3.000000017,8.000000044,0,20.00000011,0,0,37,53
1772,314.0000001,1044.494185,0,0,0,0,0,0,0,0,0,0,14,21
1773,493,1664.852791,0,0,0,0,0,0,0,0,1,0,21,34
1774,152,498.7412606,113,33,0,161,46,53,122,119,0,0,35,10
1775,330,1084.353346,61,116,0,26,20,19,0,119,0,0,30,23
1776,9,29.6383063,3,1,0,45,58,82,0,20,0,0,10,1
1777,320,987.2660914,2,36,0,2,12,1,212,25,0,0,26,22
1778,183,541.6691612,0,0,0,0,1,90,74,10,1,0,15,12
1779,994,2299.580669,107,18,0,11,52,44,26,338,0,0,69,68
1780,547,1588.216868,184,157,1,213,349,233,168,738,1,0,115,37
1781,305,963.7583357,119,73,15,33,150,139,137,245,0,0,53,21
1782,9,26.57245377,26,7,574,314,41,65,58,272,0,0,62,1
1783,0,0,0,0,0,0,0,0,0,0,18,20,0,0
1784,0,0,0,0,0,1,1,1,0,1,0,0,0,0
1785,0,0,0,0,175,2,0,1,0,1,0,0,8,0
1786,1,6.131897496,140,30,9,386,332,206,0,477,0,0,69,0
1787,588,1809.988091,392,106,2,138,190,262,55,579,0,0,104,42
1788,555,1256.084382,0,0,0,0,0,0,0,0,0,0,24,38
1789,673.75,1614.045495,155,293,0,6,21,16,163,518,0,0,81,48
1790,0,0,107.0000001,60.00000004,0,840.0000006,1360.000001,846.0000006,0,1283.000001,0,0,198,0
1791,0,0,63,91,211,131,107,39,0,272,0,0,41,0
1792,926,1450.326431,259,87,52,108,416,59,24,421,0,0,104,65
1793,327,596.8822151,35,27,0,18,83,91,8,212,0,0,41,23
1794,571,1139.585065,51,205,0,30,175,137,88,405,0,0,74,39
1795,357,635.7221199,720,539,0,26,330,32,16,507,0,0,109,24
1796,678,1322.534855,14,200,9,16,75,57,44,167,0,0,58,51
1797,1049,2519.821664,0,0,0,0,0,0,0,0,0,0,47,75
1798,0,0,510,165,0,13,81,67,18,329,0,0,51,0
1799,578.5,1386.387679,51,1,30,39,7,3,2,24,0,0,33,41
1800,206,395.5346157,72,16,262,51,18,16,567,381,0,0,92,18
1801,911,1767.128306,66,208,0,54,125,82,35,331,0,0,82,66
1802,480,934.1554345,258,138,90,68,215,270,231,741,0,0,127,35
1803,500,1108.912878,60,16,10,21,61,82,181,177,0,0,50,36
1804,354,888.1434015,21,1,3,3,27,7,14,17,0,0,20,25
1805,212,551.8942497,44,241,0,18,28,177,91,225,0,0,47,17
1806,976,2337.389386,239,56,21,18,46,52,40,232,0,0,74,67
1807,387,931.071687,21,19,0,3,205,95,28,157,0,0,40,26
1808,0,0,21.00000003,20.00000003,0,40.00000005,262.0000003,228.0000003,0,360.0000005,0,0,41,0
1809,1088,2868.825377,16,4,0,41,31,32,4,111,0,0,60,77
1810,281,385.9802337,4,8,0,74,17,28,0,23,0,0,19,19
1811,262,651.0331027,1,0,0,7,2,250,8,4,0,0,23,18
1812,210.9999999,523.2794332,40.99999997,27.99999998,0,45.99999997,23.99999998,49.99999997,13.99999999,111.9999999,0,0,24,14
1813,759,1749.725894,36,6,0,29,54,64,0,133,0,0,48,53
1814,412,1388.910477,66,17,9,45,58,126,0,171,0,0,40,28
1815,542,1240.752618,33,1,93,25,25,28,3,83,0,0,36,37
1816,455.9999999,1186.572675,1,1,0,1,4.999999999,6.999999999,79.99999999,14,0,0,24,31
1817,284,870.7567678,67,16,0,17,56,49,0,176,0,0,29,19
1818,207,579.4859605,17,5,23,92,50,78,0,133,0,0,27,14
1819,195.25,545.2483458,0,0,0,0,0,0,0,0,0,0,9,14
1820,347,905.515219,1,1,0,4,18,3,0,33,0,0,18,24
1821,148,451.730752,26,3,14,3,0,46,1,303,0,0,24,10
1822,313,604.0331772,19,4,0,16,60,27,98,141,0,0,37,23
1823,406,1120.136249,210,64,1,178,114,138,101,271,0,0,65,28
1824,759,2027.696524,159,48,32,90,151,252,131,368,0,0,92,59
1825,1075,2659.322967,31,94,21,13,71,46,40,210,0,0,74,80
1826,0,0,88,139,0,728,3366,590,270,3654,0,0,384,0
1827,241,644.8973569,0,39,11,0,9,10,2,8,0,0,14,16
1828,14.5,32.44978088,0,6,257,7,0,36,0,0,0,0,1053,43
1829,596.9999997,1149.809575,26.99999999,4.999999998,1,37.99999998,268.9999999,82.99999996,99.99999995,290.9999999,0,0,63,43
1830,0,0,104,37,2,139,1034,389,42,1513,0,0,146,0
1831,1015.25,2802.129064,0,0,1,3,34,0,8,0,0,0,54,81
1832,0,0,978,362,13,26,147,165,0,750,0,0,118,0
1833,541,1725.157127,100,75,6,3,322,103,267,166,0,0,69,37
1834,721,2311.025074,84,91,7,27,109,36,79,165,0,0,59,51
1835,653,1841.936535,98.25,58,66,29,74,520,102,342,0,0,88,46
1836,765.5,1938.532574,0,0,0,0,21,0,0,0,0,0,39,53
1837,373,895.3007135,12,17,0,13,47,37,96,102,1,0,32,27
1838,175,420.055471,1,1,0,10,8,8,62,16,0,0,13,13
1839,117,274.9272907,1,0,21,1,5,6,10,8,3,0,8,9
1840,684.9999989,1579.045861,0,2.999999995,0,0,13.99999998,137.9999998,0.999999998,12.99999998,0,0,38,48
1841,977,2810.55282,17,305,244,13,61,55,8,98,0,0,82,67
1842,813.25,2013.910627,0,0,11,4,20,5,5,21,0,0,38,56
1843,341,1154.870071,5,2,0,7,33,7,172,104,0,0,29,23
1844,346.9999994,896.3176599,7.999999987,0,8.999999985,0,18.99999997,1.999999997,28.99999995,29.99999995,0,0,19,24
1845,518,1839.611196,6,0,2,0,0,0,0,1,0,0,23,35
1846,810.5,2095.666156,167,7,163,8,31,77,24,50,0,0,58,57
1847,567.5,1533.546472,0,0,0,42,22,0,55,24,0,0,33,42
1848,82.75,187.0329278,0,0,0,0,0,0,0,0,0,0,38,8
1849,248.75,597.1225097,22,150,1,13,320,16,200,486,0,0,64,18
1850,476,1145.69849,10,2,0,6,24,24,6,39,0,0,26,33
1851,187,431.2992394,3,44,0,1,3,74,0,12,0,0,14,13
1852,1099,3070.15181,53,32,0,32,119,200,80,243,0,0,90,75
1853,1306,2934.272178,108,256,1,51,345,249,278,866,0,0,155,89
1854,630,1885.620535,0,0,1,0,6,0,1,0,0,0,28,44
1855,266,746.0753011,0,0,0,0,0,0,0,0,1,0,13,20
1856,399,1084.366623,21,28,12,37,117,103,82,189,0,0,45,29
1857,644,1745.615963,0,0,2,0,0,97,0,6,0,0,33,45
1858,381,1341.894773,37,1,9,2,51,55,33,37,0,0,27,27
1859,564,1747.644471,75,56,15,34,98,173,38,336,0,0,62,40
1860,624.25,2110.704102,5,0,24,4,17,8,26,219,0,0,40,43
1861,0,0,217,44,336,387,1358,433,11,1254,0,0,178,0
1862,618,1532.023234,37,32,37,133,50,57,1,431,0,0,62,42
1863,490,1213.14994,43,66,7,13,30,33,0,166,0,0,38,33
1864,553,1548.361939,19,7,0,29,26,37,0,111,0,0,35,38
1865,420,869.760986,21,4,0,6,40,30,0,63,0,0,26,29
1866,990,2158.550682,45,56,26,57,150,98,87,323,0,0,80,68
1867,241,684.7534398,9,3,1,7,51,34,8,69,0,0,23,17
1868,437,1567.756685,16,0,0,0,7,60,9,84,0,0,28,32
1869,350,1271.374199,0,0,0,0,0,0,0,0,0,0,15,24
1870,503,1320.45728,160,6,221,227,328,358,53,315,0,0,95,35
1871,0,0,219,5,182,124,80,10,0,119,0,0,32,0
1872,53,109.3589388,211,168,13,178,414,214,191,1263,0,0,154,4
1873,65,173.7441511,149,88,59,100,575,272,109,1452,0,0,127,4
1874,184,531.4498451,48,4,3,23,87,9,3,31,0,0,20,13
1875,140,380.1926534,0,0,0,52,0,79,0,9,0,0,12,10
1876,147,429.247641,16,1,20,3,6,10,6,16,0,0,10,11
1877,390,1243.789223,67,31,0,49,91,151,44,279,0,0,52,31
1878,614,1653.634615,47,140,0,62,133,254,1,381,0,0,71,42
1879,541,1179.435375,128,106,8,49,160,224,94,614,0,0,86,37
1880,438,1240.732607,672,237,0,38,206,267,13,875,0,0,122,30
1881,400,963.7766155,45,65,0,10,93,52,175,229,0,0,46,27
1882,454,1324.535655,0,0,0,0,0,0,0,0,0,0,20,31
1883,1450,4210.716494,194,100,30,125,62,117,84,266,0,0,110,105
1884,393,1216.197128,0,0,0,0,0,73,0,0,0,0,20,27
1885,620,1192.735937,116,14,85,153,197,25,47,341,0,0,71,44
1886,0,0,34,17,57,60,563,430,69,1463,0,0,117,0
1887,216,443.5682297,64,67,1378,72,263,245,0,965,0,0,177,15
1888,0,0,65,31,0,77,280,463,0,970,0,37,83,0
1889,242,708.2585017,0,0,0,0,0,0,0,0,0,0,12,18
1890,474,1399.141915,129,51,37,37,147,142,65,438,0,0,67,32
1891,326,953.542868,125,139,2,103,220,288,162,787,0,0,95,22
1892,343,984.2046645,13,1,1,0,3,52,922,12,0,0,58,23
1893,274,832.9426624,14,25,0,28,135,595,49,153,0,0,56,19
1894,457.75,1219.019951,239,234,12,18,85,102,0,446,0,0,71,33
1895,511,1700.624534,53,13,0,22,84,95,10,325,0,0,49,36
1896,310,958.6495435,0,0,0,0,0,0,0,0,0,0,13,21
1897,494,1011.826393,44,154,51,348,3015,680,31,3579,0,0,364,34
1898,1000,2047.159964,1,0,0,1,3,0,343,30,0,0,66,78
1899,300.0000005,735.862336,58.00000009,16.00000002,8.000000012,13.00000002,39.00000006,58.00000009,20.00000003,153.0000002,0,0,29,20
1900,196,643.8667472,0,0,0,0,7,1,15,6,0,0,10,13
1901,455,1470.674818,3,7,0,9,24,100,104,100,0,0,37,34
1902,75,227.9094702,38,4,15,11,44,67,166,47,0,0,21,5
1903,741.5,2424.465604,0,0,4,0,0,0,0,0,0,0,34,53
1904,996,2609.232159,0,0,0,0,0,0,0,0,0,0,43,68
1905,507,1581.055516,0,0,0,0,0,93,0,0,0,0,26,35
1906,150.25,423.6275282,0,0,0,0,0,0,0,0,0,0,8,12
1907,189.5,578.2051683,0,79,0,0,0,0,0,0,0,0,18,15
1908,0,0,475,384,20,136,665,375,137,1683,0,192,172,0
1909,345,1000.556263,295,223,20,45,104,119,0,498,0,0,73,25
1910,671,1959.208885,9,71,2,3,4,4,2,61,0,0,36,46
1911,667,1617.876533,7,47,0,4,6,66,0,78,0,0,38,46
1912,225,741.9796086,0,0,0,0,0,0,0,0,0,0,10,15
1913,262,807.3915823,19,67,0,4,18,22,4,47,0,0,28,18
1914,193,630.5808089,145,62,0,57,51,67,5,285,0,0,39,14
1915,329,1054.716579,0,0,0,0,0,0,0,0,0,0,14,22
1916,263.25,739.4320693,2,5,39,3,14,35,0,36,0,0,18,19
1917,123.9999922,330.3694891,0,0,0,0,0,0,0,0,0,0,6,9
1918,0,0,641,401,48,11,31,31,0,365,0,0,66,0
1919,0,0,871,428,0,12,39,29,0,194,0,0,68,0
1920,290,847.2530529,108,141,4,17,65,60,41,225,1,0,47,20
1921,217,692.9244286,28,3,0,12,12,66,0,59,0,0,56,15
1922,496,1557.54853,43,14,0,22,88,93,30,203,0,0,43,34
1923,367,1121.150696,4,2,0,9,37,87,41,152,0,0,32,27
1924,294,1012.80986,3,15,2,0,2,1,4,85,0,0,19,22
1925,20,59.27699746,39,2,15,4,20,29,0,29,0,0,7,2
1926,132,423.1130496,0,0,0,0,0,0,0,0,0,0,6,9
1927,479,1353.155089,0,0,0,0,0,0,0,0,0,0,22,35
1928,0,0,871,405,261,5,25,23,0,161,0,0,76,0
1929,669,2109.435275,269,89,9,143,190,198,54,390,0,0,90,48
1930,455,1454.323605,5,4,0,5,26,29,0,44,0,0,25,31
1931,486,1621.929508,25,1,0,12,52,72,7,41,0,0,30,33
1932,393,1385.840968,2,1,0,4,17,165,64.00000001,39,0,0,30,27
1933,420.0000001,1442.05346,0,0,0,0,0,42.00000001,0,0,0,0,22,31
1934,383,1112.978168,0,0,0,5,5,8,4,11,0,0,19,28
1935,382,1193.712092,0,0,0,0,0,0,0,0,0,0,17,27
1936,92.75,247.5854502,0,0,0,0,0,0,0,0,0,0,4,7
1937,220.9999999,730.7373792,17.99999999,0.999999999,1.999999999,34.99999998,9.999999995,8.999999995,10.99999999,34.99999998,0,0,16,17
1938,929,3429.845797,1,18,1,7,38,138,63,42,0,0,54,63
1939,719.0000004,2327.120427,0,0,4.000000002,3.000000002,10.00000001,0,6.000000003,21.00000001,0,0,33,49
1940,206,655.1101306,0,0,0,0,0,0,0,0,0,0,9,14
1941,511,1598.429449,0,0,2,4,18,46,19,45,0,0,29,36
1942,286,924.9205476,1,0,0,0,6,3,0,228,0,0,23,20
1943,258,843.1590922,0,0,0,0,0,0,0,0,0,0,11,18
1944,250,735.852714,1,0,0,30,6,3,1,9,0,0,13,17
1945,700,2353.687492,0,1,0,1,8,74,0,42,0,0,36,48
1946,213,826.7992197,7,14,0,14,17,18,0,73,0,0,16,15
1947,284,986.2372136,0,0,0,0,0,71,114,0,0,0,20,19
1948,345,1054.719658,0,0,0,0,0,0,0,0,0,0,15,24
1949,295,842.1442608,0,0,0,0,0,74,0,0,0,0,16,20
1950,436,1309.202929,9,8,0,15,57,68,122,94,0,0,35,30
1951,379,987.2774442,0,0,0,0,0,0,0,0,0,0,16,26
1952,358,1178.378212,0,0,0,0,0,0,0,0,1,0,15,24
1953,0,0,0,0,0,0,0,0,0,0,3,0,0,0
1954,746,2660.281597,0,0,0,0,0,0,0,0,0,0,32,51
1955,276,1065.94784,0,0,0,0,0,98,0,0,0,0,16,19
1956,426,1482.932648,411,116,13,7,48,33,1,257,0,0,57,29
1957,364,975.0111477,0,0,0,0,0,0,0,0,3,0,16,25
1958,367,1303.057947,9,0,0,3,5,101,0,17,0,0,22,25
1959,274,822.7231539,14,0,0,0,4,0,3,50,1,0,15,19
1960,494,853.4240115,230,142,2250.25,83,270,582,144,505,0,0,208,34
1961,268,761.4049486,65,36,8,70,314,286,344,771,5,4,95,18
1962,287,813.5280978,41,42,2,26,292,128,91,468,5,2,60,20
1963,335,566.2252291,26,1,76,165,841,8,46,540,0,0,89,23
1964,0,0,20,11,0,175,231,194,0,331,0,0,43,0
1965,0,0,8,2,0,135,10,24,0,86,1,0,12,0
1966,0,0,0,0,0,0,0,0,0,0,7,0,0,0
1967,1205.999904,3554.576817,0,0,0,0,0,135.9999892,0,0,3,0,76,110
1968,679.9999695,2391.495718,0,0,0,0,0,0,0,0,0,0,29,46
1969,150,590.7164519,0,0,0,0,0,0,0,0,0,0,6,10
1970,120,442.5278067,15,8,0,22,91,89,63,139,0,0,24,8
1971,193,578.4613157,48,20,4,139,119,285,12,252,0,0,102,13
1972,541,912.7062042,20,9,1201,45,169,85,88,229,10,0,103,37
1973,0,0,300,114,0,163,358,288,51,1082,0,0,104,0
1974,539.25,1728.733565,0,0,0,0,0,74,0,0,12,0,35,38
1975,796.0000137,2349.618201,0,0,0,0,0,0,0,0,0,0,37,58
1976,486.999958,1436.956474,0,0,0,0,0,0,0,0,0,0,22,34
1977,896.2499994,2593.883703,104.9999999,23.99999998,0,23.99999998,0,0,0,253.9999998,0,0,58,63
1978,685.25,2682.752825,0,0,0,0,0,76,0,0,0,0,35,50
1979,248,976.010778,8,1,0,2,13,15,8,24,0,0,14,17
1980,700,2569.31912,38,123,0,10,17,16,0,213,0,0,48,48
1981,400,1185.539949,357,38,2,85,207,153,125,523,0,0,83,28
1982,614,2440.536766,0,0,0,0,0,0,6,0,0,0,27,42
1983,642,2188.120295,23,2,1,6,34,89,53,38,0,0,60,44
1984,225,790.0112983,76,40,0,29,81,130,24,221,0,0,36,15
1985,555,1361.34532,310,381,0,63,204,550,324,521,2,0,127,38
1986,359,879.968757,2,3,0,6,107,116,56,38,0,0,30,25
1987,365,1185.533214,165,380,22,211,2790,1056,215,2134,3,2,324,25
1988,856,1825.368922,17,37,1,41,424,99,57,1307,0,0,123,58
1989,0,0,895,171,0,87,208,214,7,482,0,0,211,0
1990,0,0,0,0,14,0,0,6,0,0,8,0,1,0
1991,0,0,0,0,0,0,0,0,0,0,0,0,0,0
1992,359.25,1151.041214,0,0,0,0,0,0,0,0,8,0,17,25
1993,0,0,0,0,0,0,0,0,0,0,9,0,10,0
1994,0,0,0,0,0,0,0,0,0,0,5,0,11,0
1995,0,0,0,0,0,0,0,0,0,0,8,0,0,0
1996,1200.249987,3540.013204,31.99999966,112.9999988,0,61.99999935,587.9999938,313.9999967,201.9999979,650.9999932,0,0,169,112
1997,550,2153.356263,1,1,4,18,43,8,3,23,0,0,30,40
1998,470,1726.165416,0,0,0,0,0,0,0,0,1,0,20,32
1999,756,1764.032629,8,457,0,51,131,37,1,126,0,0,68,52
2000,432,1550.382558,2,1,0,2,12,10,0,31,0,0,21,29
2001,51,178.8512115,5,22,0,11,48,85,0,149,0,0,16,3
2002,299,971.9327879,0,0,0,0,14,0,0,1,0,0,14,20
2003,161,546.7746821,0,9,0,2,8,0,1,1,1,0,8,11
2004,240.25,769.06424,0,0,0,0,0,0,0,0,0,0,62,19
2005,24.25,78.18389543,0,0,0,0,0,0,0,0,2,0,3,2
2006,1034.25,3312.341703,0,3,0,0,0,0,0,0,0,0,47,73
2007,440.25,1409.354931,7,1,0,5,7,4,0,24,0,0,22,31
2008,0,0,224,196,0,154,76,52,0,336,0,0,46,0
2009,0,0,12.99999991,8.999999938,0,32.99999977,107.9999993,109.9999992,14.9999999,178.9999988,2,0,42,26
2010,476.0000068,1425.713042,0,0,0,0,0,0,0,0,0,0,21,32
2011,483,2078.74096,0,0,2,0,0,81,0,20,0,0,25,33
2012,457,1757.843391,0,0,0,0,20,0,4,0,0,0,21,31
2013,125,478.2970484,117,186,0,21,85,160,20,289,1,0,44,9
2014,423,984.2200581,742,694,0,73,248,250,19,1266,0,0,165,31
2015,254,911.6290292,0,238,13,0,5,72,1,16,0,0,26,17
2016,345,1371.52442,0,0,0,0,0,0,0,0,0,0,15,24
2017,123,433.3308263,0,0,0,0,8,0,20,0,0,0,7,8
2018,181,632.6224016,16,11,0,38,173,146,55,189,0,0,35,12
2019,227,558.0288411,45,53,0,29,134,185,26,398,0,0,48,15
2020,282.25,1128.543574,0,0,0,0,0,0,0,0,1,0,12,19
2021,276,826.8113422,8,5,0,7,32,150,1,48,0,0,23,19
2022,209.25,676.5716924,0,0,0,0,0,0,0,0,36,0,9,15
2023,250,617.3064158,0,0,0,0,0,35,0,0,17,0,14,18
2024,162,401.6578544,0,0,0,0,0,340,0,0,0,0,22,12
2025,782,1936.747325,1,3,0,5,22,98,19,46,0,0,44,55
2026,414,1024.074409,42,55,0,25,14,13,0,75,0,0,29,29
2027,0,0,148,170,0,12,51,46,0,234,7,0,29,0
2028,769,2481.444625,16,0,0,0,0,0,0,2,1,0,34,53
2029,1474.5,3654.779968,0,0,3,10,0,0,0,22,3,0,68,104
2030,275,1213.10857,0,2,25,0,2,12,0,4,8,0,14,19
2031,217,958.6316487,1,3,32,3,3,15,0,6,7,0,12,15
2032,472,2083.848597,15,17,75,18,12,110,61,44,0,0,36,32
2033,586,2106.353452,0,0,3,2,6,237,0,8,0,0,87,42
2034,13,40.88053529,0,0,0,0,0,0,0,0,3,0,1,1
2035,337,1422.109458,0,0,0,0,0,0,1,0,11,0,15,24
2036,226.25,731.5048521,0,0,0,0,0,61,0,0,1,0,14,16
2037,111,395.5163359,17,0,0,6,0,70,1,0,3,0,9,8
2038,179,644.8854269,48,132,393,15,0,76,77,168,0,0,47,12
2039,1146,4114.594618,334,308,13,28,10,8,4,110,0,0,85,79
2040,663,2380.251094,22,1,15,1,0,2,0,23,1,0,32,45
2041,412.5,1742.505556,0,0,0,12,7,0,0,0,1,0,21,29
2042,256,1160.985421,2,0,30,0,3,14,0,18,0,0,14,17
2043,372,1685.268525,27,1,10,2,0,2,0,23,0,0,19,25
2044,734.75,3106.361018,0,0,1,0,3,75,36,6,0,0,38,52
2045,298,923.9009057,0,1,41,0,5,28,2,6,0,0,16,20
2046,258,1032.219999,0,0,0,0,0,0,0,0,0,0,11,18
2047,613,1732.324637,0,0,0,0,0,367,0,0,2,0,43,42
2048,794.5,2923.187724,0,0,0,0,0,0,0,0,0,0,38,60
2049,14,43.94658025,0,0,0,0,0,95,0,0,0,0,5,1
2050,325.25,1440.502366,0,0,0,0,0,0,0,0,0,0,15,23
2051,339,1662.779257,0,0,0,0,0,0,0,0,0,0,15,23
2052,613,2579.521889,0,0,0,0,0,92,0,0,0,0,31,42
2053,1744,4934.314264,102,9,1,26,65,188,3,146,0,0,122,120
2054,491,1451.264679,0,0,0,0,0,0,0,0,0,0,21,34
2055,718,2292.373904,4,35,0,0,0,0,0,0,0,0,33,49
2056,701,2070.6073,0,0,0,0,0,0,0,0,0,0,126,52
2057,457,1350.085003,0,0,0,4,10,303,56,27,0,0,37,31
2058,1521,4301.68378,25,63,0,1,16,5,6,64,3,0,263,112
2059,0,0,0,0,0,0,0,0,0,0,0,0,0,0
2060,0,0,9,6,0,67,34,70,0,58,0,0,11,0
2061,1,3.066044959,16.00000001,51.00000002,0,132,42.00000002,51.00000002,0,163.0000001,0,0,20,0
2062,574,2353.663247,0,0,0,0,0,74,0,0,0,0,28,39
2063,160,606.0476388,18,145,0,37,149,55,354,205,11,0,49,11
2064,390,1480.88182,274,266,7,71,105,78,24,191,0,0,61,27
2065,242,885.0559981,0,0,0,0,0,29,0,0,0,0,12,17
2066,691,2479.385714,14,73,3,16,33,209,18,85,0,0,50,47
2067,455,1343.952914,23,50,0,21,54,52,85,154,0,0,39,31
2068,163,483.4141145,0,0,0,0,0,0,0,0,0,0,7,11
2069,907,2846.307631,259,159,3,40,70,156,64,334,0,0,100,63
2070,935,2419.137565,19,2,5,7,53,9,24,82,0,0,67,65
2071,684,1989.869912,151,80,1,1,24,0,1,54,2,0,44,48
2072,567.5,1683.006712,0,0,0,0,0,0,0,0,0,0,27,42
2073,250.5,742.750978,24,5,0,18,3,3,0,16,2,0,15,19
2074,346.5,1316.850338,12,4,0,70,35,28,28,104,7,0,28,25
2075,103,390.4050424,0,0,0,2,19,68,1058,1,0,0,56,7
2076,106,401.647079,55,17,2,151,529,299,120,382,1,0,73,8
2077,351,1314.296327,17,8,2,26,53,47,36,80,0,0,27,24
2078,279,1069.01427,9,1,0,7,11,188,3,44,0,0,23,19
2079,630,1388.952424,80,143,0,143,74,328,69,303,0,0,81,49
2080,322,815.5787341,95,4,3,6,13,17,32,120,1,0,35,22
2081,127,322.9609046,3,2,0,4,61,30,90,48,1,0,16,9
2082,336.75,997.2333683,725,530,539,234,0,68,0,114,0,0,110,25
2083,0,0,13,7,1,17,30,30,8,112,13,0,90,3
2084,0,0,325,176,0.25,58,75,87,21,305,2,0,46,0
2085,121,458.8792126,0,0,0,0,16,0,0,0,1,0,6,9
2086,373,1394.012726,0,0,0,0,0,0,0,0,0,0,16,25
2087,351,1155.893946,0,0,0,0,0,0,0,0,0,0,16,25
2088,329,1085.375105,0,0,0,14,2,69,1,13,0,0,19,24
2089,116,362.8148542,0,0,29,0,2,9,44,5,0,0,9,9
2090,500,2002.097917,0,0,0,0,0,87,0,0,0,2,25,34
2091,469,1456.625794,1,95,35,0,2,4,11,21,0,0,30,36
2092,403,1140.57469,0,3,125,0,0,28,0,10,12,0,25,28
2093,155,589.6954632,37,77,0,3,11,95,28,18,4,0,19,11
2094,504.75,1918.043342,406,197,11,29,77,67,78,306,0,0,74,36
2095,315,1314.2894,0,0,0,0,0,194,0,0,0,0,22,22
2096,35,101.1798684,0,0,0,0,0,0,0,0,6,0,36,4
2097,532,1522.809127,3,27,0,16,15,8,0,34,0,0,28,37
2098,202,511.0142917,1,1,1,2,9,8,187,56,0,0,20,14
2099,119,301.4983975,3,2,0,40,33,45,27,38,9,0,13,8
2100,474,1964.280733,0,0,0,0,0,0,0,0,0,0,21,32
2101,362,1115.018029,18,6,3,21,62,97,4,117,8,0,30,25
2102,308,947.4076994,59,1,0,7,82,8,56,40,2,0,26,21
2103,339,840.1088255,250,20,1,31,175,165,0,350,0,0,59,23
2104,0,0,653,100,211,629,1194,495,24,2489,0,0,253,0
2105,491,1163.074541,210,96,14,143,387,259,344,690,0,0,119,37
2106,301,789.0039713,0,0,0,0,0,0,0,0,0,0,13,21
2107,284,746.0787647,177,13,3,9,40,45,154,213,0,0,41,19
2108,643,1398.152483,351,538,75,232,186,81,786,711,0,0,156,44
2109,595,1294.926211,70,188,0,32,137,436,34,377,2,0,90,41
2110,347.25,1152.060909,7,0,25,0,132,18,311,74,0,0,41,26
2111,0,0,154.9999997,34.99999994,1635.999997,0,73.99999988,80.99999986,0,487.9999992,1,0,106,0
2112,76,162.5048083,66,162,0,43,209,138,70,548,0,0,65,5
2113,45,152.279335,231,305,2,57,118,92,117,641,0,0,71,3
2114,13,42.92443698,182,103,0,9,32,26,69,153,0,0,26,1
2115,213,698.0334132,0,0,0,0,0,0,0,0,0,0,9,15
2116,233.25,624.7122946,0,0,0,0,9,0,6,1,1,0,11,17
2117,348.9999999,868.7253733,1810,66.99999999,0,219,1110,557.9999999,3.999999999,1606,0,0,248,25
2118,0,0,334,57,163,1397,264,18,29,234,0,0,108,0
2119,429,1066.999231,39,10,0,103,184,188,13,235,2,0,52,29
2120,189,511.0117903,407,505,151,299,422,674,326,980,0,0,173,13
2121,285,989.3032585,81,177,0,85,166,150,134,393,0,4,64,20
2122,135,449.6843489,246,20,4,93,159,110,218,282,0,0,78,9
2123,109,364.8574257,12,9,74,68,140,454,38,90,2,0,61,8
2124,297,1176.322572,0,0,0,0,0,60,0,5,0,0,17,22
2125,90.99999331,360.7661323,0,0,0,0,0,0,0,0,0,0,4,7
2126,423,1674.036879,0,0,0,0,0,0,2,0,1,0,19,31
2127,474,1178.656041,1143,0,4,0,267,0,0,758,0,0,115,34
2128,1,1,510,97,80,260,848,698,36,1652,0,0,185,0
2129,1046.25,2826.406394,158,0,14,150,93,60,33,407,2,0,86,73
2130,329,1140.56045,0,0,0,0,0,0,0,0,0,0,14,22
2131,19,66.43046096,0,0,0,0,0,147,0,0,0,0,7,1
2132,263,876.8844322,0,0,0,0,0,181,0,0,0,0,19,18
2133,0,0,0,0,0,0,0,0,0,0,1,0,0,0
2134,980,2441.629121,99,16,0,35,154,102,3,611,1,0,90,71
2135,631,2820.705752,0,0,0,0,0,64,0,0,0,0,30,43
2136,492.25,1564.445996,0,0,1,0,0,1,1,0,1,0,24,38
2137,208,824.754356,0,0,0,0,0,0,0,0,0,0,10,15
2138,0,0,0,0,0,0,0,0,0,0,0,0,301,51
2139,0,0,186,108,17,216,1029,292.25,0,750,0,0,114,0
2140,0,0,0,0,0,0,0,0,0,0,15,0,81,0
2141,0,0,69,49,0,156,318,314,0,517,0,0,0,0
2142,1,1,88,41,0,193,1595,281,35,980,0,0,140,0
2143,0,0,220,107,2,32,155,57,17,626,0,0,53,0
2144,393.25,1018.449688,3,1,0,11,75,14,24,103,0,0,28,28
2145,259.25,671.7270782,0,0,0,0,0,0,0,0,0,0,12,18
2146,835.9999998,2283.199052,2,1,13,8.999999998,42.99999999,60.99999999,1,41.99999999,0,0,44,57
2147,453.25,1174.819711,0,0,0,0,0,0,0,0,0,0,20,32
2148,262.9999992,744.0308198,0,0,0,0,0,0,0,0,0,0,11,18
2149,0,0,0,0,0,0,0,0,0,0,0,0,81,0
2150,377,970.9258458,49,9,0,44,80,32,87,292,0,0,44,27
2151,388,1002.608439,7,1,0,0,0,0,0,14,0,0,18,28
2152,446,1150.802472,8,0,0,0,7,1,30,3,0,0,22,32
2153,0,0,89,2,0,34,8,295,0,30,0,0,20,0
2154,312,808.423154,38,44,0,130,775,362,2,694,0,0,103,22
2155,717,2183.024972,0,0,0,0,0,0,0,0,0,0,31,49
2156,456,1615.79203,0,7,0,2,14,1,3,65,0,0,24,31
2157,0,0,3,1,0,41,1,5,0,15,0,0,3,0
2158,569,1598.44061,80,25,0,101,465,291,24,1348,0,0,127,40
2159,0,0,0,0,0,11,0,2.999999999,0,5.999999998,0,0,1,0
2160,0,0,0,0,0,0,0,0,0,0,0,0,0,0
2161,0,0,2,1,0,23,2,3,0,14,0,0,2,0
2162,191,632.6243258,0,0,0,0,0,0,0,0,1,0,8,13
2163,86,287.1847358,0,0,0,0,0,0,0,0,10,0,4,6
2164,77,254.480577,0,0,0,0,0,81,0,1,1,0,7,5
2165,113,376.0996547,3,1,2,33,6,178,2,36,2,0,16,8
2166,139,517.1338743,37,1,6,9,2,42,7,18,4,0,16,10
2167,583,1819.184686,12,85,0,21,141,64,68,387,3,0,59,40
2168,18,56.21076008,8,4,13,67,27,55,0,48,4,0,10,1
2169,222,786.9448685,0,0,0,0,0,0,0,0,2,0,10,15
2170,0,0,64,4,26,406,77,59,70,181,3,0,40,0
2171,150,499.7628267,0,0,0,0,0,0,0,0,3,0,6,10
2172,174,768.5405172,0,0,0,0,0,0,0,0,2,0,8,12
2173,176,775.694558,0,0,0,0,0,0,0,0,0,0,8,12
2174,102,380.1853415,0,0,0,0,0,0,0,0,0,0,4,7
2175,110,340.3307979,0,0,0,0,0,0,0,7,1,0,5,8
2176,5,13.2863231,0,0,0,0,0,0,0,0,6,0,0,0
2177,298,930.0326108,0,0,0,6,0,1,0,4,1,0,13,20
2178,377,1176.337966,86,45,119,563,158,105,0,577,0,7,89,26
2179,1,3.066044957,64,85,0,123,236,158,8,464,0,0,50,0
2180,187,824.7503152,0,0,0,0,0,0,0,0,1,7,8,13
2181,321,1000.551645,2,2,1,21,10,11,0,59,2,0,19,22
2182,1125,3509.595677,0,0,0,0,0,237,0,0,0,0,59,77
2183,1072,3343.007491,0,0,0,3,0,88,0,0,0,0,50,73
2184,59,181.9186033,12,2,0,192,10,27,0,101,0,0,18,4
2185,0,0,10.99999994,3.999999979,199.9999989,231.9999988,71.99999961,48.99999974,0,127.9999993,0,427,31,0
2186,351.9999999,1096.620989,38.99999999,31.99999999,2.999999999,164.9999999,219.9999999,405.9999999,1,391.9999999,7,0,70,24
2187,25.6,51.92487786,0,0,0,0,0,0,0,0,0,0,0,0
2188,382.3,1014.068333,0,0,0,0,0,0,0,0,0,0,0,0
2189,172.2,457.1024681,0,0,0,0,0,10,0,0,0,0,0,0
2190,7.000000014,12.57236219,0,53.90000011,0,0,0,1.100000002,0,0,0,0,0,0
2191,0,0,0,0,0,0,0,0,0,0,0,0,0,0
2192,60.40000012,93.52610893,0,51.0000001,0,0,0,0,0,0,0,0,0,0
2193,12.4,23.9181524,0,0,0,0,0,0,0,0,0,0,0,0
2194,20.40000007,39.55694449,29.5000001,41.30000014,0,0,0,0,0,31.4000001,0,0,0,0
2195,70.8,135.1273396,9,12.5,0,0,0,9.4,0,31.9,0,0,0,0
2196,175.3,253.2,0,103.3,0,0,0,37.2,0,47.6,0,0,0,0
2197,27.80000434,41.70000651,31.10000486,456.8000714,0,0,0,32.20000503,0,132.3000207,0,0,0,0
2198,0,0,0,0,0,0,0,0,0,0,0,0,0,0
2199,17.4,50.90273459,0,0,0,0,9.1,0,0,80,0,0,0,0
2200,0,0,0,0,0,0,0,162,0,0,0,0,7,0
2201,0,0,0,0,0,0,0,0,0,0,0,0,0,0
2202,0,0,0,0,0,0,0,5.000000002,0,0,0,0,0,0
2203,0,0,0,0,0,0,0,0,0,0,0,0,0,0
2204,0,0,0,0,0,0,0,0,0,0,0,0,0,0
2205,0,0,0,0,0,0,0,0,0,0,0,0,10,0
2206,4,15.63879195,0,4.5,0,0,0,0,0,10.5,0,0,0,0
2207,26.6,58.15995178,0,0,0,0,0,0,0,0,0,0,0,0
2208,0,0,0,0,0,0,0,0,0,0,0,0,0,0
2209,0,0,0,0,0,0,0,0,0,0,0,0,0,0
2210,0,0,0,0,0,0,0,0,0,0,0,0,0,0
2211,0,0,0,0,0,0,0,0,0,0,0,0,0,0
2212,1.000000028,2.044094169,0,0,0,0,0,0,0,0,0,0,0,0
2213,0,0,0,0,0,0,0,0,0,0,0,0,0,0
2214,0,0,0,0,0,0,0,0,0,0,0,0,0,0
2215,0,0,0,0,0,0,0,0,0,0,0,0,0,0
2216,0,0,0,0,0,0,0,0,0,0,0,0,0,0
2217,1,1,0,0,0,0,0,0,0,0,726,0,0,0
2218,0,0,0,0,0,0,0,0,0,0,1,0,0,0
2219,0,0,0,0,0,0,0,0,0,0,0,0,0,0
2220,8,22.94863878,0,0,0,0,0,0,0,0,5,0,0,1
2221,1,3.824773131,0,0,0,0,0,0,0,0,36,0,0,0
2222,6,23.90483207,0,2,2,0,87,12,1,0,16,0,6,0
2223,9,37.29153803,0,2,2,0,181,33,2,0,9,0,12,1
2224,0,0,0,2,2,0,20,4,0,0,0,0,56,0
2225,0,0,0,0,0,0,0,0,0,0,0,0,0,0
2226,0,0,0,0,0,0,0,0,0,0,0,0,0,0
2227,0,0,0,0,0,0,0,0,0,0,0,0,0,0
2228,16,40.16011787,0,0,0,0,0,0,0,0,21,0,1,1
2229,29,112.8308074,0,2,0,0,26,14,0,0,4,0,4,2
2230,4,18.16767237,0,0,0,0,0,0,0,0,2,0,0,0
2231,0,0,0,0,0,0,0,0,0,0,0,0,0,0
2232,2,5.737159696,0,0,0,0,0,0,0,0,1,0,19,0
2233,0,0,0,0,2,0,5,0,0,0,4,0,103,0
2234,0,0,0,1,4,0,52,2,1,0,4,0,565,0
2235,0,0,0,0,2,1,296,1,0,0,0,0,16,0
2236,0,0,0,0,0,0,0,0,0,0,5,0,0,0
2237,3,9.561932827,0,0,0,0,0,0,0,0,0,0,0,0
2238,9,33.46676489,0,0,1,0,29,3,1,0,3,0,2,1
2239,2,6.693352979,0,0,0,0,0,0,0,0,2,0,0,0
2240,0,0,0,0,0,0,0,0,0,0,0,0,0,0
2241,0,0,0,0,0,0,0,0,0,0,1,0,0,0
2242,1,1.912386565,0,0,0,0,0,0,0,0,3,0,0,0
2243,1,1.912386565,0,0,0,0,39,8,1,0,0,0,3,0
2244,0,0,0,0,0,0,0,0,0,0,6,0,0,0
2245,0,0,0,0,0,0,0,0,0,0,0,0,0,0
2246,0,0,0,0,0,0,0,0,0,0,7,0,0,0
2247,0,0,0,0,0,0,0,0,0,0,5,0,0,0
2248,0,0,0,0,0,0,0,0,0,0,3,0,0,0
2249,1,5.737159696,0,0,1,0,9,1,0,0,4,0,0,0
2250,0,0,0,1,0,1,30,5,0,0,7,0,2,0
2251,22,74.58307605,0,0,0,0,4,0,0,0,4,0,18,1
2252,1,3.824773131,0,0,0,0,0,0,0,0,6,0,9,11
2253,370,976.2733416,0,0,0,0,0,0,0,0,7,0,9,11
2254,0,0,0,0,0,0,0,0,0,0,8,0,2,2
2255,0,0,0,0,0,0,0,0,0,0,6,0,0,0
2256,1,6.693352979,0,0,0,0,0,0,0,0,3,0,0,0
2257,27,101.356488,0,0,0,0,0,0,0,0,0,0,1,2
2258,1,1.912386565,0,1,1,1,104,21,3,0,2,0,7,0
2259,0,0,0,4,4,8,113,76,3,9,2,0,12,0
2260,0,0,0,0,0,0,0,0,0,0,5,0,0,0
2261,0,0,0,0,0,0,2,0,0,0,2,0,0,0
2262,31,107.0936477,0,0,0,0,0,0,0,0,1,0,2,2
2263,1,2.868579848,0,0,0,0,0,0,0,0,5,0,0,0
2264,6,20.08005894,0,0,0,0,0,0,0,0,4,0,0,0
2265,0,0,0,0,0,0,0,0,0,0,0,0,0,0
2266,1,1.912386565,0,0,0,3,8,5,2,5,0,0,24,0
2267,173,498.1767003,0,0,0,0,0,0,0,0,4,0,9,11
2268,11,33.46676489,0,0,0,0,0,0,0,0,3,0,1,1
2269,71,224.7054214,2,0,0,4,0,45,1,7,2,0,19,5
2270,0,0,0,0,0,0,0,0,0,0,0,0,0,0
2271,136,549.8111376,0,0,0,0,0,0,0,0,2,0,7,9
2272,0,0,0,0,0,0,0,0,0,0,5,0,0,0
2273,0,0,0,0,0,0,0,0,0,0,7,0,0,0
2274,0,0,0,1,771,0,77,1,0,0,3,0,46,0
2275,0,0,0,0,0,0,0,0,0,0,6,0,0,0
2276,0,0,0,0,0,0,0,0,0,0,5,0,0,0
2277,0,0,0,0,0,0,0,0,0,0,5,0,0,0
2278,0,0,0,0,0,0,0,0,0,0,6,0,0,0
2279,0,0,0,0,0,0,0,0,0,0,5,0,0,0
2280,0,0,0,0,0,0,0,0,0,0,4,0,0,0
2281,0,0,0,1,1,0,27,17,0,0,0,0,2,0
2282,0,0,0,0,0,0,0,0,0,0,1,0,0,0
2283,0,0,0,0,0,0,0,0,0,0,2,0,0,0
2284,0,0,0,0,0,0,0,0,0,0,1,0,0,0
2285,0,0,0,0,0,0,0,0,0,0,0,0,0,0
2286,0,0,0,0,0,0,0,0,0,0,5,0,0,0
2287,0,0,0,0,0,0,0,0,0,0,4,0,0,0
2288,1,3.824773131,0,0,0,0,0,0,0,0,0,0,0,0
2289,0,0,0,0,0,0,0,0,0,0,5,0,0,0
2290,0,0,0,0,0,0,0,0,0,0,4,0,0,0
2291,0,0,0,0,0,0,0,0,0,0,1,0,0,0
2292,0,0,0,0,0,0,0,0,0,0,5,0,0,0
2293,0,0,0,0,0,0,0,0,0,0,4,0,0,0
2294,0,0,0,0,0,0,0,0,0,0,5,0,0,0
2295,0,0,0,0,0,0,0,0,0,0,2,0,0,0
2296,0,0,0,0,0,0,0,0,0,0,3,0,0,0
2297,450,1296.598091,0,0,0,0,0,0,0,0,2,0,25,30
2298,167,476.1842548,0,0,0,0,0,0,0,0,1,0,9,11
2299,0,0,0,0,0,0,0,0,0,0,2,0,0,0
2300,0,0,0,0,0,0,0,0,0,0,0,0,0,0
2301,0,0,0,0,0,0,0,0,0,0,3,0,0,0
2302,92,273.4712789,0,0,0,0,0,68,0,0,2,0,9,7
2303,262,757.3050799,0,0,0,0,0,0,0,0,0,0,15,18
2304,462,1483.055781,0,0,0,4,3,10,0,0,0,0,26,30
2305,1059,3383.011834,0,12,2,29,31,34,6,12,0,0,64,70
2306,746,2153.347273,5,10,14,6,84,45,9,17,1,0,50,49
2307,133,392.0392459,0,0,0,0,0,0,0,0,1,0,7,9
2308,0,0,0,0,0,0,0,0,0,0,0,0,0,0
2309,27,77.4516559,0,0,0,0,0,0,0,0,3,0,1,2
2310,98,357.6162877,0,11,0,3,1,1,0,3,1,0,8,6
2311,240,835.7129291,22,0,0,0,9,26,0,0,0,0,16,15
2312,563,1789.037632,0,0,0,0,0,0,0,0,0,0,31,37
2313,282,972.4485685,0,0,0,0,0,0,0,0,0,0,15,19
2314,327,1274.605646,21,90,5,12,306,25,9,15,0,0,62,22
2315,265,1013.56488,1,4,3,8,82,144,5,4,0,0,32,17
2316,444,1696.286884,0,0,0,0,0,0,0,0,0,0,24,29
2317,352,1230.620755,0,0,0,0,0,39,0,0,0,0,21,23
2318,583,2107.449995,0,0,0,0,0,0,0,0,0,0,32,38
2319,284,1037.469712,0,0,0,0,0,0,0,0,0,0,16,19
2320,0,0,0,0,0,0,0,0,0,0,0,0,0,0
2321,22,65.97733651,0,1,6,1,35,5,0,0,3,0,4,1
2322,2,4.780966413,0,0,0,0,0,0,0,0,5,0,0,0
2323,0,0,0,0,0,0,0,0,0,0,5,0,0,0
2324,0,0,0,0,0,0,0,0,0,0,2,0,0,0
2325,0,0,0,0,0,0,0,0,0,0,5,0,0,0
2326,0,0,0,0,0,0,0,0,0,0,7,0,2,2
2327,5,14.34289924,2,1,0,4,7,1,1,4,2,0,0,0
2328,2,6.693352979,0,0,0,0,0,0,0,0,6,0,0,0
2329,0,0,0,0,0,0,0,0,0,0,4,0,0,0
2330,0,0,0,0,0,0,0,0,0,0,4,0,0,0
2331,0,0,0,0,0,0,0,0,0,0,4,0,0,0
2332,0,0,0,0,0,0,0,0,0,0,5,0,0,0
2333,1,1.912386565,0,0,0,0,0,0,0,0,4,0,0,0
2334,0,0,0,0,0,0,0,0,0,0,0,0,0,0
2335,0,0,0,0,0,0,0,0,0,0,3,0,0,0
2336,0,0,0,0,0,0,0,0,0,0,5,0,0,0
2337,0,0,0,0,0,0,0,0,0,0,0,0,0,0
2338,0,0,0,0,0,0,0,0,0,0,2,0,0,0
2339,0,0,0,0,0,0,0,0,0,0,3,0,0,0
2340,0,0,0,0,0,0,0,0,0,0,4,0,0,0
2341,0,0,0,0,0,0,0,0,0,0,2,0,0,0
2342,0,0,0,0,0,0,0,0,0,0,0,0,0,0
2343,0,0,0,0,0,0,0,0,0,0,0,0,0,0
2344,485,1421.859411,1,15,5,25,37,36,12,13,5,0,37,30
2345,355,1108.228015,0,0,0,0,0,0,0,0,0,0,18,21
2346,209,718.1011553,1,3,0,1,5,155,0,0,0,0,20,14
2347,0,0,0,0,0,0,0,0,0,0,4,0,0,0
2348,1,3.824773131,0,0,0,0,0,0,0,0,3,0,0,0
2349,8,30.59818505,0,0,0,0,0,0,0,0,0,0,0,1
2350,0,0,0,0,0,0,0,0,0,0,5,0,0,0
2351,13,33.46676489,3,2,1,9,50,5,6,11,4,0,7,3
2352,0,0,1,0,0,4,0,0,0,4,1,0,8,0
2353,0,0,0,0,0,0,0,0,0,0,4,0,0,0
2354,0,0,0,0,0,0,0,0,0,0,3,0,0,0
2355,1,3.824773131,0,0,0,0,0,0,0,0,0,0,0,0
2356,0,0,0,0,0,0,0,0,0,0,4,0,0,0
2357,0,0,0,0,0,0,0,0,0,0,6,0,0,0
2358,671,2859.974109,0,3,6,5,47,117,3,14,0,0,47,44
2359,0,0,0,0,0,0,0,0,0,0,3,0,3,0
2360,32,108.0498409,2,1,0,7,0,3,3,12,1,0,2,2
2361,0,0,0,0,0,0,0,0,0,0,5,0,0,0
2362,0,0,4,1,0,7,0,5,2,10,4,0,0,0
2363,1,1.912386565,0,0,0,0,0,0,0,0,2,0,0,0
2364,320,902.6464589,0,0,0,0,0,40,0,0,2,0,17,19
2365,27,116.6555805,0,0,0,0,0,0,0,0,2,0,1,2
2366,0,0,0,0,0,0,0,0,0,0,3,0,0,0
2367,0,0,0,0,0,0,0,0,0,0,3,0,0,0
2368,0,0,0,0,0,0,0,0,0,0,4,0,5,5
2369,263,869.179694,0,0,0,0,0,0,0,0,1,0,12,13
2370,475,2142.829147,0,0,2,0,9,8,6,2,0,0,28,32
2371,295,1140.738586,0,0,0,0,0,49,0,0,2,0,19,19
2372,0,0,0,0,0,0,0,0,0,0,4,0,0,0
2373,0,0,0,0,0,0,0,0,0,0,3,0,0,0
2374,0,0,0,0,0,0,0,0,0,0,3,0,0,0
2375,0,0,0,0,0,0,0,0,0,0,4,0,0,0
2376,21,86.05739544,0,1,1,0,95,17,3,1,3,0,5,1
2377,152,684.6343904,0,0,0,0,0,0,0,0,0,0,8,10
2378,364,1195.241603,25,0,0,1,1,29,0,14,0,0,24,24
2379,335,1476.362428,0,0,0,0,0,0,0,0,0,0,18,22
2380,0,0,0,0,0,0,0,0,0,0,2,0,0,0
2381,0,0,0,0,0,0,0,0,0,0,0,0,0,0
2382,101,453.235616,0,0,0,0,0,0,0,0,4,0,9,7
2383,260,1153.169099,0,0,0,0,0,0,0,0,4,0,14,17
2384,457,1744.096548,24,0,0,2,55,0,26,2,0,0,31,30
2385,266,1015.477266,1,2,0,0,4,39,2,6,0,0,27,18
2386,87,277.296052,0,0,2,0,5,32,1,1,0,0,7,6
2387,47,188.3700767,0,0,0,0,5,8,0,0,0,0,3,3
2388,1,3.824773131,0,0,0,0,0,0,0,0,1,0,1,0
2389,0,0,0,0,0,0,0,0,0,0,0,0,0,0
2390,7,21.9924455,0,0,0,0,0,0,0,0,4,0,0,0
2391,0,0,0,0,0,0,0,0,0,0,7,0,0,0
2392,0,0,0,0,0,0,0,0,0,0,5,0,0,0
2393,0,0,0,0,0,0,0,0,0,0,0,0,0,0
2394,0,0,0,0,0,0,0,0,0,0,10,0,0,0
2395,0,0,0,0,0,0,0,0,0,0,5,0,0,0
2396,0,0,0,0,0,0,0,0,0,0,5,0,0,0
2397,0,0,0,0,0,0,0,0,0,0,0,0,0,0
2398,0,0,0,0,0,0,0,0,0,0,4,0,0,0
2399,0,0,0,0,0,0,0,0,0,0,5,0,0,0
2400,0,0,0,0,0,0,0,0,0,0,5,0,0,0
2401,0,0,0,0,0,0,0,0,0,0,5,0,0,0
2402,0,0,0,0,0,0,0,0,0,0,0,0,0,0
2403,0,0,0,0,0,0,0,0,0,0,6,0,0,0
2404,0,0,0,0,0,0,0,0,0,0,3,0,0,0
2405,0,0,0,0,0,0,0,0,0,0,11,0,0,0
2406,0,0,0,0,0,0,0,0,0,0,5,0,0,0
2407,0,0,0,0,0,0,0,0,0,0,4,0,0,0
2408,0,0,0,0,0,0,18,3,0,0,2,0,1,0
2409,0,0,0,0,0,0,0,0,0,0,2,0,0,0
2410,0,0,0,0,0,0,0,0,0,0,0,0,0,0
2411,6,18.16767237,0,0,0,0,0,0,0,0,4,0,0,0
2412,0,0,0,0,0,0,0,0,0,0,4,0,0,0
2413,0,0,0,0,0,0,0,0,0,0,5,0,0,0
2414,0,0,0,0,0,0,0,0,0,0,5,0,0,0
2415,0,0,0,0,0,0,0,0,0,0,3,0,0,0
2416,21,56.41540368,0,0,0,0,0,0,0,0,0,0,1,1
2417,469,1470.625269,0,0,2,0,8,8,1,4,3,0,27,31
2418,383,1541.383572,0,14,5,1,60,137,0,16,0,0,37,25
2419,371,1467.756689,0,3,0,1,12,13,3,9,0,0,23,24
2420,0,0,0,0,0,0,0,0,0,0,19,0,0,0
2421,0,0,0,0,0,0,0,0,0,0,18,0,0,0
2422,0,0,0,0,0,0,0,0,0,0,52,0,0,0
2423,0,0,0,0,0,0,0,0,0,0,49,0,0,0
2424,1,5.737159696,0,0,0,0,0,0,0,0,14,0,0,0
2425,0,0,0,0,0,0,0,0,0,0,0,0,0,0
2426,0,0,0,0,0,0,0,0,0,0,0,0,0,0
2427,0,0,0,0,0,0,0,0,0,0,0,0,0,0
2428,0,0,0,0,3,0,37,1,0,0,1,0,2,0
2429,2,6.693352979,0,0,0,0,0,0,0,0,0,0,0,0
2430,0,0,0,0,2,0,35,1,0,0,0,0,2,0
2431,0,0,0,0,0,0,0,0,0,0,0,0,0,0
2432,0,0,0,0,0,0,0,0,0,0,0,0,0,0
2433,0,0,0,0,0,0,0,0,0,0,0,0,0,0
2434,0,0,0,0,0,0,0,0,0,0,2,0,0,0
2435,0,0,0,0,0,0,0,0,0,0,0,0,0,0
2436,0,0,0,0,0,0,0,0,0,0,0,0,0,0
2437,0,0,0,0,0,0,0,0,0,0,0,0,0,0
2438,108,389.1706661,1,7,11,0,32,40,1,6,0,0,11,7
2439,0,0,0,0,0,0,0,0,0,0,0,0,0,0
2440,318,1288.948545,0,0,0,0,0,0,0,0,0,0,17,21
2441,424,1587.280849,0,0,0,0,0,0,0,0,0,0,23,28
2442,431,1531.821639,2,0,4,2,48,27,5,9,1,0,29,28
2443,0,0,0,0,0,0,0,0,0,0,0,0,0,0
2444,602,2052.946978,0,0,0,0,0,0,0,0,0,0,29,36
2445,430,1433.333731,0,2,2,3,11,69,5,2,0,0,28,28
2446,520,1765.1328,0,0,1,0,19,3,0,5,0,0,30,34
2447,0,0,0,0,0,0,0,0,0,0,0,0,0,0
2448,363,1459.150949,0,0,0,0,0,0,0,0,0,0,23,28
2449,439,1781.388086,23,4,1,1,9,2,1,22,0,0,26,29
2450,351,1187.592057,0,0,0,0,25,33,0,31,0,0,24,23
2451,0,0,0,0,0,0,0,0,0,0,0,0,0,0
2452,130,446.542263,0,0,0,0,3,0,0,0,0,0,7,9
2453,116,399.6887922,0,0,0,0,0,45,0,0,1,0,12,8
2454,0,0,0,0,0,0,0,0,0,0,0,0,0,0
2455,161,470.4470951,0,0,0,0,0,0,0,0,2,0,6,8
2456,170,494.3519272,0,0,0,0,0,0,0,0,3,0,12,14
2457,482,1887.52554,0,0,0,0,6,3,2,0,2,0,27,32
2458,249,1025.995392,0,0,0,0,0,59,0,0,1,0,17,16
2459,423,1184.723477,0,0,0,0,0,0,0,0,0,0,23,28
2460,0,0,0,0,0,0,0,0,0,0,7,0,0,0
2461,1,4.780966413,0,0,0,0,0,0,0,0,3,0,0,0
2462,212,688.4591635,0,0,0,0,0,0,0,0,2,0,12,14
2463,44,174.0271775,0,0,0,0,0,0,0,0,4,0,2,3
2464,0,0,4,2,2,0,32,5,6,4,2,0,0,0
2465,996,3387.792801,0,0,0,0,0,42,0,0,0,0,57,66
2466,459,1796.687178,0,2,0,0,5,3,1,2,0,0,26,30
2467,1371,5545.92104,0,0,0,0,0,49,0,0,0,0,78,90
2468,125,479.0528346,0,0,0,0,0,39,0,0,3,0,9,8
2469,0,0,0,0,0,0,0,0,0,0,3,0,0,0
2470,0,0,0,0,0,0,0,0,0,0,6,0,0,0
2471,595,1848.321615,9,79,1,6,93,61,50,71,0,0,53,39
2472,463,1881.78838,55,2,1,7,5,7,3,82,0,0,37,31
2473,737,3015.833614,0,0,0,0,0,0,0,0,0,0,40,49
2474,0,0,0,0,0,0,0,0,0,0,4,0,0,0
2475,303,1003.046754,0,0,0,0,0,0,0,0,4,0,12,15
2476,2,8.605739544,0,0,0,0,0,0,0,0,2,0,4,5
2477,558,2210.71887,11,2,2,2,5,4,3,46,0,0,35,37
2478,145,565.1102301,41,12,15,2,14,104,15,154,1,0,27,9
2479,507,1856.927355,1,1,3,0,0,3,1,7,0,0,42,33
2480,708,2783.478646,214,138,5,26,10,16,49,126,0,0,76,47
2481,701,2756.705234,0,0,0,0,0,0,0,0,0,0,38,46
2482,237,924.6389044,6,1,1,0,5,6,3,31,2,0,16,16
2483,188,759.2174665,0,0,0,0,0,410,0,0,0,0,33,12
2484,6,21.03625222,0,0,0,0,0,178,0,0,1,0,10,0
2485,287,958.1056693,1,1,1,0,0,8,3,3,1,0,16,19
2486,248,848.1434418,0,0,0,0,0,0,0,0,2,0,14,16
2487,920,3362.931775,18,2,1,23,136,7,66,100,0,0,69,61
2488,361,1289.904738,0,0,3,0,18,8,2,5,0,0,21,22
2489,31,120.4803536,0,0,0,0,0,0,0,0,0,0,2,2
2490,280,1105.359435,0,0,0,0,0,0,0,0,0,0,15,18
2491,329,1295.641898,0,0,0,0,0,0,0,0,0,0,18,22
2492,169,681.7658106,0,0,0,0,0,0,0,0,1,0,5,6
2493,29,119.5241603,33,2,4,0,14,28,12,152,1,0,11,1
2494,3,11.47431939,0,0,0,0,0,0,0,0,1,0,0,0
2495,811,2798.777738,8,6,1,9,0,19,5,10,0,0,48,53
2496,177,610.0513144,2,0,1,0,0,38,0,6,1,0,12,12
2497,0,0,0,0,0,0,0,0,0,0,2,0,0,0
2498,0,0,0,0,0,0,0,0,0,0,2,0,0,0
2499,0,0,0,0,0,0,0,0,0,0,1,0,8,5
2500,0,0,29,3,4,170,16,14,8,69,0,0,72,0
2501,0,0,0,0,0,0,0,0,0,0,0,0,0,0
2502,69,232.3549677,2,2,2,0,0,6,2,2,3,0,5,5
2503,787,2634.312494,0,0,0,0,0,0,0,0,1,0,32,39
2504,0,0,0,0,0,0,0,0,0,0,2,0,10,12
2505,210,850.0558283,17,5,2,0,8,13,7,68,4,0,22,16
2506,203,768.7793993,10,2,2,0,4,22,4,36,1,0,16,13
2507,0,0,115,220,15,4,41,74,60,527,1,0,60,0
2508,0,0,413,83,16,0,85,75,40,535,3,0,69,0
2509,0,0,571,447,18,1,52,59,33,732,0,0,114,0
2510,115,329.8866825,55,16,6,0,24,57,51,219,2,0,39,8
2511,498,1417.078445,98,253,11,29,81,336,169,378,0,0,105,33
2512,3,11.47431939,523,105,17,2,68,93,61,522,0,0,77,0
2513,459,1400.823159,133,244,4,22,19,7,57,75,0,0,87,32
2514,898,3346.676489,10,2,1,1,16,13,7,53,0,0,55,59
2515,137,509.6510197,0,32,1,0,3,68,127,84,0,0,26,9
2516,765,1945.85333,3,18,1,10,0,2,1,15,1,0,43,49
2517,488,1259.306553,12,3,3,0,7,24,5,37,3,0,32,32
2518,292,1148.388133,0,0,0,0,0,0,0,0,0,0,14,17
2519,1157,4291.395453,7,7,3,11,47,47,22,31,0,0,111,76
2520,1425,4074.339578,44,4,13,1,18,24,9,151,0,0,114,94
2521,304,1021.214426,0,0,0,0,0,0,0,0,5,0,16,20
2522,353,1412.297479,1,0,0,2,1,0,0,1,2,0,19,23
2523,1153,2846.587403,20,4,2,3,19,9,8,64,0,0,78,76
2524,420,1063.28693,13,9,18,6,0,27,24,30,1,0,33,28
2525,252,802.2461642,46,2,2,0,10,37,7,86,2,0,24,16
2526,0,0,67,12,20,18,15,27,17,190,2,0,187,0
2527,266,768.7793993,0,0,0,0,0,0,0,0,1,0,15,18
2528,96,238.0921274,54,90,4,3,22,85,35,268,0,0,37,6
2529,3,9.561932827,11,55,2,2,4,85,281,196,0,0,36,0
2530,844,2182.989264,0,0,0,0,0,0,0,0,1,0,46,55
2531,0,0,98,1,50,10,46,19,14,111,3,0,19,0
2532,0,0,0,0,0,0,0,0,0,0,0,0,0,0
2533,0,0,78,19,25,0,28,217,32,262,0,0,37,0
2534,426,1378.830714,0,0,0,0,0,0,0,0,3,0,23,28
2535,430,1399.866966,9,9,6,7,2,98,62,89,0,0,38,28
2536,0,0,218,62,68,1,74,743,104,782,0,0,112,0
2537,194,737.225021,3,1,0,0,0,3,1,5,1,0,11,13
2538,241,934.2008372,2,1,3,0,0,19,5,7,0,0,16,16
2539,77,286.8579848,8,8,7,1,0,39,17,11,1,0,9,5
2540,336,903.6026522,25,10,5,1,27,118,42,108,1,0,36,22
2541,269,1145.519553,0,0,0,0,0,49,0,0,0,0,17,18
2542,229,629.17518,1,1,1,0,0,0,1,2,0,0,17,15
2543,273,838.5815089,94,9,119,98,52,52,53,318,0,250,59,18
2544,424,1384.567873,3,0,1,2,2,1,0,18,0,0,25,28
2545,0,0,0,0,0,0,0,284,0,0,0,0,16,0
2546,230,779.2975254,29,0,0,1,0,0,0,5,1,0,15,15
2547,0,0,41,50,4,1,18,23,34,225,0,0,55,0
2548,0,0,33,8,6,0,176,36,55,182,0,0,28,0
2549,0,0,94,60,54,1,913,127,112,1200,1,0,140,0
2550,0,0,307,65,29,136,1068,241,448,1621,0,0,213,0
2551,0,0,23,4,7,2,357,22,35,112,0,0,31,0
2552,0,0,102,239,12,302,158,106,212,482,0,0,87,0
2553,0,0,35,71,48,1,2959,5,25,1408,0,0,248,0
2554,147,478.0966413,42,9,5,5,41,51,55,191,0,0,30,10
2555,330,1095.797502,91,139,14,9,290,68,159,387,0,0,80,22
2556,0,0,101,278,3,7,236,22,79,175,0,0,49,0
2557,665,2207.85029,283,30,58,78,481,56,127,210,0,0,116,44
2558,2,4.780966413,6,0,3,0,4,6,6,17,0,0,2,0
2559,432,1432.377537,0,0,0,0,0,0,0,0,0,0,23,28
2560,2,9.561932827,0,0,0,0,0,0,0,0,4,0,0,0
2561,336,1074.76125,0,0,0,0,0,0,0,0,2,0,18,22
2562,234,704.7144493,0,0,0,0,0,0,0,0,4,0,13,15
2563,177,569.8911965,0,0,0,0,0,0,0,0,3,0,10,12
2564,195,595.7084151,0,0,0,0,0,0,0,0,3,0,9,12
2565,4,10.51812611,0,0,0,0,0,0,0,0,6,0,0,0
2566,4,10.51812611,27,3,134,381,137,59,11,41,4,0,43,0
2567,73,205.5815558,0,0,0,0,0,0,0,0,2,0,5,7
2568,448,1387.436453,0,0,0,0,0,0,0,0,2,0,25,31
2569,6,21.03625222,0,0,63,166,122,2,1,0,1,0,20,0
2570,27,65.02114322,110,13,8,187,360,238,81,521,6,0,84,2
2571,1,1.912386565,289,3,314,310,357,17,12,88,0,0,76,0
2572,22,53.54682383,0,0,0,0,0,0,0,0,7,0,2,2
2573,1480,5015.233768,29,11,6,1,9,32,11,90,3,0,91,97
2574,359,1437.158504,0,0,0,0,0,0,0,0,1,0,19,23
2575,84,338.4924221,15,8,11,1,1,95,15,41,5,0,15,5
2576,438,1516.522546,46,0,11,0,8,0,0,8,0,0,28,29
2577,273,1232.533141,0,0,0,0,0,0,0,0,1,0,15,18
2578,332,1005.915333,0,0,0,0,0,0,0,0,2,0,18,22
2579,175,481.9214145,4,5,1,6,0,16,5,10,1,0,32,34
2580,548,1637.959093,0,0,0,0,0,0,0,0,1,0,16,17
2581,533,1639.87148,0,0,0,0,0,0,0,0,0,0,25,29
2582,105,335.6238422,3,0,1,29,2,0,0,3,0,0,35,42
2583,477,1437.158504,1,0,0,6,8,0,0,1,2,0,26,30
2584,321,977.2295349,0,0,0,0,0,0,0,0,1,0,21,22
2585,249,769.7355926,0,0,0,0,0,0,0,0,0,0,11,12
2586,670,2051.990785,0,0,0,0,0,0,0,0,0,0,13,16
2587,3,5.737159696,2,1,1,1,1,3,3,6,2,0,1,0
2588,3,5.737159696,0,0,0,0,0,0,0,0,1,0,0,0
2589,669,2807.383478,0,0,0,0,0,0,0,0,3,0,36,44
2590,135,490.527154,6,1,3,0,4,11,5,19,2,0,9,9
2591,57,227.5740013,0,0,0,0,0,31,0,0,0,0,5,4
2592,140,556.5044905,1,0,0,0,2,0,71,1,0,0,12,9
2593,277,1185.679671,0,0,44,1,0,0,0,0,0,0,18,18
2594,164,696.1087098,4,0,0,1,6,2,2,23,1,0,11,11
2595,142,423.5936242,0,0,0,0,0,0,0,0,1,0,8,9
2596,603,1827.285363,118,166,1,2,106,148,425,919,0,0,136,40
2597,468,1420.903218,1,0,21,0,0,0,0,0,0,0,27,31
2598,379,1422.815605,7,0,0,0,0,35,20,27,0,0,25,25
2599,186,453.235616,26,25,4,3,13,47,10,70,0,0,21,12
2600,136,323.1933296,142,29,10,3,91,56,80,350,0,0,48,9
2601,297,886.3911731,96,3,302,35,114,51,57,272,0,0,68,20
2602,17,49.7220507,186,148,9,1,74,31,205,346,0,0,56,1
2603,0,0,65,43,97,30,127,14,88,323,0,0,85,0
2604,214,631.0875666,62,9,8,6,16,19,14,194,0,0,30,14
2605,359,1357.794461,6,2,2,2,13,10,7,33,2,0,23,23
2606,143,548.8549443,27,23,1,9,1,82,2,17,0,0,17,9
2607,107,410.2069183,9,0,11,0,3,3,3,13,0,0,8,7
2608,55,130.0422864,59,3,7,2,18,39,18,167,0,0,20,4
2609,201,479.0528346,48,75,44,0,33,290,118,586,0,0,76,13
2610,221,564.1540368,17,7,6,132,75,194,52,69,0,0,58,15
2611,98,289.7265647,103,108,33,3,48,241,88,288,0,0,55,6
2612,151,580.4093226,0,0,0,0,5,73,0,0,1,0,13,10
2613,217,831.8881559,0,0,0,0,0,48,0,0,1,0,14,14
2614,136,354.7477079,26,6,17,0,13,72,9,89,0,0,20,9
2615,249,688.4591635,6,1,2,1,4,20,4,25,1,0,17,16
2616,205,561.2854569,143,25,165,0,462,274,76,346,0,0,93,14
2617,462,1562.419824,0,0,3,0,0,0,0,0,0,0,25,30
2618,268,721.9259284,226,41,16,437,1310,172,233,566,0,0,179,18
2619,3,8.605739544,37,1,34,2,18,8,5,74,0,0,9,0
2620,323,992.5286274,0,0,0,0,0,0,0,0,0,0,18,21
2621,295,1173.249158,0,0,0,0,0,0,0,0,0,63,16,19
2622,221,846.2310552,5,3,1,0,0,10,2,7,0,0,14,15
2623,436,1229.664562,26,4,4,0,136,40,715,151,0,0,84,28
2624,649,1905.693212,0,0,0,0,0,0,0,0,0,0,35,43
2625,329,1309.984797,15,6,0,0,14,26,14,87,0,0,31,22
2626,460,1875.095027,1,0,0,0,36,34,1,48,0,0,32,30
2627,131,499.1328936,0,0,0,0,0,147,0,0,0,0,15,9
2628,234,811.808097,0,0,0,0,0,0,0,0,0,10,13,15
2629,0,0,72,305,6,2,44,33,101,406,0,0,55,0
2630,0,0,349,77,44,66,1124,220,521,1288,0,0,202,0
2631,1,1,105,226,6,1,213,105,203,723,0,0,86,0
2632,159,644.4742725,4,0,0,52,11,0,0,154,0,0,21,11
2633,364,1485.924361,13,31,1,11,14,5,82,54,0,0,31,24
2634,316,777.3851388,0,0,0,0,12,0,0,72,0,0,22,21
2635,161,561.2854569,56,2,2,0,33,94,91,192,0,0,34,11
2636,92,314.58759,391,136,18,0,72,79,164,495,0,0,79,6
2637,0,0,69,260,9,3,1463,55,117,245,0,0,123,0
2638,0,0,669,223,33,5,85,91,111,772,0,0,108,0
2639,2,6.693352979,343,431,3,15,58,83,79,271,0,0,70,0
2640,0,0,197,40,14,21,1481,129,247,518,0,0,144,0
2641,830,2354.147862,0,2,1,0,0,2,2,4,0,0,46,55
2642,531,1477.318622,8,2,3,0,5,8,14,49,0,0,35,35
2643,0,0,0,0,0,0,0,141,0,0,1,0,8,0
2644,14,46.85347085,0,0,0,0,0,0,0,0,2,0,1,1
2645,0,0,0,0,1138,5,0,0,0,0,0,0,62,0
2646,0,0,235,23,9,2,530,50,71,724,0,0,90,0
2647,639,1977.407709,0,0,0,0,0,0,0,0,0,0,35,42
2648,302,838.5815089,64,2,4,0,12,62,30,28,0,0,28,20
2649,110,305.0256572,0,0,0,0,0,0,0,0,0,0,6,7
2650,0,0,1,0,1,0,1,0,0,2,2,0,83,0
2651,236,738.1812142,0,0,0,0,0,0,0,0,0,0,13,16
2652,361,1003.046754,0,0,0,0,0,34,0,0,0,0,21,24
2653,104,369.0906071,34,1,70,3,18,7,3,33,0,0,15,7
2654,1064,3550.345659,0,0,0,0,0,0,0,0,0,0,58,70
2655,327,961.9304424,0,0,0,0,0,0,0,0,1,0,18,21
2656,386,1238.270301,5,1,4,0,0,14,14,22,1,0,24,25
2657,112,281.1208251,292,151,6,83,22,22,18,228,0,0,51,7
2658,362,903.6026522,26,1,9,83,17,115,27,80,0,0,39,24
2659,78,198.8882028,111,12,13,395,87,83,88,318,0,0,65,5
2660,604,1879.875994,38,257,6,22,302,33,187,56,0,0,82,40
2661,303,693.24013,191,474,130,59,87,63,140,463,0,0,114,20
2662,0,0,974,285,28,12,81,108,97,856,0,0,134,0
2663,142,327.0181027,673,571,2,6,86,11,16,141,0,0,90,9
2664,355,816.5890634,224,209,35,215,155,82,154,621,0,0,112,23
2665,17,43.02869772,276,31,15,511,130,243,208,441,0,0,102,1
2666,172,309.8066236,150,122,84,141,48,9,84,257,0,0,58,11
2667,251,701.8458695,23,0,0,7,18,42,168,46,0,0,30,17
2668,221,393.9516325,28,2,23,177,23,77,125,167,0,0,46,15
2669,538,2010.874474,85,60,5,1,20,26,102,242,0,0,59,35
2670,433,1239.226494,2,1,20,4,4,386,3,300,0,0,63,29
2671,460,1523.215899,11,1,1,65,23,10,20,41,0,0,35,30
2672,342,979.1419215,30,5,2,1,26,38,38,264,0,0,41,23
2673,386,1539.471185,667,264,30,15,239,79,185,595,0,0,135,26
2674,594,2089.282323,0,1,3,0,8,2,3,3,0,0,33,39
2675,290,941.8503835,0,0,0,0,0,0,0,0,0,0,16,19
2676,267,870.1358873,0,0,0,0,0,0,0,0,1,0,15,18
2677,356,1225.839788,1,0,0,2,6,1,0,99,1,0,25,23
2678,257,803.2023575,0,0,0,0,0,48,0,0,0,0,17,17
2679,234,676.9848442,0,0,0,0,0,96,0,0,0,0,18,15
2680,199,756.3488866,0,0,0,0,0,0,0,0,1,0,11,13
2681,471,1831.110136,0,0,0,0,0,0,0,0,1,0,26,31
2682,364,1304.247638,0,0,0,0,0,208,0,0,0,0,31,24
2683,185,762.0860463,0,0,0,0,0,0,0,0,0,0,10,12
2684,271,658.8171718,0,0,0,0,0,0,0,0,0,0,15,18
2685,256,828.0633828,0,0,0,0,0,0,0,0,0,0,14,17
2686,353,1387.436453,0,0,0,0,0,0,0,0,1,0,19,23
2687,378,1377.87452,0,0,0,0,0,35,0,0,0,0,23,25
2688,286,1066.15551,0,0,0,0,0,0,0,0,2,0,16,19
2689,151,524.9501122,0,0,0,0,0,0,0,0,0,0,8,10
2690,349,1213.409276,0,0,0,0,0,61,0,0,0,0,22,23
2691,222,722.8821217,15,2,2,24,4,7,3,39,0,0,17,15
2692,680,2106.493802,0,47,0,0,0,123,0,0,0,0,46,45
2693,621,1948.72191,54,112,9,64,171,125,118,93,0,0,89,41
2694,354,1358.750655,0,1,8,1,44,4,11,18,0,0,24,23
2695,430,1410.385092,0,0,0,0,0,0,0,0,0,0,23,28
2696,229,977.2295349,294,58,21,35,333,66,72,136,0,0,68,15
2697,434,1655.170572,0,0,0,0,0,0,0,0,0,0,24,29
2698,381,1302.335251,0,0,13,0,18,49,1,23,0,0,26,25
2699,366,1471.581462,0,0,0,0,0,0,0,0,0,0,20,24
2700,211,720.9697352,4,0,0,0,12,36,1,16,0,0,15,14
2701,263,784.0784918,5,0,0,7,12,27,4,34,0,0,19,17
2702,456,1370.224974,247,234,6,72,45,213,73,363,0,0,93,30
2703,244,789.8156515,30,49,1,108,57,22,49,253,0,0,44,16
2704,225,961.9304424,0,0,0,0,0,0,0,0,0,0,12,15
2705,343,1281.298999,0,0,0,0,31,2,0,55,0,0,24,23
2706,32,111.8746141,0,0,0,0,0,0,0,0,2,0,2,2
2707,351,1117.789947,70,29,2,24,13,13,54,184,0,0,59,23
2708,119,413.0754981,16,0,0,3,0,0,0,39,1,0,10,8
2709,76,268.6903124,0,0,0,0,0,0,0,0,0,0,4,5
2710,122,431.2431705,0,0,1,0,5,4,2,2,1,0,7,8
2711,523,1593.974202,17,1,10,36,77,37,20,49,0,0,42,34
2712,78,260.0845729,0,0,0,0,0,0,0,0,2,0,4,5
2713,280,918.9017447,31,23,67,132,117,113,124,158,2,0,57,18
2714,202,561.2854569,0,0,0,0,0,0,0,0,0,0,11,13
2715,240,661.6857516,0,0,0,0,0,0,0,0,0,0,13,16
2716,368,1237.314108,0,0,0,0,108,16,4,12,0,0,28,24
2717,149,406.3821451,20,3,16,51,399,136,86,52,0,0,50,10
2718,263,713.3201889,0,0,0,0,23,46,1,5,0,0,18,17
2719,1363,4761.842548,5,9,4,12,0,17,17,16,0,0,79,90
2720,609,2548.255098,0,7,4,0,6,10,12,4,4,0,36,40
2721,448,1832.06633,0,0,0,0,0,0,0,0,0,0,24,30
2722,360,1022.170619,0,0,0,0,0,0,0,0,0,0,20,24
2723,346,1072.848863,0,0,61,3,216,14,0,33,1,0,37,23
2724,225,821.3700298,0,0,0,0,0,0,0,0,0,0,12,15
2725,317,1105.359435,0,0,0,0,0,0,0,0,0,0,17,21
2726,0,0,0,0,130,42,18,0,0,14,1,0,11,0
2727,0,0,254,15,58,940,525,120,96,813,5,0,154,0
2728,0,0,390,22,1003,221,177,240,51,478,2,298,188,0
2729,0,0,289,28,319,425,1227,26,30,928,1,0,228,0
2730,0,0,319,16,10,0,717,49,56,173,0,0,73,0
2731,420,1346.320142,7,0,1,100,14,1,0,13,1,0,30,28
2732,3,4.780966413,46,2,843,160,45,78,29,150,1,0,97,0
2733,30,95.61932827,123,4,705,195,27,74,28,190,0,0,76,2
2734,189,467.5785152,0,0,0,0,0,0,0,0,1,0,10,12
2735,208,661.6857516,22,32,4,44,32,25,10,109,1,0,27,14
2736,321,781.209912,112,19,24,90,76,142,264,423,0,0,85,21
2737,38,131.954673,44,70,0,10,40,165,0,230,0,0,32,3
2738,214,733.4002478,103,65,15,3,47,144,88,503,1,0,64,14
2739,295,1080.498409,0,0,0,0,11,104,1,30,0,0,24,19
2740,424,1330.064856,0,0,0,0,0,0,0,0,0,0,23,28
2741,0,0,121,99,18,399,363,84,136,372,1,0,143,0
2742,92,295.4637244,29,2,63,147,39,13,10,490,0,0,48,6
2743,138,434.1117503,0,0,0,0,0,0,0,0,2,0,7,9
2744,44,142.4727991,510,122,110,275,67,102,72,685,0,0,108,3
2745,207,697.0649031,46,19,4,43,90,100,99,257,0,0,50,14
2746,448,1520.347319,5,0,1,34,25,18,3,72,1,0,33,30
2747,400,1307.116217,0,0,0,0,0,0,0,0,0,0,22,26
2748,0,0,173,68,130,421,742,71,117,594,0,0,126,0
2749,0,0,66,29,211,130,45,28,73,138,0,0,39,0
2750,0,0,292,39,134,594,124,255,231,971,1,0,144,0
2751,136,388.2144728,147,113,8,35,68,5,44,1424,0,0,108,9
2752,677,1772.782346,90,124,1,102,133,64,74,135,0,0,76,45
2753,579,1810.073884,22,9,4,33,19,196,17,392,0,0,69,38
2754,592,2009.91828,0,0,0,0,0,0,0,0,0,0,32,39
2755,371,1197.15399,5,55,212,22,526,59,21,99,0,0,75,24
2756,515,1600.667555,302,8,61,183,1432,66,42,142,0,0,150,34
2757,498,1172.292965,23,18,4,0,215,25,11,139,1,0,52,33
2758,88,250.5226401,166,111,8,74,594,40,199,180,0,0,79,6
2759,676,1623.616194,1958,5,272,202,111,33,85,129,0,0,190,45
2760,455,1607.360908,0,0,0,0,0,0,0,0,1,0,25,30
2761,0,0,39,1,152,521,43,7,7,74,0,0,46,0
2762,177,299.2884975,49,27,3,111,27,44,102,278,0,0,45,12
2763,1771,3935.691552,114,376,96,165,1260,183,280,441,0,0,255,117
2764,418,854.8367947,63,6,7,0,345,21,14,38,0,0,50,28
2765,911,2316.856324,147,50,2,3,253,45,26,82,0,0,83,60
2766,638,1495.486294,180,114,4,22,333,23,61,36,0,0,81,42
2767,136,231.3987744,16,122,5,59,295,46,44,86,0,0,44,9
2768,24,40.16011787,44,3,50,66,266,18,97,118,0,0,38,2
2769,361,651.1676255,110,154,17,209,476,248,146,304,0,0,111,24
2770,481,1128.308074,63,261,23,0,441,58,203,67,0,0,87,32
2771,625,2101.712835,17,4,0,4,85,8,470,221,0,0,78,41
2772,431,1308.072411,0,1,0,0,84,60,4,15,0,0,32,28
2773,752,2065.377491,4,19,39,22,362,217,29,20,0,0,80,50
2774,390,1142.650973,4,0,0,1,3,112,6,13,0,0,29,26
2775,513,1319.54673,0,0,0,0,0,0,33,0,0,0,30,34
2776,585,2142.829147,0,0,0,0,0,0,0,0,1,0,32,39
2777,399,1264.08752,0,0,0,0,0,148,0,0,0,0,30,26
2778,545,1787.125245,0,0,0,0,0,0,0,0,0,0,30,36
2779,772,2740.449948,31,0,14,3,113,42,81,101,0,29,63,51
2780,143,458.9727757,37,18,11,1,1328,181,1567,15,0,0,180,9
2781,335,1173.249158,1,0,0,0,0,2,0,0,0,0,19,22
2782,322,1054.681191,0,0,0,0,0,36,0,0,0,0,20,21
2783,588,1559.551244,0,0,2,1,27,153,1,47,1,0,45,39
2784,386,1283.211385,0,1,0,0,18,2,19,9,0,0,24,25
2785,288,1331.977243,0,0,0,0,0,0,0,0,0,0,16,19
2786,246,910.2960051,0,0,0,0,14,1,0,33,0,0,16,16
2787,0,0,124,29,36,112,76,404,681,434,4,0,104,0
2788,608,2067.289877,0,1,0,0,2,376,2,1,1,0,54,40
2789,356,1115.877561,0,1,2,0,130,115,6,23,3,0,35,23
2790,0,0,358,64,390,387,97,172,66,696,0,0,172,0
2791,0,0,2,2,1,0,2,1,1,11,0,0,12,13
2792,0,0,0,0,0,0,0,0,0,0,0,0,0,0
2793,0,0,0,0,0,0,0,0,0,0,0,0,0,0
2794,0,0,0,0,0,0,0,0,0,0,0,0,0,0
2795,0,0,377,73,61,54,150,154,176,1332,1,0,129,0
2796,226,608.1389278,0,0,0,0,0,0,0,0,0,0,133,23
2797,0,0,0,0,0,0,0,0,0,0,0,0,0,0
2798,0,0,0,0,0,0,0,0,0,0,0,0,0,0
2799,0,0,0,0,0,0,0,0,0,0,0,0,0,0
2800,0,0,167,2,623,65,303,23,16,219,0,0,77,0
2801,336,926.5512909,4,4,0,0,1,4,10,22,0,0,70,12
2802,0,0,0,0,0,0,0,0,0,0,0,0,0,0
2803,1562,4820.170338,0,0,0,0,0,68,0,0,0,0,78,90
2804,630,1946.809524,0,0,0,0,0,34,0,0,0,0,36,42
2805,0,0,0,0,0,0,0,9,0,0,0,0,0,0
2806,0,0,19,207,7,0,112,21,68,363,0,0,44,0
2807,1,1.912386565,167,34,136,465,225,461,161,881,0,0,138,0
2808,271,888.3035596,0,0,0,0,0,7,4,6,0,0,16,18
2809,751,2419.169005,0,0,0,0,0,0,0,0,1,0,41,50
2810,1171,2658.217326,0,0,0,0,0,0,0,0,0,0,64,77
2811,496,1119.702334,38,13,7,1,20,16,29,139,0,0,54,33
2812,1,1.912386565,207,38,922,105,52,30,65,313,0,0,94,0
2813,348,1332.933436,0,0,0,0,0,0,0,0,1,0,19,23
2814,159,604.3141547,0,0,0,0,0,39,0,0,2,0,11,10
2815,278,994.441014,22,27,6,14,10,60,36,145,0,0,32,18
2816,324,731.4878613,46,30,2,0,13,14,37,120,0,0,32,21
2817,0,0,308,51,159,432,366,92,302,760,0,0,135,0
2818,883,2644.83062,0,0,0,0,0,0,0,271,2,0,63,58
2819,2,6.693352979,3,0,59,0,2,35,2,17,1,0,6,0
2820,221,771.6479791,50,0,213,47,24,5,6,129,0,0,38,15
2821,157,469.4909018,7,3,1,0,7,22,12,82,0,0,16,10
2822,0,0,18,8,81,196,50,188,12,77,0,0,34,0
2823,2,4.780966413,92,16,1085,73,234,309,124,417,1,0,129,0
2824,25,59.28398353,782,58,328,144,1351,170,257,851,0,0,217,2
2825,325,788.8594582,0,0,0,0,0,88,0,0,0,0,23,21
2826,231,668.3791046,56,191,7,0,24,89,120,297,0,0,56,15
2827,149,473.3156749,144,203,10,10,32,23,293,203,0,0,58,10
2828,628,2305.382005,0,0,0,0,0,32,0,0,0,0,36,41
2829,664,2229.842735,0,0,7,0,0,0,0,0,0,0,37,44
2830,138,460.8851623,0,0,0,0,0,0,0,0,0,0,8,9
2831,334,665.5105248,60,5,6,7,302,25,143,86,0,0,53,22
2832,535,2029.998339,0,0,0,0,0,33,0,0,0,0,31,35
2833,434,1492.617714,83,155,265,4,47,27,58,230,0,0,71,29
2834,475,1386.48026,99,90,5,3,66,63,28,202,0,0,56,31
2835,294,847.1872485,0,0,0,0,0,253,0,0,0,0,30,19
2836,178,482.8776078,183,57,42,96,783,417,423,916,0,0,168,12
2837,953,2297.732458,387,183,29,14,216,328,381,1088,0,0,196,63
2838,536,1703.93643,281,80,16,22,119,149,1274,692,0,0,172,35
2839,700,1765.1328,200,83,26,18,36,141,72,444,0,0,93,46
2840,584,1684.812564,5,1,1,8,0,0,0,9,0,0,33,38
2841,331,754.4365,4,0,0,1,11,94,5,26,0,0,26,22
2842,551,1872.226448,14,42,4,12,124,33,290,116,0,48,65,36
2843,706,2105.537609,104,85,33,20,39,72,42,227,0,0,73,47
2844,576,1857.883548,15,1,0,7,31,86,29,41,0,0,43,38
2845,363,868.2235007,224,71,5,73,74,56,130,301,0,0,71,24
2846,367,821.3700298,156,45,7,30,70,47,52,295,0,0,58,24
2847,825,2376.140308,23,4,7,2,20,70,33,209,0,0,65,54
2848,466,1488.792941,8,45,69,12,90,5,166,142,0,0,55,31
2849,428,1363.531621,214,12,7,3,66,52,116,300,0,0,65,28
2850,86,302.1570773,69,10,8,19,101,179,329,311,0,0,59,6
2851,219,733.4002478,48,13,7,8,92,181,1017,447,0,0,111,14
2852,3,8.605739544,41,7,16,25,92,40,79,188,0,0,26,0
2853,830,2724.194662,16,35,3,81,9,28,59,91,0,0,63,55
2854,383,1145.519553,6,0,1,22,12,48,550,8,0,0,56,25
2855,758,1510.785387,360,251,21,69,163,148,384,939,0,0,170,50
2856,251,651.1676255,101,155,77,0,121,250,191,248,0,0,76,17
2857,379,984.8790812,17,3,6,1,12,37,36,95,0,0,32,25
2858,520,1565.288404,0,0,0,0,0,0,0,0,0,0,28,34
2859,418,1393.173613,0,0,0,0,0,55,0,0,0,0,26,27
2860,0,0,26,4,6,225,1793,35,132,1122,0,0,183,0
2861,110,269.6465057,126,298,31,1,75,61,79,260,0,0,57,7
2862,407,1015.477266,17,1,1,2,7,55,8,69,1,0,31,27
2863,640,1863.620708,4,0,3,4,60,1,59,181,0,0,52,42
2864,222,759.2174665,4,1,1,0,201,192,143,354,0,0,61,15
2865,513,1449.589017,387,98,13,5,66,85,135,519,0,0,100,34
2866,481,1359.706848,181,183,37,6,146,73,108,864,0,0,114,32
2867,285,740.0936008,399,176,25,10,122,221,193,980,0,0,131,19
2868,392,1130.22046,0,0,0,0,97,101,0,25,0,0,34,26
2869,348,994.441014,1,0,0,0,5,3,1,15,0,19,20,23
2870,109,347.0981616,3,71,0,1,284,4,73,42,0,106,32,7
2871,583,1978.363902,0,0,0,0,0,0,0,0,0,0,32,38
2872,434,1474.450042,0,0,0,0,0,0,0,0,0,0,24,29
2873,450,1367.356394,2,0,0,0,10,29,1,26,0,0,28,30
2874,604,1400.823159,153,52,15,12,141,134,165,712,0,0,109,40
2875,84,208.4501356,55,8,7,35,239,159,69,357,0,0,56,6
2876,459,1166.555805,0,0,0,0,6,0,13,0,0,0,26,30
2877,244,797.4651978,0,0,0,0,0,0,0,0,0,10,13,16
2878,564,1800.511951,42,6,9,8,13,74,22,128,0,0,47,37
2879,106,309.8066236,38,4,3,0,55,154,114,310,0,0,43,7
2880,368,1107.271821,17,0,3,2,62,0,33,74,0,0,31,24
2881,364,1125.439494,0,0,0,0,0,0,0,0,0,0,20,24
2882,251,621.5256338,9,2,2,1,13,17,10,52,0,0,19,17
2883,405,1277.474226,1,0,2,2,1,108,1,7,0,0,29,27
2884,665,1475.406235,2,0,0,0,1,0,26,13,0,0,39,44
2885,13,28.68579848,220,50,25,38,219,99,278,434,0,0,75,1
2886,184,604.3141547,58,96,5,1,31,18,49,166,0,0,33,12
2887,726,1994.619188,456,187,13,1,38,47,50,414,0,0,105,48
2888,288,776.4289456,149,54,15,67,278,100,97,496,0,0,85,19
2889,395,1136.913813,0,0,3,4,272,48,183,958,0,0,102,26
2890,70,218.0120685,103,124,11,3,416,89,340,478,0,0,90,5
2891,492,1546.164538,157,20,8,9,164,129,66,174,0,0,66,32
2892,577,1648.477219,0,0,6,0,29,160,11,31,0,0,44,38
2893,320,950.456123,49,0,0,3,202,136,15,131,0,0,47,21
2894,525,1694.374497,0,0,0,0,0,0,0,0,0,0,29,35
2895,330,847.1872485,0,0,0,0,0,0,0,0,0,0,18,22
2896,0,0,482,86,18,3,59,58,61,486,0,0,68,0
2897,21,46.85347085,471,108,11,4,33,30,52,462,0,0,65,1
2898,70,189.32627,1049,889,2,23,257,33,103,622,0,0,166,5
2899,539,1387.436453,797,143,41,5,191,114,151,984,0,0,162,36
2900,203,592.8398353,55,83,8,98,28,33,74,267,0,0,47,13
2901,7,19.12386565,84,93,1,0,42,16,129,142,0,0,28,0
2902,0,0,586,661,46,15,129,147,182,1311,0,0,169,0
2903,195,457.0603891,228,121,7,6,248,45,293,316,0,0,80,13
2904,460,1190.460637,16,1,5,16,14,73,16,89,0,0,38,30
2905,406,1185.679671,0,0,0,0,0,0,0,0,0,0,22,27
2906,833,1702.980236,37,42,8,1,6,6,3,43,0,0,53,55
2907,452,1463.931916,3,1,0,0,5,58,3,31,0,0,30,30
2908,573,1743.140354,67,80,6,2,25,124,141,269,0,0,70,38
2909,410,959.0618625,120,20,27,8,90,121,73,452,0,0,72,27
2910,336,1040.338292,0,0,3,0,4,0,95,23,0,0,25,22
2911,421,1231.576948,69,264,6,40,195,117,370,212,0,0,93,28
2912,135,349.0105482,3,2,0,0,7,6,4,18,1,0,10,9
2913,327,940.8941902,0,0,0,0,0,57,0,0,0,0,21,22
2914,377,1120.658527,0,0,1,0,16,91,1,6,0,0,27,25
2915,465,865.3549208,22,23,6,0,57,61,198,159,0,0,55,31
2916,456,1605.448522,258,92,7,3,30,34,53,256,0,0,64,30
2917,349,908.3836186,161,18,7,0,27,24,27,223,0,0,46,23
2918,60,148.2099588,189,13,21,8,40,24,64,1216,0,0,89,4
2919,344,1004.95914,0,0,0,0,0,0,0,0,0,0,19,23
2920,340,1399.866966,0,0,0,0,0,0,0,0,0,0,18,22
2921,491,1411.341285,10,112,3,0,32,98,66,56,0,0,47,32
2922,287,841.4500888,3,0,5,1,11,1,0,8,0,0,17,19
2923,0,0,21,0,3,3,30,142,16,76,0,0,16,0
2924,124,340.4048086,24,1,68,2,441,172,43,54,0,0,51,8
2925,378,996.3534006,0,0,0,0,0,0,0,0,0,0,21,25
2926,0,0,43,2,82,0,10,13,9,54,0,0,12,0
2927,496,1441.93947,5,1,1,0,3,6,4,42,0,0,31,33
2928,141,412.1193048,8,1,156,1,4,5,5,29,0,0,19,9
2929,341,1001.134367,21,0,58,90,5,1,3,50,0,0,31,22
2930,874,2294.863878,169,136,44,4,88,524,285,840,0,0,162,58
2931,189,516.3443727,6,3,3,1,4,5943,5,54,0,0,339,12
2932,589,1571.981757,0,0,0,0,1,8,0,33,0,0,34,39
2933,3,6.693352979,0,0,0,0,0,0,0,0,5,0,12,14
2934,596,1680.031598,0,0,0,0,0,0,0,0,0,0,33,39
2935,279,670.2914912,0,0,0,0,0,0,0,0,2,0,4,5
2936,33,92.75074842,16,1,2,1,7,51,9,54,1,0,9,2
2937,249,714.2763822,0,0,0,0,0,0,0,0,4,0,13,16
2938,311,1008.783913,14,1,10,35,10,7,13,22,2,0,21,20
2939,122,354.7477079,0,0,0,0,0,337,0,0,1,0,25,8
2940,398,1130.22046,0,0,0,0,0,68,0,0,1,0,25,26
2941,343,1186.635864,0,0,0,0,0,0,0,0,1,0,19,23
2942,6,21.9924455,0,0,0,0,0,0,0,0,5,0,0,0
2943,518,1452.457596,0,0,0,0,0,0,0,0,1,0,28,34
2944,126,351.879128,0,0,0,0,0,0,0,0,0,0,7,8
2945,6,21.9924455,0,0,0,0,0,0,0,0,2,0,4,1
2946,463,1616.922841,48,42,24,1,8,25,3,27,1,0,32,30
2947,354,1174.205351,10,19,0,1,3,2,3,23,0,0,23,24
2948,2,6.693352979,0,0,0,327,0,14,3,8,3,0,19,0
2949,2,3,32,1,12,114,15,22,7,90,2,0,16,0
2950,37,100.4002947,10,1,3,0,5,98,9,50,3,0,31,2
2951,261,792.6842314,16,1,3,1,15,33,16,84,1,0,24,17
2952,463,1240.182688,34,3,2,17,9,10,7,47,0,0,32,31
2953,278,828.0633828,0,0,0,0,0,65,0,0,0,0,19,18
2954,0,0,0,0,0,0,0,0,0,0,7,0,0,0
2955,6,14.34289924,19,0,20,258,21,6,4,40,0,0,21,0
2956,16,53.54682383,0,0,0,0,0,0,0,0,3,0,1,1
2957,32,105.1812611,4,0,0,0,22,5,24,18,4,0,6,2
2958,145,484.7899943,0,0,0,0,0,59,0,0,1,0,11,10
2959,22,73.62688277,0,0,0,0,0,0,0,0,3,0,1,1
2960,657,1811.986271,16,85,357,4,25,1,17,57,0,0,66,43
2961,320,1401.779352,0,0,0,0,0,25,0,0,0,0,19,21
2962,348,1130.22046,0,0,0,0,0,519,0,31,0,0,49,23
2963,826,2100.756642,0,0,0,0,0,17,0,0,0,0,46,54
2964,645,2053.903171,91,393,39,0,36,118,244,361,0,0,105,43
2965,168,737.225021,47,210,2,1,17,126,25,166,0,0,41,11
2966,2,11.47431939,6,1,5,24,6,15677,3,34,0,0,860,0
2967,347,656.9047852,1,0,0,1,16,186,34,33,0,0,34,23
2968,183,851.0120216,10,237,1,0,8,14,8,74,0,0,29,12
2969,441,811.808097,42,11,5,1,24,22,188,226,0,0,52,29
2970,474,1538.514992,0,0,0,0,0,12,0,0,0,0,33,31
2971,563,1511.74158,0,0,0,0,0,0,0,0,0,0,31,37
2972,840,2047.209818,157,125,27,1,96,398,174,951,0,0,151,55
2973,579,1874.138834,8,20,0,0,5,8,4,39,0,0,36,38
2974,466,1688.637337,13,2,3,2,7,8,10,83,0,0,32,31
2975,229,447.4984563,147,172,2,6,29,17,71,412,0,0,65,15
2976,416,1532.777832,0,0,0,0,0,0,0,0,0,0,23,27
2977,328,956.1932827,40,44,2,1,152,57,25,176,0,0,45,22
2978,288,1129.264267,7,24,0,8,6,0,68,9,0,0,22,19
2979,450,1132.132847,1,0,0,0,5,2,2,8,0,0,26,30
2980,433,1563.376017,1,12,0,1,3,62,439,27,0,0,53,29
2981,225,540.2492047,329,233,38,10,145,97,205,622,0,0,103,15
2982,243,700.8896762,65,16,7,4,40,65,1240,313,0,0,109,16
2983,1,1,89,163,4,67,151,201,4640,481,0,0,317,0
2984,332,673.160071,11,3,3,0,6,9,250,30,0,0,35,22
2985,110,200.8005894,111,35,37,6,80,382,94,922,0,0,97,7
2986,226,498.1767003,1,0,0,1,0,166,156,6,0,0,30,15
2987,543,1181.854897,20,20,3,5,16,33,65,67,0,0,42,36
2988,264,578.496936,140,5,5,0,12,64,38,136,0,0,36,17
2989,216,426.4622041,87,63,21,6,65,34,47,343,0,0,48,14
2990,0,0,48,282,109,29,73,13,17,459,0,0,56,0
2991,204,394.9078258,73,138,17,6,379,108,154,533,0,0,87,13
2992,188,404.4697586,13,0,0,2,5,11,12,31,0,0,14,12
2993,110,259.1283796,0,0,0,0,0,68,0,0,0,0,10,7
2994,116,272.5150856,0,0,0,0,0,0,0,0,0,0,6,8
2995,275,725.7507016,17,1,3,1,12,14,10,89,0,0,23,18
2996,173,420.7250444,176,127,24,12,267,672,152,879,0,0,135,11
2997,107,207.4939423,114,51,22,940,93,104,217,540,0,0,118,7
2998,232,452.2794227,132,50,22,4,90,935,130,758,0,0,129,15
2999,249,587.1026756,12,5,11,2,23,11,96,76,0,0,26,16
3000,336,763.0422396,69,9,5,1,26,27,40,211,0,0,40,22
3001,363,1170.380578,3,1,1,0,6,10,4,24,0,0,23,24
3002,0,0,125,28,23,13,92,230,1072,677,0,0,123,0
3003,415,1328.15247,0,0,0,0,0,0,0,0,0,0,22,27
3004,486,1385.524067,0,12,0,6,1,44,84,14,0,0,35,32
3005,220,560.3292637,0,0,0,0,0,0,0,0,0,0,12,14
3006,216,571.8035831,42,1,7,8,16,108,6,47,0,0,25,14
3007,250,612.9198942,25,3,19,4,20,35,28,155,0,0,29,16
3008,1263,3445.164398,154,27,53,4,111,92,104,281,0,0,114,83
3009,160,309.8066236,48,28,17,2,12,17,18,126,0,0,23,11
3010,117,282.0770184,0,0,40,44,1,20,0,2,0,0,12,8
3011,315,684.6343904,73,12,6,5,24,28,42,208,0,0,39,21
3012,279,611.0075076,28,1,0,0,6,238,184,29,0,0,42,18
3013,430,1388.392646,16,1,1,8,5,56,13,27,0,0,30,28
3014,226,587.1026756,0,0,0,0,0,0,0,0,0,0,12,15
3015,143,483.833801,7,1,9,0,6,6,59,41,0,0,15,9
3016,756,1542.339765,0,0,0,0,0,0,0,0,0,0,41,50
3017,200,609.0951211,0,0,66,0,1,1,0,10,0,0,15,13
3018,23,71.7144962,30,4,4,1,15,22,32,188,0,0,17,2
3019,0,0,60,33,126,139,36,56,122,300,0,0,47,0
3020,419,1140.738586,18,2,76,3,13,7,69,65,0,0,37,28
3021,937,3073.205211,13,5,5,0,13,35,34,54,1,0,59,61
3022,167,557.4606838,0,0,0,0,0,0,0,0,1,0,9,11
3023,315,963.842829,0,0,0,0,0,0,0,0,0,0,17,21
3024,1,3.824773131,631,245,112,8,296,186,340,2274,0,0,223,0
3025,1,3.824773131,336,384,20,2,64,53,98,585,0,0,84,0
3026,0,0,610,198,33,11,107,118,142,885,0,0,114,0
3027,0,0,94,15,203,205,31,197,74,254,0,0,59,0
3028,0,0,98,80,35,1,900,16,1451,149,0,0,149,0
3029,513,1657.082959,36,3,6,8,179,13,16,82,0,0,47,34
3030,536,1384.567873,0,0,0,0,0,0,0,0,0,0,29,35
3031,164,529.7310786,28,10,9,0,48,19,11,77,0,0,20,11
3032,487,1607.360908,0,0,0,2,88,230,23,10,0,0,46,32
3033,0,0,41,6,131,47,115,44,39,372,0,0,44,0
3034,0,0,0,0,0,99,0,0,0,0,0,0,5,0
3035,637,1811.986271,22,2,82,2,22,94,9,55,0,0,50,42
3036,0,0,48,20,98,5,189,392,50,136,0,0,52,0
3037,0,0,6,0,1,0,4,8,9,12,3,0,2,0
3038,42,128.1298999,37,23,286,6,27,28,28,74,0,0,36,3
3039,0,0,180,7,463,140,92,47,26,174,1,0,62,0
3040,0,0,0,0,1187,69,0,0,1,246,0,0,82,0
3041,0,0,60,55,302,101,516,210,27,223,0,0,82,0
3042,128,370.0468004,110,52,0,1,0,0,0,5,0,0,16,8
3043,0,0,158,76,17,78,61,42,31,314,2,0,43,0
3044,0,0,23,1,338,75,47,5,3,29,0,0,28,0
3045,0,0,27,274,950,241,167,16,120,128,0,0,105,0
3046,203,718.1011553,8,15,193,19,8,103,4,49,1,0,33,13
3047,136,393.9516325,7,45,2,13,13,9,48,50,0,0,17,9
3048,0,0,39,8,10,0,15,97,34,97,2,0,17,0
3049,23,92.75074842,0,0,0,0,0,0,0,0,4,0,1,2
3050,0,0,3,0,8,2,2,0,0,3,2,0,1,0
3051,336,1191.41683,78,24,31,169,88,83,42,172,0,0,55,22
3052,398,1160.818645,83,30,5,102,42,100,136,188,0,0,59,26
3053,483,1710.629783,0,0,0,0,0,0,0,0,0,0,26,32
3054,1,3.824773131,41,1,57,49,20,7,6,38,2,0,12,0
3055,289,1204.803536,1,2,3,3,0,83,2,2,1,0,21,19
3056,415,1725.928875,6,0,1,11,9,53,2,31,0,0,29,27
3057,246,537.3806249,15,53,1,31,6,5,18,30,0,0,22,16
3058,307,721.9259284,24,13,9,94,18,28,12,87,0,0,32,20
3059,333,903.6026522,0,1,1,0,6,50,2,0,0,0,21,22
3060,330,1090.060342,0,0,0,0,0,0,0,0,0,0,18,22
3061,0,0,20,26,2,43,4,0,0,12,2,0,6,0
3062,131,323.1933296,1,5,0,0,0,60,5,23,2,0,10,9
3063,388,970.5361819,35,3,5,44,18,35,203,171,0,0,49,26
3064,265,616.7446673,142,167,3,74,38,107,34,128,0,0,71,18
3065,266,611.9637009,108,14,20,191,123,139,135,310,0,0,71,18
3066,184,421.6812377,134,3,3,32,11,210,43,107,0,0,40,12
3067,355,1159.862452,0,0,2,3,24,20,0,7,0,0,22,23
3068,282,960.0180558,0,0,0,0,0,85,0,0,0,0,20,19
3069,0,0,620,276,24,67,82,93,61,837,2,0,144,0
3070,0,0,0,0,0,0,0,0,0,0,2,0,0,0
3071,113,349.0105482,286,143,14,51,37,164,24,467,0,0,89,8
3072,458,1433.333731,50,20,57,117,71,121,115,165,0,0,64,30
3073,252,589.0150621,38,3,2,39,29,29,11,84,0,0,27,17
3074,274,537.3806249,41,44,6,71,22,244,253,180,0,0,62,18
3075,366,732.4440545,0,0,0,0,0,42,0,0,0,0,22,24
3076,230,742.0059874,0,0,2,0,2,365,9,7,0,0,34,15
3077,349,1111.096594,1,6,8,0,270,23,10,7,0,0,37,23
3078,168,534.512045,0,0,0,0,0,0,0,0,0,0,9,11
3079,473,1182.811091,32,1,100,16,97,7,2,73,1,0,44,31
3080,309,1253.569394,0,0,0,0,0,0,0,0,1,0,17,20
3081,518,1679.075404,0,0,0,0,0,0,0,0,1,0,28,34
3082,16,51.63443727,7,0,2,38,8,9,3,36,6,0,7,1
3083,33,108.0498409,9,0,24,41,5,7,2,23,1,0,8,2
3084,206,742.9621807,1,0,0,6,1,1,0,11,0,0,12,14
3085,207,646.3866591,0,0,0,0,0,43,0,0,0,0,14,14
3086,345,971.4923752,0,0,0,0,0,0,0,0,0,0,19,23
3087,206,657.8609785,0,0,0,0,0,0,0,0,0,0,11,14
3088,359,1271.737066,0,0,0,0,0,0,0,0,0,0,20,24
3089,206,641.6056927,0,0,0,0,0,0,0,0,0,0,11,14
3090,179,592.8398353,2,0,1,9,16,11,1,21,0,0,13,12
3091,113,375.7839601,0,0,0,0,0,0,0,0,0,0,6,8
3092,108,383.4335064,0,0,0,0,0,0,0,0,0,0,6,7
3093,0,0,0,0,0,0,0,0,0,0,1,0,17,0
3094,0,0,0,0,8,0,0,0,0,0,4,0,48,0
3095,0,0,0,0,0,0,0,0,0,0,3,0,0,0
3096,0,0,1,0,1,3,0,1,0,3,2,0,4,0
3097,6,17.21147909,16,0,72,14,16,8,6,45,1,0,7,1
3098,25,103.2688745,6,0,2,4,12,6,1,22,3,0,4,2
3099,83,297.3761109,8,1,8,35,8,4,1,16,0,0,9,5
3100,183,530.6872719,36,1,3,47,7,39,8,52,1,0,20,12
3101,220,721.9259284,3,0,1,4,11,3,1,18,0,0,14,15
3102,215,752.5241135,0,0,0,0,0,54,0,0,0,0,15,14
3103,0,0,142,31,191,17,75,109,504,564,0,0,90,0
3104,28,95.61932827,0,0,0,0,0,0,0,0,2,0,4,4
3105,93,289.7265647,1,1,0,0,0,3,1,9,1,0,3,3
3106,226,622.481827,0,2,0,0,0,8,2,1,0,0,13,15
3107,199,826.1509963,0,0,0,0,0,0,0,0,1,0,11,13
3108,424,1496.442487,1,0,0,1,0,3,0,2,1,0,24,29
3109,295,1099.622275,0,0,0,0,0,0,0,0,0,0,14,17
3110,415,1552.857891,0,4,0,1,0,1,0,5,0,0,25,30
3111,134,394.9078258,15,16,6,17,35,8,36,40,1,0,17,9
3112,173,495.3081204,2,0,0,2,2,157,7,62,0,0,22,11
3113,312,1122.570914,1,0,1,3,7,78,1,103,0,0,28,21
3114,275,995.3972073,0,0,0,0,0,0,0,0,3,0,15,18
3115,231,566.0664234,84,39,61,12,16,111,15,136,0,0,39,15
3116,77,279.2084385,0,0,0,0,0,92,0,0,1,0,9,5
3117,142,508.6948264,0,0,0,0,0,0,0,0,0,0,8,9
3118,250,790.7718448,0,0,0,0,0,0,0,0,4,29,14,16
3119,315,757.3050799,39,2,7,4,25,39,16,161,2,0,33,21
3120,161,571.8035831,36,1,2,6,14,35,63,133,0,0,25,11
3121,39,138.648026,0,0,0,0,0,0,0,0,2,0,2,3
3122,49,191.2386565,16,1,1,0,5,19,4,80,1,0,10,3
3123,62,219.924455,0,0,0,4,0,0,0,0,1,0,4,4
3124,82,289.7265647,0,0,0,0,0,0,0,0,2,0,4,5
3125,70,216.0996819,0,0,0,0,0,0,0,0,5,0,5,6
3126,112,396.8202123,0,0,0,0,5,0,0,1,2,0,6,7
3127,232,814.6766769,7,6,3,0,0,25,6,15,0,0,30,34
3128,826,2779.653873,0,0,0,0,0,0,0,0,0,0,32,37
3129,402,1373.093554,0,0,0,0,0,0,0,0,1,0,20,24
3130,20,50.67824398,0,0,0,0,0,0,0,0,25,0,1,1
3131,8,20.08005894,0,0,0,0,0,0,0,0,14,0,0,1
3132,0,0,0,0,0,0,0,0,0,0,3,0,287,0
3133,0,0,5,1,11,5,0,4,5,13,3,0,264,0
3134,0,0,0,0,0,0,0,0,0,0,5,0,0,0
3135,0,0,0,0,0,0,0,0,0,0,5,0,0,0
3136,0,0,131,20,15,72,37,186,39,340,2,0,46,0
3137,0,0,199,40,65,44,44,41,21,127,4,0,33,0
3138,0,0,14,2,18,5,0,1,5,18,3,0,244,0
3139,0,0,0,0,0,0,0,0,0,0,5,0,0,0
3140,0,0,0,0,0,0,0,0,0,0,3,0,0,0
3141,0,0,101,48,11,113,35,15,10,172,2,0,27,0
3142,5,10.51812611,0,0,0,0,0,0,0,0,9,0,0,0
3143,13,33.46676489,0,0,0,0,0,0,0,0,6,0,1,1
3144,12,33.46676489,0,0,0,0,0,0,0,0,4,0,1,1
3145,0,0,2,0,3,12,0,0,1,3,7,0,1,0
3146,1,1.912386565,3,1,5,8,15,3,2,7,2,0,15,0
3147,260,689.4153568,3,0,50,39,0,0,0,2,0,0,19,17
3148,280,745.8307605,213,137,76,414,131,116,65,522,0,0,127,18
3149,15,41.11631116,0,0,0,0,0,0,0,0,4,0,1,1
3150,13,37.29153803,11,1,2,0,6,16,4,49,3,0,6,1
3151,17,43.02869772,0,0,0,0,0,0,0,0,5,0,1,1
3152,4,10.51812611,77,2,122,76,35,20,5,125,9,0,35,0
3153,0,0,276,44,214,39,87,1360,112,740,0,0,157,0
3154,0,0,473,4,128,16,142,20,14,169,1,0,53,0
3155,15,39.20392459,0,0,0,0,0,0,0,0,5,0,1,1
3156,19,49.7220507,0,0,0,0,0,0,0,0,4,0,1,1
3157,15,41.11631116,0,0,0,0,0,0,0,0,4,0,1,1
3158,0,0,149,6,427,55,58,17,10,149,0,0,48,0
3159,8,20.08005894,0,0,0,0,0,0,0,0,5,0,0,1
3160,6,15.29909252,0,0,0,0,0,0,0,0,5,0,0,0
3161,5,13.38670596,0,0,0,0,0,0,0,0,5,0,0,0
3162,4,10.51812611,0,0,0,0,0,0,0,0,3,0,0,0
3163,1,4.780966413,18,0,180,4,7,10,5,38,2,0,15,0
3164,1,2.868579848,213,6,337,73,69,33,27,279,0,0,56,0
3165,0,0,137,8,666,23,71,42,88,283,0,0,72,0
3166,2,3,0,0,0,0,0,0,0,0,6,0,0,0
3167,2,3,0,0,0,0,0,0,0,0,4,0,0,0
3168,3,5.737159696,0,0,0,0,0,0,0,0,4,0,0,0
3169,9,24.86102535,28,1,25,4,10,4,7,31,3,0,40,1
3170,4,7.649546262,0,0,0,0,0,0,0,0,2,0,0,0
3171,0,0,0,0,0,0,0,0,0,0,4,0,0,0
3172,2,3,0,0,0,0,0,1,1,4,1,0,0,0
3173,0,0,0,0,0,0,0,0,0,0,2,0,0,0
3174,3,9.561932827,5,0,0,0,2,6,1,15,2,0,2,0
3175,0,0,649,363,13,4,61,30,31,579,0,0,95,0
3176,0,0,0,0,0,0,0,0,0,0,2,0,0,0
3177,0,0,383,304,340,5,114,133,110,665,0,0,121,0
3178,0,0,795,454,25,1,80,95,65,851,0,0,130,0
3179,514,1527.996866,45,1,9,4,21,21,16,38,1,0,36,34
3180,75,182.632917,145,61,23,2,46,60,111,307,0,0,46,5
3181,44,108.0498409,102,159,5,6,6,15,11,70,0,0,23,3
3182,135,400.6449855,3,0,1,1,8,68,1,14,0,0,12,9
3183,254,765.9108194,65,111,7,1,59,28,179,322,0,5,56,17
3184,296,734.3564411,33,31,22,3,5,11,83,76,0,0,31,20
3185,320,681.7658106,31,3,3,0,13,9,27,69,0,0,26,21
3186,174,367.1782206,54,100,72,0,5,8,3,155,0,0,31,11
3187,532,1484.968168,19,75,4,2,21,45,30,188,0,0,50,35
3188,297,1192.373024,0,0,0,0,0,59,0,0,3,0,20,20
3189,241,991.5724342,0,0,0,0,0,0,0,0,0,0,13,16
3190,189,789.8156515,0,0,0,0,0,0,0,0,1,0,10,12
3191,282,783.1222985,3,3,2,1,8,19,7,20,1,0,19,19
3192,59,170.2024043,0,0,0,0,0,110,0,0,0,0,9,4
3193,198,546.9425577,131,15,7,60,53,58,43,292,0,0,46,13
3194,247,727.6630881,131,107,29,6,92,101,147,382,0,0,67,16
3195,266,782.1661052,0,0,0,0,0,40,0,0,0,0,17,18
3196,232,641.6056927,28,0,0,0,0,84,0,5,0,0,19,15
3197,417,1472.537655,0,0,0,0,0,48,0,0,0,5,25,27
3198,159,620.5694405,0,0,0,0,0,122,0,0,1,0,15,10
3199,280,1093.885115,0,0,0,0,0,0,0,0,1,0,15,19
3200,56,191.2386565,27,2,5,0,14,27,9,109,3,0,13,3
3201,325,1239.226494,0,0,90,8,0,0,0,0,0,0,23,21
3202,504,1701.06785,12,1,4,1,5,12,2,19,0,0,30,33
3203,304,1164.643418,0,0,0,0,0,49,0,0,1,0,19,20
3204,321,725.7507016,17,2,3,2,9,14,176,38,0,0,32,21
3205,145,327.0181027,31,46,11,13,82,204,78,189,0,0,43,10
3206,176,480.9652212,15,26,0,0,5,20,0,141,0,0,21,12
3207,252,714.2763822,28,26,4,134,9,14,7,117,0,0,33,17
3208,206,562.2416502,2,14,1,0,2,3,11,12,0,0,14,14
3209,306,913.164585,5,2,1,3,5,8,1,13,1,0,19,20
3210,277,766.8670127,1,0,0,0,2,1,1,20,0,0,17,18
3211,610,2219.324609,54,47,6,3,23,107,14,253,0,0,61,40
3212,345,1352.057302,4,1,0,0,9,8,1,19,2,0,21,23
3213,29,88.92597529,9,1,2,0,0,23,2,8,5,0,3,2
3214,132,297.3761109,61,45,38,5,64,106,39,241,0,0,131,9
3215,289,798.4213911,126,40,65,7,56,322,58,615,0,0,85,18
3216,258,685.5905837,0,0,0,0,0,94,0,0,0,0,19,17
3217,192,646.3866591,0,0,0,0,0,0,0,0,0,0,10,13
3218,461,1673.338245,1,0,4,0,0,4,0,1,0,0,26,30
3219,387,1431.421344,6,0,0,0,7,74,1,23,0,0,27,26
3220,344,1354.925882,0,0,0,0,0,0,0,0,0,0,19,23
3221,549,2095.975676,0,0,0,0,0,0,0,0,0,0,30,36
3222,178,469.4909018,1,5,11,0,0,13,4,78,2,0,29,11
3223,241,807.9833239,0,0,0,0,0,0,0,0,0,0,13,16
3224,394,1513.653967,23,2,2,0,17,70,9,140,0,0,36,26
3225,439,1580.587496,0,0,0,0,0,0,0,0,1,0,24,29
3226,254,882.5663999,0,0,0,0,0,68,0,0,0,0,18,17
3227,8,25.81721863,0,0,0,0,0,0,0,0,9,0,74,1
3228,1,1.912386565,0,0,0,0,0,0,0,0,7,0,0,0
3229,0,0,0,0,0,0,0,0,0,0,4,0,0,0
3230,140,467.5785152,0,10,0,9,1,1,2,18,2,0,10,9
3231,170,618.6570539,0,0,0,1,1,0,0,0,0,0,9,11
3232,0,0,40,0,18,123,20,6,2,44,0,0,15,0
3233,114,352.8353213,0,0,0,0,0,0,0,0,1,0,6,7
3234,10,33.46676489,0,0,0,0,0,0,0,0,3,0,1,1
3235,15,46.85347085,0,0,0,0,0,0,0,0,3,0,1,1
3236,292,956.1932827,0,0,49,7,1,182,0,0,0,0,29,19
3237,253,829.0195761,37,3,7,1,11,10,4,126,0,0,25,17
3238,0,0,0,0,0,0,0,0,1,4,2,0,0,0
3239,2,6.693352979,3,2,2,0,0,4,6,9,4,0,0,0
3240,5,15.29909252,0,0,0,0,0,0,0,0,5,0,0,0
3241,286,841.4500888,18,4,31,1,8,4,5,20,1,0,25,18
3242,6,18.16767237,2,0,2,0,4,0,0,2,5,0,1,0
3243,1,4.780966413,0,0,0,0,0,0,0,0,3,0,36,3
3244,85,223.7492282,7,0,2,1,4,9,2,33,2,0,24,2
3245,194,571.8035831,54,6,6,4,24,43,42,126,3,0,27,13
3246,0,0,55,1,28,143,24,10,7,60,0,0,18,0
3247,141,462.7975488,4,1,2,0,0,17,4,9,3,0,10,9
3248,156,508.6948264,0,0,25,0,1,0,0,0,4,0,10,10
3249,113,326.0619094,0,0,0,1,0,1,0,6,5,0,7,8
3250,16,54.50301711,0,0,0,0,0,0,0,0,2,0,1,1
3251,18,61.19637009,0,0,0,0,0,0,0,0,1,0,1,1
3252,13,42.07250444,0,0,0,0,0,0,0,0,3,0,1,1
3253,13,43.02869772,0,0,0,0,0,0,0,0,1,0,1,1
3254,20,66.93352979,0,0,0,0,0,0,0,0,2,0,1,1
3255,502,1666.644892,0,0,0,0,0,0,0,0,3,0,27,33
3256,5,19.12386565,0,0,1,0,1,0,0,0,6,0,2,0
3257,46,174.0271775,2,0,0,0,0,1,1,10,2,0,2,3
3258,79,275.3836654,0,0,0,0,0,0,0,0,6,0,4,5
3259,0,0,0,0,0,0,0,0,0,0,3,0,0,0
3260,47,168.2900178,0,0,1,1,0,0,0,1,5,0,18,3
3261,198,655.9485919,175,110,26,7,59,214,53,452,2,0,70,13
3262,21,66.93352979,26,3,2,7,10,17,7,90,2,0,10,6
3263,191,623.4380203,5,30,0,0,3,4,2,42,2,0,15,8
3264,9,29.64199176,0,0,0,0,0,0,0,0,2,0,0,0
3265,3,9.561932827,0,0,0,0,0,0,0,0,3,0,0,1
3266,140,393.9516325,0,0,0,0,0,0,0,0,2,0,6,7
3267,74,210.3625222,0,0,0,0,0,0,0,0,3,0,6,8
3268,19,58.32779024,0,0,0,0,0,0,0,0,2,0,2,3
3269,138,429.3307839,0,0,0,0,0,0,0,0,6,0,7,8
3270,0,0,114,59,20,44,21,29,13,216,0,0,28,0
3271,104,337.5362288,14,0,7,0,7,2,1,11,1,0,8,7
3272,122,403.5135653,0,0,0,0,0,0,0,0,5,0,7,8
3273,185,589.9712554,0,0,0,0,0,0,0,0,4,0,10,12
3274,194,652.1238188,0,0,0,0,0,0,0,0,5,0,10,13
3275,0,0,0,0,0,0,0,0,0,0,6,0,0,0
3276,10,33.46676489,4,1,3,0,2,19,2,26,2,0,4,1
3277,87,307.894237,19,3,22,7,15,131,31,57,1,0,20,6
3278,140,440.8051033,27,28,5,12,71,19,6,75,0,0,21,9
3279,353,1112.052788,0,1,0,0,0,4,0,4,1,0,20,23
3280,26,88.92597529,4,0,0,0,1,3,0,15,3,0,3,2
3281,29,95.61932827,0,0,0,0,0,0,0,0,4,0,2,2
3282,434,1551.901698,26,85,20,20,5,11,1,27,0,0,34,29
3283,135,437.9365235,130,3,2,4,6,68,5,64,0,0,23,9
3284,93,303.1132706,0,0,0,0,0,0,0,0,3,0,5,6
3285,0,0,0,0,0,0,0,0,0,0,5,0,0,0
3286,198,468.5347085,52,27,1,25,12,10,21,83,0,0,23,13
3287,235,558.4168771,54,50,7,35,17,44,10,127,0,0,31,15
3288,72,236.1797408,11,3,1,2,10,19,53,43,1,0,11,5
3289,2,8.605739544,4,0,2,1,5,7,4,27,4,0,3,0
3290,43,139.6042193,10,1,2,1,7,17,14,89,2,0,10,3
3291,119,425.5060108,71,33,3,0,25,233,35,83,0,0,33,8
3292,184,420.7250444,25,3,7,30,81,35,32,143,0,0,28,12
3293,312,859.6177611,87,21,12,95,72,133,847,355,0,0,106,21
3294,13,36.33534474,0,0,0,0,0,0,0,0,2,0,1,1
3295,211,598.576995,6,2,0,1,11,10,2,38,4,0,17,14
3296,218,782.1661052,0,0,5,0,24,0,3,4,0,0,14,14
3297,195,611.9637009,0,0,0,0,0,0,0,0,0,0,11,13
3298,252,870.1358873,0,0,0,0,0,50,0,5,1,0,17,17
3299,34,115.6993872,0,0,0,0,0,64,0,0,3,0,5,2
3300,24,91.79455514,0,0,0,0,0,0,0,0,2,0,1,2
3301,335,1104.403242,0,0,0,0,0,0,0,0,2,0,18,22
3302,24,66.93352979,0,0,0,0,0,0,0,0,3,0,1,2
3303,169,395.864019,2,0,0,5,3,5,0,16,0,14,11,11
3304,39,89.88216857,8,0,1,14,5,10,1,41,6,0,7,3
3305,9,24.86102535,0,0,0,0,0,0,0,0,4,0,0,1
3306,143,397.7764056,2,0,0,1,3,69,0,12,4,0,13,9
3307,155,481.9214145,0,0,0,0,0,48,0,0,2,0,11,10
3308,309,958.1056693,0,0,0,3,3,0,0,1,1,0,17,20
3309,6,13.38670596,0,0,0,0,0,0,0,0,2,0,0,0
3310,108,310.7628169,0,0,0,0,0,0,0,0,2,0,6,7
3311,255,883.5225932,0,0,0,0,0,0,0,0,0,0,14,17
3312,270,939.9379969,0,0,0,0,0,0,0,0,1,0,14,17
3313,150,555.5482972,13,0,0,1,6,14,1,40,0,0,12,10
3314,318,1177.073931,1,1,2,1,0,4,1,0,0,0,18,21
3315,43,150.1223454,1,1,2,0,0,3,2,2,3,0,3,3
3316,74,213.231102,20,1,2,30,14,26,12,92,1,0,15,5
3317,273,953.3247029,8,1,1,9,7,10,1,38,0,0,18,17
3318,260,957.149476,0,0,2,0,5,1,0,0,2,0,15,17
3319,327,1216.277856,0,0,0,0,0,0,0,0,2,0,18,22
3320,440,1290.860932,0,0,0,0,0,0,0,0,0,0,24,29
3321,6,23.90483207,0,0,0,0,0,0,0,0,3,0,0,0
3322,5,8.605739544,0,0,0,0,0,0,0,0,3,0,0,0
3323,0,0,0,0,0,0,0,0,0,0,4,0,0,0
3324,9,35.37915146,0,0,0,0,0,0,0,0,4,0,0,1
3325,7,19.12386565,0,0,0,0,0,0,0,0,5,0,0,0
3326,10,27.7296052,0,0,0,0,0,0,0,0,3,0,1,1
3327,12,42.07250444,0,0,0,0,0,0,0,0,9,0,1,1
3328,8,32.51057161,0,0,0,0,0,0,0,0,7,0,0,1
3329,16,55.4592104,0,0,0,0,0,0,0,0,3,0,1,1
3330,7,26.77341192,0,0,0,0,0,0,0,0,4,0,0,0
3331,12,31.55437833,0,0,0,0,0,0,0,0,5,0,1,1
3332,9,27.7296052,0,0,0,0,0,0,0,0,5,0,0,1
3333,56,229.4863878,0,0,0,0,0,0,0,0,23,0,3,4
3334,16,60.24017681,0,0,0,0,12,2,0,0,21,0,2,1
3335,14,54.50301711,0,0,0,0,0,0,0,0,3,0,1,1
3336,4,18.16767237,0,0,0,0,0,0,0,0,4,0,0,0
3337,4,13.38670596,0,0,0,0,0,0,0,0,4,0,0,0
3338,10,36.33534474,0,0,0,0,0,0,0,0,4,0,1,1
3339,21,54.50301711,0,0,0,0,0,0,0,0,4,0,1,1
3340,7,16.25528581,0,0,0,0,0,0,0,0,6,0,0,0
3341,11,39.20392459,0,0,0,0,0,0,0,0,3,0,1,1
3342,12,46.85347085,0,0,0,0,0,0,0,0,3,0,1,1
3343,9,33.46676489,0,0,0,0,0,0,0,0,3,0,0,1
3344,20,75.53926933,18,0,1,0,7,19,3,50,2,0,6,1
3345,24,63.10875666,4,0,2,0,4,1,0,10,2,0,3,2
3346,17,43.984891,0,0,0,0,0,0,0,0,2,0,1,1
3347,16,43.02869772,16,2,1,0,7,16,6,54,2,0,6,1
3348,12,44.94108429,0,0,0,0,0,0,0,0,32,0,1,1
3349,2,4.780966413,0,0,0,0,0,0,0,0,3,0,14,16
3350,7,26.77341192,0,0,0,0,0,0,0,0,4,0,0,0
3351,8,32.51057161,0,0,0,0,0,0,0,0,4,0,0,1
3352,17,64.06494994,4,0,2,0,3,30,1,11,3,0,4,1
3353,14,34.42295818,0,0,0,0,0,0,0,0,3,0,1,1
3354,19,53.54682383,0,0,0,0,0,0,0,0,2,0,1,1
3355,21,55.4592104,0,0,0,0,0,0,0,0,4,0,1,1
3356,8,27.7296052,0,0,0,0,0,0,0,0,4,0,0,0
3357,10,37.29153803,0,0,0,0,0,0,0,0,4,0,1,1
3358,18,67.88972307,0,0,0,0,0,0,0,0,3,0,1,1
3359,22,83.18881559,1,0,0,0,1,1,1,1,3,0,1,1
3360,10,27.7296052,0,0,0,0,0,0,0,0,5,0,1,1
3361,15,38.24773131,0,0,0,0,0,0,0,0,4,0,1,1
3362,7,16.25528581,0,0,0,0,0,0,0,0,3,0,0,0
3363,8,23.90483207,0,0,0,0,0,0,0,0,7,0,0,1
3364,35,109.9622275,0,1,3,0,112,23,3,0,14,0,10,2
3365,7,21.9924455,5,0,0,5,2,4,1,13,12,0,2,0
3366,20,59.28398353,0,0,0,0,0,0,0,0,5,0,1,1
3367,13,37.29153803,0,0,0,0,0,0,0,0,5,0,1,1
3368,13,38.24773131,0,0,0,0,0,0,0,0,1,0,1,1
3369,16,48.76585742,0,0,0,0,0,0,0,1,1,0,1,1
3370,13,39.20392459,3,0,1,0,1,3,1,8,3,0,2,1
3371,7,21.9924455,0,0,0,0,0,0,0,0,4,0,0,0
3372,26,77.4516559,0,0,0,0,0,0,0,0,3,0,1,2
3373,26,79.36404246,2,0,1,1,1,0,0,4,3,0,2,2
3374,10,28.68579848,3,0,1,1,3,7,1,16,4,0,2,1
3375,7,18.16767237,0,0,0,0,0,0,0,0,4,0,0,1
3376,19,55.4592104,2,2,1,0,0,6,1,7,4,0,2,1
3377,7,17.21147909,10,1,1,0,5,14,2,49,3,0,5,0
3378,4,11.47431939,0,0,0,0,0,0,0,0,3,0,0,0
3379,1,1.912386565,0,0,0,0,0,0,0,0,5,0,0,0
3380,3,9.561932827,0,0,0,0,0,0,0,0,5,0,0,0
3381,0,0,0,0,0,0,0,0,0,0,5,0,0,0
3382,0,0,0,0,0,0,0,0,0,0,4,0,0,0
3383,4,11.47431939,0,0,0,0,0,0,0,0,4,0,0,0
3384,9,26.77341192,0,0,0,0,0,0,0,0,3,0,0,1
3385,6,15.29909252,0,0,0,0,0,0,0,0,6,0,0,0
3386,3,9.561932827,0,0,0,0,0,0,0,0,2,0,0,0
3387,70,212.2749088,0,0,0,0,0,0,0,0,14,0,4,5
3388,19,57.37159696,0,0,0,0,0,0,0,0,2,0,1,1
3389,7,21.9924455,0,0,0,0,0,0,0,0,4,0,0,0
3390,7,21.9924455,0,0,0,0,0,0,0,0,3,0,0,0
3391,0,0,0,0,0,0,0,0,0,0,4,0,0,0
3392,0,0,0,0,0,0,0,0,0,0,5,0,0,0
3393,13,42.07250444,0,0,0,0,0,0,0,0,1,0,1,1
3394,0,0,0,0,0,0,0,0,0,0,5,0,0,0
3395,11,34.42295818,0,0,0,0,0,0,0,0,3,0,1,1
3396,7,18.16767237,0,0,0,0,0,0,0,0,4,0,0,0
3397,17,49.7220507,0,0,0,0,0,0,0,0,2,0,1,1
3398,8,24.86102535,0,0,0,0,0,0,0,0,4,0,0,1
3399,4,11.47431939,0,0,0,0,0,0,0,0,4,0,0,0
3400,1,1.912386565,0,0,0,0,0,0,0,0,4,0,0,0
3401,5,13.38670596,0,0,0,0,0,0,0,0,4,0,0,0
3402,4,11.47431939,0,0,0,0,0,0,0,0,4,0,0,0
3403,15,45.89727757,0,0,0,0,0,0,0,0,3,0,1,1
3404,17,50.67824398,0,0,0,0,0,0,0,0,5,0,1,1
3405,14,42.07250444,58,5,12,1,25,79,20,292,5,0,72,1
3406,0,0,14,1,7,10,16,9,3,62,2,0,28,0
3407,11,31.55437833,0,0,0,0,0,0,0,0,4,0,1,1
3408,21,53.54682383,0,0,0,0,66,12,2,0,5,0,6,1
3409,11,35.37915146,0,0,0,0,0,0,0,0,2,0,1,1
3410,380,993.4848207,18,1,5,57,19,9,1,44,4,0,29,25
3411,34,92.75074842,36,0,30,190,50,5,2,59,2,0,59,2
3412,63,168.2900178,0,0,0,0,0,0,0,0,8,0,3,4
3413,9,20.08005894,0,0,0,0,0,0,0,0,6,0,0,1
3414,12,34.42295818,0,0,5,4,82,2,0,0,4,0,6,1
3415,39,158.7280849,0,0,18,0,76,2,0,0,8,0,7,3
3416,24,60.24017681,0,0,0,0,0,0,0,0,4,0,1,2
3417,19,47.80966413,0,0,133,0,0,0,0,0,4,0,8,1
3418,8,19.12386565,4,0,7,24,83,1,1,6,4,0,21,1
3419,0,0,19,0,507,115,24,3,2,21,1,0,38,0
3420,297,841.4500888,33,49,7,104,20,230,14,167,0,0,50,20
3421,188,470.4470951,171,63,16,335,68,219,63,276,0,0,76,12
3422,0,0,598,46,95,30,96,2,0,0,1,0,47,0
3423,0,0,41,52,3,22,152,26,55,68,0,0,23,0
3424,308,809.8957104,2,33,1,1,13,78,0,1,0,0,27,20
3425,311,809.8957104,134,4,2,35,12,71,3,92,0,0,36,20
3426,392,983.9228879,17,40,4,50,9,69,51,53,0,0,37,26
3427,15,39.20392459,0,0,0,0,0,0,0,0,2,0,1,1
3428,182,474.2718682,0,0,0,0,0,0,0,0,3,0,59,12
3429,66,155.8595051,447,192,17,0,721,43,54,46,0,0,88,4
3430,336,751.5679202,1,11,1,1,53,7,58,15,0,0,26,22
3431,249,915.0769715,3,0,0,21,14,28,21,10,0,0,19,16
3432,313,1205.759729,16,0,28,0,0,0,0,0,0,0,20,21
3433,23,59.28398353,0,0,0,0,0,0,0,0,8,0,1,2
3434,307,881.6102066,0,0,0,0,0,0,0,0,3,0,17,20
3435,3,8.605739544,0,0,0,0,0,0,0,0,3,0,0,0
3436,172,534.512045,0,2,2,0,149,22,5,10,1,0,20,11
3437,301,900.7340723,0,0,0,0,0,0,0,0,0,0,16,20
3438,115,358.572481,0,0,0,0,0,0,0,0,0,0,6,8
3439,7,21.9924455,0,0,0,0,0,0,0,0,4,0,0,0
3440,2,6.693352979,0,0,0,0,0,0,0,0,3,0,0,0
3441,163,509.6510197,0,0,0,0,0,0,0,0,2,0,9,11
3442,580,1923.860885,0,0,0,0,0,59,0,0,0,0,35,38
3443,239,796.5090045,0,0,0,0,0,0,0,0,2,0,13,16
3444,13,56.41540368,0,0,7,0,161,2,0,0,9,0,10,1
3445,241,865.3549208,0,0,0,0,0,0,0,0,0,0,14,17
3446,21,54.50301711,0,0,4,2,149,2,0,0,4,0,10,1
3447,8,19.12386565,0,0,0,0,0,0,0,0,4,0,0,1
3448,4,13.38670596,0,0,0,0,0,0,0,0,3,0,0,0
3449,24,58.32779024,0,0,0,0,0,0,0,0,2,0,1,2
3450,110,385.3458929,0,0,0,0,0,0,0,0,2,0,6,7
3451,0,0,0,0,0,0,0,0,0,0,6,0,0,0
3452,3,4.780966413,0,0,0,0,0,0,0,0,3,0,0,0
3453,5,10.51812611,0,0,0,0,0,0,0,0,5,0,0,0
3454,15,42.07250444,0,0,0,0,0,0,0,0,2,0,1,1
3455,1,6.693352979,0,0,0,0,0,0,0,0,2,0,0,0
3456,7,15.29909252,0,0,0,0,0,0,0,0,4,0,0,0
3457,91,340.4048086,0,0,0,0,25,6,1,16,5,0,8,6
3458,5,16.25528581,0,0,0,0,0,0,0,0,12,0,0,0
3459,44,177.8519506,0,0,0,0,0,0,0,0,21,0,2,3
3460,196,789.8156515,0,0,0,0,0,0,0,0,32,0,11,13
3461,113,451.3232294,0,0,32,0,15,27,0,0,49,0,10,7
3462,54,215.1434886,0,0,0,0,0,0,0,0,4,0,3,3
3463,51,205.5815558,0,1,2,0,93,11,1,0,6,0,9,3
3464,21,83.18881559,0,0,1,5,72,12,1,0,2,0,6,1
3465,6,21.9924455,0,0,0,0,0,0,0,0,5,0,0,0
3466,0,0,0,4,6,0,128,63,3,0,2,0,11,0
3467,697,2282.433366,0,0,0,0,0,0,0,0,1,0,38,46
3468,289,931.3322573,0,0,0,0,0,64,0,0,2,0,19,19
3469,6,18.16767237,0,0,0,0,0,0,0,0,4,0,0,0
3470,7,19.12386565,0,0,0,0,0,0,0,0,4,0,0,0
3471,3,13.38670596,0,0,0,0,1,0,0,0,4,0,0,0
3472,374,1103.447048,0,0,4,11,98,5,0,0,2,0,27,25
3473,179,567.0226166,33,19,1,19,27,3,40,3,0,0,22,12
3474,129,423.5936242,0,0,0,0,28,0,0,0,1,0,9,9
3475,222,746.7869538,12,42,1,0,49,4,13,13,0,0,19,15
3476,23,76.49546262,0,0,0,5,18,1,0,0,5,0,3,2
3477,189,567.0226166,174,62,2,2,130,10,2,1,2,0,38,12
3478,183,638.7371128,40,94,14,0,36,32,0,1,0,0,22,12
3479,6,17.21147909,0,0,0,0,0,0,0,0,1,0,0,0
3480,7,23.90483207,0,0,0,0,0,0,0,0,1,0,0,0
3481,14,35.37915146,1,0,2,3,0,1,0,1,5,0,25,1
3482,1,1,0,1,2,0,33,14,0,0,2,0,3,0
3483,310,739.1374075,0,17,8,0,965,364,42,10,0,0,93,20
3484,241,725.7507016,32,56,2,0,123,6,9,14,0,34,26,16
3485,166,574.6721629,14,33,2,0,115,11,1,1,0,0,19,11
3486,244,823.2824164,0,0,0,0,0,0,0,0,0,0,13,16
3487,0,0,0,0,0,0,0,0,0,0,0,0,0,0
3488,241,882.5663999,0,0,0,0,0,0,0,0,0,0,13,16
3489,1,1,0,0,0,0,0,0,0,0,4,0,0,0
3490,5,16.25528581,0,0,0,0,0,0,0,0,3,0,0,0
3491,299,994.441014,0,0,0,0,0,0,0,0,0,0,16,20
3492,113,357.6162877,0,0,0,0,0,0,0,0,0,0,6,7
3493,365,1260.262747,0,0,0,0,0,0,0,0,0,0,20,24
3494,253,897.8654925,0,1,1,3,2,4,0,0,0,0,15,17
3495,1,1,0,0,0,0,0,0,0,0,4,0,0,0
3496,21,65.97733651,0,4,9,23,566,77,11,0,3,0,39,1
3497,104,325.1057161,0,1,0,0,50,3,1,0,1,0,9,7
3498,405,1407.516512,0,0,1,4,21,53,0,0,1,0,26,27
3499,429,1312.853377,0,0,0,0,0,0,0,0,1,0,23,28
3500,0,0,26,2,0,5,8,1,2,14,3,0,2,0
3501,647,2193.507391,0,1,0,0,4,4,0,0,0,0,19,22
3502,1,1,0,0,9,0,170,3,0,0,0,0,10,0
3503,16,65.02114322,0,0,1,0,70,13,0,0,241,0,5,1
3504,1,1.912386565,0,0,0,0,0,0,0,0,28,0,0,0
3505,0,0,0,0,0,0,0,0,0,0,62,0,0,0
3506,33,130.0422864,0,0,0,0,0,0,0,0,2,0,2,2
3507,25,95.61932827,0,1,1,1,76,13,0,4,64,0,7,2
3508,102,413.0754981,11,1,10,0,46,49,1,0,57,0,12,7
3509,48,145.341379,0,0,0,0,0,0,0,0,146,0,3,3
3510,16,50.67824398,0,1,3,0,173,29,2,0,46,0,12,1
3511,178,553.6359107,0,0,0,1,15,1,0,0,5,0,11,12
3512,79,285.9017915,0,0,0,0,0,0,0,0,8,0,4,5
3513,13,48.76585742,0,0,0,0,0,0,0,0,35,0,1,1
3514,1,1.912386565,0,0,0,0,0,0,0,0,38,0,0,0
3515,54,180.7205304,0,0,0,0,0,0,0,0,0,0,3,3
3516,2,6.693352979,0,0,0,0,0,0,0,0,0,0,0,0
3517,0,0,0,0,0,0,0,0,0,0,0,0,0,0
3518,1,1,0,0,0,0,0,5,0,0,0,0,0,0
3519,0,0,0,0,0,0,0,0,0,0,0,0,0,0
3520,0,0,0,0,0,0,0,0,0,0,0,0,0,0
3521,1,1.912386565,0,0,0,0,0,0,0,0,0,0,0,0
3522,0,0,0,0,0,0,0,0,0,0,0,0,0,0
3523,32,103,112.4,152.2,0,0,0,0,0,114.3,0,0,0,0
3524,0,0,0,0,0,0,0,0,0,0,0,0,0,0
3525,18,95,0,0,0,0,0,0,0,0,0,0,2,0
3526,0,0,0,0,0,0,0,0,0,0,0,0,0,0
3527,4,10,0,0,0,0,0,10.5,0,31.5,0,0,0,0
3528,34,83,0,0,0,0,0,0,0,0,0,0,0,0
3529,6,17,0,0,0,0,0,0,0,37,0,0,0,0
3530,2,3.824773131,0,0,0,0,0,0,0,0,0,0,0,0
3531,10,26.77341192,0,0,0,0,0,0,0,0,0,0,1,1
3532,41,87,2,0,0,0,0,0,0,0,0,0,0,0
3533,54,166,0,0,0,0,0,0,0,0,0,0,0,0
3534,2,7.649546262,0,0,0,0,0,0,0,0,0,0,0,0
3535,0,0,0,0,0,0,0,0,0,0,0,0,0,0
3536,0,0,0,0,0,0,0,0,0,0,0,0,0,0
3537,0,0,0,0,0,0,0,0,0,0,0,0,0,0
3538,0,0,0,0,0,0,0,0,0,0,0,0,0,0
3539,0,0,0,0,0,0,0,0,0,0,0,0,0,0
3540,65,247,7.2,0,0,0,0.8,0,0,0,0,0,8,0
3541,0,0,0,0,0,0,0,0,0,0,0,0,0,0
3542,1,6,0,0,0,0,0,0,0,0,0,0,0,0
3543,0,0,0,0,0,0,0,0,0,0,0,0,0,0
3544,31.8,95.4,0,0,0,0,0,0,22,0,0,0,0,0
3545,29.6,128.9,0,0,0,0,0,0,0,0,0,0,0,0
3546,0,0,0,0,0,0,0,0,0,0,0,0,0,0
3547,5,25,0,0,0,0,0,0,0,0,0,0,0,0
3548,2,5,0,0,0,0,0,0,0,0,0,0,0,0
3549,0,0,0,0,0,0,0,0,0,0,0,0,0,0
3550,0,0,0,0,0,0,0,0,0,0,0,0,0,0
3551,0,0,0,0,0,0,0,0,0,0,0,0,0,0
3552,1,1,0,0,0,0,0,0,0,0,0,77,0,0
3553,0,0,0,0,0,0,0,0,0,0,0,0,0,0
3554,0,0,0,0,0,0,0,0,0,0,0,0,0,0
3555,5,9,0,0,0,0,0,0,0,0,0,0,0,0
3556,0,0,0,0,0,0,0,0,0,0,4,0,0,0
3557,0,0,0,0,0,0,0,0,0,0,0,0,0,0
3558,0,0,0,0,0,0,0,0,0,0,0,0,0,0
3559,3,5.737159696,0,0,0,0,0,0,0,0,0,0,0,0
3560,0,0,0,0,0,0,0,0,0,0,0,0,17,21
3561,0,0,0,0,0,0,0,0,0,0,0,0,0,0
3562,0,0,0,0,0,0,0,0,0,0,0,0,0,0
