;TAZID,TOTHH,HHPOP,RETL,FOOD,MANU,WSLE,OFFI,GVED,HLTH,OTHR,FM_AGRI,FM_MING,FM_CONS,HBJ
1,0,0,0,0,0,0,0,0,0,0,0,0,0,0
2,38.5,184.6,0,0,0,0,0,0,0,0,0,0,10.4,2
3,18.5,65.7,0,0,0,0,0,0,0,0,0,0,1.9,1
4,5.3,14.5,0,0,0,0,0,0,0,0,0,0,0.9,0.3
5,70.5,170.1,0.8,0.5,1.6,0.5,0.4,0.9,3.5,1.9,0,0,6.6,3.7
6,8.6,22.8,0,0,0,4.4,0,0,0,0,0,0,1.9,0.5
7,44,102.5,5.7,2.8,9,15.1,2.1,5.3,4.8,19,93,0,0,2.3
8,53.2,142.9,13,0.2,0.5,0.2,28,0.3,0.3,2.2,0,0,2.8,2.8
9,37.1,44.4,2.8,1.8,5.8,46.4,1.3,3.4,3.1,6.8,0,0,7.6,2
10,19.7,54.3,0,0,0,52.6,0,0,0,0,0,0,0.9,1
11,8.3,20.1,0,0,0,0,0,0,0,0,0,0,1.9,0.4
12,21.4,61.4,0,0,0,0,0,0,0,0,0,0,2.8,1.1
13,14.4,34.7,0,0,0,0,0,0,0,0,0,0,3.8,0.8
14,24.7,59.3,0,0,0,0,0,0,0,0,0,0,8.5,1.3
15,1,2.4,16.7,10.8,119.7,79.4,7.8,20.3,18.1,48.5,21.1,0,0.9,0.1
16,87.4,217.3,0,0,0.5,35.5,0,0,0,30.9,0,0,30.2,4.6
17,254.5,1277.4,0,0,0,0,0,0,0,0,0,0,124.7,13.5
18,0,0,38.9,25,441.1,123.6,18.1,47.2,42,93.8,0,0,1.9,0
19,207.4,626,17.5,2.3,7.4,6.6,1.7,4.4,3.9,8.7,0,0,16.1,11
20,195.6,413.8,21.6,7.5,23.7,8.8,5.4,14,12.6,57.4,0,0,17,10.3
21,82.4,205.3,17.1,11.1,331,27.5,8,20.9,18.6,41.6,0,0,33.1,4.4
22,91.9,228.5,11.6,7.9,30.8,8,5.8,14.5,13.8,29.3,0,0,30.2,4.9
23,77.8,311.9,16.4,11,49,23.5,8,20.4,18.6,41,0,0,17.9,4.1
24,149.1,533.7,1.5,1,3.2,1,0.8,1.9,3.1,3.8,0,0,16.1,7.9
25,300,730.5,7.2,2.5,8.1,2.9,1.8,106.5,20.4,12.3,0,0,0,15.9
26,183,279.7,13.7,1,8.5,7.2,0.7,43.3,86,22.7,0,0,0,9.7
27,129.4,322.4,1.4,1,3,1,0.7,1.8,1.7,3.6,0,0,64.2,6.8
28,219.3,323.2,23.6,15.8,103.2,17.2,11.5,29.3,26.6,58.8,0,0,62.3,11.6
29,199.8,481.3,0.3,0.2,0.7,1.1,0.2,0.4,0.4,0.8,0,0,17,10.6
30,309.3,680,9.4,0,0,2.1,30.6,0,33.6,7.6,0,0,0,16.4
31,200,418.1,2.6,55.7,47,0,33.2,0,0,41.7,0,0,0,10.6
32,130.1,344.6,0.3,0.2,0.7,1.1,0.2,0.4,0.4,0.8,0,0,0,6.9
33,154.3,462,0.5,0.3,1.1,7,0.2,0.6,0.6,1.3,0,0,0,8.2
34,173.3,416,1.4,0,9.9,0,5,0,0,0,0,0,0,9.2
35,257.1,600.7,0,0,0,0,0,0,0,0,0,0,0,13.6
36,126.8,205.5,0,0,0,0,0,0,0,0,0,0,12.3,6.7
37,77.4,114.1,9.6,6.6,20.2,6.5,4.9,12,11.5,29.4,0,0,28.3,4.1
38,2.3,5.8,13.1,8.5,1138.3,9.5,6.2,24.4,14.3,31.9,0,0,0.9,0.1
39,78.5,183.9,17.4,3.1,9.8,3.4,2.2,5.8,8,137.9,0,0,6.6,4.2
40,338.7,633.1,30.5,1.1,3.6,7.7,48.5,75.9,34,63.1,0,0,0,17.9
41,107.7,202.3,208.6,19,60.6,21.3,13.7,35.7,61.5,191.3,0,0,1.9,5.7
42,70,215,0,0,0,0,2,0,0,79.7,0,0,0,3.7
43,205.4,616.7,0.4,0.3,0.8,0.5,0.2,32.6,46.6,1,0,0,0,10.9
44,163.6,411.1,0,0,0,0,0,0,0,0,0,0,5.7,8.6
45,156.1,417.3,0,0,0,0,25.8,0,0,0,0,0,16.1,8.3
46,0,0,0,0,0,0,0,0,0,0,0,0,0,0
47,0,0,0,0,0,0,0,0,0,0,0,0,0,0
48,11.4,37.1,0,0,0,0,0,0,0,0,0,0,1.9,0.6
49,96.7,241,88.1,39.3,46.7,16.2,10.7,27.5,24.9,55.1,0,0,43.4,5.1
50,154.3,383.7,27.8,18,62.1,35.5,42,128.4,93.2,68.7,0,0,49.1,8.2
51,69,297.4,3.6,2.4,14.1,18.6,16.8,4.4,20.1,8.8,0,0,13.2,3.6
52,46,85.7,0,0,77.5,0,0,0,14.1,1708.8,0,0,0,2.4
53,220.2,489.7,229.9,33.1,0,16.3,49.5,311.5,65.1,531.7,0,0,0,11.6
54,170.3,337.3,11.4,45.4,16,5.2,78.2,210.6,93.9,209.2,0,0,0,9
55,156.2,344.3,0,0,0,0,1.6,194.7,0,14.2,0,0,0,8.3
56,37.1,78.5,0,0,0,0,0,0,0,0,0,0,0,2
57,87.2,152.2,0,0,0,0,0,0,0,0,0,0,0,4.6
58,0,0,0,0,0,0,0,0,0,0,0,0,0,0
59,129.4,322.4,0,0,0,0,0,0,0,0,0,0,63.3,6.8
60,152.2,379.1,0,0,0,0,0,0,0,0,0,0,74.6,8
61,255.9,619.4,0,0,0,0,0,0,0,0,0,0,18.9,13.5
62,205.1,582.6,6.8,3.6,11.5,4,2.6,6.8,6.2,29.7,0,0,0,10.8
63,22.1,71,0,0,0,0,0,194.3,0,0,0,0,0,1.2
64,210.3,548.1,6.7,79.9,13.8,4.8,3.1,8.1,7.2,40.3,0,0,0,11.1
65,265.3,631.8,35.1,0.2,0.7,0.3,0.2,4.3,1.1,27.6,0,0,0,14
66,162.5,256.4,44.9,22.1,5.1,1.8,1.1,3,11.2,49.4,0,0,0,8.6
67,137,308.1,68.6,0,0,0,1.9,0,0.3,43.1,0,0,0,7.2
68,174.2,335.2,0,0,0,0,0,0,19.5,16.7,0,0,0,9.2
69,32,106.8,5.9,3.9,12.4,4.3,2.8,7.3,6.6,39.7,0,0,0.9,1.7
70,103.6,351.5,0.1,0.1,0.2,0.1,6.4,0.1,0.1,16.4,0,0,5.7,5.5
71,25,63.2,0,0,0,0,0,0,0,0,0,0,236.1,1.3
72,99.7,342.1,0.6,0,0,0.9,0,0,0,84.1,0,0,3.8,5.3
73,5.5,14.7,0,0,0,0,0,0,0,0,0,0,0,0.3
74,82.4,205.3,13.1,10,30.3,10.1,7.2,17.6,16.6,35.9,0,0,33.1,4.4
75,513.6,1157,43.6,39.1,85.4,29.7,19.5,89.5,170.3,115.7,0,0,91.6,27.2
76,500.4,1237.8,14.9,10.2,31.3,10.2,7.5,18.6,25.3,40.3,0,0,88.8,26.5
77,518.4,1067.8,21.7,14,56.2,15.7,10.1,155,618.2,52.5,0,0,81.2,27.4
78,581.9,1375.6,70.4,27.4,30.5,10.7,6.9,18,27.4,114.7,0,0,19.8,30.8
79,488.5,876.7,54.2,95.1,16,5.6,13.7,59.3,125.7,37.3,0,0,78.4,25.8
80,552.9,837.6,27.6,92.9,25.2,8.9,24.1,130.2,13.2,29.5,0,0,55.7,29.2
81,157.7,243.4,14.2,9.2,29.3,10.3,6.6,72.3,15.4,157.7,0,0,19.8,8.3
82,376.8,617.9,51.5,73.5,27,10,43.5,15.9,100.3,178.1,0,0,0.9,19.9
83,0,0,70,115.1,14,4.9,3.2,8.3,7.4,25.8,0,0,0,0
84,197.3,491.4,78.2,25.3,13.6,4.8,7.2,69.5,22.5,30.7,0,0,108.6,10.4
85,62.5,186.4,7.8,3.6,11.6,12,7.1,6.8,19.7,65.1,0,0,6.6,3.3
86,15,37.7,33.3,12.4,28.5,9.8,6.6,16.8,15.4,33.8,0,0,5.7,0.8
87,69,172.2,0,0,0,0,0,0,0,0,0,0,28.3,3.6
88,69,172.2,0,0,0,0,0,0,0,0,12.7,0,28.3,3.6
89,164.5,352.5,2.5,273,5.1,2.6,1.1,3,2.7,45.7,0,0,23.6,8.7
90,125.2,389.5,435.6,65.9,9.4,2.9,140.7,48.3,4.3,9.6,0,0,26.4,6.6
91,255.2,624.3,0,0,0,0.6,91.9,0,1.5,23.3,0,0,8.5,13.5
92,200,574.8,12.7,8.2,30.7,9.6,15.3,15.5,40.3,66.6,0,0,0.9,10.6
93,111.4,277.9,0,0,0,0,0,0,0,0,0,0,51.9,5.9
94,115.2,289.4,0,0,0,0,0,0,0,0,0,0,34,6.1
95,284,872.6,8.9,49.1,18.2,6.5,8.4,10.7,34.9,57.9,0,0,9.4,15
96,270.2,493.2,4.8,3.1,9.9,3.5,2.3,5.9,17.9,16.7,0,0,0,14.3
97,0,0,0,0,0,0,0,0,0,0,0,0,0,0
98,15.4,38.3,0.3,0.2,0.6,0.2,0.1,0.3,0.3,0.7,0,0,4.7,0.8
99,0,0,0,0,0,0,0,0,0,0,0,0,0,0
100,106.7,331.2,0,0,0,0,0,0,2.1,0,0,0,15.1,5.6
101,440.6,1225.9,2.3,13.3,4.6,4.5,5.2,18,33.7,53.2,0,0,0,23.3
102,0,0,0,0,0,0,0,0,0,0,0,0,0,0
103,228.7,725.8,1.3,0.9,2.7,2.5,0.6,1.6,4.3,5.8,0,0,7.6,12.1
104,198.3,641.6,0,0,0,0,0,116,0,0,0,0,51.9,10.5
105,108.2,270.8,5.1,7.7,10.8,3.6,2.6,6.4,6,12.9,0,0,16.1,5.7
106,216.6,653.6,15.4,4.7,14.6,5,3.4,8.6,7.9,17.3,232.4,0,81.2,11.5
107,0,0,0,0,0,0,0,0,0,0,0,0,0,0
108,171.2,379.3,0,0,0,0,0,0,0,0,0,0,31.2,9
109,12,29.9,0.1,0.1,0.3,0.1,0.1,0.2,0.2,0.3,0,0,2.8,0.6
110,21.3,93.2,0,0,0,0,0,0,0,0,0,0,3.8,1.1
111,19.7,49.2,0,0,0,0,0,0,0,0,0,0,12.3,1
112,47,128.4,0,0,0,0,0,0,0,0,0,0,5.7,2.5
113,113.2,306,0,0,0,0,0,0,0,0,0,0,14.2,6
114,86.9,201.5,0.1,0.1,0.2,1,0,0.1,0.1,0.2,0,0,0,4.6
115,5.6,14.1,53.2,2.7,8.7,3,2,5.1,4.6,10.2,0,0,2.8,0.3
116,65.1,162.3,1.5,1,17.6,1.1,0.7,1.9,1.7,3.7,0,0,36.8,3.4
117,30.3,96.9,19.9,1.1,3.4,1.2,0.8,2,1.8,4,0,0,2.8,1.6
118,56.2,153.5,0,0,0,0,0,0,0,0,0,0,17.9,3
119,1,4.4,0,0,0,0,0,35.8,0,0,0,0,0,0.1
120,123.3,268.7,1.4,0,0,0,0,0,0,0,0,0,27.4,6.5
121,51.4,150.3,0.4,0.3,0.9,1.1,0.2,0.6,0.5,3.8,0,3.5,3.8,2.7
122,90.7,255.4,0,0,0,0,0,0,0,0,0,0,22.7,4.8
123,0,0,0,0,0,0,0,0,0,0,0,0,0,0
124,98,218.1,0,0,0,0,0,0,0,2.3,0,0,8.5,5.2
125,70,176,0,0,0,0,11.3,53,0,0,0,0,0,3.7
126,175.4,373.2,0.4,0.3,6.4,1.2,0.2,0.5,0.5,1.1,0,0,0,9.3
127,105,270.9,0,0,0,0,0,0,0,0,0,0,2.8,5.5
128,96,299.4,0.1,0,0.1,5.4,0,0.1,0.1,0.1,0,0,10.4,5.1
129,66.4,147.8,0,0,0,0,0,0,0,0,0,0,15.1,3.5
130,73.8,89.9,0.1,0.1,1,0.1,0,0.1,0.1,0.2,0,0,1.9,3.9
131,90.4,234.3,0,0,0,0,0,0,0,0,0,0,7.6,4.8
132,122.2,277.8,0.4,0.3,3.4,0.3,0.2,0.5,0.5,1,63.4,0,40.6,6.5
133,194.9,573.8,0.8,0.6,1.8,0.6,2.7,1,0.9,7.2,0,0,22.7,10.3
134,9.6,31.4,0,0,0,0,0,0,0,0,0,0,6.6,0.5
135,3.4,9.2,0,0,0,0,0,0,0,0,0,0,0.9,0.2
136,316.8,911.2,0.8,0.5,1.6,4.4,10.2,1,0.9,4.3,0,0,83.1,16.7
137,2.5,6.8,0,0,0,30.7,0,0,0,0,0,0,1.9,0.1
138,215.9,801.4,0.1,0.1,7.7,0.1,26.8,0.2,0.2,19.1,0,0,37.8,11.4
139,296.9,533.8,1.7,1.1,3.6,1.2,0.8,14.5,1.9,4.2,0,17.5,110.5,15.7
140,5,6,0,0,0,0,0,0,0,0,0,0,0.9,0.3
141,5.9,15.9,0,0,0,0,0,0,0,0,0,0,0.9,0.3
142,0,0,0,0,0,0,0,0,0,0,0,0,0,0
143,73.8,162.5,43.3,2.8,9,32.1,2,5.3,4.7,10.5,0,0,8.5,3.9
144,0,0,0,0,0,0,0,0,0,0,0,0,0,0
145,33.3,92.5,0,0,0,0,0,0,0,0,0,0,2.8,1.8
146,18.6,46.2,0,0,0,0,0,0,0,0,0,0,1.9,1
147,2.8,4,0,0,0,0,0,0,0,0,0,0,0,0.1
148,0,0,0,0,0,0,0,0,0,0,0,0,0,0
149,0,0,0,0,0,0,0,0,0,0,0,0,0,0
150,616.2,1640.6,28.3,2.9,9.1,3.9,6.5,51.9,15.2,37.7,0,0,113.3,32.6
151,21.4,103,2.9,1.9,24.5,2.1,1.4,3.5,3.2,7,0,0,0,1.1
152,0,0,0,0,0,0,0,0,0,0,0,0,0,0
153,0,0,0,0,0,0,0,0,0,0,0,0,0,0
154,0,0,0,0,0,0,0,0,0,0,4.023970037,0,0,0
155,182,430.6603862,0,0,0,0,0,0,0,0,18.10786517,0,22.88089521,9.004980631
156,6,15.56324229,0,0,0,0,0,0,0,0,36.21573034,0,0.259809732,0
157,461,1171.591461,0,0,0,0,0,0,0,0,39.23370787,0,51.96204775,23.01272828
158,1181,2106.767193,0,0,0,0,0,0,0,0,19.11385768,0,65.13921559,60.03320421
159,0,0,52,71,282,0,0,0,0,0,58.34756554,73.6,17.53715691,0
160,3,4.908236422,0,0,0,0,0,0,0,0,20.11985019,0,0.129904866,0
161,172,409.9895211,0,0,5,0,0,0,0,0,6.035955056,0,23.6643871,9.004980631
162,654,1484.481285,0,0,0,0,0,0,0,0,39.23370787,0,28.31926079,33.01826231
163,24,39.26589138,0,0,0,0,0,0,0,0,4.023970037,0,7.039238928,1.000553403
164,438,896.1890626,0,0,0,0,0,0,0,0,14.08389513,0,18.96611044,22.01217488
165,0,0,0,3,435,1,0,1,0,16,11.0659176,0,19.74553964,0
166,459,1130.246955,0,0,20,0,39,37,69,98,23.13782772,0,46.26377109,23.01272828
167,33,64.76579334,0,0,0,0,0,0,0,0,20.11985019,0,12.42895353,2.001106807
168,103,253.9993125,0,0,0,0,0,0,0,0,4.023970037,0,4.460067067,5.002767017
169,195,425.350602,0,0,0,0,0,0,0,0,10.05992509,0,17.44381629,10.00553403
170,168,415.6570909,0,0,0,21,0,0,0,3,14.08389513,0,8.313911425,9.004980631
171,685,1645.82504,0,0,0,0,0,0,0,0,4.023970037,0,38.66161107,35.01936912
172,312,788.4565595,0,0,0,0,0,78,0,1,9.053932584,0,21.9309342,16.00885445
173,744,1835.738694,0,0,0,0,0,0,0,0,16.09588015,0,32.21640677,38.02102933
174,302,742.643578,0,0,0,0,0,0,0,0,26.15580524,0,13.07708985,15.00830105
175,881,2196.367264,9,0,1,2,1,2,1,4,7.041947566,0,39.01476143,45.02490315
176,248,542.2333184,0,0,0,0,0,0,0,0,6.035955056,0,16.73880226,13.00719424
177,166,414.5399718,0,0,6,214,5,12,8,33,7.041947566,0,19.22592017,8.004427227
178,544,1348.331734,2,2,10,86,3,19,4,37,12.07191011,0,30.61424676,28.0154953
179,268,676.9600521,51,30,14,4,5,20,7,65,23.13782772,0,20.09195261,14.00774765
180,42,108.2243498,0,0,0,0,0,0,0,0,18.10786517,0,1.818668124,2.001106807
181,139,349.5338047,0,0,0,0,0,0,0,0,8.047940075,0,6.018925459,7.003873824
182,142,340.7934638,0,0,1,2,1,2,1,2,9.053932584,0,6.538544923,7.003873824
183,101,262.2206938,76,12,1,0,0,5,1,6,30.17977528,0,8.746927645,5.002767017
184,217,533.1789538,1,0,8,0,4,13,5,15,12.07191011,0,16.38832659,11.00608744
185,283,733.8268122,0,0,7,0,2,1,5,10,7.041947566,0,17.33689958,14.00774765
186,218,593.0010731,1,0,5,0,0,1,2,8,1.005992509,0,10.17588117,11.00608744
187,74,194.3411421,0,4,0,0,1,0,0,0,3.017977528,0,3.420828139,4.002213614
188,127,318.4073202,0,0,1,0,2,12,0,4,31.18576779,0,11.32203681,6.003320421
189,175,443.6316047,0,0,0,0,0,1,0,0,11.0659176,0,7.621085473,9.004980631
190,94,221.3159488,0,0,4,0,0,0,0,0,6.035955056,0,4.243558957,5.002767017
191,285,683.2230064,0,0,2,0,5,4,1,7,5.029962547,0,13.16369309,14.00774765
192,367,877.7225477,0,0,0,0,0,0,0,0,18.10786517,0,15.89169528,19.01051467
193,374,863.3146369,0,0,0,0,0,0,0,0,2.011985019,0,16.19480663,19.01051467
194,0,0,0,0,0,0,0,0,0,0,3.017977528,0,0,0
195,280,747.5955765,0,0,0,0,0,0,0,0,6.035955056,0,12.12445416,14.00774765
196,255,671.4946435,0,0,0,0,0,0,0,0,5.029962547,0,65.04191361,13.00719424
197,268,702.8205145,0,0,2,0,2,8,1,8,5.029962547,0,12.51416876,14.00774765
198,373,924.8930218,1,0,8,0,4,7,1,5,10.05992509,0,17.27734718,19.01051467
199,2467,5437.699815,83,27,11,68,5,19,10,55,8.047940075,0,118.8629524,125.0691754
200,1340,3205.932062,0,0,0,0,0,0,0,0,8.047940075,0,106.0241735,68.03763143
201,143,271.3132708,0,0,0,0,0,0,0,0,5.029962547,0,76.19213195,7.003873824
202,466,776.7796479,1,0,4,0,13,4,35,64,6.035955056,0,75.41805212,24.01328168
203,310,609.1895878,0,0,0,2,6,0,0,1,17.10187266,0,16.81321742,16.00885445
204,219,448.8128774,0,0,0,0,0,0,0,0,12.07191011,0,9.483055219,11.00608744
205,320,784.3048816,0,0,0,0,0,0,0,0,2.011985019,0,13.85651904,16.00885445
206,166,417.4133565,0,0,7,0,4,12,13,26,3.017977528,0,17.87276982,8.004427227
207,470,845.8200807,0,0,0,0,0,0,0,0,16.09588015,0,26.35176234,24.01328168
208,134,314.056256,0,0,0,0,0,0,0,0,4.023970037,0,12.80241735,7.003873824
209,481,1048.431915,2,0,35,0,36,91,73,143,6.035955056,0,48.28269655,24.01328168
210,877,1725.052971,0,0,3,0,0,6,2,8,10.05992509,0,101.7982533,45.02490315
211,165,382.0150073,0,12,0,0,0,0,0,0,5.029962547,0,7.664387095,8.004427227
212,131,286.879288,1,0,2,9,1,8,2,16,3.017977528,0,7.361275741,7.003873824
213,338,970.3537674,135,58,18,30,19,128,12,85,1.005992509,0,35.63723491,17.00940786
214,414,1230.463185,0,0,0,0,2,4,2,2,7.041947566,0,27.35988773,21.01162147
215,323,761.9159632,1,0,5,5,5,9,5,19,5.029962547,0,16.10820339,16.00885445
216,88,192.8224753,0,0,0,1,0,0,0,3,0,0,3.983749225,4.002213614
217,267,701.1844357,0,0,0,0,0,0,0,2,2.011985019,0,11.64813632,14.00774765
218,314,908.1007982,0,0,0,0,0,0,0,0,1.005992509,0,55.59670931,16.00885445
219,185,413.299891,0,0,0,0,0,179,0,2,0,0,15.84839365,9.004980631
220,398,718.6839063,0,0,0,0,0,0,1,0,6.035955056,0,17.27734718,20.01106807
221,1170,2030.584286,0,0,0,0,0,0,0,0,7.041947566,0,57.66289775,59.0326508
222,274,545.2623275,0,0,0,0,0,0,0,0,6.035955056,0,11.86464443,14.00774765
223,96,200.1643363,0,0,0,0,0,0,0,0,2.011985019,0,10.15695571,5.002767017
224,688,1635.648007,0,0,0,0,25,113,1,63,0,0,53.53844359,35.01936912
225,28,68.79728436,145,155,64,538,71,103,285,382,0,0,87.68717257,1.000553403
226,480,1039.612375,0,0,0,0,0,0,15,0,2.011985019,0,83.43430289,24.01328168
227,381,700.927413,26,10,17,73,28,175,23,96,3.017977528,0,35.89704464,19.01051467
228,311,926.8979858,0,0,0,0,0,124,0,0,1.005992509,0,18.83620557,16.00885445
229,236,575.75799,2,0,4,1,7,13,7,34,2.011985019,0,13.16369309,12.00664084
230,48,118.7591688,32,130,6,1064,4,3,7,154,1.005992509,0,62.70074867,2.001106807
231,9,12.56967073,400,254,1975,195,53,44,40,523,0,0,151.2525657,0
232,169,424.4766315,0,0,0,0,0,0,0,0,2.011985019,0,19.31797412,9.004980631
233,139,268.3606865,12,1,34,6,56,64,63,179,1.005992509,0,35.98909859,7.003873824
234,228,536.8088971,0,0,2,1,1,5,2,16,5.029962547,0,18.04191361,12.00664084
235,2074,3919.775196,17,2,542,29,56,101,99,269,4.023970037,0,138.0888726,105.0581074
236,424,977.444155,12,0,11,0,0,0,0,13,4.023970037,0,33.91874612,22.01217488
237,46,101.8384338,108,6,186,8,213,131,339,444,6.035955056,0,64.12970219,2.001106807
238,997,1764.782961,53,0,113,115,157,274,260,576,4.023970037,0,110.202628,51.02822357
239,9,24.0632096,0,0,0,1,0,0,0,0,4.023970037,0,1.43301622,0
240,21,45.13284765,0,0,0,0,0,0,0,0,0,0,0.909334062,1.000553403
241,45,74.34189251,0,0,5,0,1,8,4,8,0,0,8.074415162,2.001106807
242,7,17.19932109,0,0,0,0,0,0,0,0,1.005992509,0,0.303111354,0
243,146,317.1672394,0,0,0,1,1,1,0,2,2.011985019,0,8.538544923,7.003873824
244,0,0,157,106,6,0,1,0,1,5,11.0659176,0,11.95124767,0
245,400,1036.591691,15,77,121,50,19,14,13,60,2.011985019,0,81.29894732,20.01106807
246,282,579.1829971,0,0,0,0,0,0,0,0,2.011985019,0,21.21105741,14.00774765
247,579,1502.571226,0,0,0,0,0,0,0,0,1.005992509,0,33.07163914,29.0160487
248,109,235.8002844,0,0,0,0,0,0,0,0,0,0,14.7198768,6.003320421
249,355,965.8415294,0,0,0,0,0,0,0,0,0,0,25.37207581,18.00996126
250,294,645.5084445,2,0,5,17,13,120,33,75,0,0,24.2056067,15.00830105
251,97,275.0717255,0,0,0,0,0,200,0,1,0,0,12.90388336,5.002767017
252,327,595.3388491,219,313,419,20,58,21,14,145,10.05992509,0,66.5112914,17.00940786
253,653,1832.679797,92,56,218,276,49,76,166,215,3.017977528,0,77.98622123,33.01826231
254,495,1393.874453,1,21,18,8,4,91,6,31,2.011985019,0,29.22859485,25.01383509
255,333,732.3025958,1,0,7,2,22,48,23,93,1.005992509,0,22.90655804,17.00940786
256,152,264.4875947,1,0,0,3,1,2,2,12,0,0,26.49118061,8.004427227
257,395,920.6593698,197,108,41,58,22,20,26,138,2.011985019,0,43.51813012,20.01106807
258,69,183.2873634,6,0,9,35,22,26,19,60,2.011985019,0,10.65219901,4.002213614
259,173,349.8478284,7,0,16,5,31,56,43,128,1.005992509,0,19.8754445,9.004980631
260,160,384.609806,0,0,0,0,0,0,0,0,0,0,6.928259521,8.004427227
261,335,752.0967155,0,0,0,0,0,0,0,0,0,0,49.50604337,17.00940786
262,1043,1716.487042,0,0,0,0,0,0,0,0,0,0,45.16359175,53.02933038
263,572,1416.410672,2,0,0,1,3,0,0,2,0,0,25.11494076,29.0160487
264,915,2318.081792,0,0,0,0,0,0,0,0,0,0,141.6209841,47.02600996
265,482,1126.931036,0,0,0,0,0,86,0,0,0,0,72.5953213,24.01328168
266,239,627.3587281,0,0,0,0,0,0,0,0,1.005992509,0,10.34908766,12.00664084
267,350,854.9376312,0,0,0,0,0,0,0,0,0,0,60.1555677,18.00996126
268,152,363.6193675,0,0,0,0,0,0,0,0,0,0,43.58184655,8.004427227
269,216,427.3826789,2,0,12,5,31,13,74,44,3.017977528,0,17.19074394,11.00608744
270,121,233.1644985,158,98,3,9,2,3,2,55,0,0,19.52903153,6.003320421
271,409,934.9443186,6,0,3,1,3,67,26,32,0,0,23.68598724,21.01162147
272,322,693.4736897,0,0,7,0,0,92,0,13,0,0,72.79290395,16.00885445
273,371,811.7138988,0,0,0,0,0,0,0,0,0,0,80.06490176,19.01051467
274,741,1781.26457,0,0,0,0,0,0,0,0,0,0,32.08650191,38.02102933
275,96,151.3167961,0,0,0,1,1,4,1,5,1.005992509,0,4.676575177,5.002767017
276,1186,2665.200761,45,28,4,7,10,93,26,80,1.005992509,0,69.04309895,60.03320421
277,139,282.7276101,33,0,4,2,3,4,8,37,0,0,9.959373062,7.003873824
278,732,1602.038586,259,158,30,10,21,165,149,130,1.005992509,0,71.6208828,37.02047593
279,216,439.5945639,2,0,5,2,9,23,8,44,2.011985019,0,18.3802012,11.00608744
280,179,403.4834182,0,0,0,0,0,0,0,0,0,0,7.750990339,9.004980631
281,488,976.5563102,0,0,0,0,0,1,0,0,7.041947566,0,21.17449316,25.01383509
282,1369,3484.685817,52,14,25,15,52,47,59,218,2.011985019,0,80.15130233,70.03873824
283,525,1228.889657,19,72,8,6,17,100,23,83,0,0,36.93628357,27.01494189
284,403,935.1846921,0,0,0,0,3,0,4,1,1.005992509,0,24.79696664,20.01106807
285,397,810.4328309,0,0,0,0,0,0,1,0,3.017977528,0,17.23404556,20.01106807
286,353,862.0009062,2,6,4,2,46,6,42,33,1.005992509,0,21.39100127,18.00996126
287,261,659.0423848,0,0,0,0,0,0,0,0,0,0,15.30172334,13.00719424
288,998,2126.310475,535,244,88,59,23,236,22,218,2.011985019,0,104.9198301,51.02822357
289,158,394.2678795,54,6,15,2,16,18,15,106,3.017977528,0,19.88763258,8.004427227
290,136,360.4291843,0,0,0,0,0,0,0,0,2.011985019,0,13.88902059,7.003873824
291,1878,4483.387897,0,0,0,0,0,2,0,0,0,0,81.40704937,95.05257333
292,217,531.0239152,57,14,19,8,24,21,44,123,10.05992509,0,34.8199548,11.00608744
293,418,1044.490724,19,0,7,11,23,50,23,96,3.017977528,0,28.01614944,21.01162147
294,496,1333.014415,465,108,52,32,73,153,127,360,2.011985019,0,80.80082666,25.01383509
295,16,25.45891474,0,0,0,0,0,0,0,0,3.017977528,0,13.69282595,1.000553403
296,11,22.30694396,0,0,0,0,0,0,0,0,11.0659176,0,0.476317842,1.000553403
297,54,121.3921798,0,0,0,0,0,0,0,0,22.13183521,0,15.33828759,3.00166021
298,52,94.41459832,0,0,0,0,0,0,0,0,9.053932584,0,10.25168434,3.00166021
299,24,42.85762228,50,18,12,60,19,29,20,98,3.017977528,0,14.28953526,1.000553403
300,4,12.29108467,930,71,1420,3,460,276,653,1817,4.023970037,0,243.9613384,0
301,15,41.06314425,0,0,0,0,0,0,0,0,3.017977528,0,0.64952433,1.000553403
302,109,252.3222466,0,0,0,0,1,1,0,4,9.053932584,0,20.97968653,6.003320421
303,60,129.0536142,17,36,9,4,14,15,21,70,2.011985019,0,22.65219901,3.00166021
304,117,237.3953759,1,0,1,0,3,60,4,15,3.017977528,0,18.70362602,6.003320421
305,2,3.272157615,0,0,0,0,0,0,0,0,14.08389513,0,0.086603244,0
306,28,61.61382256,0,0,0,0,0,0,0,0,11.0659176,0,1.212445416,1.000553403
307,107,243.3033195,0,0,0,0,0,0,0,0,9.053932584,0,5.633273555,5.002767017
308,326,786.2195465,87,4,51,18,61,132,77,238,3.017977528,0,44.04181227,17.00940786
309,227,480.5785086,39,10,80,9,25,42,26,98,7.041947566,0,41.07570184,12.00664084
310,0,0,58,3,20,23,6,3,4,68,1.005992509,0,81.01080007,0
311,23,46.96831291,266,152,183,43,123,269,138,528,3.017977528,0,86.69529796,1.000553403
312,430,1269.570676,1,0,4,3,7,48,231,187,8.047940075,0,39.44777765,22.01217488
313,722,1616.566683,0,17,1,1,1,44,1,11,0,0,34.55469436,37.02047593
314,628,1403.152543,0,0,0,1,0,2,1,11,1.005992509,0,27.84294295,32.01770891
315,0,0,178,2,344,260,66,4,55,582,0,0,64.56271841,0
316,1196,2950.22302,5,0,13,9,19,40,68,118,0,0,63.56678111,61.03375761
317,557,1173.492251,0,0,0,1,0,0,1,6,0,0,24.46541643,28.0154953
318,129,249.8448599,0,0,0,0,0,0,0,0,0,0,8.585909239,7.003873824
319,0,0,279,15,1615,482,100,253,52,419,0,0,139.2147148,0
320,779,1704.076406,0,0,0,1,0,27,0,19,1.005992509,0,35.76713978,40.02213614
321,562,1145.03699,0,0,0,0,4,115,0,0,0,0,29.48840459,29.0160487
322,369,663.3358129,40,1,29,18,49,110,60,215,0,0,38.58174521,19.01051467
323,377,710.1867137,43,0,8,66,7,12,13,69,0,0,25.76446509,19.01051467
324,600,1265.394026,122,8,45,14,33,69,46,170,0,0,47.93489556,30.0166021
325,528,1042.717809,0,0,0,0,0,0,0,0,0,0,22.86325642,27.01494189
326,0,0,160,1,1434,381,340,633,264,1635,3.017977528,0,209.9262635,0
327,591,1191.76493,0,0,3,28,3,76,2,56,2.011985019,0,32.8659311,30.0166021
328,348,613.8928881,54,56,11,4,9,32,22,361,0,0,38.84155494,18.00996126
329,921,1792.730361,64,4,26,10,14,135,23,111,0,0,56.63852158,47.02600996
330,475,1155.70587,27,0,4,6,8,83,8,37,0,0,28.05945106,24.01328168
331,327,566.605002,0,0,0,0,1,412,0,0,0,0,32.04320028,17.00940786
332,404,764.4176881,3,0,8,4,7,53,11,56,0,0,23.64268562,21.01162147
333,766,1817.856463,96,32,177,39,77,122,107,403,0,0,78.76565043,39.02158273
334,343,622.9528024,255,283,36,29,50,68,130,288,0,0,64.17300381,17.00940786
335,474,1026.204171,22,437,17,43,23,24,35,168,0,0,53.82391615,24.01328168
336,337,830.795222,2,0,6,3,8,96,13,32,0,0,21.52090614,17.00940786
337,359,886.1843026,1,0,9,9,9,304,74,37,0,0,34.72790085,18.00996126
338,697,1505.266788,0,0,0,0,0,2,0,4,0,0,30.44104027,35.01936912
339,0,0,42,11,33,20,45,401,92,212,1.005992509,0,37.06618844,0
340,567,1105.806537,171,79,1617,150,97,187,131,346,0,0,144.8439256,29.0160487
341,92,169.9145971,86,63,20,10,41,157,39,99,0,0,26.28408456,5.002767017
342,239,574.2011108,0,65,0,0,1,1,1,2,0,0,13.3802012,12.00664084
343,155,374.9927195,9,128,4,2,4,4,3,46,0,0,15.37207581,8.004427227
344,394,709.2662063,61,7,42,22,49,33,63,178,0,0,41.76307708,20.01106807
345,256,452.5984451,0,0,1,1,2,9,26,10,0,0,13.20699471,13.00719424
346,423,602.9864093,2,44,2,0,1,68,3,12,0,0,24.03240021,21.01162147
347,734,1056.494263,159,1,9,5,15,17,37,88,0,0,46.11622744,37.02047593
348,255,436.5954427,1,90,4,2,21,21,18,132,0,0,23.55608237,13.00719424
349,232,429.1361697,0,0,0,0,0,0,0,0,0,0,10.04597631,12.00664084
350,259,452.4782583,6,0,2,1,1,1,1,8,0,0,12.08115254,13.00719424
351,2,5.427196154,38,1,20,20,14,18,22,51,0,0,8.054101693,0
352,49,78.73116921,2,0,4,206,1,0,1,63,0,0,14.11632877,2.001106807
353,511,915.0543504,318,10,38,21,52,19,73,185,0,0,53.1310902,26.01438849
354,8,15.96201518,43,0,12,6,8,1,16,64,0,0,6.841656277,0
355,50,107.6644029,33,1,19,17,5,3,10,15,0,0,6.625148167,3.00166021
356,327,559.4215401,8,9,8,4,11,1,11,43,0,0,18.27328449,17.00940786
357,51,117.9206358,0,0,0,0,0,0,1,5,0,0,2.468192454,3.00166021
358,114,187.2313302,26,127,30,0,0,0,2,2,0,0,13.03378822,6.003320421
359,188,364.332164,12,0,4,2,8,4,12,35,0,0,11.47492983,10.00553403
360,413,614.6411222,0,29,9,0,3,8,25,142,0,0,27.23672024,21.01162147
361,168,377.5847434,0,0,0,0,0,300,0,0,0,0,20.2651591,9.004980631
362,328,614.9335824,99,25,11,6,14,15,23,90,0,0,26.45729105,17.00940786
363,311,637.4044753,0,0,0,0,0,0,0,0,0,0,37.46680444,16.00885445
364,2,2.782740155,178,79,88,271,12,6,8,68,0,0,30.83075487,0
365,0,0,752,224,1091,51,143,89,267,791,1.005992509,0,147.5719278,0
366,85,206.5912395,168,2,407,81,73,51,81,372,0,0,57.15814105,4.002213614
367,0,0,4,0,4,2,1,2,3,14,0,0,1.29904866,0
368,181,310.4971878,14,0,9,42,9,11,13,27,0,0,13.25029633,9.004980631
369,9,16.87974781,72,7,155,85,189,61,260,506,0,0,58.19737998,0
370,69,136.5948617,24,12,60,66,48,34,65,380,0,0,32.82262948,4.002213614
371,8,11.91370078,25,5,126,52,121,73,174,377,0,0,41.61285875,0
372,293,485.11786,190,35,34,14,90,467,41,300,0,0,63.39357462,15.00830105
373,169,280.0890494,57,199,109,61,339,124,181,1112,0,0,101.8021133,9.004980631
374,300,594.9838383,6,0,7,3,6,1,11,31,0,0,15.80509203,15.00830105
375,187,313.1301988,41,7,114,46,208,334,319,483,0,0,75.30152067,10.00553403
376,262,555.0815752,10,0,28,12,25,19,50,107,0,0,22.21373209,13.00719424
377,800,1195.36435,6,0,18,10,40,26,163,82,0,0,49.5803572,41.02268954
378,329,488.7040412,3,0,0,0,0,54,1,4,0,0,16.9309342,17.00940786
379,721,1497.840178,1,0,4,2,6,5,7,28,0,0,33.51545543,37.02047593
380,490,1086.143703,1,0,4,4,3,5,6,18,0,0,22.99316129,25.01383509
381,388,807.2016604,16,0,2,0,3,3,2,13,0,0,18.4897926,20.01106807
382,162,369.9233091,0,0,0,0,1,0,0,0,0,0,7.058164387,8.004427227
383,0,0,102,19,1049,255,256,97,60,151,0,0,86.12692617,0
384,7,18.63601345,133,21,309,235,91,39,37,183,0,0,45.68321122,0
385,8,20.27209226,57,6,170,29,23,33,21,101,0,0,19.39912666,0
386,7,15.76262873,45,7,151,497,9,17,7,60,0,0,34.64129761,0
387,408,1038.186782,19,17,199,28,52,17,10,107,0,0,37.10949006,21.01162147
388,0,0,0,0,2,11,0,0,0,1,0,0,0.606222708,0
389,166,265.1239664,8,3,67,12,31,45,43,139,0,0,22.25703371,8.004427227
390,122,180.7055117,40,181,74,34,119,80,133,412,0,0,51.7454383,6.003320421
391,77,152.5568768,2,0,16,6,31,402,20,73,0,0,27.150117,4.002213614
392,358,707.1167174,61,263,126,58,171,136,252,438,0,0,80.6709218,18.00996126
393,333,562.7728974,55,2,59,23,114,74,135,356,0,0,49.84016693,17.00940786
394,22,30.61014171,70,125,303,145,1132,5690,588,1166,0,0,400.150289,1.000553403
395,203,308.418574,24,3,57,28,101,124,165,330,0,0,44.81717878,10.00553403
396,491,735.2149285,43,127,101,46,188,350,197,585,0,0,92.14585163,25.01383509
397,643,1360.887531,28,0,10,18,21,25,104,77,0,0,40.09730198,33.01826231
398,760,1195.2907,19,3,17,7,150,65,44,127,0,0,51.61553343,39.02158273
399,552,1013.740814,57,0,5,1,4,7,5,32,0,0,28.70897539,28.0154953
400,663,1131.412751,30,1,27,17,39,91,56,200,0,0,48.67102314,34.01881572
401,327,677.2303136,0,13,1,2,1,37,2,21,0,0,17.49385529,17.00940786
402,359,690.7941417,2,0,0,1,2,9,57,17,0,0,19.35582504,18.00996126
403,241,456.072764,0,0,0,0,3,0,2,14,0,0,11.25842172,12.00664084
404,220,432.4903018,0,0,0,0,0,37,1,0,0,0,11.17181848,11.00608744
405,10,21.38921133,587,138,185,66,85,9,54,525,0,0,71.83739091,1.000553403
406,2,3.272157615,57,31,5,1,5,3,5,58,2.011985019,0,7.231370875,0
407,0,0,129,39,69,32,3,0,6,120,0,0,17.23404556,0
408,0,0,169,14,32,356,20,0,15,127,0,0,31.74008893,0
409,82,198.8096183,64,2,361,345,40,55,39,142,0,0,48.93083287,4.002213614
410,96,243.9834532,41,0,11,10,17,10,23,58,0,0,11.51823145,5.002767017
411,326,828.6019711,5,1,15,5,14,15,16,45,0,0,19.13931693,17.00940786
412,109,204.1930524,31,5,21,4,6,16,23,615,0,0,41.94034627,6.003320421
413,179,338.1139158,33,13,42,23,57,27,78,199,0,0,28.18935593,9.004980631
414,74,136.8734477,18,3,8,65,16,40,25,38,0,0,12.42756552,4.002213614
415,422,1030.203,2,0,8,6,9,12,11,45,0,0,22.30033533,21.01162147
416,452,883.1768569,6,0,3,1,2,1,6,11,0,0,20.87138181,23.01272828
417,468,1016.387699,47,21,19,9,38,69,87,187,0,0,40.9200328,24.01328168
418,425,993.4471581,2,0,0,1,2,36,11,84,0,0,24.29220995,22.01217488
419,522,915.0925628,0,0,0,0,9,1,13,6,0,0,23.85919373,27.01494189
420,153,315.6895599,0,0,0,0,0,156,0,1,0,0,13.42350282,8.004427227
421,108,219.0789358,0,0,1,0,7,36,5,12,0,0,7.317974119,5.002767017
422,0,0,4,3,3268,68,419,59,53,48,0,0,169.8289615,0
423,37,71.31010857,125,2,40,108,48,32,54,205,0,0,28.18935593,2.001106807
424,46,128.4172425,156,2,116,13,23,18,63,104,0,0,23.42617751,2.001106807
425,147,330.2968572,188,15,44,27,61,44,86,332,0,0,40.87673117,7.003873824
426,190,430.1004392,75,0,34,34,85,31,196,183,0,0,35.85374302,10.00553403
427,112,260.1038676,32,34,42,17,46,81,82,155,0,0,26.02427483,6.003320421
428,64,139.9080065,28,0,32,23,47,22,59,172,0,0,19.35582504,3.00166021
429,159,350.648149,65,0,45,26,63,43,88,248,0,0,31.91329542,8.004427227
430,398,928.4409908,0,0,0,0,0,0,0,0,0,0,17.23404556,20.01106807
431,242,586.292809,0,0,1,4,4,9,4,28,0,0,12.64407363,12.00664084
432,846,1421.476673,17,29,29,14,33,57,41,157,0,0,52.95788371,43.02379635
433,397,811.8695232,6,0,14,5,10,170,57,115,0,0,33.51545543,20.01106807
434,65,156.6293551,461,242,47,118,110,64,91,346,0,0,66.85770438,3.00166021
435,86,187.3952791,11,0,18,10,35,23,61,211,0,0,19.70223801,4.002213614
436,512,870.7162737,37,25,40,20,62,70,79,296,0,0,49.40715071,26.01438849
437,246,605.7673554,1,39,2,14,14,4207,22,59,0,0,199.3606677,13.00719424
438,289,595.6639721,0,0,0,0,0,0,0,0,0,0,27.51416876,15.00830105
439,276,529.8574845,14,1,37,21,193,66,428,1016,0,0,88.85492836,14.00774765
440,172,328.8164027,171,58,18,15,33,37,4448,431,0,0,233.0926313,9.004980631
441,402,869.6158036,32,122,5,14,8,107,18,81,0,0,34.16497976,20.01106807
442,269,527.0250869,2,29,3,49,1,1,2,519,0,0,37.88891926,14.00774765
443,607,1302.707039,12,95,22,3,13,183,260,138,0,0,57.72106213,31.01715551
444,479,1102.627453,0,0,0,0,0,0,0,0,0,0,20.74147694,24.01328168
445,317,679.5465262,0,0,0,0,0,0,0,0,0,0,13.72661418,16.00885445
446,389,943.1684749,1,33,13,2,5,22,7,56,0,0,44.86325642,20.01106807
447,487,1148.760007,80,8,19,3,13,1,9,98,3.017977528,0,31.0905646,25.01383509
448,1072,2448.517237,81,17,41,109,58,112,68,245,1.005992509,0,78.07282448,54.02988379
449,321,705.4861883,0,0,0,0,0,0,0,0,4.023970037,0,53.89982066,16.00885445
450,628,1321.261078,0,0,0,112,0,54,0,1,2.011985019,0,35.4247895,32.01770891
451,21,53.75300181,55,82,44,58,61,108,82,229,1.005992509,0,32.04320028,1.000553403
452,206,416.7686603,0,0,3,0,1,5,6,7,10.05992509,0,9.872769818,10.00553403
453,374,903.542023,128,67,167,44,37,13,12,160,5.029962547,0,44.38822525,19.01051467
454,206,505.8435866,2,12,215,14,1,30,9,42,1.005992509,0,22.99316129,10.00553403
455,696,1716.261178,63,79,50,49,69,84,101,353,0,0,66.85770438,35.01936912
456,241,584.6567302,6,1,34,0,12,21,25,61,6.035955056,0,18.36395042,12.00664084
457,190,455.9609017,93,33,40,13,38,74,42,181,12.07191011,0,33.48434189,10.00553403
458,250,687.7380196,7,1,8,0,14,127,32,50,5.029962547,0,28.17449316,13.00719424
459,567,1270.307811,62,124,91,185,25,5,12,175,4.023970037,18.4,57.95382102,29.0160487
460,373,910.5260983,0,46,7,5,4,190,7,57,1.005992509,0,32.83481756,19.01051467
461,583,1358.98119,0,0,0,0,0,0,0,0,7.041947566,0,25.24484563,30.0166021
462,1294,3286.553557,0,0,0,0,0,1,0,36,4.023970037,0,58.63445889,66.03652463
463,239,615.8651892,0,0,0,1,6,0,0,22,5.029962547,0,12.6048347,12.00664084
464,432,1034.351903,7,9,12,16,9,11,12,66,3.017977528,0,24.85513103,22.01217488
465,788,1654.149959,11,41,22,3,16,19,14,54,3.017977528,0,44.9159701,40.02213614
466,447,982.7483899,1,0,0,1,1,3,2,13,2.011985019,0,35.2651591,23.01272828
467,755,1850.862176,2,0,1,0,7,1,4,12,1.005992509,0,33.86186841,38.02102933
468,505,1277.341198,0,0,4,1,1,5,3,9,0,0,23.86325642,26.01438849
469,346,752.134928,1,0,8,0,1,8,4,11,1.005992509,0,16.41131474,18.00996126
470,235,524.5560248,0,0,4,5,2,193,4,10,0,0,23.61563477,12.00664084
471,174,426.1919099,0,0,0,0,0,97,1,0,0,0,12.77804119,9.004980631
472,314,771.615024,1,0,2,12,5,15,3,20,1.005992509,0,19.10820339,16.00885445
473,776,1926.883909,10,27,13,6,34,22,19,160,3.017977528,0,46.20283068,39.02158273
474,204,493.9512748,0,0,0,0,0,0,0,0,0,0,8.833530889,10.00553403
475,320,893.4935009,0,0,0,0,0,0,0,0,18.10786517,0,57.85651904,16.00885445
476,55,157.5088753,0,0,0,0,0,0,0,0,27.16179775,0,18.38158921,3.00166021
477,113,312.7425252,0,0,0,0,0,0,0,0,16.09588015,0,20.89308329,6.003320421
478,49,129.7337479,0,0,0,0,0,0,0,0,8.047940075,0,21.12177948,2.001106807
479,139,384.7327676,4,0,0,0,6,21,1,7,4.023970037,0,20.70768872,7.003873824
480,151,420.8876754,94,72,6,7,4,6,20,41,3.017977528,0,18.36395042,8.004427227
481,103,283.4515059,0,0,7,0,1,0,0,1,4.023970037,0,4.849781665,5.002767017
482,78,203.0404959,0,0,0,0,0,0,0,0,3.017977528,0,14.37752652,4.002213614
483,118,320.2045731,0,0,0,0,0,0,0,0,3.017977528,0,7.109591397,6.003320421
484,228,679.0414407,0,0,1,0,1,0,0,3,5.029962547,0,41.08927793,12.00664084
485,318,935.4771524,1,0,1,1,2,1,1,17,2.011985019,0,14.80915473,16.00885445
486,80,184.7622681,0,0,0,0,0,0,0,0,24.14382022,0,45.46412976,4.002213614
487,119,277.3031888,0,0,0,0,0,0,0,0,15.08988764,0,11.15289302,6.003320421
488,111,269.9613277,0,0,0,0,0,0,0,0,14.08389513,0,30.80648004,6.003320421
489,168,424.2772451,11,9,0,5,0,2,0,6,1.005992509,0,12.70362602,9.004980631
490,105,255.8347778,53,12,48,5,14,147,15,101,1.005992509,0,38.650811,5.002767017
491,196,408.3096801,17,0,0,0,0,1,0,2,4.023970037,0,9.353150353,10.00553403
492,166,386.5244708,0,0,0,0,0,0,0,0,3.017977528,0,9.188069253,8.004427227
493,121,265.4900766,2,0,6,16,12,14,18,67,9.053932584,0,43.08521523,6.003320421
494,365,852.1816585,0,0,0,0,0,0,0,0,8.047940075,0,15.80509203,19.01051467
495,148,380.06213,0,0,0,0,0,3,0,1,4.023970037,0,6.581846545,8.004427227
496,492,1416.263372,0,0,0,0,5,95,0,0,1.005992509,0,25.63456023,25.01383509
497,682,1463.485297,23,1,7,27,12,17,14,49,0,0,36.02694951,35.01936912
498,726,1320.687258,10,6,2,2,2,3,3,23,0,0,33.6453603,37.02047593
499,528,1208.655777,79,63,3,1,6,91,6,26,2.011985019,0,34.77120247,27.01494189
500,861,1688.100517,43,73,4,5,21,16,10,83,0,0,48.32461016,44.02434975
501,365,729.3444618,0,0,0,0,0,51,0,0,1.005992509,0,18.01347475,19.01051467
502,539,1360.265033,44,52,51,71,39,147,28,311,0,0,55.51267941,27.01494189
503,735,1623.468784,35,0,8,3,18,9,15,105,0,0,40.18390522,37.02047593
504,502,1077.761148,5,0,5,4,18,315,11,64,0,0,40.01069873,26.01438849
505,761,1558.254907,24,27,34,8,30,32,48,143,0,0,47.93489556,39.02158273
506,654,1961.463149,0,0,0,0,0,0,0,0,0,0,44.31926079,33.01826231
507,115,308.831221,11,6,2,0,4,93,3,43,0,0,11.9945493,6.003320421
508,425,1042.294698,0,0,2,0,2,2,2,49,0,0,20.87138181,22.01217488
509,433,1051.791598,15,0,11,3,6,9,6,42,0,0,22.73335155,22.01217488
510,477,1008.12533,0,0,0,0,0,0,0,0,0,0,20.6548737,24.01328168
511,409,886.8151247,9,0,2,4,1,194,27,60,0,0,30.57094514,21.01162147
512,440,933.223491,11,24,13,8,29,34,48,207,0,0,35.24752031,22.01217488
513,586,1238.178845,0,0,0,0,0,0,0,0,0,0,25.3747505,30.0166021
514,224,627.2413161,16,96,9,3,22,28,28,147,0,0,24.81182941,11.00608744
515,338,830.9946084,2,0,1,2,6,14,39,35,1.005992509,0,18.92280882,17.00940786
516,416,929.1565616,10,0,12,7,32,191,114,310,0,0,47.28537123,21.01162147
517,612,1406.427476,0,0,0,1,3,118,3,13,0,0,32.47621651,31.01715551
518,267,517.2878137,37,127,27,18,36,53,47,290,0,0,39.05806305,14.00774765
519,126,227.6963152,296,73,57,68,104,52,112,331,0,0,52.78467723,6.003320421
520,716,1458.770898,0,0,0,0,0,0,0,0,0,0,34.00396136,36.01992252
521,440,900.1795663,136,23,6,2,13,16,63,113,0,0,35.16091707,22.01217488
522,377,1002.553609,146,20,14,8,48,44,90,219,1.005992509,0,41.82936686,19.01051467
523,612,1272.09674,7,0,3,0,4,0,5,21,0,0,28.23265755,31.01715551
524,478,1200.123147,1,0,0,1,0,0,0,1,0,0,20.82808019,24.01328168
525,359,841.6468395,0,0,0,0,1,56,0,0,0,0,18.01347475,18.00996126
526,404,896.5933851,154,99,54,32,98,89,281,615,0,0,79.06876178,21.01162147
527,0,0,0,0,178,0,88,75,0,0,0,0,14.7658531,0
528,349,759.1982029,0,0,0,0,0,0,0,0,0,0,15.11226608,18.00996126
529,320,624.8320297,0,0,4,29,7,24,5,27,0,0,18.01347475,16.00885445
530,667,1449.719308,4,0,3,8,13,109,7,29,0,0,36.37336249,34.01881572
531,313,614.0978242,21,0,9,1,5,11,10,32,0,0,17.40725205,16.00885445
532,0,0,551,490,104,53,159,268,189,694,0,0,108.600468,0
533,128,268.322474,153,286,58,29,75,79,108,280,0,0,51.78873992,7.003873824
534,3,4.908236422,412,48,400,9,668,594,1985,3344,0,0,323.160005,0
535,321,689.6825723,483,112,69,181,144,269,173,615,0,0,102.4949393,16.00885445
536,351,547.6848527,610,232,47,42,74,129,91,278,2.011985019,0,80.2812072,18.00996126
537,737,1429.195743,183,0,21,36,35,92,156,326,0,0,68.6763725,37.02047593
538,1354,2266.97163,833,277,99,132,143,223,172,651,0,0,181.1834999,69.03818484
539,232,439.1930163,0,0,0,0,0,0,2,42,9.053932584,0,11.95124767,12.00664084
540,0,0,0,1,2,0,0,86,0,1,0,0,3.897145981,0
541,0,0,0,0,1374,0,278,1826,0,0,0,0,150.6030413,0
542,350,762.2709741,9,24,2,4,9,13,6,30,1.005992509,0,19.35582504,18.00996126
543,849,2062.839624,7,0,15,5,16,121,19,93,0,0,57.71432476,43.02379635
544,541,1142.286567,0,0,0,0,0,0,0,0,0,0,23.42617751,27.01494189
545,400,706.8707941,0,0,1,0,0,167,1,29,0,0,25.89436996,20.01106807
546,442,1039.937498,0,0,1,0,0,2,2,5,0,0,19.57233315,22.01217488
547,427,998.8743535,0,0,0,0,1,124,0,0,0,0,23.90249535,22.01217488
548,386,773.040617,36,1,20,11,69,21,105,354,0,0,43.43152687,20.01106807
549,44,131.6102004,1,1,5,1,2,0,1950,9,0,0,87.1661651,2.001106807
550,108,221.2339743,15,1,44,27,56,350,101,303,0,0,43.51813012,5.002767017
551,413,819.3697834,0,0,0,0,0,16,0,0,5.029962547,0,23.57639584,21.01162147
552,449,838.7595806,1,0,7,26,8,28,16,42,1.005992509,0,29.9850359,23.01272828
553,65,166.6862016,365,45,72,45,102,80,149,359,0,0,55.51267941,3.00166021
554,316,708.7993331,343,148,100,53,131,68,216,621,0,0,86.43003753,16.00885445
555,173,354.1579055,19,36,29,14,39,19,62,186,0,0,24.9850359,9.004980631
556,313,571.7153997,1,7,2,1,4,42,10,27,0,0,17.62376016,16.00885445
557,326,505.3461902,0,0,1,0,8,3,9,7,0,0,15.32877419,17.00940786
558,160,346.5374584,0,0,0,0,0,2,0,151,0,0,13.55340769,8.004427227
559,0,0,31,20,8,6,12,7,69,69,0,0,9.612960085,0
560,467,984.5810799,0,0,0,0,0,0,0,9,0,0,20.61157208,24.01328168
561,556,1128.037056,6,0,15,13,24,107,31,131,0,0,38.23533223,28.0154953
562,206,472.0813162,5,0,8,7,14,11,22,103,0,0,16.28140987,10.00553403
563,499,1022.568678,1,0,2,2,10,32,7,30,0,0,25.24484563,25.01383509
564,426,992.9281977,0,0,0,0,2,1,1,4,0,0,97.79290395,22.01217488
565,289,588.4805103,0,0,3,0,0,170,2,20,0,0,20.95798505,15.00830105
566,400,883.5839543,29,19,131,2,3,3,105,128,0,0,35.50733005,20.01106807
567,302,749.1086936,0,0,0,0,0,0,0,0,0,0,48.07708985,15.00830105
568,975,2135.373165,15,64,12,10,22,70,61,289,0,92,65.73186221,50.02767017
569,264,596.4260803,115,84,26,17,120,41,327,418,0,0,61.14189027,13.00719424
570,1219,2375.103542,51,23,31,11,150,42,346,403,0,0,98.55449169,62.03431101
571,501,1195.370534,5,0,11,25,19,148,33,135,1.005992509,0,37.9755225,25.01383509
572,966,1761.475365,190,96,13,54,27,42,380,479,0,0,149.2987446,49.02711677
573,371,816.7423221,0,0,0,0,0,0,0,0,0,0,51.06490176,19.01051467
574,135,314.9739886,0,0,0,0,0,0,0,0,5.029962547,0,8.845718971,7.003873824
575,366,845.1975831,44,27,77,17,33,36,20,147,3.017977528,0,35.21234408,19.01051467
576,9,17.59809398,6,22,91,33,22,40,28,170,0,0,18.22998286,0
577,1,1,0,0,0,0,0,0,0,0,0,0,0.043301622,0
578,4,5.82596905,0,0,0,0,0,0,0,0,0,0,0.173206488,0
579,39.2,66.16852246,0,0,0,0,0,0,0,0,0,0,1.51555677,2.001106807
580,2,5.427196154,0,0,0,0,1,6,1,5,0,0,0.64952433,0
581,9,19.75313253,0,0,0,0,0,0,0,0,0,0,0.389714598,0
582,395,929.2820325,0,0,0,0,0,0,0,0,50.18315018,0,12.47130482,20.00385728
583,1748,4193.721702,0,0,0,0,0,0,0,0,31.11355311,0,64.18947043,86.01658631
584,590,1522.217934,37,12,11,1,43,10,46,145,2.007326007,0,38.25776661,29.00559306
585,2021,5217.26101,55,28,13,13,59,19,58,223,4.014652015,0,450.5850068,100.0192864
586,390,939.965941,0,0,0,0,0,0,0,0,13.04761905,0,12.3134402,19.00366442
587,520,1304.835199,19,7,2,0,18,2,12,84,7.025641026,0,20.96442126,26.00501446
588,494,1272.42314,3,2,0,37,30,0,2,16,1.003663004,0,56.43858737,24.00462874
589,478,1153.997906,0,0,0,0,0,0,0,0,3.010989011,0,35.09185747,24.00462874
590,578,1487.27014,0,0,0,0,0,0,0,0,0,0,18.24914983,29.00559306
591,538,1400.987574,0,0,0,0,0,0,0,0,0,0,27.98623289,27.00520733
592,470,1089.715066,0,0,0,0,0,0,0,0,2.007326007,0,14.83927409,23.00443587
593,555,1362.507438,0,1,0,0,1,93,2,4,3.010989011,0,20.71183787,27.00520733
594,473,1127.922691,16,3,6,19,49,75,102,288,1.003663004,0,37.55168422,23.00443587
595,750,1850.86997,72,39,14,16,45,211,57,280,1.003663004,0,63.8542186,37.00713597
596,482,1124.66286,80,28,10,11,40,21,37,237,1.003663004,0,69.86798571,24.00462874
597,461,1011.851312,5,0,1,2,1,4,2,9,3.010989011,0,24.31286794,23.00443587
598,2201,5295.932005,67,24,13,2,24,9,31,161,8.029304029,0,79.94264252,109.0210222
599,1298,3134.155471,2,1,0,7,5,3,16,97,9.032967033,0,56.11770781,64.0123433
600,370,829.9610794,725,350,93,114,344,176,343,1489,16.05860806,0,230.417986,18.00347155
601,500,1157.437435,44,15,12,12,32,31,47,141,1.003663004,0,26.33181827,25.0048216
602,572,1620.635405,0,0,0,0,0,0,0,0,5.018315018,0,23.05971229,28.00540019
603,419,1086.005209,0,0,0,0,3,0,1,1,0,0,19.3869196,21.00405014
604,726,1240.995525,39,27,4,7,24,2,20,121,1.003663004,0,30.62573588,36.00694311
605,1002,1688.611579,18,9,5,15,23,7,28,226,2.007326007,0,42.08670714,50.0096432
606,368,871.2472782,0,0,0,0,0,0,0,0,0,0,11.61883588,18.00347155
607,384,810.9471159,0,0,0,0,0,0,0,0,0,0,17.12400266,19.00366442
608,556,1279.754095,22,4,6,1,33,9,38,102,2.007326007,0,120.3427241,27.00520733
609,1130,3392.744376,23,25,5,15,28,86,19,161,0,0,50.10680199,56.01080039
610,673,1369.202121,82,44,2,15,38,222,75,215,0,0,43.12861362,33.00636451
611,425,1007.778628,37,3,3,8,18,61,20,77,0,0,23.58554618,21.00405014
612,552,1265.992236,13,2,0,9,6,7,5,67,0,0,34.86970249,27.00520733
613,452,1151.373412,0,0,0,0,0,0,0,0,0,0,14.27096146,22.00424301
614,1080,2705.459634,8,2,1,5,9,4,61,57,0,0,44.73997724,53.01022179
615,675,1431.855514,41,14,5,13,50,12,107,271,0,0,51.50863322,33.00636451
616,439,1044.537129,2,0,0,2,5,54,10,22,0,0,24.8599412,22.00424301
617,557,1238.830099,0,0,0,0,0,0,1,4,0,0,75.74398306,28.00540019
618,927,2383.778845,52,27,34,46,96,51,70,434,1.003663004,0,54.84216827,46.00887175
619,1052,2675.039537,122,44,25,18,62,22,94,371,4.014652015,0,57.14699169,52.01002893
620,525,1220.633042,0,0,0,0,0,0,0,0,1.003663004,0,33.57578488,26.00501446
621,625,1409.403892,0,0,3,1,0,0,2,3,0,0,23.01723355,31.00597878
622,580,1271.061213,144,39,19,48,125,81,76,385,0,0,47.26466661,29.00559306
623,0,0,0,2,975,0,1826,487,0,813,0,0,129.5437055,0
624,729,1707.637078,36,9,7,12,17,67,24,95,0,0,38.44663189,36.00694311
625,523,1199.808997,43,16,5,7,35,135,56,188,0,0,35.82550698,26.00501446
626,0,0,5,2,6,0,291,426,26,74,0,0,26.20552658,0
627,563,1300.034679,56,28,17,13,27,111,54,130,0,0,34.54135066,28.00540019
628,0,0,38,8,16,12,1255,2157,356,358,0,0,132.6062791,0
629,0,0,0,0,423,0,0,1435,3,51,0,0,60.3674299,0
630,0,0,0,0,301,0,385,4494,2,74,0,0,165.9472864,0
631,0,0,0,0,249,0,1124,6781,0,186,0,0,263.3181827,0
632,407,799.4475478,0,0,1,1,0,1,0,42,0,0,14.27096146,20.00385728
633,0,0,0,0,0,0,320,138,1,55,0,0,16.22848272,0
634,46,121.5022475,259,66,36,24,748,11841,458,768,0,0,449.7878694,2.000385728
635,422,1101.396827,121,94,15,37,161,80,148,781,8.029304029,0,307.6940649,21.00405014
636,1071,2793.645717,69,43,13,28,106,147,127,574,11.04029304,0,494.7658276,53.01022179
637,957,2296.225604,0,1,0,6,4,44,4,20,1.003663004,0,206.7095488,47.00906461
638,812,1825.24447,69,17,6,15,61,86,43,373,2.007326007,0,74.79107276,40.00771456
639,3,5.884947797,4,56,3,2,14,1,13,75,0,112.992,55.39896993,0
640,0,0,0,0,0,0,0,0,0,0,0,0,0,0
641,480,1122.218377,14,14,4,14,20,6,17,133,0,0,32.16419236,24.00462874
642,523,1249.877459,0,0,0,0,10,0,1,7,0,0,36.08095166,26.00501446
643,939,2127.18876,4,0,3,3,1,54,5,12,0,0,32.23595498,46.00887175
644,491,1032.040332,0,0,0,0,0,0,0,0,0,0,15.50230548,24.00462874
645,1327,3450.681019,35,27,2,7,48,22,70,219,0,0,55.47362674,66.01272903
646,1290,2476.022644,22,10,2,25,70,178,172,221,0,0,71.83011794,64.0123433
647,0,0,29,0,716,0,1890,55,1,1062,0,0,118.4931822,0
648,625,1237.650054,0,0,0,0,0,0,0,0,2.007326007,0,19.73307724,31.00597878
649,574,1112.8886,0,0,0,0,0,0,0,0,1.003663004,0,78.12285814,28.00540019
650,462,917.6899648,0,0,0,0,0,0,0,0,0,0,23.5866907,23.00443587
651,0,0,34,10,80,190,7,0,37,220,1.003663004,0,18.24914983,0
652,37,76.59495015,16,4,167,105,12,13,211,112,0,0,21.37486927,2.000385728
653,1305,2274.752192,11,4,2,7,42,4,102,153,0,0,51.46386545,65.01253616
654,1320,2506.352112,48,31,6,7,49,7,96,141,0,0,73.83183472,65.01253616
655,694,1750.735541,0,1,0,0,0,53,5,21,0,0,24.43744286,34.00655738
656,464,1231.953224,0,0,0,0,0,0,0,0,1.003663004,0,14.64983654,23.00443587
657,1,1,682,201,2326,813,625,66,886,2551,0,0,257.3509002,0
658,954,1621.07109,7,5,0,2,18,0,18,42,0,0,42.02527807,47.00906461
659,423,709.9935976,27,10,5,7,38,139,79,237,0,0,30.46787126,21.00405014
660,1266,2069.590937,75,26,30,18,34,206,353,300,0,0,86.87030764,63.01215043
661,1653,2873.747441,219,76,13,41,314,54,180,864,0,0,107.7899611,82.01581485
662,959,1673.764981,130,8,9,69,75,34,87,1008,0,0,75.11198521,47.00906461
663,450,753.4514577,121,31,3352,389,101,359,217,697,2.007326007,0,180.5024041,22.00424301
664,1526,2443.779995,51,68,15,40,39,52,114,388,0,0,679.3967138,75.0144648
665,1309,2642.162174,45,28,6,10,31,74,51,107,1.003663004,0,69.44262608,65.01253616
666,1407,3367.833618,28,12,2,0,12,40,83,38,0,0,51.21128206,70.01350048
667,1570,3863.350213,220,66,61,41,245,65,639,1090,4.014652015,0,126.1969756,78.01504339
668,1012,2607.136533,13,13,1,3,19,6,18,61,13.04761905,0,59.18257043,50.0096432
669,636,1383.871203,336,221,124,234,425,339,442,791,3.010989011,0,112.0207329,31.00597878
670,1023,2507.451818,167,70,21,24,46,25,79,423,3.010989011,0,67.2939505,51.00983607
671,579,1384.2359,25,54,19,34,20,8,129,117,0,0,31.09932973,29.00559306
672,374,1061.108791,16,52,3,6,29,5,35,81,2.007326007,0,18.97532708,18.00347155
673,561,1494.695153,5,1,1,2,6,0,0,20,2.007326007,0,43.81746246,28.00540019
674,1253,2872.859859,12,6,0,1,3,109,13,38,2.007326007,0,49.30714535,62.01195757
675,1055,2317.135913,50,11,5,4,16,250,14,71,0,0,46.60163521,52.01002893
676,6,15.57256358,2,2,1,40,10,28,4,47,21.07692308,0,4.420209302,0
677,1170,2969.469432,468,203,82,83,239,307,201,1201,21.07692308,0,135.8393399,58.01118611
678,743,1881.291627,2,0,0,0,1,179,64,16,2.007326007,0,31.7307882,37.00713597
679,1137,2810.302084,0,0,0,0,0,1,1,1,1.003663004,0,136.9931329,56.01080039
680,1537,3382.85742,71,10,6,54,116,167,166,339,0,0,79.85882957,76.01465767
681,932,2103.105508,55,37,23,67,16,87,16,105,0,6.848,70.24457176,46.00887175
682,853,1941.586176,1,1,1,5,1,0,0,9,0,0,27.50001644,42.00810029
683,1163,2815.46169,0,0,0,0,0,0,0,0,14.05128205,0,36.71931013,58.01118611
684,1201,3009.577144,4,0,1,1,5,4,2,12,15.05494505,0,50.83469601,59.01137898
685,972,2377.620139,13,3,4,1,6,6,1,13,0,0,42.17280914,48.00925747
686,460,1282.836721,0,0,0,0,2,0,7,2,0,0,14.87084701,23.00443587
687,881,2227.418806,1,1,3,0,11,0,3,8,0,0,28.66821462,44.00848602
688,604,1458.839511,31,15,7,1,11,2,7,78,0,0,23.86913023,30.00578592
689,0,0,0,0,0,0,0,0,0,0,65.23809524,0,0,0
690,1014,2216.004879,127,69,26,42,223,191,362,752,19.06959707,0,88.59362358,50.0096432
691,589,1215.197809,609,490,497,391,1044,195,1217,2063,19.06959707,0,242.0098928,29.00559306
692,768,1775.902285,9,3,4,21,184,30,60,470,0,0,141.9064586,38.00732883
693,1454,2969.275702,72,25,24,44,264,391,458,1002,4.014652015,0,159.8932967,72.01388621
694,272,494.696883,173,81,52,108,158,246,137,786,3.010989011,0,620.5562952,13.00250723
695,169,368.4891092,3,1,47,20,1,2,0,138,18.06593407,0,75.02928389,8.001542912
696,560,1340.415525,194,130,14,59,104,70,63,365,2.007326007,0,49.22218787,28.00540019
697,796,1765.760591,0,0,14,7,7,4,195,28,3.010989011,0,130.1831427,39.0075217
698,1421,3420.436568,0,0,0,0,0,47,2,3,0,0,90.50691644,70.01350048
699,1219,2884.540997,0,10,0,1,9,2,8,43,0,0,66.79221727,60.01157184
700,879,1479.651397,113,106,20,11,44,142,62,288,0,0,117.5689178,43.00829315
701,798,1531.172102,62,26,25,58,57,171,283,273,2.007326007,0,72.34733505,39.0075217
702,1398,2398.24422,96,23,22,89,41,66,39,238,1.003663004,0,69.52472226,69.01330762
703,1470,2880.45553,752,471,119,141,737,270,2151,2044,0,0,257.4771919,73.01407907
704,2330,3991.792217,532,373,153,85,597,184,644,1989,0,0,240.4427247,115.0221794
705,1859,3920.286821,210,73,31,93,255,51,445,959,2.007326007,0,138.5339442,92.01774349
706,322,670.5227808,15,1,6,20,15,9,13,93,4.014652015,0,29.59702425,16.00308582
707,1767,4091.773137,0,0,0,0,3,0,12,1,1.003663004,0,347.2945228,87.01677917
708,1165,2722.839473,0,0,0,0,4,0,4,0,0,0,37.03503937,58.01118611
709,424,804.698094,8,3,58,97,25,2,7,55,1.003663004,0,29.43801512,21.00405014
710,1131,2108.981725,251,101,25,83,62,100,133,404,0,0,114.301995,56.01080039
711,594,962.410704,420,454,12,42,52,38,169,364,0,0,67.72392109,29.00559306
712,375,723.5766926,19,7,2,5,13,62,149,64,2.007326007,0,35.97475482,19.00366442
713,1178,2528.631208,37,10,0,3,20,6,19,87,0,0,61.93917608,58.01118611
714,1462,3688.251216,22,0,2,0,7,51,23,15,1.003663004,0,77.94836511,72.01388621
715,838,2033.213035,114,38,17,21,86,17,97,559,0,0,122.4208144,41.00790743
716,322,794.1094905,17,5,1,3,7,0,108,17,0,0,15.15500332,16.00308582
717,1181,2490.151695,100,25,48,25,51,33,50,162,4.014652015,0,64.88464701,58.01118611
718,256,695.6957609,4,0,3,5,14,65,10,48,5.018315018,0,12.78703405,13.00250723
719,0,0,36,4,271,490,84,8,17,197,0,23.968,34.95122641,0
720,1328,2239.16906,1560,494,212,188,372,599,668,1967,0,0,261.2607595,66.01272903
721,760,1422.616677,9,3,2,0,8,119,9,37,0,0,32.89955864,38.00732883
722,498,818.4568345,75,21,7,37,140,371,199,497,0,0,61.25204402,25.0048216
723,1434,2530.973837,13,6,3,3,13,66,14,75,0,0,55.36914668,71.01369335
724,2174,4497.01077,0,0,1,0,0,9,1,63,5.018315018,0,141.9759322,108.0208293
725,247,676.7733616,1,0,0,0,2,102,2,5,0,0,11.33467957,12.00231437
726,398,946.5749842,0,0,1,0,0,81,1,8,1.003663004,0,15.43915963,20.00385728
727,553,1229.504687,0,0,0,0,0,0,0,0,0,0,17.45982674,27.00520733
728,919,2107.814152,7,0,6,19,25,137,23,128,1.003663004,0,44.90817541,45.00867888
729,407,800.7151038,94,4,496,865,112,7,83,210,4.014652015,0,75.92311993,20.00385728
730,2179,5320.378708,15,5,7,1,4,7,7,40,1.003663004,0,149.5126719,108.0208293
731,752,1955.352711,554,252,106,63,738,110,975,1282,8.029304029,0,184.5603668,37.00713597
732,914,2297.223457,231,74,40,29,312,125,354,626,8.029304029,0,85.4047583,45.00867888
733,905,2317.595293,0,0,0,0,0,0,0,0,2.007326007,0,28.57349585,45.00867888
734,694,1730.454645,0,0,0,0,0,0,0,0,0,0,25.91160897,34.00655738
735,510,1394.651041,8,8,0,2,3,0,4,13,0,0,17.30196213,25.0048216
736,590,1140.68358,0,0,0,0,0,0,0,0,1.003663004,0,25.62802492,29.00559306
737,1164,2294.767749,17,6,14,13,30,89,65,336,0,0,67.7474495,58.01118611
738,242,410.4962851,281,169,22,67,95,45,237,665,0,0,57.5574397,12.00231437
739,1763,3766.826281,35,8,6,28,68,45,63,354,2.007326007,0,99.8278289,87.01677917
740,3,6.518725796,0,0,0,0,0,0,0,0,40.14652015,0,0.094718771,0
741,177,442.9123979,0,0,0,0,0,0,0,0,0,0,5.588407475,9.001735776
742,396,914.9767127,13,19,4,9,38,6,1177,114,0,0,77.07351229,20.00385728
743,820,2203.24742,16,1,0,16,22,140,21,92,5.018315018,3.424,35.61425781,41.00790743
744,1537,3428.489436,0,0,0,0,3,56,6,2,1.003663004,0,71.64296943,76.01465767
745,459,1136.796206,2,0,0,3,1,0,0,2,0,0,14.74455532,23.00443587
746,292,774.5542485,6,1,4,10,29,24,19,138,0,0,21.51263904,14.0027001
747,1345,2646.868636,85,24,10,24,100,200,197,445,0,0,80.72220432,67.01292189
748,947,1796.627908,0,0,0,0,9,0,3,2,2.007326007,0,36.34157957,47.00906461
749,364,974.1005715,0,0,0,0,0,0,0,0,0,0,22.49254419,18.00347155
750,661,1590.934415,276,111,10,29,24,19,30,234,0,0,98.01265548,33.00636451
751,1297,3382.324872,285,24,80,74,128,26,74,191,0,0,68.7974005,64.0123433
752,1131,2475.305409,294,101,110,83,206,163,838,1203,1.003663004,0,130.3646015,56.01080039
753,1,2.172908598,0,0,0,0,0,0,0,0,19.06959707,0,0.031572924,0
754,554,1647.435963,9,0,4,9,18,45,12,46,7.025641026,0,25.00632774,27.00520733
755,761,1970.472443,0,0,0,0,0,0,0,0,4.014652015,0,48.02699485,38.00732883
756,518,1315.700054,121,24,37,101,66,167,150,649,0,0,81.87316893,26.00501446
757,1168,1933.96681,7,8,2,4,28,1,47,44,0,0,181.328957,58.01118611
758,1262,2159.76867,20,4,11,15,83,287,79,379,0,0,75.56605648,62.01195757
759,481,1275.864227,0,0,1,1,12,0,0,1,6.021978022,0,30.6601701,24.00462874
760,696,1710.08312,1,2,0,3,13,123,7,57,12.04395604,0,28.47877708,34.00655738
761,416,993.292675,14,3,8,9,48,966,85,205,4.014652015,0,55.37890797,21.00405014
762,501,1361.151748,9,2,2,7,40,219,13,105,4.014652015,0,28.35248538,25.0048216
763,473,1277.494298,0,0,0,0,0,0,0,0,1.003663004,0,21.93399286,23.00443587
764,1532,3232.561717,4,0,3,10,16,73,7,34,0,0,101.0109387,76.01465767
765,390,1073.059321,3,1,4,46,16,73,12,91,1.003663004,0,26.0803794,19.00366442
766,239,433.7651252,0,1,0,26,3,1,8,13,9.032967033,0,20.18772076,12.00231437
767,629,1295.776373,52,25,15,18,26,7,29,207,4.014652015,0,39.82550698,31.00597878
768,754,1459.647688,0,0,10,0,2,0,3,4,0,0,58.40586993,37.00713597
769,703,1353.265795,25,22,5,14,18,6,19,388,0,0,81.8875083,35.00675024
770,1000,2133.614363,2,0,6,2,19,82,2,7,0,0,56.36167442,49.00945034
771,685,1578.438866,151,32,25,83,234,44,309,1087,0,0,83.66824751,34.00655738
772,673,1374.272345,0,0,0,0,0,0,0,0,0,0,61.24857757,33.00636451
773,884,1901.204083,0,0,0,0,0,2,6,0,0,0,89.16304784,44.00848602
774,322,784.6028206,202,43,12,47,80,30,199,547,1.003663004,0,53.79107276,16.00308582
775,3922,7110.72392,569,331,176,71,455,148,720,1699,4.014652015,0,255.4565247,194.0374156
776,951,1750.180856,30,1,1,3,37,38,56,107,0,0,45.64525847,47.00906461
777,1339,2580.593832,76,54,34,38,63,80,179,332,0,0,69.30256727,66.01272903
778,976,3039.103112,1,0,0,0,1,0,0,0,2.007326007,0,42.87831927,48.00925747
779,730,1438.553003,0,0,0,0,7,0,2,1,0,0,23.36396345,36.00694311
780,935,1862.450814,753,315,12,41,68,70,518,713,0,0,108.1372633,46.00887175
781,25,45.44982298,25,1,1,6,18,38,8,2282,1.003663004,0,75.9013083,1.000192864
782,696,1389.391453,0,1,14,1,2,5,2,28,0,0,23.64811977,34.00655738
783,242,520.7736568,8,1,3,8,4,8,1,68,26.0952381,0,10.82951279,12.00231437
784,555,1522.853272,1,0,1,0,0,47,3,2,9.032967033,0,43.22791046,27.00520733
785,878,2005.415561,1,0,0,0,0,17,0,0,0,0,107.2893395,43.00829315
786,637,1379.072553,10,1,15,33,36,696,28,108,2.007326007,0,55.38005249,32.00617165
787,500,1005.330716,64,13,84,28,134,737,266,834,0,0,83.98397674,25.0048216
788,483,961.4197113,3,3,1,6,1,107,30,22,0,0,25.71183787,24.00462874
789,606,1271.150595,0,0,0,0,0,2,0,1,0,0,22.22791046,30.00578592
790,659,1552.998364,0,0,0,4,3,4,1,20,0,0,40.8168902,33.00636451
791,1,4.708020594,13,4,22,54,4,0,9,109,9.032967033,0,6.819751495,0
792,172,324.305595,0,0,0,0,0,0,0,0,0,0,5.430542857,9.001735776
793,1034,2417.90755,0,0,0,0,0,0,2,0,1.003663004,0,43.70954884,51.00983607
794,77,196.46775,31,13,52,24,16,50,17,150,34.12454212,0,23.57635714,4.000771456
795,638,1623.348657,3,0,0,1,0,38,1,3,2.007326007,0,24.59587973,32.00617165
796,470,1145.487529,0,0,0,0,0,0,0,0,3.010989011,0,14.83927409,23.00443587
797,494,1048.699505,0,0,0,0,0,0,0,0,0,0,24.59702425,24.00462874
798,531,1151.279354,3,0,0,0,0,52,1,2,0,0,22.59645199,26.00501446
799,694,1547.292804,1,0,0,0,0,0,2,0,0,0,40.00632774,34.00655738
800,0,0,0,0,0,0,1,2,0,7,9.032967033,0,0.315729236,0
801,86,195.7430315,207,67,202,154,99,49,56,300,0,0,38.51896678,4.000771456
802,415,847.8859385,22,56,9,6,26,15,25,242,0,0,25.76350565,21.00405014
803,768,1531.897756,6,5,2,0,0,0,0,7,0,0,33.87946379,38.00732883
804,348,737.1588524,0,0,0,0,0,0,0,0,0,0,33.98737741,17.00327869
805,1043,2419.717944,0,0,0,0,0,0,0,0,0,0,53.9305593,52.01002893
806,913,2099.213146,55,40,131,43,125,14,47,302,2.007326007,0,98.72678239,45.00867888
807,857,2067.526741,119,33,29,16,26,50,26,174,0,0,50.99198837,42.00810029
808,857,1945.207586,354,63,87,23,115,89,112,520,0,0,70.09189036,42.00810029
809,475,1055.58137,37,26,4,16,6,86,19,71,0,0,29.36396345,23.00443587
810,361,703.9301982,144,28,14,39,33,28,32,229,0,0,40.66821462,18.00347155
811,478,908.7258207,0,0,0,0,0,0,0,0,0,0,19.09185747,24.00462874
812,361,717.2395362,2,1,1,0,0,111,1,3,0,0,15.15500332,18.00347155
813,141,332.9987884,0,0,0,1,1,2,1,17,1.003663004,0,5.146386545,7.001350048
814,319,681.116061,0,0,4,0,0,0,9,0,2.007326007,0,26.48221063,16.00308582
815,517,1069.522615,11,1,3,2,0,4,2,18,0,0,17.61769136,26.00501446
816,2,3.712039198,3,0,1,49,2,2,0,52,1.003663004,0,3.504594518,0
817,336,759.8848551,12,1,4,7,4,7,3,45,6.021978022,0,109.229055,17.00327869
818,502,1199.809933,0,0,0,0,0,0,0,22,0,0,63.54421196,25.0048216
819,610,1469.341851,3,0,2,1,10,93,8,35,0,0,72.05856777,30.00578592
820,80,192.8460279,1,21,1,5,0,0,0,4,12.04395604,0,40.53616744,4.000771456
821,514,1195.463491,0,22,1,9,2,0,3,6,4.014652015,0,54.58611844,25.0048216
822,129,284.7416552,5,77,3,9,4,0,1,29,0,10.272,31.11424136,6.001157184
823,80,174.4664659,57,53,22,10,37,7,14,87,1.003663004,0,20.58726296,4.000771456
824,1,2.172908598,1131,378,131,103,204,304,149,1019,0,0,107.9793987,0
825,890,1708.897463,209,105,69,49,110,174,129,618,0,0,122.2910892,44.00848602
826,859,1720.125769,91,13,25,33,155,270,426,717,0,0,93.74229917,42.00810029
827,728,1661.09971,146,66,27,46,76,162,105,581,0,0,105.156753,36.00694311
828,845,1924.202907,2,1,0,0,1,0,1,3,0,0,29.93170382,42.00810029
829,584,1390.03022,0,0,0,0,0,0,0,0,0,0,52.43858737,29.00559306
830,894,2040.815877,259,109,47,36,165,121,117,419,0,0,116.4185254,44.00848602
831,800,1854.308252,137,50,39,23,57,269,111,351,0,27.392,69.99946063,40.00771456
832,1077,2578.523088,66,7,18,19,47,18,256,168,0,0,55.91621993,53.01022179
833,760,1774.363467,149,3,29,24,136,88,912,537,0,0,86.28937242,38.00732883
834,399,906.9185449,1,0,2,0,0,54,1,4,0,0,22.55511777,20.00385728
835,760,1930.906632,2,1,0,6,17,47,6,19,0,0,85.08956844,38.00732883
836,346,713.7996952,305,317,64,69,92,128,80,403,0,0,59.95755415,17.00327869
837,796,1674.496559,72,10,10,6,19,9,97,82,0,0,34.76178887,39.0075217
838,605,1168.840763,33,6,18,13,53,195,61,145,0,0,46.64583073,30.00578592
839,374,651.0544262,2,0,3,0,1,115,2,1,0,0,23.72331595,18.00347155
840,496,1108.184009,18,2,5,18,14,54,28,61,0,0,34.97475482,25.0048216
841,409,936.8867445,37,1,2,0,1,61,2,11,0,0,44.54421196,20.00385728
842,763,1713.701724,0,0,4,0,0,0,0,5,0,0,61.37429701,38.00732883
843,392,927.8335308,0,0,0,0,0,0,0,0,0,0,124.376586,19.00366442
844,690,1323.750428,74,26,14,8,18,125,62,80,0,0,86.63549717,34.00655738
845,374,767.669578,130,14,38,21,91,42,308,351,0,0,43.22333239,18.00347155
846,518,1074.230636,24,1,2,8,4,2,2,18,1.003663004,0,70.28072276,26.00501446
847,582,1418.00708,174,24,22,45,35,43,44,354,0,0,53.77097791,29.00559306
848,978,2209.397083,0,0,0,0,0,0,0,0,0,0,40.87831927,48.00925747
849,303,717.9664372,3,0,1,0,0,75,1,5,0,0,19.25029435,15.00289296
850,418,998.27227,1,0,1,0,1,62,0,4,0,0,54.37601379,21.00405014
851,222,531.1866148,0,0,0,0,0,0,3,0,0,0,7.103907807,11.0021215
852,611,1455.036532,5,0,2,3,11,66,7,75,0,0,79.6268804,30.00578592
853,849,1916.416314,0,0,0,0,0,0,0,0,0,0,141.8054121,42.00810029
854,327,648.4308678,12,1,2,1,37,7,7,33,0,0,24.48163837,16.00308582
855,487,1065.811824,203,98,27,16,27,79,27,229,0,0,44.66649784,24.00462874
856,602,1326.470539,17,3,6,12,17,35,11,129,0,0,43.26867242,30.00578592
857,776,1895.323812,0,0,0,0,0,0,0,0,0,0,82.5005887,38.00732883
858,700,1777.716109,0,0,0,0,0,5,0,0,0,0,69.25891113,35.00675024
859,0,0,0,0,0,0,0,0,0,0,7.025641026,0,0,0
860,90,184.1537699,982,154,331,46,207,468,255,685,5.018315018,0,113.6016681,4.000771456
861,1458,3477.3844,0,0,0,0,0,0,0,0,2.007326007,0,46.03332259,72.01388621
862,221,546.7594902,1742,512,358,123,367,751,423,1116,17.06227106,0,208.2188201,11.0021215
863,250,609.7738395,197,243,97,73,110,13,164,246,1.003663004,0,78.98108256,12.00231437
864,411,853.7711981,116,40,381,29,160,87,53,198,0,0,55.57006229,20.00385728
865,246,391.9354655,490,186,106,107,429,195,659,1059,0,0,188.7790553,12.00231437
866,601,1345.846082,62,34,169,112,15,22,13,122,0,0,54.30886212,30.00578592
867,3,8.420059792,187,680,294,450,79,10,163,453,1.003663004,0,73.2176098,0
868,820,2169.657187,39,110,38,98,59,176,28,316,0,0,53.16880332,41.00790743
869,12,27.97623718,22,120,139,87,12,7,17,65,0,0,15.18657625,1.000192864
870,323,784.8743951,71,27,28,49,31,30,23,104,0,0,21.65902558,16.00308582
871,326,722.9450971,90,67,13,23,35,84,25,146,0,0,25.54249518,16.00308582
872,322,681.9307848,522,174,50,31,110,162,99,315,0,0,85.3576686,16.00308582
873,315,637.5666366,36,10,7,6,4,13,8,51,0,0,14.20781561,16.00308582
874,1213,2711.157712,23,8,3,6,16,11,10,75,0,0,94.0970407,60.01157184
875,0,0,0,0,0,0,0,0,0,0,0,0,0,0
876,1735,4026.676508,627,147,344,375,291,834,270,868,0,0,437.3669234,86.01658631
877,0,0,459,66,567,727,110,100,82,513,0,6.848,82.84735149,0
878,0,0,15,57,137,953,5,2,8,124,0,0,41.07637359,0
879,138,222.5404707,66,78,415,201,30,53,27,239,0,136.96,39.37143571,7.001350048
880,518,889.1674605,242,136,50,32,88,64,86,444,0,0,95.41105315,26.00501446
881,0,0,163,61,615,317,79,14,25,952,0,0,70.2813279,0
882,0,0,7,7,188,139,7,9,7,245,0,0,19.22791046,0
883,675,1569.38534,122,30,30,18,55,31,38,143,0,0,60.05627874,33.00636451
884,650,1333.802118,84,10,17,2,11,114,18,76,0,0,43.00461096,32.00617165
885,234,450.1530362,53,1,12,13,18,82,20,141,0,0,22.12285814,12.00231437
886,447,984.5994811,0,0,0,0,4,0,0,2,0,0,64.30253438,22.00424301
887,354,769.2096438,0,0,0,0,0,0,0,0,0,0,31.17681495,18.00347155
888,0,0,82,21,130,118,98,107,43,214,0,0,25.66878688,0
889,0,0,1,4,17,227,1,0,0,2,0,0,7.956376744,0
890,0,0,65,9,352,149,4,0,7,151,0,0,23.26924468,0
891,668,1303.83267,40,7,13,3,15,88,14,66,0,0,38.85765216,33.00636451
892,746,1492.966659,0,0,0,0,0,2,0,0,0,0,42.61654684,37.00713597
893,0,0,113,50,444,119,67,53,62,201,0,0,35.01437226,0
894,1054,2265.528321,11,0,6,1,2,2,0,32,0,99.296,34.98279933,52.01002893
895,358,782.9715022,6,0,3,1,1,0,0,58,0,0,13.48163837,18.00347155
896,593,1519.863769,0,0,1,0,12,0,2,72,0,0,42.46958804,29.00559306
897,0,0,0,0,0,0,0,0,0,0,0,0,0,0
898,0,0,0,0,0,0,0,0,0,0,8.029304029,0,0,0
899,0,0,0,0,0,0,0,0,0,0,31.11355311,0,0,0
900,0,0,0,0,0,0,0,5,0,0,0,0,0,0
901,0,0,0,0,0,0,0,0,0,0,0,0,0,0
902,0,0,0,0,0,0,0,0,0,0,0,0,0,0
903,7,16.47791619,0,0,0,0,0,0,0,0,0,0,0.221010465,0
904,15,32.59362898,0,0,0,0,0,0,0,0,0,0,0.473593854,1.000192864
905,1,1.5391306,0,0,0,0,0,0,0,0,0,0,0.031572924,0
906,0,0,0,0,0,0,0,0,0,0,0,0,0,0
907,0,0,11,21,549,108,9,323,0,99,0,0,54.77269181,0
908,0,0,0,6,158,0,0,89,0,0,0,0,12.37275985,0
909,0,0,0,3,56,0,0,30,0,0,0,0,4.352472832,0
910,0,0,0,0,0,0,0,0,0,0,0,0,0,0
911,0,0,0,19,559,0,0,339,0,0,0,0,44.84514142,0
912,0,0,0,0,0,0,0,0,0,0,0,0,0,0
913,0,0,0,0,0,0,0,0,0,0,0,0,0,0
914,0,0,0,0,12,0,0,1,0,0,0,0,0.635754459,0
915,0,0,0,0,0,0,0,0,0,0,0,0,0,0
916,0,0,0,0,0,0,0,0,0,0,0,0,0,0
917,0,0,0,0,0,0,0,0,0,0,0,0,0,0
918,0,0,0,0,0,0,0,0,0,0,0,0,0,0
919,0,0,0,0,0,0,0,0,0,0,0,0,0,0
920,0,0,0,0,0,0,0,0,0,0,0,0,0,0
921,0,0,0,0,0,0,0,0,0,0,19.10928513,0,0,0
922,0,0,0,0,0,0,0,0,0,0,0,0,0,0
923,0,0,0,0,0,0,0,0,0,0,5.028759244,0,0,0
924,0,0,0,0,0,0,0,0,0,0,0,2293.855467,0,0
925,0,0,0,2,549,0,0,53,0,0,0,567.0646993,29.53813023,0
926,390,889.8528582,0,24,96,25,1,15,1,5,0,0,27.23963334,37.99628634
927,0,0,0,0,6,31,0,0,0,0,0,0,1.809454997,0
928,0,0,0,0,18,0,0,1,0,0,0,0,0.929179593,0
929,0,0,0,0,24,0,0,3,0,0,74.42563681,0,1.320413106,0
930,0,0,0,10,421,0,0,212,0,0,0,0,31.4453936,0
931,93,210.0898607,0,26,815,0,0,32,0,1,38.21857025,0,47.29035088,8.99912045
932,2987,5993.065372,0,4,241,0,0,5,0,0,13.07477403,0,158.3028602,293.971268
933,3568,7668.752835,3,75,2633,10,20,171,0,56,0,0,319.6377801,350.9656975
934,327,714.7300824,0,0,0,0,0,0,0,0,3.017255546,0,25.99166984,31.99687271
935,0,0,0,0,0,0,0,0,0,0,0,0,0,0
936,128,285.3887554,0,0,0,0,0,0,0,0,0,0,40.25973621,12.99872954
937,0,0,0,0,0,0,0,0,0,0,0,0,0,0
938,61,151.2550978,0,0,0,0,0,0,0,0,0,0,8.983155536,5.999413633
939,286,611.8112262,1333,830,18,357,1780,1173,0,5495,9.051766639,0,551.2480198,27.99726362
940,0,0,35,11,3,118,51,97,0,317,0,0,30.90744752,0
941,237,536.2709301,1,0,0,0,0,149,0,2,1.005751849,0,19.02372957,22.99775226
942,0,0,0,2,282,0,0,918,0,0,0,0,58.78283532,0
943,0,0,0,1,5,0,0,2,0,0,87.50041085,0,0.391233513,0
944,0,0,178,65,7,359,179,304,0,889,0,0,96.87919865,0
945,0,0,134,43,105,259,91,172,0,617,0,0,69.49285274,0
946,0,0,264,113,7,298,182,198,0,824,0,11.8138479,92.23330068,0
947,0,0,4,2,0,2247,18,790,0,1416,1.005751849,0,218.9440547,0
948,0,0,157,85,3,167,404,270,43,838,0,0,96.19454,0
949,1,2.454728526,302,141,6,111,511,276,0,1180,0,0,123.6297901,0
950,0,0,111,91,66,168,481,183,0,871,19.10928513,0,96.39015676,0
951,1364,4096.720276,17,0,0,0,0,58,0,0,0,0,70.37312814,133.9869045
952,152,396.6269301,7,6,0,3,17,37,0,77,0,0,14.62235255,14.99853408
953,0,0,51,13,0,65,22,201,0,180,0,0,26.01702861,0
954,0,0,0,0,0,0,0,0,0,0,0,0,0,0
955,0,0,0,1,26,0,0,12,0,0,0,0,1.907263376,0
956,0,0,0,3,481,0,0,43,0,0,60.34511093,0,25.77250767,0
957,0,0,56,88,7451,543,201,576,0,724,4.023007395,0,471.3874789,0
958,0,0,43,16,58,5682,35,82,0,287,22.12654067,0,303.3526851,0
959,0,0,37,20,541,443,128,244,172,528,0,0,103.3345516,0
960,603,1631.867069,89,81,0,17,231,226,73,317,0,0,80.05615759,58.99423406
961,742,1897.99978,4,1,0,0,8,156,8,29,0,0,46.36117129,72.99286587
962,487,1111.278291,30,11,0,3,6,11,0,72,0,0,30.32059725,47.99530906
963,131,221.4700298,1054,564,40,169,1657,874,93,3277,0,0,384.3380223,12.99872954
964,705,1562.234607,0,0,0,0,0,0,0,0,0,0,34.47745333,68.99325678
965,0,0,22,572,0,7713,170,5314,14,1391,0,0,743.1480579,0
966,212,552.2522588,33,31,0,1,28,29,9,83,0,0,20.83318457,20.99794772
967,374,888.4936439,4,14,0,1,8,50,15,28,0,0,24.15866943,36.99638407
968,469,738.7367887,8,13,0,0,1,2,0,5,0,0,24.35428618,45.99550452
969,367,1040.417876,0,0,0,0,0,55,0,0,0,0,20.63756781,35.9964818
970,761,1085.16514,13,21,0,1,8,8,0,52,0,0,42.2532194,74.99267041
971,585,930.2108503,55,15,5,19,63,54,0,146,0,0,46.06774615,56.99442951
972,302,515.3460199,84,45,89,25,235,103,97,338,0,0,64.45572126,29.99706817
973,721,1373.253283,0,0,0,0,0,0,0,0,0,0,35.25992036,70.99306132
974,928,1831.332384,40,11,1,20,88,163,9,170,0,0,69.93299044,90.99110677
975,0,0,0,1,175,0,0,21,0,0,0,0,9.634125257,0
976,0,0,0,0,0,3,0,1,0,4,63.36236647,0,0.391233513,0
977,0,0,128,13,2193,282,181,26,0,188,0,0,147.2505134,0
978,0,0,1132,882,2193,1983,2295,2577,0,7114,0,0,888.8825415,0
979,0,0,18,51,1816,313,1600,116,320,403,0,92.54180856,226.768725,0
980,701,2107.512406,37,19,2,1,62,26,27,135,0,0,49.39323101,68.99325678
981,598,1194.929276,38,32,0,14,70,214,0,170,1.005751849,0,55.55515884,58.99423406
982,346,819.7612451,133,9,3,5,15,23,0,68,0,0,29.44032185,33.99667725
983,265,570.1202021,0,0,0,0,0,0,0,0,0,0,12.95961012,25.99745908
984,1388,2748.933759,876,557,0,115,2553,3697,0,3201,0,0,605.7761906,135.986709
985,1879,4327.303255,303,208,0,31,658,1361,0,1022,0,0,267.114681,184.9819204
986,517,1131.837127,123,57,0,40,337,429,0,584,0,0,102.0630427,50.99501588
987,523,1224.673369,0,0,0,0,0,0,0,0,0,0,25.57689091,50.99501588
988,701,1312.025451,63,24,0,6,180,96,16,229,0,0,64.30900869,68.99325678
989,449,1290.238661,4,2,0,2,2,12,67,7,0,0,26.65278307,43.99569998
990,765,1285.612497,19,15,0,17,63,45,87,115,0,0,55.06611695,74.99267041
991,458,713.2514326,11,4,3,246,33,23,95,71,0,0,46.16555453,44.99560225
992,1270,1933.753906,84,24,8,56,329,52,192,277,0,0,112.0884015,124.987784
993,626,984.5966601,12,6,14,29,21,6,40,45,0,0,39.07444711,61.99394087
994,395,658.7029427,115,98,0,6,217,496,230,359,0,0,93.70042635,38.99618861
995,1222,1889.484835,15,62,1,3,9,4,36,20,0,0,67.09654747,119.9882727
996,729,1184.35068,31,10,0,6,67,97,43,157,0,0,55.7507756,71.9929636
997,544,770.417331,19,12,0,6,13,12,13,32,0,0,31.83662712,52.99482043
998,563,873.9318361,10,2,0,7,63,51,16,102,0,0,39.80800994,54.99462497
999,0,0,348,145,0,141,318,1039,39,660,0,0,131.5522687,0
1000,301,562.940995,213,100,24,101,523,453,1760,961,0,0,216.9389829,29.99706817
1001,557,903.9448667,140,34,4,2,25,11,0,111,0,0,43.23130318,54.99462497
1002,470,876.1740511,0,0,0,0,0,0,0,0,0,0,22.98496889,45.99550452
1003,646,949.5167298,8,0,0,0,1,0,0,16,0,0,32.8147109,62.99384315
1004,447,799.9987451,2,3,1,0,2,2,0,10,0,0,22.83825632,43.99569998
1005,51,86.51638389,0,0,0,0,0,0,0,0,0,0,2.494113645,4.999511361
1006,489,1371.744567,29,12,0,20,47,49,158,109,0,0,44.64952467,47.99530906
1007,0,0,3,1,0,0,947,6,15338,31,0,0,798.4097916,0
1008,0,0,0,0,0,3,0,0,0,0,0,0,0.146712567,0
1009,0,0,34,12,32,202,28,92,0,272,0,0,32.86361509,0
1010,0,0,76,18,435,414,73,184,0,627,0,0,89.34795352,0
1011,0,0,171,65,110,1414,409,383,0,1265,0,0,186.6672899,0
1012,0,0,49,11,37,243,72,65,5,383,0,0,42.30212359,0
1013,0,0,0,0,0,0,0,0,0,0,0,0,0,0
1014,0,0,0,0,0,0,0,0,0,0,0,0,0,0
1015,0,0,0,1,0,1,0,2,0,22,0,0,1.271508917,0
1016,2726,6184.267967,5,1,0,1,11,31,0,22,0,0,136.785017,267.9738089
1017,0,0,125,42,0,276,294,256,0,892,0,0,92.18439649,0
1018,171,445.5417586,25,8,11,9,26,20,0,117,0,0,18.92592119,16.99833863
1019,364,966.3207521,157,68,16,155,717,351,1,492,0,0,113.5066229,35.9964818
1020,495,1261.348679,40,20,96,25,45,30,1,142,0,0,43.72034507,48.99521134
1021,693,1779.234739,24,6,16,10,19,16,54,71,0,0,44.45390791,67.99335451
1022,916,2201.514941,6,11,0,0,31,11,16,36,0,0,50.22460223,89.9912045
1023,0,0,15,4,55,401,6,9,6,16,0,0,25.03894483,0
1024,91,147.5474117,26,21,0,141,98,39,4,125,0,0,26.65278307,8.99912045
1025,674,1094.840341,0,0,0,0,0,0,0,8,0,0,33.35265698,65.99354996
1026,1322,1750.447691,6,2,0,8,10,28,38,49,0,0,71.54682868,129.9872954
1027,458,592.1930503,84,707,4,83,1636,38,223,2391,0,27.5656451,275.0371596,44.99560225
1028,0,0,59,25,0,38,138,61,194,1258,0,0,86.70712731,0
1029,0,0,179,8,0,2,849,40,478,61,0,0,79.07807381,0
1030,0,0,63,86,0,9,89,28,247,469,0,0,48.46405142,0
1031,493,786.2753407,0,0,0,0,0,0,0,0,0,0,24.10976524,47.99530906
1032,0,0,69,38,0,15,185,35,184,1210,0,0,84.89767231,0
1033,65,95.8577315,102,86,0,51,220,84,341,553,0,0,73.45409206,5.999413633
1034,468,786.3317638,1065,420,137,143,1067,43,313,2825,0,0,316.9480497,45.99550452
1035,0,0,0,8,0,5,4646,16,1199,2973,0,0,432.6553611,0
1036,145,249.7695984,296,404,3,24,3669,101,294,736,0,0,277.3845607,13.99863181
1037,234,384.0659358,224,34,10,77,396,134,917,883,0,0,142.2622862,22.99775226
1038,1040,1815.063704,32,18,0,21,150,55,252,139,0,0,83.47945083,101.9900318
1039,717,1110.910864,2,4,0,1,36,45,9,21,0,0,40.83499792,69.99315905
1040,471,1181.201987,64,28,0,16,272,43,184,472,0,0,75.80149314,45.99550452
1041,736,1135.55917,6,1,0,0,33,5,28,56,0,0,42.30212359,71.9929636
1042,362,641.396524,50,25,0,36,261,79,150,543,0,0,73.64970882,35.9964818
1043,631,899.0458825,78,145,8,26,246,112,39,287,0,0,76.8773853,61.99394087
1044,448,761.5037162,261,110,0,138,1000,533,45,1697,0,0,206.9625284,43.99569998
1045,689,1006.53701,28,6,3,7,83,20,72,147,0,0,51.59391952,67.99335451
1046,504,749.5777318,52,12,0,8,75,83,181,68,0,0,48.07281791,49.99511361
1047,501,866.5794763,6,43,0,4,28,5,20,33,0,0,31.29868104,48.99521134
1048,541,992.8267843,147,60,0,57,259,212,679,554,0,0,122.7006105,52.99482043
1049,397,591.5711597,1,0,4,0,0,40,0,57,0,0,24.40319037,38.99618861
1050,458,692.7765539,0,0,0,0,7,1,0,12,0,0,23.3762024,44.99560225
1051,621,942.7481932,186,152,0,36,165,26805,717,299,0,0,1417.292305,60.9940386
1052,0,0,237,152,0,144,481,877,12,885,0,0,136.3448793,0
1053,0,0,0,0,0,0,0,0,0,0,0,0,0,0
1054,0,0,5,2,11,2496,126,14,0,50,1.005751849,0,132.2369274,0
1055,0,0,94,30,51,1636,91,143,0,450,0,0,122.0159519,0
1056,0,0,147,54,368,569,137,202,21,985,0,9.844873251,121.4291016,0
1057,0,0,59,28,108,331,62,83,0,262,0,0,45.62760845,0
1058,0,0,99,35,128,91,177,190,0,509,0,0,60.10324843,0
1059,49,143.031563,49,23,15,152,78,45,325,476,0,0,59.27187721,4.999511361
1060,476,982.6602117,1,0,0,2,0,0,0,0,0,0,23.42510659,46.99540679
1061,449,1118.098014,42,5,0,4,25,112,68,67,0,0,37.754034,43.99569998
1062,270,671.8766481,10,11,0,2,3,5,0,22,0,0,15.79605309,26.99736135
1063,261,739.2668947,4,17,0,1,12,14,14,19,0,0,19.72523268,25.99745908
1064,284,501.4940602,8,2,0,34,13,71,0,28,0,0,21.51784321,27.99726362
1065,665,1109.147569,11,2,16,16,20,31,21,177,0,0,46.89911737,64.99364769
1066,822,1404.298816,187,76,0,49,304,152,155,891,0,0,128.9114425,80.99208405
1067,159,201.0363772,56,297,0,4,155,31,96,376,0,0,57.41351803,15.99843635
1068,0,0,0,0,0,0,0,0,0,0,0,0,0,0
1069,483,830.7359801,107,109,7,63,219,29,251,118,0,1.96897465,67.78120612,46.99540679
1070,344,443.4321999,89,148,0,20,257,50,223,734,0,0,91.20631271,33.99667725
1071,249,386.7620658,128,79,0,26,247,65,91,739,0,0,79.42040313,23.99765453
1072,358,554.9863969,37,195,1,10,319,25,160,252,0,0,66.36298464,34.99657953
1073,485,622.4266177,13,32,0,16,130,9,113,194,0,0,48.51295561,47.99530906
1074,219,349.5199944,41,81,1,3,40,16,104,180,0,0,33.49936955,21.99784999
1075,145,236.8780081,103,367,0,100,197,110,983,564,0,0,125.6348619,13.99863181
1076,59,102.3625679,111,194,0,85,731,552,845,754,0,0,162.899854,5.999413633
1077,357,522.9568435,56,350,23,47,963,37,384,1359,0,0,174.8813803,34.99657953
1078,94,153.3949395,16,178,2,12,419,17,270,380,0,0,67.8790145,8.99912045
1079,147,223.5875729,152,465,0,144,1140,281,2009,926,0,0,257.4316515,13.99863181
1080,0,0,33,275,14,72,1266,17,135,2203,0,0,196.3503193,0
1081,54,78.71399264,26,156,0,47,982,68,935,796,0,0,149.8424355,4.999511361
1082,121,170.3812351,75,32,2,160,1274,1508,180,760,0,55.13129021,201.0940257,11.99882727
1083,265,446.5126009,67,146,0,9,709,23,170,698,0,0,102.0630427,25.99745908
1084,498,828.1238082,542,108,0,13,459,515,137,228,0,0,122.2604728,48.99521134
1085,291,430.7110143,70,40,5,41,278,453,197,449,0,0,89.20124096,28.99716589
1086,536,850.8789099,94,110,0,61,420,58,362,743,0,0,116.5875869,52.99482043
1087,211,283.7552682,49,24,2,50,1042,81,307,959,0,0,133.2639154,20.99794772
1088,361,523.4867657,12,10,9,4,66,7,150,90,0,0,34.67307009,34.99657953
1089,411,617.5957418,69,19,8,13,110,40,158,254,0,0,52.91433263,39.99609089
1090,690,981.6919002,47,81,0,16,124,38,116,203,0,0,64.30900869,67.99335451
1091,724,1036.847653,3,3,0,5,2,3,2,17,0,0,37.11827954,70.99306132
1092,474,719.9189489,56,10,2,19,146,22,49,193,0,0,47.48596764,46.99540679
1093,217,390.1102679,72,40,0,15,171,275,162,388,0,0,65.53161342,20.99794772
1094,770,1090.862365,39,31,0,9,148,64,5,163,0,0,60.10324843,75.99257269
1095,292,493.0737213,97,32,4,31,275,130,53,757,0,0,81.71890002,28.99716589
1096,461,765.3570199,102,64,0,34,427,177,82,550,0,0,92.77124676,44.99560225
1097,610,902.8545889,15,10,0,4,16,10,123,39,0,3.9379493,40.4437644,59.99413633
1098,633,1001.779761,6,8,0,5,14,7,60,56,0,0,38.58540522,61.99394087
1099,621,916.0630322,38,7,3,6,51,33,109,92,0,0,46.94802156,60.9940386
1100,488,870.309461,18,5,0,8,29,14,13,59,0,0,31.0052559,47.99530906
1101,318,658.5127277,81,174,0,0,6,1,20,10,0,0,29.83155536,30.99697044
1102,372,769.0765317,39,47,447,64,1595,231,4784,352,0,0,387.8591239,36.99638407
1103,0,0,0,0,0,0,0,0,0,0,0,0,0,0
1104,0,0,28,12,0,164,27,51,0,164,0,0,21.81126835,0
1105,0,0,11,7,281,1314,1799,14,6,84,0,0,171.9471289,0
1106,1,1,90,0,438,991,15,3,20,14,0,0,76.8773853,0
1107,0,0,7,2,307,361,8,9,2,128,0,0,40.29705184,0
1108,823,1414.336832,2,9,0,0,2,3,1,29,0,0,42.49774035,80.99208405
1109,382,1080.272119,0,0,0,0,1,1,0,6,0,0,19.07263376,37.99628634
1110,253,465.5889045,31,11,0,12,64,73,80,114,0,0,34.20087266,24.9975568
1111,279,545.3367518,9,9,0,0,20,212,0,30,0,0,27.33744172,26.99736135
1112,141,281.6587706,18,7,0,2,34,26,93,57,0,0,18.48578349,13.99863181
1113,74,142.2168111,18,14,0,4,47,37,0,79,0,0,13.35084363,6.999315905
1114,1050,1736.478266,71,13,58,126,307,71,17,170,0,0,92.08658811,102.989934
1115,513,887.6946013,124,52,95,99,274,124,7,380,0,0,81.57218745,49.99511361
1116,385,625.8140401,148,75,1,18,374,189,7,444,0,0,80.25177435,37.99628634
1117,131,216.9200568,8,1,0,8,11,3,6,44,0,0,10.36768809,12.99872954
1118,660,1056.682497,4,3,4,19,6,3,2,37,0,0,36.09129157,64.99364769
1119,0,0,69,11,82,30,52,41,17,112,0,0,20.2463343,0
1120,243,409.9501367,139,67,5,19,367,163,2,508,0,0,73.99203814,23.99765453
1121,494,809.204948,7,3,0,2,11,2,0,19,0,0,26.31045375,48.99521134
1122,779,1175.137887,4,0,3,2,1,0,0,7,0,0,38.92773454,76.99247496
1123,0,0,122,34,16,50,55,136,101,188,0,0,34.33074076,0
1124,324,511.7170556,180,97,0,33,510,230,37,868,0,0,111.452647,31.99687271
1125,256,369.0620387,57,37,0,19,102,48,5,202,0,0,35.5044413,24.9975568
1126,407,635.8349949,18,7,0,6,119,7,0,110,0,0,32.96142347,39.99609089
1127,656,1101.46326,92,28,0,10,169,100,13,255,0,0,64.70024221,63.99374542
1128,696,1068.461511,36,5,0,4,61,20,1,89,0,0,44.60062048,67.99335451
1129,190,300.3244036,0,0,0,0,0,0,0,0,0,0,9.291795933,18.99814317
1130,494,795.5550289,162,130,0,29,179,43,3,753,0,0,87.68521109,48.99521134
1131,368,650.8165933,135,63,0,25,427,149,343,756,0,0,110.8168925,35.9964818
1132,1222,1922.092974,23,2,7,20,14,6,12,38,0,0,65.72723018,119.9882727
1133,0,0,43,42,0,99,273,63,1,488,0,0,49.34432682,0
1134,0,0,14,208,0,0,7,3,8,35,0,0,13.44865201,0
1135,0,0,0,0,0,0,0,0,0,0,0,0,0,0
1136,665,1062.13118,457,176,0,49,1485,187,3,2049,0,0,247.993143,64.99364769
1137,676,1020.12527,93,14,0,9,40,23,7,153,0,0,49.63775196,65.99354996
1138,0,0,17,571,0,0,12,1,4,52,0,0,32.13005225,0
1139,0,0,173,76,0,94,755,618,233,1058,0,0,147.0548967,0
1140,418,643.1204588,137,58,29,34,180,159,33,430,0,0,223.2803915,40.99599316
1141,0,0,190,95,0,50,259,150,64,543,0,0,66.0695595,0
1142,0,0,214,25,0,8,64,11,10,224,0,0,27.19072915,0
1143,0,0,18,6,1,8,24,506,26,35,0,0,30.51621401,0
1144,181,276.7151891,44,11,0,34,45,19,1,107,0,0,21.61565159,17.9982409
1145,386,602.485588,40,13,0,21,98,185,66,242,0,0,51.39830277,37.99628634
1146,474,620.3189283,3,10,0,2,6,364,4,12,0,0,42.79116548,46.99540679
1147,0,0,0,2,0,1,231,1,0,67,0,0,14.76906511,0
1148,479,786.0339393,4,9,0,3,11,2,0,31,0,0,26.35935794,46.99540679
1149,97,155.4508233,0,0,0,0,1,0,0,0,0,0,4.792610534,9.999022722
1150,366,463.8154162,61,27,1,14,266,110,21,230,0,0,53.59899128,35.9964818
1151,495,656.6783738,29,14,1,255,91,479,9,213,0,0,77.56204394,48.99521134
1152,312,448.6182259,19,24,0,1,8,4,6,23,0,0,19.41496308,30.99697044
1153,435,653.0010323,64,16,0,6,41,28,0,124,0,0,34.91759103,42.9957977
1154,215,321.5011881,34,15,0,7,90,57,5,107,0,0,25.91922023,20.99794772
1155,415,617.556381,1,0,0,0,8,1,0,102,0,0,25.77250767,40.99599316
1156,533,798.9609249,3,60,0,1,1,0,0,3,0,0,29.39141766,51.99491815
1157,309,490.8210334,525,311,0,29,360,178,21,677,0,0,117.8590958,29.99706817
1158,265,445.7542721,294,126,0,53,749,391,4,955,0,0,138.7411845,25.99745908
1159,696,1106.377954,56,25,21,5,85,27,81,96,0,0,53.40337452,67.99335451
1160,568,921.0886055,13,22,0,0,15,3,692,46,0,0,66.46079301,55.99452724
1161,515,834.2127376,186,178,0,11,53,66,180,210,0,0,68.41696058,50.99501588
1162,456,820.5746442,83,140,5,3,24,177,2,51,0,0,46.01884196,44.99560225
1163,658,1121.539294,0,0,0,0,0,0,1,10,0,0,32.71690252,64.99364769
1164,445,787.5059996,0,16,2,0,0,0,0,4,0,1.96897465,22.83825632,43.99569998
1165,410,731.923655,7,1,0,2,12,232,1,17,0,0,33.35265698,39.99609089
1166,225,496.1975841,16,7,0,7,14,537,3,55,0,0,42.2532194,21.99784999
1167,0,0,3,2,0,2,101,552,2804,126,0,0,175.5660389,0
1168,634,1390.223869,0,0,0,0,0,0,0,0,0,0,31.0052559,61.99394087
1169,0,0,6,3,0,3,19,33,0,197,7.040262942,0,12.76399336,0
1170,0,0,7,5,0,5,13,24,0,19,0,0,3.570005806,0
1171,0,0,68,16,182,156,58,67,0,209,0,0,36.97156698,0
1172,0,0,0,0,0,0,0,0,0,0,0,0,0,0
1173,0,0,130,3,540,866,66,10,102,121,0,0,89.8858996,0
1174,0,0,40,11,706,901,254,48,21,380,0,0,115.4627905,0
1175,0,0,72,29,284,452,119,97,0,302,0,0,66.26517626,0
1176,0,0,65,1,346,6,2,1,0,12,0,0,21.17551389,0
1177,129,344.718147,137,97,87,317,146,187,9,673,0,0,87.14726501,12.99872954
1178,492,1276.734359,61,20,25,40,139,100,2,202,0,0,52.86542844,47.99530906
1179,447,1173.854864,69,30,2,30,39,27,1,144,0,0,38.58540522,43.99569998
1180,619,1563.46003,0,0,0,0,0,0,0,0,0,0,42.27169307,60.9940386
1181,189,539.0182468,0,0,0,0,0,92,0,0,0,0,13.74207714,18.99814317
1182,126,322.1873846,4,5,0,1,11,3,0,17,0,0,8.166999583,11.99882727
1183,143,392.7342655,47,21,77,24,102,31,0,160,0,0,29.58703442,13.99863181
1184,72,132.757381,43,40,12,12,88,50,0,156,0,0,23.13168145,6.999315905
1185,0,0,6,1,302,125,2,5,0,34,0,0,23.22948983,0
1186,401,681.7729311,225,73,20,25,374,218,1,555,0,0,92.52672582,38.99618861
1187,374,651.1367164,2,3,4,1,2,2,0,6,0,0,121.2682505,36.99638407
1188,692,1192.108473,137,69,1,15,297,106,7,427,0,0,85.63123515,67.99335451
1189,349,668.6347028,279,164,0,54,757,366,93,1091,0,7.875898601,154.1949083,33.99667725
1190,808,1388.132508,20,64,7,3,60,15,0,88,0,0,52.08296141,78.9922795
1191,367,607.4121073,166,63,0,23,396,212,55,508,0,0,87.53849853,35.9964818
1192,479,789.8255834,180,97,0,42,521,570,35,715,0,0,129.0581551,46.99540679
1193,440,681.1995807,494,239,0,55,1061,787,139,1504,0,0,230.7788685,42.9957977
1194,880,1567.147949,68,38,0,10,139,121,20,249,0,0,74.57888841,85.99159541
1195,697,1194.523842,25,68,0,4,21,7,100,126,0,0,51.2515902,68.99325678
1196,0,0,0,0,0,0,0,44,0,31,0,0,3.667814184,0
1197,699,1266.924566,26,79,1,3,24,6,2,87,0,0,45.33418331,68.99325678
1198,654,1343.010677,59,20,1,4,16,14,28,74,0,0,42.54664453,63.99374542
1199,255,550.1228899,0,0,0,0,0,0,0,0,0,0,12.47056823,24.9975568
1200,372,854.7676908,0,0,0,0,0,0,0,0,0,0,18.19235835,36.99638407
1201,344,703.3774484,1,0,0,0,0,48,0,0,0,0,19.21934632,33.99667725
1202,155,314.5083123,0,0,0,0,0,0,0,0,0,0,7.580149314,14.99853408
1203,544,1255.747789,0,0,0,0,0,0,0,0,0,0,26.60387888,52.99482043
1204,624,1117.703052,18,7,0,21,33,53,5,56,0,0,39.95472251,60.9940386
1205,265,614.8616038,2,158,0,0,1,17,1,251,0,0,33.98841144,25.99745908
1206,936,1880.545037,0,0,0,0,0,0,0,0,0,0,45.77432102,91.99100904
1207,0,0,329,182,347,569,541,382,0,1912,0,0,208.429654,0
1208,0,0,0,0,0,0,0,0,0,0,0,0,0,0
1209,0,0,2,1,0,2,6,17,0,15,0,0,2.102880132,0
1210,0,0,58,19,1,233,43,88,0,377,0,0,40.05253089,0
1211,0,0,507,33,1557,3034,312,157,0,730,0,0,309.5635171,0
1212,0,0,335,71,818,2816,486,245,121,1403,0,0,307.8518705,0
1213,0,0,742,687,1776,1810,994,949,363,4351,0,0,570.8096954,0
1214,0,0,102,18,1284,821,84,333,31,272,0,0,144.022837,0
1215,0,0,65,16,398,370,24,33,1,281,0,1014.021945,58.09817668,0
1216,70,187.7559025,303,40,920,392,261,133,36,466,0,0,128.1778797,6.999315905
1217,393,1145.190575,212,134,11,120,376,296,241,834,0,5.906923951,127.9822629,38.99618861
1218,379,1156.324106,1,0,0,0,3,154,0,11,0,0,26.79949564,36.99638407
1219,370,1218.406051,17,3,0,2,18,8,0,14,0,0,21.1266097,35.9964818
1220,489,1255.720254,26,32,0,0,19,25,0,55,0,0,31.59210617,47.99530906
1221,96,253.0955019,2,0,0,0,0,0,0,5,0,0,5.037131479,8.99912045
1222,305,794.9502598,84,48,54,62,134,239,44,537,0,0,73.698613,29.99706817
1223,258,712.944488,4,0,0,3,59,7,1,21,0,0,17.26317876,24.9975568
1224,0,0,30,7,145,132,13,26,1,113,0,0,22.83825632,0
1225,0,0,268,38,0,50,90,89,5,943,0,0,72.52491247,0
1226,1157,2950.078586,463,160,4,54,1036,239,15,1468,0,0,271.7636532,113.988859
1227,969,1759.077278,16,11,0,15,60,35,33,58,0,0,58.53831438,94.99071586
1228,628,1118.422021,101,58,3,174,184,131,296,393,0,0,96.24344419,61.99394087
1229,926,1533.707994,23,65,0,6,79,129,1244,100,0,0,131.7815744,90.99110677
1230,437,726.1600851,53,97,9,9,119,289,2414,186,0,0,176.6908353,42.9957977
1231,556,1204.063346,25,51,0,14,106,950,981,176,0,0,139.8170767,54.99462497
1232,736,1348.649574,7,13,6,0,18,4,9,23,0,0,39.90581832,71.9929636
1233,584,1068.805286,8,47,6,1,27,109,32,4,0,0,40.0036267,56.99442951
1234,595,1137.515386,117,36,0,14,100,45,16,158,0,0,52.86542844,57.99433179
1235,693,1337.887353,37,85,0,25,64,125,101,121,0,0,61.17914059,67.99335451
1236,606,1204.708829,53,29,0,22,125,90,94,162,0,0,57.75584735,59.99413633
1237,203,416.4103759,1,20,0,1,3,1,0,9,0,0,11.63919701,19.99804544
1238,629,1267.992544,2,25,0,0,1,4,3,23,0,0,33.59717793,61.99394087
1239,228,506.595085,0,0,0,0,0,0,0,0,0,0,11.15015512,21.99784999
1240,498,1095.813889,92,46,5,9,3,3,2,36,0,0,33.93950725,48.99521134
1241,382,965.7644639,0,0,0,0,0,63,0,0,0,0,21.76236416,37.99628634
1242,453,1300.815904,31,5,0,17,19,12,13,72,0,0,30.41840563,44.99560225
1243,526,1058.38025,371,188,19,25,110,129,30,549,0,0,95.21645622,51.99491815
1244,396,845.4315797,58,49,0,5,54,50,21,258,0,0,43.57363251,38.99618861
1245,525,1158.299915,0,0,0,0,0,29,0,0,0,0,27.09292077,51.99491815
1246,0,0,254,10,224,192,49,32,0,407,0,0,57.12009289,0
1247,0,0,100,73,74,2336,449,159,7,256,0,0,168.9150692,0
1248,0,0,0,0,0,0,0,0,0,0,0,0,0,0
1249,1229,3254.218286,127,56,44,38,235,92,0,518,0,0,114.3868984,120.9881749
1250,0,0,398,49,1,484,78,66,0,413,0,0,72.8183376,0
1251,0,0,69,11,0,148,71,63,0,168,0,0,25.91922023,0
1252,0,0,22,26,15,146,9,13,6,143,0,0,18.58359187,0
1253,739,1399.238504,870,399,0,136,2307,776,20,3435,0,0,424.5861699,72.99286587
1254,878,1460.622427,357,145,0,40,739,345,26,1099,0,0,177.4733023,85.99159541
1255,717,1098.777603,191,84,0,34,443,358,166,580,0,0,125.8304786,69.99315905
1256,432,646.3951756,134,109,0,21,351,329,743,399,0,0,123.1407482,41.99589543
1257,474,766.9353371,25,100,0,3,72,66,335,130,0,0,58.92954789,46.99540679
1258,1035,1535.099981,185,75,0,24,139,6307,407,525,0,0,425.3197328,101.9900318
1259,738,1235.259732,177,76,1,105,339,324,118,668,0,0,124.5100655,72.99286587
1260,769,1410.697395,64,138,0,7,44,46,48,242,0,0,66.41188883,75.99257269
1261,721,1417.236356,44,37,4,19,85,62,101,170,0,0,60.78790708,70.99306132
1262,504,840.5771928,30,19,0,2,44,16,56,94,0,0,37.41170468,49.99511361
1263,257,376.8250692,19,30,0,10,46,428,116,111,0,0,49.73556034,24.9975568
1264,533,905.6976894,26,149,1,6,50,30,149,112,0,0,51.64282371,51.99491815
1265,543,1238.884813,11,1,0,2,5,5,0,37,0,0,29.53813023,52.99482043
1266,541,1077.759615,12,0,0,1,0,0,0,11,0,0,27.63086685,52.99482043
1267,514,1075.939897,0,0,0,0,13,0,8,0,0,0,26.16374118,50.99501588
1268,709,1504.562255,0,0,0,0,0,61,0,0,0,0,37.65622562,69.99315905
1269,575,1133.920546,0,0,0,0,0,139,0,0,0,0,34.91759103,56.99442951
1270,467,962.0843135,0,9,0,0,0,0,0,0,0,0,28.27839402,45.99550452
1271,346,584.6793042,66,46,0,4,34,30,58,123,0,0,34.57526171,33.99667725
1272,388,619.5283066,170,74,0,22,460,144,8,616,0,0,92.03768392,37.99628634
1273,1392,2177.114452,221,162,0,19,242,110,42,491,0,0,131.0143227,136.9866113
1274,360,734.3114875,52,44,0,5,96,50,30,170,0,0,39.46568062,34.99657953
1275,233,406.636059,505,217,0,86,2050,219,232,2291,0,17.72077185,285.2581351,22.99775226
1276,677,1029.404958,85,72,2,58,130,143,565,345,0,0,101.5740008,66.99345224
1277,0,0,3,3,0,0,2,133,7,7,0,0,7.580149314,0
1278,564,1167.58484,1,3,0,0,17,27,20,38,0,0,32.76580671,54.99462497
1279,331,805.6901825,4,0,3,0,0,0,0,2,0,0,16.6274243,32.99677498
1280,798,1578.950614,25,25,0,3,187,38,31,207,0,0,64.2601045,77.99237723
1281,577,1241.204397,0,0,0,0,14,0,12,1,0,5.906923951,29.53813023,56.99442951
1282,377,641.8176675,32,5,0,30,4,2,0,12,0,0,22.59373537,36.99638407
1283,285,462.9990312,17,5,0,11,6,8,0,48,0,0,18.58359187,27.99726362
1284,568,1043.937878,11,4,0,5,12,9,0,18,0,0,30.66292658,55.99452724
1285,220,321.6415693,0,0,0,0,0,0,0,0,0,0,10.75892161,21.99784999
1286,581,961.3416935,13,8,0,3,20,2,0,74,0,0,34.28183657,56.99442951
1287,227,429.0658011,87,63,0,13,271,165,49,281,0,0,56.53324262,21.99784999
1288,400,742.2594963,293,227,0,25,442,50,220,344,0,0,97.85728243,38.99618861
1289,197,334.9490666,3,0,0,0,9,0,0,54,0,0,12.86180174,18.99814317
1290,774,1527.620418,0,14,33,0,21,0,9,50,0,0,44.0626744,75.99257269
1291,429,1110.71153,24,3,0,5,15,21,9,231,0,0,36.04238738,41.99589543
1292,468,1094.213274,10,13,0,10,18,32,4,201,0,0,36.97156698,45.99550452
1293,416,897.5594655,155,47,0,6,43,27,0,201,0,0,43.76924926,40.99599316
1294,0,0,0,0,0,0,0,0,0,30,0,0,1.467125674,0
1295,189,342.6110768,0,0,0,0,0,45,0,0,0,0,11.44358025,18.99814317
1296,438,827.9558919,0,0,18,0,0,0,0,7,0,0,22.64263956,42.9957977
1297,585,980.2605542,67,25,0,12,136,54,61,216,0,0,56.53324262,56.99442951
1298,738,1615.182482,75,51,4,2,17,27,0,110,0,0,50.07788966,72.99286587
1299,382,733.7158385,22,2,3,4,22,90,0,31,0,0,27.19072915,37.99628634
1300,184,481.2448736,54,25,0,0,135,1,79,0,0,0,23.3762024,17.9982409
1301,724,1216.06011,650,127,0,15,334,204,26,1071,0,0,154.0970999,70.99306132
1302,1,4.729715051,156,78,150,246,334,193,0,892,5.028759244,0,100.2535877,0
1303,439,1054.117629,37,18,21,49,80,150,9,214,6.034511093,0,57.73556034,42.9957977
1304,323,729.1776911,2,1,0,3,7,7,0,14,10.05751849,0,17.45879552,31.99687271
1305,0,0,113,33,17,732,127,63,0,466,10.05751849,0,75.85039733,0
1306,1419,3736.541612,58,46,41,20,65,174,8,209,0,0,99.76454581,138.9864158
1307,508,1169.652549,6,5,0,2,7,49,0,19,0,0,29.14689672,49.99511361
1308,891,2079.480421,0,0,0,0,0,0,0,0,0,0,64.57363251,87.99139995
1309,1121,3186.273104,7,3,0,3,6,47,0,23,0,0,71.17406884,109.9892499
1310,1232,3453.439668,15,5,0,0,19,5,0,31,0,0,71.91777518,120.9881749
1311,900,2357.129798,4,6,0,3,27,29,0,24,0,0,48.5618598,87.99139995
1312,1303,2967.220973,3,1,0,9,14,86,4,16,0,0,70.22641558,127.9874908
1313,1066,2994.388372,48,22,37,50,63,35,0,163,3.017255546,0,78.57381665,104.9897386
1314,755,1646.296263,3,10,20,5,3,86,0,17,0,0,43.96486602,73.99276814
1315,803,1980.246952,19,11,0,0,7,5,19,103,0,0,60.29035088,78.9922795
1316,1167,3337.107058,12,1,8,10,9,139,39,20,0,0,68.71038571,114.9887613
1317,82,222.5209467,12,2,2,64,13,27,0,88,7.040262942,0,14.18221484,7.999218177
1318,337,908.3846993,0,0,0,0,0,0,0,0,0,0,16.48071173,32.99677498
1319,0,0,125,50,187,210,107,77,0,461,0,0,59.51639816,0
1320,513,1399.566569,0,0,0,0,0,0,0,0,7.040262942,0,25.08784902,49.99511361
1321,0,0,28,3,8,352,209,47,0,212,0,0,42.00869845,0
1322,0,0,24,8,0,258,26,43,0,207,0,0,27.67977104,0
1323,0,0,46,2,0,38,16,7,0,56,0,0,8.069191205,0
1324,0,0,272,40,15,1176,135,139,0,1258,0,0,148.424214,0
1325,0,0,146,36,271,2015,594,110,0,518,2.011503698,7.875898601,180.4564579,0
1326,0,0,339,4,1767,786,171,8,149,286,0,0,171.6537038,0
1327,339,1237.100571,77,43,1282,689,190,115,4,721,0,0,169.2084944,32.99677498
1328,0,0,222,34,295,2048,375,101,3,603,0,0,180.0163202,0
1329,0,0,23,5,362,334,10,28,0,110,0,0,42.64445291,0
1330,0,0,266,206,1168,1259,428,535,179,1511,0,0,271.516058,0
1331,954,2201.520178,263,76,53,115,741,236,340,1869,1.005751849,0,230.2577668,93.99081358
1332,70,192.3058755,95,22,293,628,61,116,0,518,0,0,100.174253,6.999315905
1333,194,502.0005147,2,0,0,1,3,57,0,8,3.017255546,0,12.95961012,18.99814317
1334,373,1052.871261,48,13,0,27,48,34,1,151,0,0,40.98841144,36.99638407
1335,212,503.719213,286,273,170,1027,193,157,0,709,3.017255546,0,148.0329805,20.99794772
1336,23,54.18376957,201,126,51,159,2360,333,39,869,1.005751849,0,203.4903309,1.999804544
1337,0,0,68,66,0,34,999,262,4,3371,0,0,234.9357245,0
1338,637,2036.859269,0,0,0,0,0,64,0,0,1.005751849,0,34.28183657,62.99384315
1339,324,976.5726357,1,1,0,5,3,3,0,11,0,0,25.01865781,31.99687271
1340,397,1092.068195,0,0,0,0,0,0,0,0,0,0,19.41496308,38.99618861
1341,248,650.4807607,81,130,0,26,93,76,49,331,0,0,50.56693155,23.99765453
1342,1291,3254.745686,96,169,0,4,53,188,77,236,0,0,103.3834558,126.9875886
1343,0,0,198,110,0,162,963,657,0,1513,0,0,176.2017934,0
1344,0,0,79,18,6,245,1151,45,56,405,1.005751849,0,98.05289919,0
1345,288,744.1199287,0,0,0,0,0,0,0,0,0,0,14.08440647,27.99726362
1346,0,0,23,14,10,130,81,238,0,194,0,0,33.74389049,0
1347,702,2010.626057,80,46,27,54,101,63,0,289,0,0,66.60750558,68.99325678
1348,626,1673.159249,28,25,1,3,9,133,0,32,0,0,41.91089008,61.99394087
1349,425,1226.016874,0,2,0,0,0,0,0,6,0,0,21.17551389,41.99589543
1350,1293,3641.85288,97,115,0,17,147,271,34,640,0,0,127.8355504,126.9875886
1351,786,1711.017915,39,25,2,1,17,114,7,458,0,0,70.86217004,76.99247496
1352,380,926.7302091,43,2,5,32,40,211,40,190,0,0,46.11665034,36.99638407
1353,291,613.4682651,20,18,0,10,47,61,0,106,2.011503698,0,27.04401658,28.99716589
1354,1118,2863.44412,6,32,0,5,1,5,0,32,0,0,58.63612276,109.9892499
1355,761,2463.336549,4,8,0,0,16,88,24,13,0,0,44.69842886,74.99267041
1356,27,49.59443568,422,238,0,27,46,209,126,265,0,0,66.5096972,2.999706817
1357,295,825.7609799,22,63,0,0,3,5,13,8,0,0,20.00181335,28.99716589
1358,562,1689.713927,81,72,9,16,82,117,23,330,0,0,63.18421234,54.99462497
1359,366,956.0636322,0,0,0,0,0,0,0,0,0,0,17.89893322,35.9964818
1360,415,1277.302474,34,12,0,83,43,43,4,70,0,0,34.42854914,40.99599316
1361,312,823.5082921,0,0,0,0,0,44,0,0,0,0,22.40989133,30.99697044
1362,320,1292.835124,0,0,0,0,0,0,0,0,0,0,15.64934052,30.99697044
1363,729,2176.244804,161,39,0,33,168,251,480,471,0,0,114.044569,71.9929636
1364,725,2136.851066,132,76,0,19,93,70,9,389,0,0,73.99203814,70.99306132
1365,209,626.0292593,34,54,0,0,3,1,45,106,0,0,30.10469348,20.99794772
1366,711,1999.352144,64,144,26,12,44,277,22,227,0,0,74.67669679,69.99315905
1367,672,1649.577569,51,23,1,3,92,47,0,134,0,0,50.02898547,65.99354996
1368,389,1058.780448,1,0,0,0,0,2,6,2,0,0,19.56167565,37.99628634
1369,698,1628.467681,69,43,0,6,121,97,0,201,0,0,60.39667356,68.99325678
1370,600,1665.452642,139,160,0,46,86,60,0,330,0,0,69.49285274,58.99423406
1371,745,1522.4079,68,44,8,19,130,97,0,217,0,0,64.94476315,72.99286587
1372,890,2332.582512,40,11,15,10,27,96,1,180,2.011503698,0,62.10832018,86.99149768
1373,1063,2672.317717,10,3,0,3,6,79,59,33,0,0,81.42366154,103.9898363
1374,189,526.8849853,201,85,0,57,605,313,3,1037,2.011503698,0,121.7714309,18.99814317
1375,277,780.0592088,328,13,0,29,17,58,23,88,1.005751849,0,40.73718954,26.99736135
1376,1014,2770.434726,30,26,0,3,1,62,13,162,0,0,64.11339194,99.99022722
1377,1162,3139.042849,39,13,13,18,34,37,1,134,0,0,77.95997841,113.988859
1378,503,1484.218637,101,42,0,26,45,122,12,240,0,0,53.35447033,48.99521134
1379,495,1146.082695,378,49,7,26,293,213,51,431,0,0,95.02083946,48.99521134
1380,240,718.8090782,162,34,0,9,48,50,0,211,0,0,43.8737586,23.99765453
1381,90,266.4252978,2,1,0,1,3,205,2,24,0,0,16.04057403,8.99912045
1382,826,2183.821504,73,48,0,16,72,95,1,244,0,0,67.24326004,80.99208405
1383,1197,2729.769614,101,121,0,76,387,1036,234,970,0,0,201.5830676,117.9884681
1384,483,949.793608,612,461,0,15,119,87,0,456,0,0,109.2030543,46.99540679
1385,602,1248.731262,29,14,0,6,27,19,0,129,0,0,40.39486021,58.99423406
1386,964,1944.727463,102,68,16,44,68,132,16,337,0,0,91.43561839,94.99071586
1387,909,3022.285212,217,85,28,51,112,126,3,459,0,0,97.31933635,88.99130222
1388,1001,2495.858025,0,0,0,0,0,0,0,0,0,0,48.95309331,97.99042267
1389,1227,3244.758856,0,0,0,3,1,0,0,5,0,1.96897465,60.44557775,120.9881749
1390,544,1476.421482,11,20,0,13,23,36,0,64,0,0,34.77087846,52.99482043
1391,540,1553.810385,37,0,0,1,15,26,20,35,0,0,32.96142347,52.99482043
1392,281,757.2699827,0,2,0,3,13,10,11,10,0,0,16.13838241,27.99726362
1393,269,758.1463941,7,2,0,9,10,7,1,18,0,0,15.79605309,25.99745908
1394,517,1144.728718,0,0,0,0,0,72,0,0,0,0,28.80456739,50.99501588
1395,454,1270.662492,10,4,0,3,12,59,19,29,0,0,28.85347158,44.99560225
1396,353,892.3023502,0,0,0,0,0,0,0,0,0,0,17.26317876,34.99657953
1397,377,707.0339478,0,0,0,0,0,0,0,0,0,0,18.4368793,36.99638407
1398,144,485.4301262,1,0,0,0,1,2,0,1,0,0,12.28672418,13.99863181
1399,2810,8202.112765,19,53,0,3,14,12,10,78,0,0,146.6636632,275.9730271
1400,1107,2150.154504,116,51,0,4,90,56,0,253,0,0,85.01232515,108.9893477
1401,0,0,16,3,131,132,8,38,0,95,0,0,20.686472,0
1402,0,0,10,2,2,6,23,7,0,21,0,0,3.472197428,0
1403,0,0,33,15,0,90,73,134,0,163,0,0,24.84332807,0
1404,289,867.9072719,3,0,0,0,5,18,31,22,0,0,17.9967416,27.99726362
1405,585,1556.590473,6,0,0,0,0,50,0,0,0,0,45.34758523,56.99442951
1406,308,789.422855,4,1,0,3,4,369,0,16,0,0,34.47745333,29.99706817
1407,478,1708.740397,39,34,0,49,77,62,30,137,1.005751849,0,44.30719534,46.99540679
1408,520,1406.891394,14,0,0,0,0,1,0,1,0,0,26.21264537,50.99501588
1409,550,1510.108074,0,0,0,0,1,0,1,8,0,0,27.38634591,53.9947227
1410,453,1322.80744,15,44,0,0,4,2,0,30,0,0,26.79949564,44.99560225
1411,386,1054.449577,11,7,0,1,6,2,0,20,0,0,21.17551389,37.99628634
1412,279,732.6439757,24,14,0,29,130,126,79,212,0,0,43.67144088,26.99736135
1413,545,1589.592222,15,1,0,2,7,73,0,13,0,0,32.08114806,53.9947227
1414,554,1375.08618,0,0,0,0,0,130,0,0,0,0,33.45046536,53.9947227
1415,649,1927.541832,32,14,0,3,23,6,0,68,0,0,38.87883035,63.99374542
1416,910,2861.699239,22,2,0,9,18,73,1,46,0,0,52.86542844,88.99130222
1417,375,1237.504653,13,5,0,10,29,131,6,58,0,0,30.66292658,36.99638407
1418,485,1644.023983,26,5,4,9,7,168,0,58,0,0,37.26499211,47.99530906
1419,671,1670.631035,299,17,0,6,28,43,0,170,0,0,60.34776937,65.99354996
1420,477,1263.421625,400,75,1,25,78,86,8,353,0,0,73.50299625,46.99540679
1421,137,325.6812043,22,8,0,2,18,16,98,83,0,0,18.77920862,12.99872954
1422,544,1444.571672,29,20,1,1,30,14,0,96,0,0,35.944579,52.99482043
1423,756,1675.292501,21,43,3,12,77,102,58,195,0,0,61.96160762,73.99276814
1424,0,0,1,0,487,3,3,2,0,5,0,0,24.50099875,0
1425,0,0,4,1,993,25,1,4,0,23,0,0,51.39830277,0
1426,324,953.0644415,257,127,1,28,183,354,0,712,0,0,97.12371959,31.99687271
1427,0,0,8,3,720,257,40,24,2,48,0,0,53.89241641,0
1428,0,0,9,6,0,31,13,15,0,61,0,0,6.602065531,0
1429,0,0,0,0,2,4,0,4,0,4,27.15529992,0,0.684658648,0
1430,172,353.9637107,0,0,0,0,0,0,0,0,5.028759244,0,8.411520529,16.99833863
1431,2,2.808391869,0,3,48,0,0,8,0,1,0,0,28.03205973,0
1432,0,0,2,1,18,8,2,2,0,16,0,196.897465,2.396305267,0
1433,825,2323.174269,301,133,104,32,234,22,1,793,1.005751849,0,128.5707424,80.99208405
1434,675,1816.949141,21,40,556,0,18,25,0,61,18.10353328,0,68.27024801,65.99354996
1435,452,948.7715789,25,24,299,3,31,21,0,71,2.011503698,0,45.28527913,43.99569998
1436,622,2006.8633,0,0,0,12,3,82,2,6,0,0,35.55334549,60.9940386
1437,515,1154.227509,251,160,30,21,203,100,7,535,6.034511093,0,89.10343258,50.99501588
1438,687,2311.261463,0,0,0,0,0,0,0,0,0,0,33.59717793,67.99335451
1439,0,0,23,7,767,380,230,107,0,379,0,0,92.57563,0
1440,0,0,192,25,332,393,76,115,0,288,0,0,69.49285274,0
1441,0,0,37,9,64,111,24,38,0,145,0,0,20.93099294,0
1442,0,0,77,41,0,115,28,23,4,164,0,0,22.10469348,0
1443,0,0,168,24,0,118,54,37,4,268,0,0,32.91251928,0
1444,325,563.4631589,176,65,0,16,328,146,16,457,0,0,81.77450517,31.99687271
1445,604,1076.950099,210,100,0,29,477,236,7,873,0,0,124.0210236,58.99423406
1446,254,433.9188351,43,62,8,4,72,47,99,82,0,0,32.8147109,24.9975568
1447,86,139.0654132,26,10,0,63,12,25,16,76,0,0,15.35591538,7.999218177
1448,0,0,36,12,276,116,103,2,0,50,0,0,29.09799253,0
1449,225,471.9310611,299,165,0,35,880,295,0,1028,0,0,143.1425616,21.99784999
1450,0,0,39,8,179,191,18,17,0,75,0,0,25.77250767,0
1451,0,0,520,68,107,59,158,147,3,664,0,0,84.40863042,0
1452,157,454.4003032,42,13,22,60,19,46,0,208,0,0,27.72867523,14.99853408
1453,259,522.7836908,244,112,0,27,675,260,1,947,0,0,123.4830775,24.9975568
1454,219,405.6363287,43,21,9,21,84,80,4,169,0,0,31.78772293,21.99784999
1455,580,1053.67807,265,123,12,37,664,362,23,829,0,0,141.5776275,56.99442951
1456,10,15.44733916,29,1,4,33,4,273,1,47,0,0,19.65948403,0.999902272
1457,307,745.2600402,168,84,0,47,286,258,68,635,0,0,90.61946244,29.99706817
1458,615,1064.519014,24,5,0,6,14,11,2,20,0,0,34.08621982,59.99413633
1459,431,1066.329612,20,8,1,12,28,58,54,61,0,0,32.91251928,41.99589543
1460,485,828.8204776,0,0,0,0,0,0,0,0,0,0,23.71853172,47.99530906
1461,0,0,63,12,35,189,114,45,0,110,0,0,27.77757942,0
1462,0,0,160,36,77,231,103,127,14,489,0,0,60.49448194,0
1463,0,0,86,12,63,93,76,37,0,213,0,0,28.36442969,0
1464,278,596.7233711,36,4,36,228,8,14,0,70,0,0,32.96142347,26.99736135
1465,152,304.1108113,107,27,57,52,255,138,11,339,0,0,55.65296722,14.99853408
1466,252,624.6582193,61,15,10,6,64,156,32,260,0,0,41.86198589,24.9975568
1467,755,1585.629956,104,40,4,7,45,66,20,166,0,0,59.02735627,73.99276814
1468,671,1738.122302,0,0,0,0,0,0,0,0,0,0,32.8147109,65.99354996
1469,280,529.5915882,78,23,135,572,83,80,204,597,0,0,100.3513961,27.99726362
1470,0,0,17,11,47,46,39,147,0,134,0,0,21.5667474,0
1471,75,165.1464184,122,6,24,55,35,504,0,85,0,0,44.30719534,6.999315905
1472,183,407.507234,37,16,28,114,80,35,0,175,0,0,39.66799833,17.9982409
1473,220,565.8234564,61,13,2,55,56,38,0,147,0,0,31.95127996,21.99784999
1474,252,566.2668985,129,50,9,119,252,104,27,365,0,0,63.91777518,24.9975568
1475,343,864.7217497,49,29,1,29,67,40,14,162,0,0,35.89567481,33.99667725
1476,599,1578.065083,28,51,0,0,190,233,0,83,0,0,57.90255992,58.99423406
1477,421,849.9251297,55,17,13,17,37,43,0,211,0,0,39.80800994,40.99599316
1478,575,1272.694724,75,14,0,5,35,35,2,169,0,0,44.5028121,56.99442951
1479,72,172.9488097,177,96,0,328,631,3005,120,1088,0,0,269.8044114,6.999315905
1480,0,0,50,6,885,357,21,10,0,385,0,0,83.82178015,0
1481,166,302.8355551,189,50,222,115,116,64,0,355,0,0,62.45064951,15.99843635
1482,205,409.1865715,138,18,6,55,93,16,2,192,0,0,35.45553711,19.99804544
1483,246,413.5226781,34,31,1,6,46,32,84,108,0,0,28.7556632,23.99765453
1484,157,281.5013272,280,191,5,18,146,120,2,659,0,0,77.17081043,14.99853408
1485,919,1951.80565,69,60,0,8,48,51,3,181,0,0,65.48270923,89.9912045
1486,830,1665.085215,12,9,0,76,13,1,5,15,0,0,46.99692574,81.99198632
1487,414,860.8001972,3,1,0,2,11,20,30,43,0,0,25.6257951,40.99599316
1488,1167,2662.194389,0,0,0,0,0,51,0,0,0,0,59.56530235,114.9887613
1489,454,1051.505457,135,44,23,128,165,71,1,450,0,0,71.9380622,44.99560225
1490,0,0,1,0,22,0,0,0,0,0,0,0,1.12479635,0
1491,157,418.7588476,111,46,99,178,142,140,0,330,0,0,58.83173951,14.99853408
1492,582,1095.74564,1,1,2,4,13,12,0,45,0,0,32.27676482,56.99442951
1493,506,1129.101637,46,25,311,117,226,77,3,195,0,0,73.64970882,49.99511361
1494,340,830.0577258,57,30,0,13,90,74,143,227,0,0,47.6326802,32.99677498
1495,709,1473.470772,90,25,6,22,63,60,25,167,0,0,57.0711887,69.99315905
1496,413,887.9202935,10,3,4,9,64,186,65,87,0,0,41.12842305,40.99599316
1497,336,718.6227469,0,0,0,1,213,72,324,6,0,0,46.55678804,32.99677498
1498,260,540.4049961,10,0,0,0,0,0,0,0,0,0,13.20413106,25.99745908
1499,467,1112.991753,1,10,0,1,39,84,0,24,0,0,30.61402239,45.99550452
1500,353,871.8274716,0,0,0,0,0,0,0,0,0,0,17.26317876,34.99657953
1501,519,1117.030034,3,0,1,2,21,149,3,110,0,0,39.51458481,50.99501588
1502,642,1598.685579,42,46,0,3,24,59,9,93,0,0,51.89404561,62.99384315
1503,589,1348.010681,392,100,3,15,98,147,0,576,0,0,93.89604311,57.99433179
1504,951,1895.374429,0,0,0,0,0,53,3,0,0,0,57.24651844,92.99091131
1505,395,807.3353956,8,2,0,6,20,61,0,45,0,0,26.26154956,38.99618861
1506,361,650.3167281,63,12,5,33,190,68,3,180,0,0,44.74733305,34.99657953
1507,1163,2858.64092,229,135,0,36,445,237,8,831,0,0,150.8205192,113.988859
1508,539,1175.98288,40,5,0,4,25,28,27,62,0,0,35.70005806,52.99482043
1509,424,857.2893153,0,0,0,2,13,2,1,4,0,0,21.81126835,41.99589543
1510,341,651.2718611,7,10,1,4,22,21,6,39,0,0,25.05578929,33.99667725
1511,468,1085.871656,56,20,0,13,45,38,1,133,0,0,37.85184238,45.99550452
1512,477,1122.372461,3,0,0,1,17,13,20,37,0,0,27.77757942,46.99540679
1513,743,1277.1082,92,6,0,37,32,42,11,120,0,0,52.96323682,72.99286587
1514,345,738.4403171,42,13,6,15,73,84,6,183,0,0,37.50951306,33.99667725
1515,513,1164.484629,45,15,0,5,18,29,0,104,0,0,35.65115387,49.99511361
1516,310,784.4740371,416,203,0,63,1010,481,127,1578,0,0,204.810744,29.99706817
1517,346,877.3942371,41,17,1,13,117,72,21,189,0,0,39.95472251,33.99667725
1518,284,657.7098016,0,1,0,0,0,0,0,10,0,0,14.42673579,27.99726362
1519,654,1801.041297,41,72,1,27,128,350,84,256,0,0,78.88245705,63.99374542
1520,518,1277.616007,62,10,0,7,20,30,11,102,0,0,53.16718373,50.99501588
1521,792,2088.985802,34,48,5,43,87,141,87,204,0,0,70.47093652,77.99237723
1522,488,827.8430459,38,26,5,45,175,239,449,390,0,0,90.71727082,47.99530906
1523,499,1041.393955,53,93,1,10,172,161,465,247,0,0,83.18602569,48.99521134
1524,276,578.1639949,169,96,0,47,402,375,696,570,0,0,128.6669216,26.99736135
1525,773,1655.59825,132,65,2,75,311,446,197,504,0,0,122.5049937,75.99257269
1526,366,943.9303707,12,32,1,0,17,83,4,57,0,0,27.97319618,35.9964818
1527,310,741.2492931,0,0,0,0,0,0,0,0,0,0,15.16029863,29.99706817
1528,431,1211.170421,23,6,0,6,38,29,10,177,0,0,35.21101617,41.99589543
1529,554,1305.319926,1,0,0,0,18,0,0,19,0,0,28.95127996,53.9947227
1530,843,2088.294368,1,0,0,0,0,531,0,1,0,0,67.29216423,82.99188859
1531,1662,3590.636707,82,76,6,3,46,15,0,188,0,0,106.622905,162.9840704
1532,651,1270.430211,129,46,27,184,114,58,61,328,0,0,78.14889421,63.99374542
1533,0,0,15,4,146,160,25,9,0,73,0,0,21.1266097,0
1534,1236,2955.936587,256,98,9,66,428,155,5,850,0,0,151.7496988,120.9881749
1535,874,1967.225454,42,14,5,36,61,36,0,132,0,0,58.68502694,85.99159541
1536,786,1779.267511,167,78,24,103,386,112,13,692,0,0,115.4627905,76.99247496
1537,588,1161.282044,7,2,1,6,22,26,26,91,0,0,37.60732143,57.99433179
1538,969,1958.517763,46,9,0,32,44,47,125,114,0,0,67.78120612,94.99071586
1539,771,1530.872836,258,1,16,19,78,86,226,313,0,1.96897465,86.46260636,75.99257269
1540,577,1056.17216,18,5,46,36,83,77,352,117,0,1.96897465,64.11339194,56.99442951
1541,581,1129.690696,237,42,0,7,77,40,20,169,0,0,57.36461384,56.99442951
1542,296,537.0174332,16,28,6,6,297,2276,157,419,0,0,171.2135661,28.99716589
1543,378,739.0635012,12,32,0,11,37,56,58,111,3.017255546,0,33.98841144,36.99638407
1544,433,836.1571281,27,23,0,11,91,73,126,87,0,0,42.59554872,42.9957977
1545,247,444.7939026,380,338,0,84,1358,963,1043,1478,0,0,288.0945781,23.99765453
1546,363,846.3250532,2,0,0,0,4,0,10,10,0,0,19.02372957,35.9964818
1547,328,659.5518189,19,35,21,8,34,41,83,85,0,0,31.98333968,31.99687271
1548,768,1543.983529,47,57,0,84,213,60,186,322,0,0,84.9465765,74.99267041
1549,1420,2502.161999,223,55,0,91,382,323,181,605,0,0,160.4057403,139.9863181
1550,144,294.3312581,0,0,0,1,0,4,5,3,0,0,7.677957692,13.99863181
1551,835,1694.042093,78,41,1,38,192,86,278,309,1.005751849,0,90.86398339,81.99198632
1552,707,1624.018728,0,0,0,0,0,0,1,0,0,0,34.6241659,68.99325678
1553,472,993.3161768,13,6,23,8,89,84,101,136,0,0,45.57870426,45.99550452
1554,834,1882.686232,0,0,0,0,1,223,0,1,0,0,84.78953628,81.99198632
1555,620,1276.233141,0,0,24,12,130,3,116,72,0,0,56.77939277,60.9940386
1556,262,491.4731055,3,0,0,12,15,5,6,34,0,0,16.48071173,25.99745908
1557,903,2281.07781,131,40,10,177,93,86,0,427,0,0,91.30412109,88.99130222
1558,241,522.5816501,571,204,59,675,632,351,0,1947,0,0,228.8716051,23.99765453
1559,1019,2612.084379,0,0,0,0,0,133,0,0,0,0,56.33762587,99.99022722
1560,964,2342.091776,0,0,0,0,0,85,0,0,0,0,51.30049439,94.99071586
1561,420,939.2281911,36,12,0,5,27,240,6,73,0,0,40.05253089,40.99599316
1562,731,3124.515341,8,0,2,0,4,243,0,87,5.028759244,0,52.5720033,71.9929636
1563,897,2233.741299,59,62,4,15,75,102,1,169,0,0,67.68339774,87.99139995
1564,639,1771.045329,3,3,0,39,8,83,0,42,0,0,39.95472251,62.99384315
1565,657,1599.865051,0,0,0,0,0,0,0,0,0,0,32.13005225,64.99364769
1566,368,981.4479681,3,31,2,0,12,314,0,22,0,0,36.77595022,35.9964818
1567,484,1292.737986,8,18,0,8,5,72,0,26,0,0,30.36950144,47.99530906
1568,294,701.9736367,246,145,8,30,310,202,22,682,0,0,94.8252227,28.99716589
1569,389,923.0395853,158,95,0,38,348,103,0,606,0,0,84.9465765,37.99628634
1570,497,1723.530428,126,52,5,22,68,97,0,469,0,0,65.33599666,48.99521134
1571,833,2455.803094,2,0,1,23,3,54,0,16,0,0,45.57870426,81.99198632
1572,442,1193.431033,0,0,0,0,0,0,0,0,0,0,21.61565159,42.9957977
1573,544,1320.205741,187,80,0,110,683,2114,61,944,0,0,230.9744852,52.99482043
1574,281,660.2038909,0,0,0,0,0,0,0,0,0,0,13.74207714,27.99726362
1575,447,1035.080686,173,89,2,31,124,160,95,407,0,0,74.72560098,43.99569998
1576,593,1304.746577,6,3,0,0,2,66,0,6,0,0,33.05923185,57.99433179
1577,1318,2428.470309,347,150,584,242,832,370,2582,604,0,0,343.7475453,129.9872954
1578,624,1135.144616,159,61,0,18,485,86,146,665,0,0,109.7410004,60.9940386
1579,333,786.3331166,0,0,0,0,0,0,0,0,0,0,16.28509498,32.99677498
1580,215,558.8581155,5,2,0,8,1,1790,14,1,0,0,112.568929,20.99794772
1581,838,2081.329027,31,85,4,18,3,120,10,37,0,0,56.04420073,81.99198632
1582,1534,3572.938033,56,153,0,4,72,273,2740,249,0,0,248.4821849,150.9852431
1583,330,1065.617234,96,83,0,21,104,92,120,374,0,0,59.66311073,31.99687271
1584,223,744.5699601,0,0,0,0,0,0,0,0,0,0,10.90563417,21.99784999
1585,892,2540.724099,9,8,0,0,0,54,9,39,0,0,49.4421352,87.99139995
1586,329,749.2143643,26,10,5,7,35,36,66,113,0,0,30.66292658,31.99687271
1587,556,1272.312941,13,4,0,7,29,184,2,77,0,0,42.64445291,54.99462497
1588,531,1149.520093,22,20,0,3,15,14,11,73,0,0,36.6949863,51.99491815
1589,1316,2934.674492,222,187,53,60,208,296,192,702,0,0,245.253956,128.9873931
1590,629,1387.808501,27,12,0,9,55,59,5,131,0,0,45.33418331,61.99394087
1591,1102,2637.619568,0,0,0,0,0,0,0,2,0,1.96897465,79.99022479,107.9894454
1592,923,1496.010655,7,4,0,15,41,66,113,162,0,0,65.09147572,90.99110677
1593,277,634.4600711,0,0,0,0,0,0,0,0,0,0,13.54646039,26.99736135
1594,175,428.0608343,105,125,1,18,113,191,38,418,0,0,57.90255992,16.99833863
1595,391,1015.915188,39,7,0,5,18,20,0,119,0,0,29.29360928,37.99628634
1596,347,1078.531122,2,31,0,0,1,0,0,9,0,0,19.07263376,33.99667725
1597,364,857.8797279,11,1,1,6,3,5,0,11,0,0,19.65948403,35.9964818
1598,587,1117.877558,9,6,0,10,27,375,2,37,0,0,51.49611114,57.99433179
1599,314,711.6351075,394,219,3,59,858,359,0,1408,0,0,186.7397395,30.99697044
1600,1130,2534.969649,545,254,1,71,1021,413,192,1796,0,0,265.2074176,110.9891522
1601,1117,2629.699095,31,32,0,9,17,59,0,96,0,0,66.55860139,109.9892499
1602,746,1816.819232,0,0,0,0,0,104,0,0,0,0,41.56856075,72.99286587
1603,312,677.1508256,3,1,0,3,18,14,40,20,0,0,24.09962173,30.99697044
1604,1210,2572.098874,582,385,0,59,881,177,0,1657,0,0,289.1246403,118.9883704
1605,944,2497.745993,47,150,0,15,982,695,472,321,0,0,674.3265898,92.99091131
1606,438,1172.995515,0,0,0,0,0,114,0,0,0,0,26.99511239,42.9957977
1607,162,401.4576654,25,14,25,33,36,106,24,86,0,0,24.99004064,15.99843635
1608,528,1516.012026,0,0,0,0,0,0,0,0,0,0,25.82141186,51.99491815
1609,641,1257.257858,8,2,0,7,19,65,30,37,0,0,39.563489,62.99384315
1610,433,1123.563759,0,0,0,0,1,0,0,0,0,0,21.22441808,42.9957977
1611,576,1407.098671,0,0,0,0,1,0,38,0,0,0,30.07607631,56.99442951
1612,264,708.7146382,13,4,0,6,613,6,149,39,2.011503698,0,53.5011829,25.99745908
1613,596,1171.061597,30,22,19,44,164,186,134,264,0,0,96.35121193,58.99423406
1614,365,908.8675022,41,24,8,56,181,90,116,215,0,0,59.59899128,35.9964818
1615,19,54.22313041,210,128,655,435,147,63,92,526,0,1.96897465,111.2570302,1.999804544
1616,1,1,217,98,5,85,207,113,64,389,0,0,57.65803897,0
1617,1362,3674.729956,431,206,4,97,1042,249,27,1688,0,0,249.7047896,133.9869045
1618,1429,3278.033425,392,156,18,112,1008,445,26,1599,0,0,253.5682206,139.9863181
1619,1599,2657.943418,18,6,1,18,48,37,0,100,0,0,89.34795352,156.9846567
1620,1301,3264.884723,305,99,0,26,428,140,9,620,0,0,165.1914657,127.9874908
1621,399,740.5630967,155,50,0,29,101,58,0,296,0,0,53.20775776,38.99618861
1622,619,1552.085097,193,44,0,33,348,120,1,423,0,0,87.09836082,60.9940386
1623,779,1527.002471,17,14,0,1,4,3,1,48,0,0,42.39993197,76.99247496
1624,395,934.734641,29,74,0,27,295,92,204,334,0,0,99.91107422,38.99618861
1625,808,1711.180594,31,14,0,23,267,126,161,253,0,0,91.30575029,78.9922795
1626,953,2164.940652,43,11,0,5,44,148,33,96,0,0,65.1892841,93.99081358
1627,1493,3563.293625,67,33,4,41,208,80,372,426,0,80.72796066,149.2150112,146.985634
1628,218,577.5972338,638,261,0,114,1397,687,328,1782,0,0,265.305226,20.99794772
1629,699,1518.689741,124,65,0,30,274,482,62,426,0,0,105.7308569,68.99325678
1630,1090,2313.931236,20,12,0,23,146,83,31,174,0,0,84.21971462,106.9895431
1631,816,1731.576752,9,3,0,1,12,59,95,74,0,0,52.27857817,79.99218177
1632,1024,2093.527832,49,47,0,38,601,306,1659,824,0,0,222.4162521,100.9901295
1633,511,956.3430423,22,120,0,6,133,298,3339,280,0,0,230.2898266,49.99511361
1634,0,0,332,8,0,39,149,88,12451,200,0,0,648.8118771,0
1635,386,870.1756691,52,101,0,1,28,38,0,134,0,0,70.18909995,37.99628634
1636,321,731.8515226,0,11,0,0,0,42,0,21,0,0,23.3171547,31.99687271
1637,919,1405.808884,30,14,0,59,159,137,167,336,0,0,89.05452839,89.9912045
1638,425,1060.701187,0,0,0,0,0,0,0,0,1.005751849,0,76.78428038,41.99589543
1639,566,1380.276399,0,0,0,0,0,0,0,0,0,0,35.67977104,55.99452724
1640,560,1467.164093,219,30,3,38,325,61,843,1647,0,0,188.2170087,54.99462497
1641,0,0,68,60,46,38,118,288,185,368,0,0,57.26680546,0
1642,3,3,17,5,6,84,11,20,122,66,0,0,16.33399917,0
1643,680,1314.317499,554,135,45,96,245,337,328,714,0,0,153.2657287,66.99345224
1644,866,2027.212154,105,108,1,32,262,386,150,388,0,0,112.3818266,84.99169313
1645,1240,2036.044341,185,79,0,70,227,177,90,536,0,1.96897465,127.3465085,121.9880772
1646,789,2039.91353,12,9,0,17,94,116,28,168,0,0,60.29886519,77.99237723
1647,680,1426.550168,1,1,0,0,1,0,0,12,0,0,33.98841144,66.99345224
1648,768,1865.514958,0,0,0,0,0,92,0,1,0,0,55.10650683,74.99267041
1649,223,514.0379923,242,128,0,89,549,453,874,803,0,0,164.3669796,21.99784999
1650,415,976.2459234,13,5,0,31,50,66,50,66,0,0,34.03731563,40.99599316
1651,752,1936.955312,15,6,0,28,164,69,124,144,0,0,74.67325423,73.99276814
1652,896,2169.103606,3,2,0,3,11,3,26,26,0,0,47.43706345,87.99139995
1653,874,1487.203297,22,9,9,23,141,427,33,164,0,0,83.23492988,85.99159541
1654,514,1270.830409,0,0,2,7,3,0,0,4,0,0,25.91922023,50.99501588
1655,11,19.41872537,1,0,0,0,1,1,0,37,0,0,2.494113645,0.999902272
1656,295,685.4701442,4,1,0,4,0,24,1,6,0,0,20.38290336,28.99716589
1657,7,14.90811316,25,2,115,72,22,9,21,163,0,0,21.32222646,0.999902272
1658,21,30.31609148,36,23,141,101,22,13,44,92,0,0,24.10976524,1.999804544
1659,1422,2592.762616,470,120,0,65,332,251,46,922,0,0,177.4243981,139.9863181
1660,1466,2551.379889,1164,581,0,331,1892,965,200,2879,0,0,463.5139045,143.9859272
1661,850,1448.764692,52,105,30,71,613,157,223,447,0,0,124.6078739,83.99179086
1662,369,983.9026968,15,7,0,8,32,35,262,103,0,0,40.63938116,35.9964818
1663,442,1234.380791,246,158,24,86,638,380,260,1211,0,0,168.4749315,42.9957977
1664,769,1560.088177,61,78,2,19,188,83,189,590,0,1.96897465,96.78139027,75.99257269
1665,957,1924.511048,35,4,0,13,125,24,64,128,0,0,66.02065531,93.99081358
1666,375,671.0330083,0,0,0,0,0,0,0,0,0,0,18.33907092,36.99638407
1667,269,485.9063399,0,0,0,0,0,0,0,0,0,0,16.15522687,25.99745908
1668,284,515.9023082,166,64,110,146,407,154,0,584,0,0,93.65152217,27.99726362
1669,1432,2333.694914,86,44,0,27,228,135,5,462,0,0,158.2992335,140.9862204
1670,616,1220.914497,3,0,0,2,111,7,13,41,0,0,43.78102197,60.9940386
1671,591,1362.020085,18,7,0,5,47,27,80,61,0,0,43.8839021,57.99433179
1672,619,1457.293993,38,6,8,12,30,30,124,75,0,0,50.06774615,60.9940386
1673,634,1617.722521,0,0,0,0,0,71,0,1,0,0,34.52635752,61.99394087
1674,470,1359.229523,4,3,66,8,29,7,51,19,0,0,35.13005225,45.99550452
1675,374,968.8765008,0,0,0,0,0,34,0,0,0,0,19.95290916,36.99638407
1676,308,606.6656042,3,1,0,2,2,289,0,3,0,1.96897465,29.73374699,29.99706817
1677,459,1172.978453,2,1,0,0,0,1,0,1,0,0,28.69154375,44.99560225
1678,528,1016.273319,0,0,0,0,0,18,0,18,0,0,27.58196266,51.99491815
1679,242,575.8444111,0,0,0,0,9,0,0,11,0,0,12.81289755,23.99765453
1680,595,1215.623257,88,36,14,6,4,39,0,48,0,0,40.59047697,57.99433179
1681,841,1880.152782,6,5,1,6,0,0,0,28,0,0,47.37801575,82.99188859
1682,213,512.998901,0,0,0,0,0,0,0,0,0,0,10.41659228,20.99794772
1683,514,1293.580274,0,0,0,0,1,42,0,0,0,0,27.23963334,50.99501588
1684,768,1983.055928,6,1,0,2,33,18,21,26,0,0,42.79116548,74.99267041
1685,865,1594.026643,27,20,4,37,56,41,121,113,0,0,62.79297883,84.99169313
1686,542,1013.481405,46,29,2,8,148,314,133,225,0,0,70.76436166,52.99482043
1687,406,932.1618299,0,0,0,0,0,0,0,0,0,0,25.85510078,39.99609089
1688,953,1980.666743,33,26,0,25,190,470,55,469,0,0,108.616204,93.99081358
1689,1145,2284.383946,62,18,0,3,56,47,55,131,0,5.906923951,74.1876549,112.9889568
1690,937,2313.730548,320,179,0,28,470,211,20,1201,0,0,164.6115006,91.99100904
1691,221,531.8784005,5,3,1,3,33,23,8,46,0,0,16.77413687,21.99784999
1692,324,849.1733902,0,0,0,0,0,0,0,0,0,0,15.84495728,31.99687271
1693,363,863.0082877,0,5,0,0,0,0,7,0,0,0,18.33907092,35.9964818
1694,642,1489.486226,0,0,0,0,6,52,0,27,0,0,39.55334549,62.99384315
1695,475,979.4471549,0,0,3,2,2,1,0,78,0,0,50.4352501,46.99540679
1696,719,1371.377142,32,12,0,10,8,5,138,52,0,0,54.73048858,70.99306132
1697,387,869.5970823,124,46,1,6,33,106,5,282,0,0,48.41514723,37.99628634
1698,297,694.9295743,20,13,2,4,36,30,0,147,0,0,26.84839983,28.99716589
1699,105,261.5381395,7,71,2,1,0,0,0,14,0,0,9.780837824,9.999022722
1700,37,75.65837862,568,697,4558,160,1893,2128,118,2515,0,0,619.8116929,3.999609089
1701,1229,2905.387019,15,0,0,7,4,46,1,10,0,0,64.16229613,120.9881749
1702,0,0,19,39,98,178,93,148,18,445,2.011503698,0,50.76254831,0
1703,421,1130.506801,55,31,0,12,41,68,1,159,0,0,38.53650103,40.99599316
1704,622,1769.506372,0,0,0,0,0,0,0,0,2.011503698,0,30.41840563,60.9940386
1705,1691,4276.070196,5,20,0,19,1,2,0,29,0,0,86.41370218,165.9837772
1706,1283,2284.16349,30,14,0,38,357,142,17,464,0,0,114.6803235,125.9876863
1707,446,1295.007737,0,0,0,0,0,0,0,0,0,0,21.81126835,43.99569998
1708,459,1287.486108,0,0,0,0,0,0,0,0,0,0,22.44702281,44.99560225
1709,376,971.5109714,1,0,0,0,0,1,19,0,0,0,19.41496308,36.99638407
1710,347,1011.039856,0,0,0,0,0,0,0,0,0,0,16.96975362,33.99667725
1711,255,654.0139412,246,118,0,58,145,199,8,724,2.011503698,0,85.72904353,24.9975568
1712,893,1920.590848,71,7,0,20,58,58,74,112,0,0,63.23311653,87.99139995
1713,343,769.9306444,16,2,0,1,5,3,29,28,0,0,23.88208875,33.99667725
1714,2527,4939.723135,52,60,1013,3,42,62,0,120,8.04601479,0,189.6993496,247.9757635
1715,55,122.1184786,0,0,0,0,0,0,0,0,1.005751849,0,2.689730402,4.999511361
1716,559,1285.743758,0,0,0,0,0,64,0,0,8.04601479,0,30.46730982,54.99462497
1717,66,135.4705732,42,157,1,17,38,10,0,136,5.028759244,0,22.83825632,5.999413633
1718,465,1398.522242,0,0,0,0,0,62,0,0,0,0,25.77250767,45.99550452
1719,688,2072.56762,0,0,0,0,0,0,0,0,0,0,33.64608211,67.99335451
1720,564,1298.0174,23,11,0,13,20,22,0,65,3.017255546,0,35.11320779,54.99462497
1721,0,0,2400,1343,72,854,1277,594,309,3325,0,0,497.5512201,0
1722,719,2109.989433,15,1,1,5,7,89,165,18,1.005751849,0,49.8822729,70.99306132
1723,715,2081.212298,49,35,1,8,42,84,20,155,0,0,54.23474573,69.99315905
1724,840,1712.382365,33,10,1,0,11,76,50,35,0,0,51.64282371,82.99188859
1725,1256,2785.874123,259,141,1,77,401,471,109,817,1.005751849,0,172.729596,122.9879795
1726,1565,3344.186423,282,116,5,64,314,244,146,676,0,0,240.8610933,153.9849499
1727,869,1892.010517,108,70,3,42,133,186,0,425,1.005751849,0,89.78809123,84.99169313
1728,1013,2761.155037,19,4,63,3,10,11,0,25,51.29334429,0,56.14200911,99.99022722
1729,790,2152.32594,56,17,0,7,64,20,0,135,6.034511093,0,53.25666195,77.99237723
1730,760,1773.077561,126,73,3,15,102,35,17,281,4.023007395,0,91.05271504,74.99267041
1731,949,2299.204218,9,9,0,3,4,4,0,36,0,0,49.58884777,92.99091131
1732,681,1694.419992,58,27,2,7,54,117,0,146,0,0,53.40337452,66.99345224
1733,635,1490.503019,97,35,7,41,120,166,0,411,1.005751849,0,73.94313395,61.99394087
1734,865,1753.2757,79,62,7,13,77,146,7,237,1.005751849,0,73.01395436,84.99169313
1735,508,1931.773035,35,12,0,0,10,76,0,49,5.028759244,0,33.74389049,49.99511361
1736,144,333.7643578,9,0,0,0,2,4,7,11,0,0,8.656041474,13.99863181
1737,0,0,172,67,240,632,218,244,7,708,3.017255546,0,111.8927847,0
1738,504,1371.407382,27,38,0,20,45,48,145,103,0,0,45.48089588,49.99511361
1739,684,1464.42725,210,152,1,32,167,225,61,539,0,0,101.2805757,66.99345224
1740,567,1148.407516,371,168,14,35,264,114,31,869,0,0,118.9838921,55.99452724
1741,724,1809.073264,195,53,0,104,151,317,25,211,0,0,87.04945663,70.99306132
1742,551,1294.922426,37,30,7,32,90,133,6,305,0,0,58.24488924,53.9947227
1743,193,405.5130098,77,36,0,16,147,494,8,200,0,0,57.26680546,18.99814317
1744,414,1032.940844,452,185,5,75,490,422,0,1231,0,0,172.1123152,40.99599316
1745,769,1934.702625,9,4,0,0,31,15,0,33,10.05751849,0,42.10650683,75.99257269
1746,869,2629.864481,11,3,0,2,5,172,0,24,0,0,53.10994938,84.99169313
1747,546,1663.329861,7,6,0,1,8,5,0,28,3.017255546,0,29.39141766,53.9947227
1748,262,643.8972026,10,2,0,0,4,4,0,14,0,0,14.47563998,25.99745908
1749,763,2164.15614,0,0,0,0,1,65,4,0,0,0,40.73718954,74.99267041
1750,793,2358.372282,0,0,0,0,0,0,0,0,1.005751849,0,38.78102197,77.99237723
1751,734,2001.969552,0,0,3,1,0,0,0,0,0,0,36.09129157,71.9929636
1752,240,557.2850349,4,1,0,5,13,79,0,18,0,0,17.60550808,23.99765453
1753,537,1277.23946,43,24,0,7,78,91,0,134,0,0,44.69842886,52.99482043
1754,1083,3186.267867,528,253,51,232,1785,735,119,2267,0,0,350.9212459,105.9896409
1755,102,239.0073771,0,1,0,0,0,60,0,0,27.15529992,0,7.971382827,9.999022722
1756,284,870.8002061,91,43,1,9,63,58,0,224,8.04601479,0,37.80293819,27.99726362
1757,0,0,76,34,0,5,70,28,0,208,4.023007395,0,20.58866362,0
1758,390,1065.02682,9,28,0,1,8,281,0,32,0,0,36.62923765,37.99628634
1759,6,15.4867,167,31,23,315,128,115,45,590,6.034511093,0,69.44394855,0.999902272
1760,1548,4002.393559,379,217,0,98,603,427,1416,1268,0,0,291.2733504,151.9851454
1761,579,1363.654824,47,14,182,27,46,59,40,164,0,0,56.631051,56.99442951
1762,75,178.7963376,110,37,0,16,33,97,12,194,0,0,28.07100456,6.999315905
1763,248,585.2644803,355,86,0,69,240,317,198,632,0,0,104.8994857,23.99765453
1764,498,1164.063485,304,271,3,99,446,373,68,815,0,0,140.6973521,48.99521134
1765,525,1295.557435,19,5,0,14,123,89,0,165,10.05751849,0,45.96993777,51.99491815
1766,1126,2356.043404,579,562,7126,362,1733,1581,0,2514,70.40262942,0,762.0739791,110.9891522
1767,430,1103.307983,157,39,628,1398,240,245,2,833,14.08052588,0,194.2474392,41.99589543
1768,2486,5257.676786,551,226,66,184,1179,645,0,1899,15.08627773,0,353.8707125,243.9761544
1769,0,0,79,5,876,232,54,73,0,209,3.017255546,1.96897465,74.72560098,0
1770,0,0,120,1,887,297,2,15,0,119,11.06327034,0,70.47093652,0
1771,771,1973.736879,15,5,1,50,13,12,0,58,0,0,45.23637494,75.99257269
1772,320,841.6294625,0,0,0,0,0,0,0,0,0,0,21.64934052,30.99697044
1773,522,1407.250879,27,23,0,2,20,6,1,84,1.005751849,0,33.49936955,50.99501588
1774,150,393.9924595,115,39,0,155,56,61,182,142,0,0,44.01377021,14.99853408
1775,352,940.6556545,82,117,0,28,31,24,31,156,0,0,40.15033927,34.99657953
1776,41,100.6438696,3,2,0,43,59,85,54,21,0,0,15.06249025,3.999609089
1777,362,884.0617533,5,31,0,2,15,10,290,41,0,0,40.97156698,35.9964818
1778,279,709.1357817,0,0,0,0,1,90,74,10,1.005751849,0,22.20250186,26.99736135
1779,1013,1923.201667,150,43,0,17,96,58,26,443,0,0,90.27713312,99.99022722
1780,626,1469.168791,255,166,1,219,383,266,166,879,1.005751849,0,173.805304,61.99394087
1781,392,1011.544957,158,74,15,42,235,169,137,405,1.005751849,0,79.5671157,38.99618861
1782,10,23.03062757,57,12,566,410,56,83,58,341,0,0,77.90437327,0.999902272
1783,0,0,1,1,26,4,1,5,0,3,22.12654067,21.65872115,2.005071754,0
1784,429,1200.194333,70,36,0,6,67,17,0,226,0,0,41.61746494,41.99589543
1785,0,0,1,0,172,2,1,1,0,3,0,0,8.802754042,0
1786,225,566.7221663,215,112,0,85,640,327,0,1014,0,0,136.0311671,21.99784999
1787,986,2162.53052,393,110,0,52,212,282,55,669,0,0,134.9266578,96.9905204
1788,603,1186.72804,0,0,0,0,0,0,0,0,0,0,29.48922604,58.99423406
1789,1004,1942.058868,63,121,0,2,4,5,0,254,0,0,170.0577868,98.99032495
1790,0,0,151,63,0,848,1400,933,0,1405,0,0,234.7401078,0
1791,88,135.633253,904,399,33,276,1909,782,0,2839,0,0,376.5772873,8.99912045
1792,1091,1558.057123,305,95,43,108,424,84,24,525,0,0,131.9924064,106.9895431
1793,422,779.5802895,42,26,0,19,82,89,8,231,0,0,44.9429498,40.99599316
1794,729,1348.908038,20,7,0,21,129,102,74,223,0,0,68.8199668,71.9929636
1795,619,1073.579599,642,388,1,29,302,67,11,739,0,0,136.8339212,60.9940386
1796,845,1488.815739,131,68,1,11,118,55,5,330,0,0,76.48615178,82.99188859
1797,1092,2184.616488,0,0,0,0,0,0,0,0,0,0,53.40337452,106.9895431
1798,0,0,504,158,0,13,88,76,18,356,0,0,59.3207814,0
1799,742,1562.818431,42,30,0,3,34,8,2,139,0,0,48.90418912,72.99286587
1800,477,1112.514186,456,235,53,57,619,280,422,1292,0,0,190.2861999,46.99540679
1801,1035,1724.682191,91,165,1,72,230,123,30,370,0,0,103.5301684,101.9900318
1802,582,972.138039,415,176,81,78,398,356,138,1056,0,0,160.4057403,56.99442951
1803,599,1187.525729,76,23,9,26,68,86,174,214,0,0,62.35284113,58.99423406
1804,402,841.9600587,27,3,3,3,32,9,14,24,0,0,32.28346578,39.99609089
1805,402,863.9515951,9,6,0,0,13,151,35,33,0,0,31.73881874,39.99609089
1806,1066,2140.510096,139,36,13,10,60,41,13,189,0,0,76.63286435,104.9897386
1807,427,833.5620184,14,9,0,5,222,110,28,161,0,0,47.73048858,41.99589543
1808,1048,2731.804552,545,295,0,102,880,637,0,2125,0,0,275.4283931,102.989934
1809,1503,3434.658484,47,20,0,41,65,57,3,186,0,0,93.99385149,147.9855363
1810,285,377.9650649,11,9,0,88,20,35,0,40,0,0,23.86524429,27.99726362
1811,295,596.7456698,3,0,0,13,4,248,8,7,0,0,28.26662131,28.99716589
1812,227,477.598847,76,46,0,43,64,65,0,196,0,0,35.0643036,21.99784999
1813,797,1531.754484,54,6,4,14,72,70,0,159,0,0,57.51132641,77.99237723
1814,478,1289.384548,95,35,9,50,75,149,0,222,0,0,54.43036249,46.99540679
1815,626,1273.51995,51,7,57,25,66,56,3,145,0,0,50.66473993,61.99394087
1816,474,994.4339895,1,1,0,1,5,9,80,14,0,0,28.60895064,46.99540679
1817,290,714.9045879,74,30,0,21,68,63,0,218,0,0,37.36280049,28.99716589
1818,234,535.7317041,119,34,8,75,127,122,0,328,0,0,51.20268601,22.99775226
1819,270,647.6101251,0,0,0,0,0,0,0,0,1.005751849,0,16.20413106,26.99736135
1820,353,752.7698434,5,2,0,6,26,6,0,53,0,0,22.05578929,34.99657953
1821,179,447.7380234,32,11,14,3,10,51,1,307,0,0,29.73374699,17.9982409
1822,385,668.2804553,10,6,2,19,62,26,81,109,0,0,34.23293238,37.99628634
1823,517,1109.845591,124,46,5,144,117,120,84,243,0,0,79.46586477,50.99501588
1824,1031,2172.893897,73,24,27,60,143,229,128,311,0,0,99.07988716,100.9901295
1825,1328,2594.825088,22,9,28,11,78,51,33,160,0,0,87.11520529,130.9871977
1826,66,133.1955867,815,529,979,654,4456,1793,163,5369,0,0,724.9556995,5.999413633
1827,494,1035.186943,0,31,128,0,9,12,2,9,0,0,33.49936955,48.99521134
1828,770,1596.667703,0,43,601,1,0,40,0,0,0,0,71.15559517,75.99257269
1829,706,1215.858069,125,38,1,24,241,65,46,462,0,0,83.52835502,68.99325678
1830,62,142.3348937,814,327,5,226,2208,695,15,2749,0,0,347.2686469,5.999413633
1831,1241,2707.345109,18,5,1,6,82,21,8,76,0,0,83.30230774,121.9880772
1832,555,1197.816973,464,241,7,95,929,214,0,1448,0,0,193.3182596,54.99462497
1833,691,1642.376063,25,14,2,0,115,94,92,58,0,0,53.35447033,67.99335451
1834,939,2162.424264,3,4,1,5,26,5,19,37,0,0,50.8114525,91.99100904
1835,707,1588.377272,136,65,129,26,81,514,46,390,0,0,102.405372,68.99325678
1836,830,1695.418369,0,0,1,0,20,0,0,0,0,0,41.61746494,81.99198632
1837,461,929.9143785,2,1,0,1,10,4,71,15,1.005751849,0,27.63086685,44.99560225
1838,242,490.153252,3,1,1,4,12,10,36,29,0,0,16.52961592,23.99765453
1839,144,284.4729831,1,0,21,1,6,6,10,9,3.017255546,0,9.683029446,13.99863181
1840,738,1411.192024,0,0,0,0,1,137,0,0,0,0,42.84006967,72.99286587
1841,1211,2668.586379,15,258,231,11,42,48,6,84,0,0,93.21138446,118.9883704
1842,1000,1991.389603,0,0,11,4,20,5,5,21,0,0,58.1318656,97.99042267
1843,408,1045.512312,0,0,0,0,0,0,0,0,0,0,19.95290916,39.99609089
1844,402,809.3519185,5,0,5,0,0,2,0,11,0,0,20.78428038,39.99609089
1845,596,1532.026126,0,0,0,0,0,0,0,0,0,0,29.14689672,58.99423406
1846,1065,2220.713211,0,0,4,0,0,39,0,3,0,0,69.33255411,104.9897386
1847,788,1678.769259,0,0,1,41,22,0,32,24,0,0,44.40500372,76.99247496
1848,218,426.6897942,0,0,0,0,0,0,0,0,0,0,10.66111323,20.99794772
1849,297,591.7968518,38,143,1,17,349,48,192,534,0,0,79.17588219,28.99716589
1850,502,998.7084369,15,3,0,8,30,29,6,47,0,0,31.29868104,48.99521134
1851,200,397.6712576,4,41,0,1,4,74,0,14,0,0,16.52961592,19.99804544
1852,1194,2769.421816,67,32,0,34,142,213,80,292,0,0,100.4492045,116.9885658
1853,1618,3119.389137,29,17,1,15,240,121,183,280,0,0,126.4560896,158.9844613
1854,699,1659.738906,0,0,1,0,6,0,1,0,0,0,34.57526171,68.99325678
1855,334,781.2045567,0,0,0,0,0,0,0,0,1.005751849,0,16.33399917,32.99677498
1856,464,1050.269562,44,33,12,50,140,121,82,251,0,0,58.53831438,45.99550452
1857,766,1608.840325,0,0,0,0,0,96,0,1,0,0,49.20431521,74.99267041
1858,423,1130.107956,37,1,9,2,53,56,33,40,0,0,31.98333968,41.99589543
1859,770,1763.500048,13,6,5,10,32,88,0,129,0,0,51.49611114,75.99257269
1860,990,2316.431914,0,0,6,0,0,0,0,215,0,0,95.22297302,96.9905204
1861,0,0,294,72,327,503,1438,502,13,1518,0,0,228.2358506,0
1862,900,2126.59783,96,52,34,189,323,112,1,608,0,0,113.2131978,87.99139995
1863,729,1728.072459,117,65,3,15,168,74,0,412,0,0,77.41533138,71.9929636
1864,664,1549.556884,31,11,0,31,33,49,0,107,0,0,45.28527913,64.99364769
1865,493,936.4244514,35,4,0,7,37,31,0,78,0,0,36.49936955,47.99530906
1866,1030,1900.474101,53,51,26,60,162,107,87,367,0,0,95.02083946,100.9901295
1867,333,836.3828202,7,4,0,9,53,33,8,67,0,0,25.13675321,32.99677498
1868,592,1525.998856,0,0,0,1,0,59,0,32,0,0,33.45046536,57.99433179
1869,355,1013.994449,0,0,0,0,0,0,0,0,0,0,17.36098714,34.99657953
1870,476,1025.884956,202,14,211,291,347,396,215,394,0,0,124.5100655,46.99540679
1871,0,0,226,7,181,131,80,13,7,138,0,0,38.29198008,0
1872,921,2418.537372,717,439,0,252,2118,621,140,3403,0,0,421.1139725,90.99110677
1873,912,2253.878993,176,75,3,77,517,308,14,768,0,0,139.376939,89.9912045
1874,170,401.3789437,112,46,3,36,229,91,1,246,0,0,45.67651264,16.99833863
1875,157,377.0507613,0,0,0,52,0,79,0,9,0,0,14.52454417,14.99853408
1876,156,403.4125287,60,27,19,6,119,70,0,167,0,0,37.51621401,14.99853408
1877,514,1323.155099,104,40,0,69,115,182,44,332,0,0,68.46586477,50.99501588
1878,725,1598.437588,24,28,0,40,117,203,0,277,0,0,77.15052342,70.99306132
1879,744,1556.352956,93,63,5,27,94,163,43,386,0,0,79.126978,72.99286587
1880,877,2079.239019,90,30,0,17,44,80,13,165,0,0,64.35791288,85.99159541
1881,442,912.8493614,51,58,0,15,95,55,175,242,0,0,55.40844627,42.9957977
1882,475,1109.879715,0,0,0,0,0,0,0,0,0,0,23.22948983,46.99540679
1883,1876,4200.123113,91,37,15,52,50,93,84,149,0,0,119.6685508,183.9820181
1884,483,1140.892476,0,0,1,0,0,72,0,0,0,0,34.19072915,46.99540679
1885,668,1110.445123,116,15,84,150,197,29,79,343,0,0,82.20794191,65.99354996
1886,0,0,76,38,56,63,575,442,227,1557,0,0,148.3753098,0
1887,866,2300.210537,53,432,0,71,931,1788,2283,1070,0,0,1760.487993,84.99169313
1888,41,100.6438696,143,82,0,84,325,482,3,1130,0,41.34846765,111.9905931,3.999609089
1889,280,671.3990815,0,0,0,0,0,0,0,0,0,0,13.69317295,27.99726362
1890,714,1488.019402,19,7,10,17,101,74,54,214,0,0,59.17406884,69.99315905
1891,661,1668.833615,13,12,2,93,126,206,111,238,0,0,71.49792449,64.99364769
1892,385,898.8124231,14,1,1,0,6,51,922,14,0,0,68.17243963,37.99628634
1893,337,784.0187692,25,24,0,35,145,606,49,183,0,0,68.66148153,32.99677498
1894,890,1751.70262,2,2,0,0,1,1,0,6,0,0,58.11157859,86.99149768
1895,622,1536.699418,15,11,0,17,83,87,10,305,0,0,56.23981749,60.9940386
1896,433,1025.739338,0,0,0,0,0,0,0,0,0,0,21.17551389,42.9957977
1897,1240,2713.990326,147,406,16,147,2653,1761,1714,1927,0,0,1235.579837,121.9880772
1898,1387,2633.488033,0,0,0,0,3,0,69,30,0,0,141.8183376,135.986709
1899,336,720.8977334,68,14,7,15,44,72,20,187,0,0,37.3138963,32.99677498
1900,206,541.3155319,1,0,0,0,8,1,15,6,0,0,11.59029282,19.99804544
1901,522,1351.134544,7,10,0,12,31,103,104,120,0,0,44.45390791,50.99501588
1902,206,465.4826477,21,4,13,7,31,40,100,28,0,0,37.0068851,19.99804544
1903,881,2111.807799,0,0,4,0,0,0,0,0,0,0,43.28020737,86.99149768
1904,1124,2276.059391,0,0,0,0,0,0,0,0,0,0,57.96830857,109.9892499
1905,824,1773.206116,0,0,0,0,0,92,0,1,0,0,55.84514142,80.99208405
1906,402,769.9188187,0,0,0,0,0,0,0,0,0,0,33.65948403,39.99609089
1907,413,888.6786223,0,71,8,0,0,0,0,0,0,0,29.06086105,40.99599316
1908,733,1846.332398,919,458,1,419,2350,1160,470,3409,0,212.6492622,485.0806519,71.9929636
1909,985,2373.924525,33,11,0,12,108,11,0,139,0,0,103.5265417,96.9905204
1910,728,1709.692825,12,65,2,2,6,5,2,66,0,0,43.42691994,71.9929636
1911,702,1441.121096,25,46,0,7,12,67,0,97,0,0,46.7524048,68.99325678
1912,257,661.9567137,0,0,0,0,0,0,0,0,0,0,12.5683766,24.9975568
1913,308,794.7311569,16,14,0,5,20,17,4,67,0,0,22.05578929,29.99706817
1914,408,955.2711791,0,0,0,0,0,0,0,0,0,0,19.95290916,39.99609089
1915,445,1052.162765,0,0,0,0,0,0,0,0,0,0,21.76236416,43.99569998
1916,606,1231.250339,2,4,28,2,9,26,0,29,0,0,47.52635752,59.99413633
1917,393,796.3593078,0,0,0,0,0,0,0,0,0,0,57.21934632,38.99618861
1918,0,0,670,371,47,13,54,38,0,419,0,0,78.83355286,0
1919,963,2502.677749,483,220,0,124,692,187,0,1138,0,0,186.178248,94.99071586
1920,756,1924.78269,17,8,0,5,72,29,17,93,1.005751849,0,55.75747655,73.99276814
1921,308,781.0812378,66,20,2,16,77,117,0,151,0,0,40.02047116,29.99706817
1922,630,1638.236761,54,21,0,22,104,101,30,252,0,0,64.36968559,61.99394087
1923,475,1059.071683,6,3,0,11,38,83,40,155,0,0,39.66129738,46.99540679
1924,552,1275.385618,6,7,1,0,3,1,4,28,0,0,32.44032185,53.9947227
1925,54,106.7721598,39,2,15,4,22,30,0,34,0,0,9.780837824,4.999511361
1926,155,359.249714,0,0,0,0,0,0,0,0,0,0,7.580149314,14.99853408
1927,632,1365.597863,0,0,0,0,0,0,0,0,0,0,40.90744752,61.99394087
1928,270,628.6519041,724,423,13,75,1450,672,0,1929,0,0,271.7116748,26.99736135
1929,1084,2708.700439,26,11,3,90,168,164,54,235,0,0,92.73918704,106.9895431
1930,471,1172.86037,5,5,0,6,25,31,0,48,0,0,31.90237577,45.99550452
1931,526,1368.536747,25,1,0,14,54,73,7,46,0,0,39.48252508,51.99491815
1932,421,1118.37354,2,0,0,4,19,165,64,44,0,0,35.16211198,40.99599316
1933,532,1300.607274,0,0,0,0,0,42,0,0,0,0,38.07100456,51.99491815
1934,669,1310.065351,0,0,0,5,5,8,4,1,0,0,42.84169887,65.99354996
1935,718,1556.229637,0,0,0,0,0,0,0,0,0,0,64.11320779,70.99306132
1936,210,372.9271682,0,0,0,0,0,0,0,0,0,0,14.26987972,20.99794772
1937,286,723.285566,25,3,2,34,15,10,11,42,0,0,20.93099294,27.99726362
1938,985,2759.155577,2,16,1,8,40,137,63,46,0,0,63.47763748,96.9905204
1939,989,2151.694814,0,0,0,0,0,0,0,0,0,0,67.36624304,96.9905204
1940,333,712.0168901,0,0,0,0,0,0,0,0,0,0,22.28509498,32.99677498
1941,917,1942.346219,0,0,3,3,18,46,19,45,0,0,62.39830277,89.9912045
1942,391,909.7491501,1,1,0,0,6,3,0,229,0,0,36.85854333,37.99628634
1943,308,754.5397283,0,0,0,0,0,0,0,0,0,0,49.06249025,29.99706817
1944,397,998.0354189,1,0,0,0,1,1,1,2,0,0,19.70838822,38.99618861
1945,726,1905.740511,0,1,0,1,8,74,0,42,0,0,41.66636913,70.99306132
1946,583,1385.607,11,13,0,16,19,19,0,84,0,0,36.43362089,56.99442951
1947,392,942.5370325,0,0,0,0,0,71,114,0,0,0,120.2177171,38.99618861
1948,623,1227.480993,0,0,0,0,0,0,0,0,0,0,197.4673098,60.9940386
1949,435,954.8159117,0,0,0,0,0,74,0,0,0,0,24.89223226,42.9957977
1950,715,1612.565073,29,17,0,27,92,109,122,157,0,0,105.0105118,69.99315905
1951,519,1083.663566,35,14,0,0,35,6,0,97,0,0,116.5263575,50.99501588
1952,645,1681.12432,0,0,0,0,0,0,0,0,1.005751849,0,34.54320198,62.99384315
1953,0,0,0,0,0,0,0,0,0,0,3.017255546,0,0,0
1954,832,2255.424538,0,0,0,0,0,0,0,0,0,0,43.68828535,81.99198632
1955,446,1079.642346,0,0,0,0,0,97,0,1,0,0,37.60387888,43.99569998
1956,677,1640.618004,106,162,7,2,429,205,1,267,0,0,112.766175,66.99345224
1957,778,1801.337769,5,2,0,0,0,0,0,6,1.005751849,0,78.68321359,75.99257269
1958,847,1907.772743,9,0,0,6,5,98,0,20,0,0,57.17062628,82.99188859
1959,329,766.6559275,21,2,0,0,6,3,3,62,1.005751849,0,53.83318457,31.99687271
1960,762,1318.43974,131,71,3247,104,286,564,105,506,0,0,282.4705964,74.99267041
1961,466,1125.703601,89,41,7,79,338,305,344,840,5.028759244,3.9379493,128.7006105,45.99550452
1962,425,1020.509759,49,39,1,32,303,143,91,481,6.034511093,1.96897465,88.48615178,41.99589543
1963,335,480.3277485,30,4,75,162,829,13,111,544,0,0,102.8455097,32.99677498
1964,7,11.11646894,28,12,13,211,233,203,0,360,0,0,52.18076979,0.999902272
1965,15,36.06259904,19,4,7,165,13,30,0,124,1.005751849,0,18.4368793,0.999902272
1966,1135,2893.041243,655,326,8,392,2189,599,0,2756,6.034511093,0,394.1677643,111.9890545
1967,2778,6461.304632,351,186,3,166,693,613,0,834,3.017255546,0,275.0371596,272.9733203
1968,680,1896.71405,0,0,0,0,0,0,0,0,0,0,33.2548486,66.99345224
1969,150,465.2753706,0,0,0,0,0,0,0,0,0,0,7.335628368,14.99853408
1970,167,412.2146504,46,19,0,25,113,98,63,206,0,0,57.04238738,15.99843635
1971,319,738.3169981,47,20,4,126,98,262,10,189,0,0,52.5720033,30.99697044
1972,764,1386.29049,70,31,865,45,139,54,21,188,11.06327034,0,106.4644197,74.99267041
1973,95,234.7158677,832,391,0,209,1200,764,735,2310,0,0,319.6377801,8.99912045
1974,2283,4967.148997,249,123,50,225,675,414,0,1084,6.034511093,0,249.5580771,223.978109
1975,3784,7051.622659,30,13,1,11,58,20,0,74,0,0,195.1766188,371.9636452
1976,513,1206.192715,0,0,0,0,0,0,0,0,0,0,25.08784902,49.99511361
1977,945,2201.419158,103,25,0,21,7,2,0,235,0,0,65.43380504,92.99091131
1978,726,2225.755282,0,1,0,0,0,75,0,0,0,0,39.22115967,70.99306132
1979,248,768.7800601,9,1,0,2,14,15,8,25,0,0,15.7471489,23.99765453
1980,701,2036.229495,130,132,0,14,108,39,0,378,0,0,73.45409206,68.99325678
1981,420,1012.02776,429,67,2,109,281,197,125,786,0,0,118.1525209,40.99599316
1982,1244,3574.6542,0,0,0,0,0,0,6,0,0,0,70.1302364,121.9880772
1983,1576,3629.778572,23,3,1,8,34,91,53,37,0,0,112.2990493,154.9848522
1984,352,849.6561931,56,43,2,27,109,114,24,226,0,0,71.60569223,34.99657953
1985,973,1956.203416,128,119,0,35,156,467,199,330,2.011503698,0,117.7123832,95.99061813
1986,621,1305.987708,8,12,0,6,118,117,56,57,0,0,183.6596682,60.9940386
1987,815,2049.895123,461,354,18,475,3590,1476,213,3035,6.034511093,1.96897465,536.4130218,79.99218177
1988,1168,2390.892405,8,29,1,14,168,54,26,617,0,0,101.9652343,114.9887613
1989,827,1994.419036,342,106,0,86,398,197,4,642,0,0,127.2487001,80.99208405
1990,0,0,0,0,15,0,0,6,0,0,10.05751849,0,1.026987972,0
1991,384,786.4000125,0,0,0,0,0,0,0,0,0,0,18.77920862,37.99628634
1992,976,2188.791267,0,0,0,0,0,0,0,0,9.051766639,0,47.73048858,95.99061813
1993,570,1127.713535,0,0,0,0,0,0,0,0,3.017255546,0,27.8753878,55.99452724
1994,892,1465.413801,275,99,5,172,754,333,0,1154,0,0,180.1630327,87.99139995
1995,786,1340.195111,764,486,22,427,1789,1121,0,2275,4.023007395,0,375.0951306,76.99247496
1996,1675,3824.26365,241,171,0,248,1070,527,193,1450,0,0,272.6408543,164.9838749
1997,582,1776.724941,2,1,4,18,44,9,3,24,0,0,33.59717793,56.99442951
1998,483,1397.965954,0,0,0,0,0,0,0,0,1.005751849,0,23.62072335,46.99540679
1999,888,1734.659901,31,285,0,52,159,48,1,189,0,0,87.83862462,86.99149768
2000,506,1383.141798,2,1,0,2,13,10,0,32,0,0,27.67977104,49.99511361
2001,62,171.9097185,16,10,0,12,52,92,0,172,0,0,20.34414267,5.999413633
2002,349,862.7668863,0,0,0,0,14,0,0,1,0,0,76.80112484,33.99667725
2003,501,1283.66034,0,0,0,0,0,0,0,0,1.005751849,0,51.50099875,48.99521134
2004,309,725.1446455,46,50,591,2,42,27,0,133,0,0,58.68502694,29.99706817
2005,331,579.7081876,0,0,0,0,0,0,0,0,0,0,16.1872866,32.99677498
2006,1230,3015.524443,1,5,1,1,2,1,0,4,0,0,60.88571545,120.9881749
2007,456,1158.030979,8,1,1,5,7,4,0,26,0,0,24.84332807,44.99560225
2008,0,0,233,182,15,168,90,53,0,383,0,0,54.96830857,0
2009,478,862.4454103,521,242,3,351,2011,677,15,2487,2.011503698,0,331.8149232,46.99540679
2010,476,1143.425927,0,0,0,0,0,0,0,0,0,0,23.27839402,46.99540679
2011,483,1629.25625,0,0,2,0,0,81,0,20,0,0,28.65785482,46.99540679
2012,457,1386.467702,0,0,0,0,20,0,4,0,0,0,23.52291497,44.99560225
2013,246,620.5464519,40,32,0,8,72,146,17,166,0,0,127.5533455,23.99765453
2014,840,1516.733524,297,205,1,25,164,116,19,644,0,0,113.0175811,82.99188859
2015,270,760.6011225,3,217,13,2,9,73,1,27,0,0,30.07607631,26.99736135
2016,484,1341.271033,7,4,0,0,23,13,0,15,0,0,34.70168726,47.99530906
2017,231,538.9841224,0,0,0,0,0,0,0,0,0,0,21.29686769,22.99775226
2018,625,1374.956272,24,16,2,34,206,151,54,197,0,0,64.01558356,60.9940386
2019,301,607.6823966,52,56,0,32,141,192,26,421,0,0,59.71201492,29.99706817
2020,434,1151.04334,2,2,1,0,20,5,0,17,1.005751849,0,27.52291497,42.9957977
2021,325,756.0786846,2,1,0,8,34,150,1,47,0,0,27.77757942,31.99687271
2022,803,1764.123233,1,29,421,0,0,25,0,4,33.18981101,0,62.74407464,78.9922795
2023,801,1615.131296,20,13,50,1,24,43,0,47,11.06327034,0,48.85528493,78.9922795
2024,188,372.0061595,0,0,0,0,0,338,0,2,0,0,25.82141186,17.9982409
2025,811,1644.228554,17,9,1,7,32,113,19,99,0,0,54.18584155,79.99218177
2026,445,895.1886951,77,72,6,36,53,28,0,182,0,0,43.96486602,43.99569998
2027,0,0,444,337,20,65,349,169,0,1182,8.04601479,0,125.4881493,0
2028,769,1979.444026,16,0,0,0,0,0,0,2,1.005751849,0,38.48759684,75.99257269
2029,1529,3095.80881,3,2,17,10,1,1,0,27,4.023007395,0,77.7576607,149.9853408
2030,294,977.2470063,0,2,42,0,2,12,0,4,8.04601479,0,17.40989133,28.99716589
2031,220,750.8556937,1,5,104,2,5,17,0,8,9.051766639,0,17.70331646,21.99784999
2032,483,1645.939485,15,17,80,19,12,109,61,47,0,0,41.22623143,46.99540679
2033,686,1865.942691,0,0,4,2,6,236,0,8,0,0,46.06774615,66.99345224
2034,126,246.3545004,0,0,0,0,0,0,0,0,1.005751849,0,6.161927829,11.99882727
2035,562,1527.431555,0,3,59,0,0,2,1,0,5.028759244,0,43.66292658,54.99462497
2036,726,1658.525308,0,3,44,0,0,61,0,0,1.005751849,0,40.78609373,70.99306132
2037,215,477.7169296,15,3,34,5,0,73,1,0,3.017255546,0,16.92084944,20.99794772
2038,348,856.5205135,29,65,253,9,0,49,0,99,0,0,45.66636913,33.99667725
2039,1438,3853.706036,33,38,17,12,10,4,4,25,0,0,101.317523,140.9862204
2040,980,2575.499616,0,27,837,0,1,33,0,3,0,0,91.98877974,95.99061813
2041,620,1726.680473,0,0,1,12,6,0,0,0,1.005751849,0,50.24977685,60.9940386
2042,270,923.6418236,2,1,54,0,3,16,0,18,0,0,22.80112484,26.99736135
2043,372,1317.348284,26,1,11,2,0,2,0,23,0,0,21.37113065,36.99638407
2044,977,2862.367021,0,0,1,0,0,75,0,6,0,0,65.78953628,95.99061813
2045,298,739.0923892,0,1,41,0,5,28,2,6,0,0,18.63249605,28.99716589
2046,260,817.1950233,0,0,0,0,0,0,0,0,0,0,12.71508917,25.99745908
2047,658,1495.395413,0,0,3,0,0,363,0,1,3.017255546,0,50.12679385,64.99364769
2048,1166,3048.004028,0,13,33,0,0,27,0,0,0,0,75.59229032,114.9887613
2049,14,35.1245282,0,0,1,0,0,94,0,0,0,0,5.330556614,0.999902272
2050,398,1280.31349,0,0,0,0,0,0,0,0,0,0,19.46386727,38.99618861
2051,339,1294.733563,0,0,0,0,0,0,0,0,0,0,16.57852011,32.99677498
2052,613,2024.203843,0,4,111,0,0,96,0,0,0,0,40.29705184,59.99413633
2053,2072,4649.400093,132,36,48,32,117,178,0,234,0,0,139.3280348,203.9800635
2054,547,1287.378498,0,0,0,0,0,0,0,0,0,0,26.75059145,53.9947227
2055,718,1829.986348,4,35,0,0,0,0,0,0,0,0,37.02047116,70.99306132
2056,1931,4222.900514,68,38,223,6,52,28,0,167,0,0,122.8962273,189.9814317
2057,457,1083.894494,0,0,3,4,10,300,56,27,0,0,41.91089008,44.99560225
2058,2399,5258.722466,78,95,8,10,61,51,6,230,1.005751849,0,143.6805076,235.9769362
2059,259,554.6335021,83,54,1,16,93,35,0,281,0,0,40.19924346,24.9975568
2060,0,0,10,7,0,70,37,71,0,62,0,0,12.5683766,0
2061,1,2.454728526,89,85,16,640,151,153,0,578,0,0,83.77287596,0
2062,608,1922.447397,0,0,0,0,0,74,0,0,0,0,33.35265698,59.99413633
2063,372,910.8840251,65,152,11,45,177,74,354,295,7.040262942,0,75.55697219,36.99638407
2064,427,1233.201318,292,250,13,79,113,87,24,223,0,0,88.74751719,41.99589543
2065,413,971.3364659,0,0,0,0,0,29,0,0,0,0,56.61565159,40.99599316
2066,961,2154.245326,19,62,3,16,37,210,18,99,0,0,105.6884695,93.99081358
2067,690,1473.08899,39,45,0,23,64,63,85,191,0,0,108.6850269,67.99335451
2068,192,444.0080386,0,0,0,0,0,0,0,0,0,0,9.389604311,18.99814317
2069,1357,3227.933888,38,14,0,14,25,81,44,89,0,0,89.27876232,132.9870022
2070,1156,2490.351566,25,3,1,5,56,10,24,71,0,0,73.0695595,113.988859
2071,883,2053.775962,0,0,1,0,13,0,1,3,3.017255546,0,69.0626744,86.99149768
2072,619,1464.877281,0,0,0,0,0,0,0,0,0,0,30.27169307,60.9940386
2073,302,698.8615997,33,12,1,24,9,6,0,61,2.011503698,0,29.90907673,29.99706817
2074,669,1700.604705,73,42,9,79,69,53,12,261,5.028759244,0,61.96160762,65.99354996
2075,123,339.0897219,1,5,0,2,20,69,1476,8,0,0,83.33273826,11.99882727
2076,114,328.3720978,124,44,49,143,614,352,120,561,1.005751849,0,103.7257851,10.99892499
2077,378,1049.978326,23,11,9,29,64,51,36,100,0,0,34.28183657,36.99638407
2078,286,846.1348384,19,6,1,10,19,190,1,55,0,0,31.70675901,27.99726362
2079,893,1772.716725,35,29,0,86,58,288,27,165,0,0,77.317523,87.99139995
2080,701,1592.607123,32,6,0,3,20,7,14,100,0,0,90.18239899,68.99325678
2081,206,473.0659361,8,8,0,5,9,16,0,35,1.005751849,0,26.03550228,19.99804544
2082,566,1279.418664,717,473,600,225,0,71,0,124,0,0,135.758029,55.99452724
2083,552,1138.128098,172,188,1748,36,224,171,8,618,9.051766639,0,181.776871,53.9947227
2084,0,0,355,182,9,60,86,95,21,379,2.011503698,0,58.04927249,0
2085,211,484.5812499,1,0,0,0,15,0,0,0,2.011503698,0,26.10125093,20.99794772
2086,461,1186.987856,0,0,0,0,0,0,0,0,0,0,70.54483118,44.99560225
2087,408,1033.37905,0,0,0,0,0,0,0,0,0,0,27.95290916,39.99609089
2088,569,1452.856865,0,0,0,15,4,68,1,14,0,0,50.8147109,55.99452724
2089,130,322.9063526,0,4,99,0,2,11,44,5,0,0,14.42673579,12.99872954
2090,500,1575.437201,0,0,0,0,0,87,0,0,0,1.96897465,28.70675901,48.99521134
2091,546,1338.765117,0,5,32,0,3,3,11,5,0,0,29.58703442,53.9947227
2092,514,1166.939357,0,8,218,0,0,30,0,10,12.06902219,0,38.14526751,50.99501588
2093,170,497.6867066,115,117,13,11,71,127,28,231,4.023007395,0,43.18239899,16.99833863
2094,523,1553.788086,415,191,24,33,84,75,78,350,0,0,86.70712731,50.99501588
2095,359,1096.612932,0,0,0,1,3,190,0,0,0,0,27.04401658,34.99657953
2096,208,518.1668218,0,0,0,0,0,0,0,0,3.017255546,0,10.17207134,19.99804544
2097,674,1614.295597,13,33,0,16,25,17,0,71,0,0,54.51965656,65.99354996
2098,393,901.7670168,2,1,1,2,11,8,187,57,0,0,40.3745732,38.99618861
2099,247,553.234927,6,2,0,43,33,46,27,39,8.04601479,0,38.66455578,23.99765453
2100,474,1542.705742,0,0,0,0,0,0,0,0,0,0,23.18058564,46.99540679
2101,417,1022.105138,22,6,3,23,63,99,4,135,8.04601479,0,44.754034,40.99599316
2102,394,1004.321152,80,7,0,10,90,13,56,69,2.011503698,0,43.16211198,38.99618861
2103,359,724.2734706,278,24,1,36,194,183,0,421,0,0,73.16066692,34.99657953
2104,0,0,750,145,208,660,1311,571,24,2859,0,0,319.2465466,0
2105,543,1062.952521,252,116,15,163,430,293,344,845,0,0,146.7614716,52.99482043
2106,317,670.4662472,0,0,0,0,0,0,0,0,0,0,15.50262795,30.99697044
2107,424,905.0640323,1,0,1,2,6,6,36,16,0,0,70.06086105,41.99589543
2108,643,1152.967962,459,538,75,242,298,133,786,985,0,0,203.3925226,62.99384315
2109,1005,1980.155052,158,113,0,85,316,523,34,712,1.005751849,0,197.0717411,98.99032495
2110,533,1297.7537,21,2,16,0,89,22,199,64,0,0,123.2633629,51.99491815
2111,0,0,153,31,1610,15,77,81,0,502,1.005751849,0,120.7444429,0
2112,306,648.7725353,40,33,0,34,181,114,60,410,0,0,57.60913478,29.99706817
2113,517,1182.64516,157,104,23,69,455,218,18,567,0,0,104.0681144,50.99501588
2114,279,555.9533556,127,77,6,13,109,46,0,336,0,0,48.5618598,26.99736135
2115,244,594.4037873,0,0,0,0,0,0,0,0,0,0,11.93262215,23.99765453
2116,272,593.3699325,0,0,0,0,9,0,6,1,1.005751849,0,18.08440647,26.99736135
2117,1393,3083.497159,577,49,0,113,440,304,2,754,0,0,406.6200149,136.9866113
2118,0,0,336,55,159,1391,269,25,29,266,0,0,123.7275985,0
2119,450,941.5871354,129,84,0,130,526,347,10,547,2.011503698,0,108.7140124,43.99569998
2120,273,606.4412648,517,516,149,354,541,716,318,1277,0,0,272.9424255,26.99736135
2121,414,948.7663426,88,168,0,92,174,159,134,432,0,3.9379493,118.2298581,40.99599316
2122,467,1135.741618,156,42,9,72,215,143,92,328,0,0,85.52998422,45.99550452
2123,284,668.3264053,16,8,14,32,110,456,18,96,2.011503698,0,50.56693155,27.99726362
2124,428,1140.106613,0,0,0,0,0,60,0,0,0,0,29.86524429,41.99589543
2125,138,386.5272536,0,0,0,0,0,0,0,0,0,0,6.748778099,13.99863181
2126,495,1466.097467,0,0,0,0,0,0,2,0,1.005751849,0,24.30538199,48.99521134
2127,879,1775.508638,12,5,0,0,12,5,0,30,0,0,69.11665034,85.99159541
2128,1,1,727,246,77,456,1320,1036,125,2455,0,0,315.0896905,0
2129,962,2109.683667,313,94,14,157,205,124,33,734,2.011503698,0,149.9114425,94.99071586
2130,389,982.1892345,0,0,0,0,0,0,0,0,0,0,49.02372957,37.99628634
2131,19,52.70647273,0,0,0,0,0,147,0,0,0,0,8.118095394,1.999804544
2132,345,861.2895894,0,0,0,1,1,179,0,0,0,0,25.72360348,33.99667725
2133,0,0,0,0,0,0,0,0,0,0,2.011503698,0,0,0
2134,1246,2599.802794,77,17,0,10,38,28,0,254,1.005751849,0,218.6699958,121.9880772
2135,665,2266.357381,0,0,0,0,0,63,0,1,0,0,35.65115387,64.99364769
2136,751,1898.859129,0,0,1,0,0,1,1,0,1.005751849,0,67.8737586,73.99276814
2137,224,689.3916967,0,0,0,0,0,0,0,0,0,0,10.95453836,21.99784999
2138,7770,19938.49386,14,2,0,3,10,4,6,42,0,0,383.9467888,763.9253359
2139,0,0,221,113,17,261,1094,341,0,912,0,0,144.7074956,0
2140,0,0,537,301,0,242,1613,539,2783,2390,18.10353328,0,411.0397096,0
2141,0,0,603,410,0,428,1834,829,1772,2529,0,0,411.0397096,0
2142,0,0,384,529,0,414,2211,1706,952,1973,0,0,399.4983209,0
2143,0,0,292,128,2,69,317,136,17,856,0,0,88.85891163,0
2144,417,904.5641672,19,39,0,16,226,115,44,185,0,0,51.88734466,40.99599316
2145,336,710.2811296,0,0,0,0,0,0,0,0,0,0,16.43180754,32.99677498
2146,838,1851.555389,2,1,13,10,44,61,1,41,0,0,56.4421352,81.99198632
2147,476,1018.301667,0,0,0,0,0,0,0,0,0,0,23.27839402,46.99540679
2148,263,599.3355429,0,0,0,0,0,0,0,0,0,0,12.86180174,25.99745908
2149,0,0,0,416,0,0,0,780,9317,0,0,0,514.1297402,0
2150,392,826.5127195,70,31,0,57,131,70,123,359,0,0,60.29886519,38.99618861
2151,419,879.8987994,0,0,0,0,0,0,0,0,0,0,20.49085524,40.99599316
2152,510,1100.24578,0,0,0,0,0,0,0,0,0,0,24.94113645,49.99511361
2153,0,0,90,2,0,41,9,296,2,35,0,0,23.22948983,0
2154,373,820.0643061,47,42,0,139,781,375,4,742,0,0,122.4071854,36.99638407
2155,726,1769.999648,0,0,0,0,0,0,0,0,0,0,35.5044413,70.99306132
2156,512,1410.76176,0,6,0,2,15,1,3,65,0,0,29.53813023,49.99511361
2157,0,0,15,5,0,54,11,10,0,32,0,0,6.210832018,0
2158,1114,2425.169411,76,36,0,69,286,208,7,920,0,0,132.8237777,108.9893477
2159,1,1.696399684,1,0,0,12,0,3,0,8,0,0,1.222604728,0
2160,0,0,0,0,0,0,0,0,0,0,0,0,0,0
2161,0,0,58,39,0,175,195,155,0,382,0,0,49.09980588,0
2162,219,536.8272183,0,0,0,0,0,0,0,0,1.005751849,0,10.71001742,21.99784999
2163,132,314.1658904,0,0,0,0,0,0,0,0,11.06327034,0,6.455352964,12.99872954
2164,93,232.0813971,1,0,0,1,0,78,0,0,1.005751849,0,8.460424718,8.99912045
2165,120,312.0089865,5,2,2,36,7,176,2,43,3.017255546,0,19.21934632,11.99882727
2166,210,548.8594595,30,1,6,9,3,42,7,20,4.023007395,0,16.04057403,20.99794772
2167,729,1826.655209,33,86,0,26,157,83,68,441,4.023007395,0,90.37149894,71.9929636
2168,37,95.37492848,9,9,13,66,29,57,0,53,4.023007395,0,13.35084363,3.999609089
2169,235,654.9690743,0,0,0,0,0,0,0,0,2.011503698,0,11.49248444,22.99775226
2170,0,0,78,5,26,455,82,65,84,210,3.017255546,0,49.14871007,0
2171,182,452.0688936,0,0,0,0,0,0,0,0,2.011503698,0,8.90056242,17.9982409
2172,183,617.5643231,0,0,0,0,0,0,0,0,2.011503698,0,8.949466609,17.9982409
2173,187,622.0749353,0,0,0,0,0,0,0,0,0,0,9.145083366,17.9982409
2174,108,321.227015,15,11,0,1,21,4,0,54,0,0,10.46549647,10.99892499
2175,172,430.5549237,22,28,12,5,51,45,0,60,2.011503698,0,19.3171547,16.99833863
2176,9,22.85088557,0,0,0,0,0,0,0,0,7.040262942,0,0.440137702,0.999902272
2177,440,1092.972142,0,0,0,0,0,0,0,0,1.005751849,0,21.51784321,42.9957977
2178,1342,3429.986544,36,9,46,228,81,97,0,163,0,7.875898601,97.90618662,131.9870999
2179,310,685.8912877,65,73,0,78,239,163,22,471,0,0,69.49285274,29.99706817
2180,204,679.7302259,0,0,0,0,0,0,0,0,1.005751849,7.875898601,9.976454581,19.99804544
2181,368,913.1983725,4,2,1,21,10,11,0,65,2.011503698,0,23.57181916,35.9964818
2182,1306,3239.241924,0,0,0,0,0,237,0,0,0,0,75.45916381,127.9874908
2183,1072,2673.177066,0,0,0,3,0,87,0,1,0,0,56.87557195,104.9897386
2184,65,155.7657099,12,6,0,216,13,31,0,122,0,0,22.74044794,5.999413633
2185,0,0,268,124,197,327,271,139,0,894,0,472.553916,108.5672998,0
2186,586,1430.129299,113,77,3,179,310,427,1,688,8.04601479,0,116.5875869,57.99433179
2187,31.1,53.28242385,0,0,0,0,0,0,0,0,0,0,0,0
2188,457.9,1042.009092,0,0,0,0,0,0,0,0,0,0,0,0
2189,206,469.3168425,0,0,0,0,0,10,0,0,0,0,0,0
2190,7,13.22679888,0,53.9,0,0,0,1.1,0,0,0,0,0,0
2191,0,0,0,0,0,0,0,0,0,0,0,0,0,0
2192,72.2,102.8,0,51,0,0,0,0,0,0,0,0,0,0
2193,15.6,24.95268441,0,0,0,0,0,0,0,0,0,0,0,0
2194,23.6,40.99369582,34.2,46,0,0,0,0,0,34.5,0,0,0,0
2195,85.1,139.1159059,11.3,13.6,0,0,0,9.7,0,35,0,0,0,0
2196,209.5,283.5,0,114.8,0,0,0,41.2,0,52.3,0,0,0,0
2197,33.7,46.9,36.3,508.5,0,0,0,35.9,0,144.5,0,0,0,0
2198,0,0,0,0,0,0,0,0,0,0,0,0,0,0
2199,20.6,52.25054593,0,0,0,0,11,0,0,87.3,0,0,0,0
2200,1,1,0,0,0,0,0,162,0,0,0,0,7.971382827,0
2201,0,0,0,0,0,0,0,0,0,0,0,0,0,0
2202,0,0,0,0,0,0,0,5,0,0,0,0,0,0
2203,0,0,0,0,0,0,0,0,0,0,0,0,0,0
2204,0,0,0,0,0,0,0,0,0,0,0,0,0,0
2205,0,0,0,0,0,0,0,0,0,0,0,0,10,0
2206,4,16.79146808,0,4.5,0,0,0,0,0,10.5,0,0,0,0
2207,32.2,59.37988433,0,0,0,0,0,0,0,0,0,0,0,0
2208,0,0,0,0,0,0,0,0,0,0,0,0,0,0
2209,0,0,0,0,0,0,0,0,0,0,0,0,0,0
2210,0,0,0,0,0,0,0,0,0,0,0,0,0,0
2211,1,1.696399684,0,0,0,0,0,0,0,0,0,0,0.048904189,0
2212,2,2.808391869,0,0,0,0,0,0,0,0,0,0,0.097808378,0
2213,0,0,0,0,0,0,0,0,0,0,0,0,0,0
2214,0,0,0,0,0,0,0,0,0,0,0,0,0,0
2215,0,0,0,0,0,0,0,0,0,0,0,0,0,0
2216,0,0,0,0,0,0,0,0,0,0,0,0,0,0
2217,1,5.91248548,0,0,0,0,0,0,0,0,1010.390156,0,0.04901861,0
2218,0,0,0,0,0,0,0,0,0,0,1.011401557,0,0,0
2219,0,0,0,0,0,0,0,0,0,0,0,0,0,0
2220,8,20.27137879,0,0,0,0,0,0,0,0,6.068409344,0,6.176344867,1.000061363
2221,1,1,0,0,0,0,0,0,0,0,50.57007786,0,0.04901861,0
2222,6,21.11601957,0,2,2,2,92,7,0,0,22.25083426,0,55.99969468,0
2223,9,28.71778662,0,1,2,1,190,25,1,0,12.13681869,0,11.27428031,1.000061363
2224,0,0,0,2,1,0,115,14,15,0,0,0,13.13698716,0
2225,0,0,0,0,0,0,0,0,0,0,0,0,0,0
2226,0,0,0,0,0,0,0,0,0,0,0,0,0,0
2227,18,43.07667993,0,0,0,0,0,0,0,0,0,0,16.22515993,22.00134998
2228,16,38.00883523,0,0,0,0,0,0,0,0,12.13681869,0,14.99969468,20.00122726
2229,29,99.66761238,0,1,2,0,28,10,0,0,5.057007786,0,3.480321314,2.000122726
2230,4,16.89281566,0,0,0,0,0,0,0,0,3.034204672,0,0.19607444,0
2231,0,0,0,0,0,0,0,0,0,0,0,0,0,0
2232,2,5.067844697,0,0,0,0,0,0,0,0,1.087913669,0,0.418106709,0
2233,0,0,0,1,6,0,39,2,0,0,5.99189674,0,2.032823958,0
2234,0,0,0,1,19,0,200,1,3,0,6.068409344,0,16.76436464,0
2235,0,0,0,0,4,4,294,0,0,0,0,0,14.80362024,0
2236,0,0,0,0,0,0,0,0,0,0,6.068409344,0,4.558730735,6.000368177
2237,21,57.43557324,0,0,0,0,0,0,0,0,0,0,3.627377144,5.000306814
2238,9,31.25170897,0,1,1,0,30,2,0,0,1.011401557,0,2.794060773,2.000122726
2239,2,5.91248548,0,0,0,0,0,0,0,0,1.011401557,0,1.274483861,2.000122726
2240,0,0,0,0,0,0,0,0,0,0,0,0,1.176446641,2.000122726
2241,0,0,0,0,0,0,0,0,0,0,1.673107707,0,2.467440198,2.000122723
2242,1,1.689281566,0,0,0,0,0,0,0,0,3.952485518,0,1.660197474,1.21E-08
2243,1,1.689281566,0,2,7,0,98,22,8,0,0,0,6.813586798,0
2244,0,0,0,6,10,0,203,50,6,0,8.091212458,0,101.7146336,4.000245451
2245,249,603.9181598,0,5,6,0,358,16,12,0,0,0,30.09742657,40.00245451
2246,216,554.0843536,0,10,6,0,368,6,11,0,1.011401554,0,39.80311125,34.00208624
2247,454,1132.66329,0,0,0,0,0,0,0,0,1.05E-06,0,22.45058984,30.00190207
2248,0,0,0,0,0,0,0,0,0,0,0,0,1.862707182,2.000122726
2249,57,149.5014186,0,0,0,0,9,2,0,0,6.511226306,0,2.048708769,2.000122865
2250,1111,2766.198564,0,1,0,1,30,4,1,0,0,0,102.0567461,134.0082226
2251,220,575.2003731,0,3,16,0,99,9,3,0,0,0,30.7346685,32.00196361
2252,1152,2772.111049,0,0,0,0,0,0,0,0,0.552912534,0,41.18652964,55.21643309
2253,1921,4822.054229,0,2,9,0,67,8,4,0,0.876655896,0,60.64284495,70.1838982
2254,1748,4481.663994,0,2,1,0,110,3,3,0,0.593245819,0,81.35282896,92.61261304
2255,560,1440.112535,0,0,0,0,0,0,0,0,1.011401496,0,40.39133223,54.00331031
2256,20,44.76596149,0,0,0,0,0,0,0,0,2.943754019,0,13.51922519,6.985509055
2257,27,89.53192299,0,0,0,0,0,0,0,0,1.011401528,0,1.323502448,2.000122661
2258,1,1.689281566,0,1,2,0,112,13,2,0,3.034204672,0,6.470456527,0
2259,0,0,0,3,6,7,127,61,5,9,2.022803115,0,84.99928758,0
2260,0,0,0,0,1,0,4,1,1,0,6.068409344,0,177.9886086,0
2261,0,0,0,4,3,0,219,6,5,0,3.034204672,0,9.607647571,2.000122726
2262,67,159.637108,0,0,0,0,0,0,0,0,2.022803115,0,1.960744402,3.000184089
2263,19,45.61060228,0,12,12,0,337,13,13,0,4.136056667,0,19.32324488,11.0155987
2264,25,67.57126263,0,11,7,0,388,11,17,0,5.057007741,0,28.77392385,2.000122708
2265,0,0,0,0,3,0,74,4,4,0,0,0,48.96959144,2.000122726
2266,1,1.689281566,0,6,4,0,160,9,11,1,0,0,90.49923669,0
2267,406,1032.995677,0,2,4,1,81,4,5,0,3.034204672,0,25.78378889,26.00159543
2268,29,70.94982576,6,5,8,87,136,6,10,10,2.022803115,0,13.82324804,15.00092044
2269,80,186.665613,1,2,4,2,55,59,3,6,0,0,19.11725792,17.00104317
2270,1,2.533922349,0,0,0,0,0,0,0,0,0,0,21.22505815,28.00171816
2271,400,1130.974008,0,10,12,0,481,18,21,0,1.011401557,0,64.60652805,45.00276133
2272,204,483.1345278,0,24,37,0,1032,32,35,0,6.068409344,0,201.9294199,13.00079772
2273,338,839.5729382,0,0,0,0,0,0,0,0,6.068397164,0,36.27404736,48.00331711
2274,0,0,0,0,775,1,73,1,0,0,4.045606229,0,95.68432682,4.000245451
2275,0,0,0,28,23,0,776,28,33,0,5.057007786,0,72.54754288,35.0021477
2276,0,0,0,0,0,0,0,0,0,0,3.034204672,0,109.5075749,42.00257724
2277,0,0,0,2,6,0,99,5,9,0,3.034204672,0,57.93999708,16.00098181
2278,0,0,0,0,0,0,0,0,0,0,8.091212458,0,65.88101191,0
2279,0,0,0,0,0,0,0,0,0,0,7.079810901,0,16.5682902,0
2280,0,0,0,0,0,0,0,0,0,0,6.068409344,0,148.8997237,0
2281,0,0,0,4,9,0,270,18,14,0,0,0,24.65636086,3.000184089
2282,0,0,0,7,13,0,736,33,35,0,2.022803115,0,48.72449839,0
2283,0,0,0,0,0,0,0,0,0,0,3.034204672,0,0.04901861,0
2284,0,0,0,0,0,0,0,0,0,0,2.022803115,0,4.803823785,0
2285,0,0,0,0,0,0,0,0,0,0,0,0,0,0
2286,0,0,0,0,0,0,0,0,0,0,6.068409344,0,16.17614132,0
2287,12,27.02850505,0,0,0,0,0,0,0,0,6.068409344,0,71.95931956,0
2288,1,3.378563132,0,0,0,0,0,0,0,0,0,0,0.29411166,0
2289,0,0,0,0,0,0,0,0,0,0,6.068409344,0,0,0
2290,0,0,0,0,0,0,0,0,0,0,5.057007786,0,0,0
2291,0,0,0,0,0,0,0,0,0,0,2.022803115,0,0,0
2292,48,130.9193213,0,0,0,0,0,0,0,0,6.068409344,0,66.32319715,0
2293,60,147.812137,0,0,0,0,0,0,0,0,6.068409217,0,46.02847408,1.64E-08
2294,147,362.3508959,4,15,15,28,331,13,24,14,2.022803115,0,64.99867693,29.00177952
2295,242,589.5592665,0,14,7,0,297,15,21,0,1.011401544,0,15.0977317,20.001227
2296,0,0,3,41,49,31,1671,56,74,8,4.045606229,0,140.1354609,0
2297,495,1255.136203,0,0,0,0,0,0,0,0,1.944281691,0,26.80889073,35.56591245
2298,230,580.2682178,0,0,0,0,0,0,0,0,0.942531079,0,12.56220185,16.77533628
2299,18,48.98916541,0,0,0,0,0,0,0,0,0,0,27.05827214,36.00220825
2300,0,0,0,0,0,0,0,0,0,0,0,0,23.62697005,32.00196361
2301,389,1010.190376,0,0,0,0,0,0,0,0,2.022803115,0,64.01830473,20.00122726
2302,416,1049.043852,0,0,0,0,0,68,0,0,2.46E-09,0,21.67860307,24.36286166
2303,375,925.726298,0,0,0,0,0,0,0,0,1.05E-08,0,18.97523881,24.80187385
2304,548,1497.548108,8,14,17,2,328,25,12,13,0,0,31.55705755,39.16594797
2305,1060,2995.940857,11,38,16,78,427,73,23,37,0.048266606,0,71.35036185,68.88709112
2306,747,1894.529276,8,22,35,6,197,82,17,29,0.099125296,0,60.59858716,54.78245971
2307,522,1337.066359,0,0,0,0,0,0,0,0,0,0,24.55832364,33.00202497
2308,0,0,0,4,5,0,33,14,1,0,0,0,23.57795144,26.00159543
2309,283,717.9446654,0,0,0,0,0,0,0,0,0,0,24.50930503,33.00202497
2310,268,761.0213454,11,18,7,29,78,4,6,10,0,0,26.91121685,26.00159536
2311,263,789.739132,21,17,11,4,434,43,19,4,0,0,27.41454542,20.67600653
2312,563,1586.23539,0,0,0,0,0,0,0,0,1.0114015,0,27.59747589,37.00226832
2313,1056,2843.905516,0,0,0,0,0,0,0,0,0,0,32.00915237,43.0026386
2314,327,1128.440086,27,88,17,24,522,39,19,25,0,0,57.93999708,21.00128862
2315,266,892.7853075,2,4,5,7,182,147,13,15,0,0,52.45031986,17.00104317
2316,501,1624.244225,0,0,0,0,0,0,0,0,0,0,24.55832364,33.00202497
2317,495,1463.762477,0,0,0,0,0,39,0,0,0,0,28.92097993,36.00220906
2318,691,2140.319744,0,0,0,0,0,0,0,0,0,0,37.40119947,50.00306814
2319,338,1061.713464,0,0,0,0,0,0,0,0,0,0,29.80331491,40.00245451
2320,0,0,0,0,0,0,0,0,0,0,0,0,0,0
2321,22,54.90165089,0,1,7,1,37,2,1,0,4.045606229,0,3.529339924,1.000061363
2322,2,4.223203914,0,0,0,0,0,0,0,0,7.079810901,0,0.09803722,0
2323,0,0,0,0,0,0,0,0,0,0,6.068409344,0,0.09803722,0
2324,32,81.08551516,0,0,0,0,0,0,0,0,2.022803115,0,0.588223321,1.000061363
2325,157,411.3400613,0,0,0,0,0,0,0,0,7.079810901,0,62.00955946,0
2326,109,277.8868176,2,4,5,2,112,1,7,1,9.018850907,0,147.8489133,2.435843362
2327,5,12.66961174,0,0,0,0,0,0,0,0,3.034205025,0,0.245093044,0
2328,2,5.067844697,0,0,0,0,0,0,0,0,9.102613376,0,0.739522092,0.858026237
2329,0,0,0,0,0,0,0,0,0,0,3.034204672,0,2.745042163,4.000245451
2330,43,87.84264142,0,0,0,0,0,0,0,0,5.057007786,0,125.1566153,11.00067499
2331,85,219.6066035,0,0,0,0,0,0,0,0,4.957009584,0,138.8303854,4.201225566
2332,0,0,4,12,15,24,322,8,19,10,6.657466299,0,164.0776382,1.799142611
2333,1,4.223203914,0,0,0,0,0,0,0,0,0,0,15.02196028,20.22774788
2334,20,69.2605442,0,0,0,0,0,0,0,0,0,0,21.66622564,29.00177952
2335,77,185.8209722,0,0,0,0,0,0,0,0,0,0,35.34241785,47.00288405
2336,1334,3243.420606,11,8,17,72,143,24,16,28,1.011401557,0,149.212649,178.0109226
2337,35,97.97833081,0,1,1,0,120,3,1,0,0,0,19.01922068,25.00153405
2338,78,201.0245063,0,2,1,0,40,7,3,0,0,0,41.76385577,51.00312951
2339,16,43.07667993,1,1,2,27,86,7,5,3,3.034204672,0,5.146954056,4.000245451
2340,2241,5433.574156,75,26,41,300,753,116,96,187,1.011401557,0,183.8197877,210.0128862
2341,406,973.0261819,12,3,4,49,26,3,11,24,3.034204672,0,3.529339924,5.000306814
2342,5,12.66961174,0,0,0,0,0,0,0,0,0,0,0,0
2343,0,0,5,2,2,126,195,10,22,9,0,0,20.34272317,0
2344,711,1811.754479,11,25,21,54,649,80,45,44,5.044929868,0,141.458611,39.56673536
2345,401,1093.809814,0,0,0,0,0,0,0,0,1.22E-07,0,20.27869705,27.09950906
2346,234,669.8001408,2,2,4,2,9,153,0,4,0,0,23.28383978,20.00122726
2347,36,100.5122532,0,7,5,6,82,9,6,3,1.011401557,0,34.90125036,47.00288405
2348,56,157.1031856,0,0,0,0,0,0,0,0,3.034204672,0,1.862707182,2.000122726
2349,30,78.55159281,0,0,0,0,0,0,0,0,0,0,5.686158766,8.000490903
2350,27,70.10518498,2,19,7,13,432,12,28,4,4.34982751,0,82.77847601,14.69430183
2351,482,1169.827484,9,14,4,19,93,12,12,19,4.359569094,0,106.1173934,18.20987597
2352,0,0,0,1,0,1,12,1,4,4,1.011401557,0,7.499847338,9.000552266
2353,1365,3385.320258,20,11,5,45,214,16,16,45,1.011401557,0,63.82223029,49.00300678
2354,175,426.5435954,0,0,0,0,0,0,0,0,2.022803115,0,62.98016865,7.00042954
2355,10,25.33922349,4,1,8,7,37,10,9,14,0,0,5.392047106,1.000061363
2356,27,70.10518498,16,9,8,126,219,18,11,42,2.022802862,0,48.47939929,36.00220457
2357,105,265.2172058,2,2,3,31,79,5,8,3,2.022803115,0,111.9094867,55.00337496
2358,671,2528.009863,3,9,6,9,62,130,8,15,0,0,44.75399095,44.00269993
2359,828,2105.689472,41,26,15,114,249,21,39,140,0,0,32.25424524,35.00214751
2360,32,101.3568939,0,0,0,0,0,0,0,0,2.122988297,6.14E-09,2.042360818,2.066164069
2361,0,0,24,5,8,52,82,9,13,44,5.057007786,0,52.10678249,25.00153407
2362,0,0,46,20,17,144,204,23,34,110,4.625413104,0,72.40278521,10.25924609
2363,471,1119.993678,0,0,0,0,0,0,0,0,1.991144984,0,9.939796296,1.575055665
2364,452,1187.564941,0,0,0,0,1,39,0,0,2.739525032,0,15.26899628,18.28445745
2365,28,99.66761238,0,0,0,0,0,0,0,0,2.934019484,4.89E-09,15.31022729,1.934081572
2366,0,0,20,6,4,83,56,19,14,52,1.011401557,0,38.5286275,27.0016568
2367,0,0,15,1,3,85,1,21,10,38,1.474008199,0,45.79609231,21.03259744
2368,186,466.2417122,19,8,9,20,109,5,13,47,4.864413615,0,31.07473886,13.80788559
2369,263,778.7588018,0,0,0,0,0,0,0,0,1.499321473,0,10.96668689,13.58183946
2370,475,1901.286402,3,7,12,2,12,28,19,33,4.19E-09,0,25.75871364,31.9882165
2371,1101,3074.49245,0,0,0,0,0,49,0,0,0,0,60.14583454,77.00472494
2372,97,230.5869337,0,0,0,0,0,0,0,0,1.288389086,1.06E-08,54.98114402,73.25173453
2373,113,287.1778662,0,0,0,0,0,0,0,0,0.734414028,1.09E-08,31.34062829,41.7553222
2374,4,10.13568939,2,0,6,11,60,6,5,10,3.034204672,0,92.98932102,5.000306814
2375,10,34.6302721,0,0,0,0,0,0,0,0,1.624633471,0,81.93802481,2.000123193
2376,31,106.4247386,45,10,10,1,98,34,17,92,4.231576318,0,22.88009196,2.019056461
2377,152,608.9860045,0,0,0,0,0,0,0,0,0,0,20.39174178,11.00067499
2378,364,1056.645619,25,0,0,1,1,29,0,14,0,0,21.27407676,24.00147271
2379,335,1302.436087,0,0,0,0,0,0,0,0,0,0,16.42123437,22.00134998
2380,10,30.40706818,47,12,13,140,0,21,17,109,3.034204672,0,55.83219685,0
2381,18,57.43557324,255,79,66,71,254,135,131,494,1.037469343,0,104.2359181,0.125398446
2382,157,565.0646837,0,0,0,0,0,0,0,0,3.303933073,0,22.45187459,24.62349046
2383,282,1081.984843,0,0,0,0,0,0,0,0,5.015684684,0,14.63403534,19.83778848
2384,466,1558.362244,24,0,0,2,55,0,26,2,0,0,28.18570078,31.00190225
2385,266,897.8531522,46,8,2,9,6,41,11,78,0,0,19.46038819,17.00104317
2386,87,244.945827,0,0,2,0,5,32,1,1,0,0,6.274382087,6.000368177
2387,47,163.8603119,0,0,0,0,7,7,0,0,1.46E-07,0,2.554550162,2.563135165
2388,1,3.378563132,0,0,0,0,0,0,0,0,1.69E-07,0,2.61491439,3.352748095
2389,0,0,0,0,0,0,0,0,0,0,2.89E-11,0,3.75E-10,5.14E-10
2390,7,19.42673801,0,0,0,0,0,0,0,0,1.011401528,0,13.13698711,18.001104
2391,28,91.22120455,0,0,0,0,0,0,0,0,0,0,24.65636083,33.00202494
2392,4,9.291048612,0,0,0,0,0,0,0,0,5.057007786,0,1.617614132,2.000122726
2393,14,48.98916541,0,0,0,0,0,0,0,0,0,0,7.891996219,2.000122726
2394,0,0,0,0,0,0,0,0,0,0,5.057007786,0,26.76416109,36.00220906
2395,0,0,0,0,0,0,0,0,0,0,0,0,12.64680139,17.00104317
2396,3,5.91248548,0,0,0,0,0,0,0,0,0,0,8.82334981,12.00073635
2397,14,38.00883523,0,0,0,0,0,0,0,0,0,0,2.843079383,4.000245451
2398,27,78.55159281,0,0,0,0,0,0,0,0,5.057007786,0,10.53900116,2.000122726
2399,0,0,0,0,0,0,0,0,0,0,0,0,11.37231753,15.00092044
2400,0,0,0,0,0,0,0,0,0,0,0,0,10.34292672,14.00085908
2401,9,26.18386427,0,0,0,0,0,0,0,0,1.011401557,0,18.72510904,25.00153407
2402,32,81.93015594,0,0,0,0,0,0,0,0,0,0,23.52893283,31.00190225
2403,0,0,2,2,0,0,0,7,9,9,2.022803115,0,24.01911893,32.00196361
2404,0,0,0,0,0,0,0,0,0,0,2.991931212,0,42.53538783,8.875153904
2405,0,0,0,0,0,0,0,0,0,0,3.034204672,0,64.70456527,86.00527721
2406,0,0,0,0,0,0,0,0,0,0,0,0,21.12702093,28.00171816
2407,0,0,0,0,0,0,0,0,0,0,0,0,23.52893283,31.00190225
2408,0,0,0,0,0,0,20,2,0,0,0,0,21.76426286,29.00177952
2409,0,0,0,0,0,0,0,0,0,0,0,0,22.20543035,30.00184089
2410,0,0,0,0,0,0,0,0,0,0,0,0,23.62697005,32.00196361
2411,34,96.28904925,0,0,0,0,0,0,0,0,0,0,21.4701512,29.00177952
2412,0,0,0,0,0,0,0,0,0,0,0,0,23.52893283,31.00190225
2413,0,0,0,0,0,0,0,0,0,0,0,0,23.52893283,31.00190225
2414,0,0,0,0,0,0,0,0,0,0,0,0,22.79365368,30.00184089
2415,0,0,0,0,0,0,0,0,0,0,0,0,23.52893283,31.00190225
2416,21,47.29988384,0,0,0,0,0,0,0,0,0,0,45.04810264,60.00368177
2417,551,1535.556943,4,296,5,6,6,18,30,10,1.011401555,0,51.95972652,45.00276121
2418,387,1374.230554,6,15,4,8,60,142,7,33,0,0,35.04830619,28.00171816
2419,493,1658.029857,4,4,6,6,9,16,5,17,0,0,32.00915237,38.00233179
2420,0,0,0,0,0,0,0,0,0,0,26.29644049,0,0,0
2421,0,0,0,0,0,0,0,0,0,0,25.28503893,0,0,0
2422,0,0,0,0,0,0,0,0,0,0,73.83231368,0,0,0
2423,0,0,0,0,0,0,0,0,0,0,68.7753059,0,0,0
2424,1,3.378563132,0,0,0,0,0,0,0,0,20.22803115,0,0.04901861,0
2425,0,0,0,0,0,0,0,0,0,0,0,0,73.92006396,99.00607492
2426,0,0,0,0,0,0,0,0,0,0,0,0,32.6463943,44.00269997
2427,0,0,0,0,0,0,0,0,0,0,0,0,125.4386231,163.0100021
2428,877,2865.866176,19,3,0,0,4,7,1,33,0,0,64.21437917,75.00460222
2429,1137,3559.316259,20,4,3,0,0,5,2,27,0,0,116.0760686,138.0084681
2430,0,0,0,0,2,0,36,0,0,0,0,0,1.862707182,0
2431,535,1410.550107,29,16,33,123,102,35,12,77,0,0,42.64619075,32.00196361
2432,168,494.9594988,0,0,0,0,0,0,0,0,0,0,8.82334981,12.00073635
2433,934,2718.89868,0,0,0,0,0,0,0,0,0,0,48.82253561,65.00398859
2434,1480,4450.412285,0,0,0,0,0,0,0,0,0,0,88.13546088,118.0072408
2435,1252,3451.202239,32,7,6,0,0,7,4,62,0,0,119.6544271,112.0068726
2436,836,2135.251899,21,3,6,29,0,10,6,25,0,0,42.79324658,49.00300678
2437,1048,2576.154388,0,0,0,0,0,0,0,0,0,0,51.86168944,69.00423404
2438,636,1771.211722,16,11,21,12,46,51,7,30,0,0,36.66592032,36.00220906
2439,961,2431.720814,20,5,5,9,43,2,6,28,0,0,81.07678103,60.00368177
2440,888,2616.697145,4,6,7,4,90,2,2,11,0,0,96.84185809,47.00288405
2441,1484,4129.448788,0,0,0,0,0,0,0,0,0,0,73.33184064,98.00601356
2442,673,2055.011025,7,8,14,14,35,58,7,30,0,0,40.68544635,44.00269997
2443,743,1884.393587,10,3,10,9,0,21,2,32,0,0,52.614788,55.50677407
2444,629,1883.548946,0,0,0,0,0,0,0,0,0,0,27.56727989,36.60183671
2445,1126,3043.240741,22,6,11,7,18,84,7,52,0,0,74.85141755,74.00454085
2446,545,1641.137041,0,0,0,0,22,2,0,5,0,0,28.08766356,36.00220906
2447,363,925.726298,0,0,0,0,0,0,0,0,0,0,25.47185796,32.49862606
2448,566,1843.850829,0,0,0,0,0,0,0,0,0,0,31.05897759,41.4029494
2449,440,1571.031856,46,9,7,1,31,5,4,60,0,0,41.02857662,29.00177952
2450,354,1065.092027,27,3,5,4,24,40,6,71,0,0,26.8131797,23.00141135
2451,359,917.2798902,33,8,15,45,25,12,10,87,0,0,28.7739241,20.00122726
2452,864,2316.849667,19,1,4,0,3,8,3,29,0,0,42.45011631,57.00349768
2453,394,1043.131367,39,7,10,0,0,57,5,64,0,0,31.81307793,27.0016568
2454,0,0,0,0,0,0,0,0,0,0,0,0,0.44116749,1.000061363
2455,161,422.3203914,0,0,0,0,0,0,0,0,2.382160458,0,10.84767332,8.132336865
2456,201,514.3862368,32,16,10,21,64,10,12,89,2.674847356,0,22.73007465,15.86913593
2457,738,2439.322581,17,8,4,12,10,5,6,26,0,0,50.1950567,62.0038045
2458,513,1668.165546,0,0,0,0,0,59,0,0,0,0,36.51886449,45.00276133
2459,426,1060.868823,0,0,0,0,0,0,0,0,0,0,20.88192788,28.00171816
2460,75,210.3155549,0,0,0,0,0,0,0,0,8.19023423,0,11.78914238,14.32732753
2461,195,565.9093245,43,12,9,32,9,21,6,78,3.946584435,0,12.08292148,11.67426892
2462,481,1279.630786,0,0,0,0,0,0,0,0,1.011401557,0,28.43079383,38.00233179
2463,1175,3511.171734,0,0,0,0,0,0,0,0,1.011401557,0,62.64578365,84.00515448
2464,303,879.271055,155,41,29,23,0,70,84,324,1.011401557,0,20.39174178,27.0016568
2465,1027,3062.667479,0,0,0,0,0,42,0,0,0,0,52.59696859,68.00417268
2466,459,1595.526439,1,6,3,2,11,9,4,5,0,0,24.50930503,30.00184089
2467,1380,4901.450463,0,0,0,0,0,49,0,0,0,0,70.29268605,91.00558302
2468,1053,3137.840508,19,3,7,0,0,47,8,47,1.011401552,0,56.12630843,72.00441803
2469,917,2710.452272,3,1,3,0,0,5,1,9,1.011401557,0,35.04830619,47.00288405
2470,1910,5599.968391,0,0,0,0,0,0,0,0,7.079810591,0,17.89179188,24.00147166
2471,596,1633.535274,12,79,2,10,99,59,54,82,0,0,48.62646117,40.00245451
2472,473,1701.951178,56,4,2,19,6,6,4,102,0,0,33.57774789,32.00196361
2473,737,2658.084544,0,0,0,0,0,0,0,0,0,0,36.12671561,48.00294542
2474,237,706.9643353,134,54,48,9,0,83,101,461,2.022803115,0,55.5871038,39.00239315
2475,924,2736.636137,44,15,21,0,0,42,68,213,4.354414619,0,11.42917042,15.61161272
2476,48,118.2497096,92,37,45,0,0,59,85,289,2.725396595,0,3.962673941,5.389676953
2477,558,1951.964849,13,3,1,1,4,6,3,48,0,0,31.27387321,37.00227043
2478,159,544.793305,43,12,14,0,13,96,13,172,2.022803115,0,25.68575167,10.00061363
2479,510,1644.515604,21,6,1,14,1,11,7,32,0,0,29.50920325,33.00202497
2480,743,2552.504446,256,148,20,27,15,61,92,278,0,0,83.8708418,49.00300678
2481,1077,3345.622141,0,0,0,0,0,0,0,0,0,0,60.68503925,72.00441813
2482,618,1970.546946,7,1,0,1,5,7,2,33,0,0,35.44045507,47.00288405
2483,194,664.7322961,0,0,0,0,0,410,0,0,0,0,29.70527769,13.00079772
2484,6,16.89281566,4,4,6,0,0,202,24,22,2.022803112,0,16.27417852,0
2485,558,1499.23739,4,1,4,0,0,4,3,14,0,0,34.21498982,44.00269997
2486,1054,3165.713654,0,0,0,0,0,0,0,0,0,0,54.55771299,73.00447949
2487,924,2982.426604,69,28,17,31,130,17,89,207,1.011401557,0,73.57693369,62.0038045
2488,763,2125.960851,6,4,7,0,19,23,10,18,0,0,45.88141901,56.00343632
2489,662,1626.778148,0,0,0,0,0,0,0,0,0,0,37.45021808,50.00306814
2490,377,1265.271893,0,0,0,0,0,0,0,0,0,0,18.82314626,25.00153407
2491,329,1141.109698,0,0,0,0,0,0,0,0,0,0,16.12712174,22.00134866
2492,187,659.6644514,0,0,0,0,0,0,0,0,0.580689462,0,44.94036446,23.54132167
2493,125,418.0971875,31,4,5,1,15,37,15,164,0.743162691,0,22.90753742,17.63592213
2494,227,627.5681017,0,0,0,0,0,0,0,1,1.011401557,0,19.26431375,15.00092044
2495,1286,3860.853019,16,9,11,10,1,47,15,49,0,0,78.87094358,95.00582947
2496,275,755.1088599,80,8,24,0,1,62,62,146,1.011401557,0,30.29350101,19.00116589
2497,450,1263.582611,0,0,0,0,0,0,0,0,0.468358686,0,24.31114569,27.78643702
2498,377,1164.75964,51,13,9,0,0,11,31,119,0.543042869,0,28.18778579,32.21724492
2499,649,2036.428928,0,0,0,0,0,0,0,0,0.698950961,0,41.6017083,23.82674593
2500,0,0,189,54,71,183,35,131,218,498,0,0,89.94914945,0
2501,0,0,95,34,43,0,0,63,175,261,0,0,13.57815444,0
2502,1904,5745.246605,77,32,67,0,0,110,51,183,0,0,120.5367621,127.0077931
2503,1744,5029.835862,0,0,0,0,0,0,0,0,0,0,74.47638366,97.31174119
2504,704,1910.577451,1,1,2,0,0,6,6,2,1.011401557,0,51.64850044,68.69844489
2505,1175,3657.29459,21,7,5,0,7,16,8,76,2.022803115,0,64.4039545,77.01781805
2506,233,750.885656,9,3,2,0,3,27,2,38,1.011401574,0,26.54271469,16.00098189
2507,151,456.1060228,160,240,44,3,39,97,130,780,2.022803042,0,99.65483066,10.00061327
2508,467,1342.134204,430,81,29,0,89,81,71,561,2.022803117,0,92.00793119,35.00214784
2509,107,328.5652645,577,446,26,1,55,79,55,781,0,0,104.6547305,7.000429406
2510,454,1224.729135,99,29,24,1,20,86,103,337,0,0,66.16546234,35.0021477
2511,622,1636.913837,116,254,17,27,82,350,211,462,0,0,105.0468813,41.00251588
2512,3,10.13568939,540,107,36,1,72,91,94,575,5.61E-08,0,75.46501641,2.78E-07
2513,488,1326.93067,190,260,38,22,19,38,89,267,0.082015947,0,59.85101713,34.73320225
2514,899,2959.621303,15,2,3,3,16,12,8,60,0,0,49.05867892,59.26869911
2515,202,643.6162766,3,32,6,1,2,86,149,109,0,0,29.85233268,14.00085869
2516,867,2022.070034,53,44,19,10,1,19,35,167,0.929385618,0,54.70547551,55.27232091
2517,710,1677.456595,64,18,8,0,4,36,32,120,3.034204665,0,44.8520281,49.00300667
2518,514,1603.972847,0,0,0,0,0,0,0,0,0,0,27.80005048,36.9891766
2519,1163,3786.52463,32,16,35,12,47,55,21,104,0,0,81.47788031,75.73958576
2520,1713,4539.944208,72,8,33,1,15,26,30,213,0,0,114.1153242,115.0070567
2521,933,2598.115048,0,0,0,0,0,0,0,0,6.068409344,0,48.2833309,64.00392722
2522,384,1331.153874,11,2,4,2,2,13,13,32,3.034204672,0,24.65636086,25.00153407
2523,1154,2515.340251,47,13,10,3,16,12,24,146,0,0,67.10647716,75.00460222
2524,434,987.3850752,101,27,93,6,6,75,77,240,1.011401557,0,64.26339778,28.00171816
2525,319,862.3782393,75,10,10,1,10,37,55,159,2.022803115,0,36.42082727,22.00134998
2526,0,0,194,17,153,13,19,40,62,369,3.034204672,0,46.22454928,0
2527,546,1457.849991,48,18,17,0,0,15,42,139,1.011401557,0,107.2638049,37.00227043
2528,96,212.0048365,100,100,12,3,22,105,69,351,0,0,41.22465106,6.000368177
2529,3,8.446407829,74,104,30,3,0,147,556,656,0,0,132.9986769,0
2530,886,2053.321743,0,0,0,0,0,0,0,0,1.011401557,0,43.28343268,58.00355905
2531,0,0,176,6,204,8,48,28,38,191,5.057007786,0,39.31292526,0
2532,0,0,0,0,0,0,0,0,0,0,0,0,0,0
2533,0,0,94,19,27,0,31,178,43,304,0,0,34.21498982,0
2534,632,1828.647295,0,0,0,0,0,0,0,0,2.022803115,0,34.31302704,46.00282269
2535,452,1290.611116,39,20,13,4,0,151,127,252,0,0,52.1558011,30.00184089
2536,0,0,262,65,85,1,82,594,130,904,1.92E-09,0,104.6057135,1.38E-08
2537,215,712.8768208,8,2,6,0,0,9,5,7,1.011401557,0,14.01932248,16.00098181
2538,253,869.9800064,13,8,9,0,0,40,14,20,0,0,18.28394155,18.00110453
2539,107,350.5259249,20,12,15,1,0,64,22,50,0,0,16.66632742,10.00061363
2540,415,1039.752804,27,11,8,2,25,111,50,98,1.011401557,0,72.54815353,31.00190225
2541,269,1014.41358,0,0,1,0,0,48,0,0,0,0,15.83301105,18.00110453
2542,270,659.6644514,3,2,2,0,0,3,3,12,0,0,66.66632742,21.00128862
2543,328,892.7853075,156,22,192,94,49,84,143,454,0,287.884058,72.10637539,23.00141135
2544,424,1222.195213,4,0,0,2,1,2,2,18,0,0,22.20543035,28.00171816
2545,9,22.80530114,12,7,6,0,0,292,23,51,0,0,19.65646263,2.000122726
2546,230,688.382238,132,51,44,1,0,65,221,324,2.022803115,0,43.43048851,15.00092044
2547,0,0,95,62,21,0,20,59,97,382,0,0,92.72480372,0
2548,21,50.67844697,51,12,11,4,176,55,109,215,0,0,33.03854318,2.000122726
2549,1183,2870.08938,68,51,33,1,872,134,130,1036,0,0,132.497303,16.00098181
2550,0,0,397,107,69,138,1055,434,788,1881,0,0,237.0539982,0
2551,0,0,28,10,7,3,358,35,75,139,0,0,32.25424542,0
2552,133,317.5849344,135,251,43,303,152,173,330,579,0,0,98.82151787,1.000061363
2553,44,107.2693794,35,74,50,0,2955,8,47,1408,0,0,224.7013085,1.000061363
2554,147,424.8543138,52,9,14,4,38,76,116,226,0,0,33.43069206,10.00061363
2555,330,969.6476187,113,153,26,13,284,113,266,468,0,0,88.08644227,22.00134998
2556,0,0,108,277,6,8,239,40,119,201,0,0,48.57744256,0
2557,665,1951.964849,337,37,76,77,478,74,204,301,0,0,107.5958491,44.00269997
2558,1,1,10,0,6,0,2,11,17,14,0,0,18.43099738,0
2559,645,1804.997353,39,11,5,0,0,11,14,78,0,0,42.49913492,47.00288405
2560,419,1272.87366,127,47,34,0,0,39,121,245,4.045606229,0,47.84216341,29.00177952
2561,338,946.8423176,0,0,0,0,0,0,0,0,3.034204672,0,16.61730881,22.00134998
2562,325,899.5424338,0,0,0,0,0,0,0,0,4.045606229,0,16.42123437,22.00134998
2563,297,878.4264142,0,0,0,0,0,0,0,0,1.011401381,0,15.04871066,20.00122377
2564,303,858.1550354,0,0,0,0,0,0,0,0,1.292125519,0,17.25296389,22.99747913
2565,492,1609.885332,41,9,7,0,0,14,27,103,2.022802939,0,41.76385214,32.00196084
2566,25,75.17302968,38,6,141,382,142,52,20,72,5.057007786,0,54.1165455,3.000184089
2567,168,472.9988384,0,0,0,0,0,0,0,0,0.731307103,0,9.781048937,13.03112344
2568,627,1812.59912,48,11,16,44,2,30,28,124,1.035667525,0,37.57845826,39.40367931
2569,22,75.17302968,0,0,62,165,118,2,1,2,2.022803115,0,19.65646263,3.000184089
2570,576,1761.920673,122,9,13,201,377,163,103,584,2.022803115,0,104.4096394,38.00233179
2571,1,2.533922349,329,10,323,312,357,27,52,156,0,0,73.57693369,0
2572,350,1112.391911,0,0,0,0,0,0,0,0,7.079810901,0,26.86219831,26.00159543
2573,1713,5204.676504,101,34,25,1,11,87,81,256,3.034204672,0,112.3996729,115.0070567
2574,485,1642.826323,0,0,0,0,0,0,0,0,0,0,63.97986333,35.0021477
2575,176,583.646781,34,29,33,0,0,144,54,103,3.034204672,0,31.42092904,16.00098181
2576,455,1402.94834,79,15,12,0,0,10,19,77,0,0,32.45031986,30.00184089
2577,311,1189.254222,0,0,0,0,0,0,0,0,0,0,16.61730881,22.00134998
2578,398,1088.741969,45,18,15,0,0,25,26,120,1.011401543,0,29.36214701,27.00165641
2579,722,2006.021859,5,4,6,0,14,25,18,16,1.27E-07,0,42.26067555,49.63386321
2580,593,1588.769313,0,0,0,0,0,0,0,0,6.77E-08,0,21.13993019,24.82819755
2581,634,1781.347411,1,0,0,0,0,0,0,0,0.339660764,0,27.722018,32.241827
2582,217,643.6162766,2,0,1,28,2,0,0,4,0.488360747,0,39.85842994,46.35696452
2583,781,2261.103376,10,2,4,8,11,3,7,33,0.986506241,0,50.73828835,56.57582053
2584,654,1869.190053,75,40,14,0,0,54,177,193,6.85E-09,0,27.63859809,32.46068065
2585,783,1936.761315,0,0,0,0,0,0,0,0,3.53E-08,0,14.54702488,17.08495525
2586,670,1812.59912,0,0,0,0,0,0,0,0,0.183380017,0,14.96688673,17.407094
2587,272,761.8659862,75,24,10,1,1,121,197,197,0,0,26.32285908,18.00102661
2588,522,1275.407582,0,0,0,0,0,0,0,0,0,0,9.264517076,12.00073606
2589,670,2487.467106,0,0,0,0,0,0,0,0,4.045606229,0,32.84246874,44.00269997
2590,231,687.5375973,159,37,29,0,0,69,95,314,1.011401557,0,38.23451584,19.00116589
2591,59,203.5584287,0,0,0,0,0,31,0,0,0,0,4.411674905,4.000245451
2592,150,516.9201591,2,2,1,0,2,3,71,7,0,0,12.45072695,11.00067499
2593,294,1090.431251,9,2,46,1,0,2,1,5,0,0,18.5290346,19.00116589
2594,225,776.2248795,6,1,1,1,5,1,2,24,0,0,13.97030387,17.00104317
2595,187,524.5219262,28,7,3,0,0,17,14,63,1.011401557,0,10.93115004,15.00092044
2596,605,1616.642458,153,191,2,6,99,167,498,967,0,0,132.497303,40.00245451
2597,493,1339.600282,0,0,0,0,0,0,0,0,0,0,26.07790055,33.00202497
2598,406,1331.153874,14,2,2,0,0,39,24,26,0,0,27.10729136,31.00190225
2599,244,608.1413637,27,27,4,1,13,52,15,53,0,0,23.72500727,17.00104317
2600,239,598.0056743,115,23,8,1,43,33,64,260,0,0,50.34211253,14.00085908
2601,369,983.1618713,114,8,332,35,108,73,82,338,0,0,78.03772898,25.00153407
2602,17,43.92132071,196,142,12,5,69,58,220,362,0,0,53.18519191,1.000061363
2603,53,173.9960013,163,74,151,37,124,44,148,525,0,0,115.5673742,3.000184089
2604,319,856.4657538,96,17,21,7,17,43,95,268,0,0,40.34231607,23.00141135
2605,368,1230.641621,8,1,3,2,13,7,7,35,2.022803115,0,22.4505234,25.00153407
2606,179,599.6949558,34,23,4,8,2,88,3,34,0,0,20.29370456,13.00079772
2607,162,510.1630329,13,0,21,0,3,1,2,16,0,0,12.15661529,13.00079772
2608,154,414.7186244,94,10,23,0,11,42,60,269,0,0,28.13668217,11.00067499
2609,261,673.178704,51,66,35,0,33,296,106,571,0,0,72.00833817,17.00104317
2610,257,657.1305291,17,7,18,99,57,206,43,83,0,0,45.39123291,17.00104317
2611,103,286.3332254,103,106,37,2,47,265,101,354,0,0,54.01850828,7.00042954
2612,199,661.353733,0,0,0,0,0,73,0,0,0,0,14.65656441,14.00085908
2613,232,786.3605689,0,0,0,0,0,48,0,0,0,0,14.6075458,16.00098181
2614,151,356.4384104,31,5,23,0,14,64,12,97,0,0,19.55842541,10.00061363
2615,375,1019.481425,9,1,9,2,4,25,5,36,0,0,24.41126781,27.0016568
2616,275,758.487423,109,19,96,3,350,239,75,350,0,0,92.84134922,20.00122726
2617,508,1517.819487,0,0,3,0,0,0,0,0,0,0,25.04850974,33.00202497
2618,268,637.7037911,309,78,38,434,1306,235,482,813,1.011401557,0,203.2412256,18.00110453
2619,635,1549.915837,35,1,50,2,9,5,7,75,0,0,17.94081128,4.000245451
2620,332,902.9209969,0,0,0,0,0,0,0,0,0,0,16.61730881,22.00134998
2621,305,1061.713464,0,0,0,0,0,0,0,0,0,71.97101449,14.95067607,20.00122726
2622,341,1102.256222,8,8,3,0,0,19,10,22,0,0,20.58781622,23.00141135
2623,866,2158.901841,39,10,15,0,137,51,744,200,0,0,92.10596829,37.00227043
2624,648,1678.301236,0,0,0,0,0,0,0,0,0,0,31.81307793,42.00257724
2625,345,1205.302397,22,13,10,0,14,37,38,125,0,0,29.80331491,23.00141135
2626,462,1664.786983,2,0,0,0,38,34,1,47,0,0,28.96999854,31.00190225
2627,132,446.8149741,0,0,0,0,0,147,0,0,0,0,21.65656441,10.00061363
2628,274,833.6604527,0,0,0,0,0,0,0,0,0,11.07246377,14.36245275,19.00116589
2629,0,0,105,313,24,3,38,87,198,572,0,0,88.07678103,0
2630,0,0,447,144,79,75,1111,369,820,1654,0,0,232.2011558,0
2631,0,0,152,243,32,8,203,142,337,873,0,0,97.44899679,0
2632,166,588.7146257,4,0,0,51,12,1,0,153,0,0,18.97020209,11.00067499
2633,375,1349.735971,14,30,3,8,14,7,84,34,0,0,27.15630997,25.00153407
2634,338,754.2642191,0,0,0,0,0,0,0,0,0,0,20.63683483,22.00134998
2635,160,494.114858,57,7,9,0,34,100,107,203,0,0,40.69541291,11.00067499
2636,106,320.9634975,432,137,26,1,71,89,203,567,0,0,80.19444605,8.000490903
2637,0,0,126,291,45,6,1448,115,255,521,0,0,141.7128017,0
2638,0,0,692,223,40,4,80,128,170,851,0,0,110.5859843,0
2639,2,5.067844697,343,417,14,14,56,85,97,312,0,0,68.47899825,0
2640,260,643.6162766,289,80,56,19,1476,192,442,829,0,0,192.7411747,19.00116589
2641,866,2185.930346,34,14,15,0,0,31,29,139,0,0,72.40048705,57.00349768
2642,717,1810.909838,13,9,13,0,4,37,30,82,0,0,44.75399098,47.00288405
2643,137,327.7206238,56,19,17,0,0,160,37,116,1.011401557,0,30.09742657,8.000490903
2644,327,815.9229963,128,42,27,0,0,34,112,261,0,0,25.24458418,34.00208634
2645,0,0,0,0,1138,5,0,0,0,0,0,0,56.12630851,0
2646,0,0,261,38,20,4,531,62,81,840,0,0,82.84145099,0
2647,639,1750.095702,0,0,0,0,0,0,0,0,0,0,31.37191043,42.00257724
2648,303,739.9053258,65,2,4,0,11,63,31,28,0,0,24.8524353,20.00122726
2649,122,298.1581964,0,0,0,0,0,0,0,0,0,0,6.127326257,8.000490903
2650,395,979.7833081,93,37,44,0,1,44,148,246,0,0,53.67537801,30.00184089
2651,236,647.8394805,0,0,0,0,0,0,0,0,0,0,19.80351846,15.00092044
2652,474,1183.341737,0,0,0,0,0,34,0,0,0,0,26.3229936,33.00202497
2653,478,1299.057524,85,14,124,3,15,27,62,183,0,0,53.28322913,35.0021477
2654,1780,5088.960717,0,0,0,0,0,0,0,0,0,0,90.48835416,121.0074249
2655,453,1201.079193,0,0,0,0,0,0,0,0,1.011401557,0,23.72500727,32.00196361
2656,1110,3317.748995,42,23,27,0,0,68,52,90,0,0,69.90053794,74.00454085
2657,111,246.6351086,292,147,6,86,23,28,15,221,0,0,45.8324004,7.00042954
2658,531,1292.300398,29,1,11,86,14,113,29,75,0,0,45.93043762,38.00233179
2659,125,313.3617304,115,12,13,387,80,86,82,312,0,0,59.9497601,9.000552266
2660,689,1911.422092,58,257,13,25,311,44,194,103,0,0,86.86097702,46.00282269
2661,429,1011.035017,227,471,160,56,84,95,208,545,0,0,117.5956455,25.00153407
2662,0,0,1009,284,35,16,77,116,134,929,0,0,128.2326839,0
2663,142,289.7117885,706,561,12,2,94,33,48,270,0,0,92.44909856,9.000552266
2664,505,1086.208047,235,208,41,184,182,107,165,654,0,0,116.5662547,39.00239315
2665,17,37.16419445,276,26,21,494,142,257,206,428,0,0,91.81185663,1.000061363
2666,193,353.0598472,156,125,85,135,50,16,85,270,0,0,54.01850828,14.00085908
2667,485,1213.748805,7,0,0,0,11,23,109,25,0,0,48.71493893,38.00233179
2668,355,852.2425499,30,4,24,171,24,90,116,150,0,0,51.87155422,25.00153407
2669,546,1800.774149,102,72,9,1,20,28,110,280,0,0,57.74392264,36.00220906
2670,492,1255.980844,4,1,20,2,3,386,4,297,0,0,74.8319933,41.00251588
2671,624,1836.249062,9,2,2,69,21,12,21,36,0,0,45.64619075,46.00282269
2672,402,1044.820648,29,7,6,1,25,70,47,266,0,0,42.69520936,27.0016568
2673,435,1540.624788,690,282,49,20,239,99,216,653,0,0,130.8796888,30.00184089
2674,615,1922.402422,2,1,0,0,0,6,3,9,0,0,32.25424542,41.00251588
2675,304,864.9121617,0,0,0,0,0,0,0,0,0,0,15.29380634,20.00122726
2676,391,1150.400746,0,0,0,0,0,0,0,0,0,0,20.09763012,27.0016568
2677,498,1532.17838,1,0,0,3,6,1,0,98,0,0,29.99938935,33.00202497
2678,272,767.7784716,0,0,0,0,0,48,0,0,0,0,16.86240186,19.00116589
2679,250,648.6841213,0,0,0,0,0,96,0,0,0,0,18.38197877,18.00110453
2680,253,821.8354817,0,0,0,0,0,0,0,0,0,0,14.50950858,19.00116589
2681,475,1627.622789,0,0,0,0,0,0,0,0,2.022803115,0,24.21519337,32.00196361
2682,377,1184.186378,5,1,1,1,0,209,2,14,0,0,30.19546379,25.00153407
2683,221,779.6034426,0,0,0,0,0,0,0,0,0,0,11.12722448,15.00092044
2684,313,706.9643353,0,0,0,0,0,0,0,0,0,0,16.76436464,22.00134998
2685,369,1083.674124,0,0,0,0,0,0,0,0,0,0,18.57805321,25.00153407
2686,454,1555.828322,0,0,0,0,0,0,0,0,0,0,24.31323059,32.00196361
2687,382,1219.66129,0,0,0,0,0,35,0,0,0,0,21.12702093,26.00159543
2688,351,1118.304397,0,0,0,0,0,0,0,0,0,0,25.77412765,25.00153407
2689,160,486.5130909,0,0,0,0,0,0,0,0,0,0,8.186107879,11.00067499
2690,355,1089.58661,0,0,0,0,0,61,0,0,1.011401557,0,20.63683483,24.00147271
2691,231,658.8198106,13,1,1,28,4,4,3,42,0,0,15.98006688,15.00092044
2692,727,2027.98252,0,44,0,0,1,122,1,1,0,0,44.16576766,48.00294542
2693,639,1773.745644,60,114,12,92,173,122,126,112,0,0,70.83189153,41.00251588
2694,428,1380.98768,0,1,7,1,45,4,10,18,0,0,24.90145391,28.00171816
2695,497,1411.394748,0,0,0,0,0,0,0,0,0,0,24.90145391,33.00202497
2696,264,929.1048612,297,56,20,42,349,52,71,131,0,0,63.13596975,17.00104317
2697,434,1448.558943,0,0,0,0,0,0,0,0,0,0,21.56818842,29.00177952
2698,382,1155.468591,0,1,13,1,17,48,1,23,0,0,23.82304449,25.00153407
2699,387,1367.473427,0,0,0,0,0,0,0,0,0,0,19.65646263,26.00159543
2700,251,767.7784716,4,0,0,0,12,36,2,15,0,0,17.15651352,18.00110453
2701,297,804.0980253,6,0,0,7,9,22,3,27,0,0,19.26431375,21.00128862
2702,529,1399.569777,101,81,6,27,9,191,21,200,0,0,57.98901569,39.00239315
2703,245,699.3625682,26,49,2,107,54,21,50,257,0,0,39.95016719,16.00098181
2704,226,849.7086276,0,0,0,0,0,0,0,0,0,0,11.2252617,15.00092044
2705,343,1129.284727,0,0,0,0,31,2,0,55,0,0,21.12702093,22.00134998
2706,123,384.3115562,0,0,0,0,0,0,0,0,0,0,8.7743312,12.00073635
2707,367,1030.461755,69,30,2,27,14,11,55,179,0,0,37.84236696,25.00153407
2708,130,402.0490127,16,0,0,2,0,0,1,39,0,0,11.47035475,12.00073635
2709,76,239.8779823,0,0,0,0,0,0,0,0,0,0,4.264619075,6.000368177
2710,122,379.2437115,0,0,1,0,5,4,2,2,1.011401557,0,7.548865948,9.000552266
2711,568,1554.139041,25,0,33,39,76,40,31,59,0,0,51.44025152,40.00245451
2712,115,335.3223908,0,0,0,0,0,0,0,0,0,0,6.470456527,9.000552266
2713,289,819.3015594,56,28,68,147,113,122,147,219,2.022803115,0,58.72429485,20.00122726
2714,207,509.3183921,0,0,0,0,0,0,0,0,0,0,10.34292672,14.00085908
2715,240,596.3163927,0,0,0,0,0,0,0,0,0,0,12.49974556,17.00104317
2716,368,1092.120532,0,0,2,0,116,14,3,11,0,0,26.86219831,26.00159543
2717,157,379.2437115,20,4,19,57,399,122,92,53,0,0,45.58730735,11.00067499
2718,282,687.5375973,0,0,0,1,28,46,0,4,0,0,17.64669962,18.00110453
2719,1492,4555.992383,133,36,35,9,0,56,97,298,0,0,117.3015339,99.00607492
2720,1158,3986.704495,6,9,10,0,13,29,15,17,1.011401557,0,64.06732334,79.00484767
2721,448,1624.244225,0,0,0,0,0,0,0,0,0,0,22.05837452,29.00177952
2722,366,923.1923757,0,0,0,0,0,0,0,0,0,0,20.58781622,27.0016568
2723,396,1094.654455,0,1,61,3,215,13,0,34,0,0,36.42082727,27.0016568
2724,225,728.9249956,0,0,0,0,0,0,0,0,0,0,12.35268973,16.00098181
2725,317,971.3369003,0,0,0,0,0,0,0,0,0,0,18.57805321,25.00153407
2726,0,0,0,0,130,41,18,0,1,14,1.011401557,0,9.999796451,0
2727,136,355.5937696,414,65,96,956,540,144,237,1082,5.057007786,0,173.3298052,12.00073635
2728,0,0,421,26,1023,212,181,195,73,559,2.022803115,343.2463768,133.9678613,0
2729,0,0,303,29,323,497,1228,23,32,940,2.022803115,0,165.2907531,0
2730,0,0,321,18,12,6,708,44,55,177,0,0,65.93003052,0
2731,454,1292.300398,5,0,4,48,11,0,0,9,0,0,31.81307793,36.00220906
2732,9,19.42673801,74,7,877,164,41,82,47,174,1.011401557,0,70.78287292,1.000061363
2733,133,331.0991869,74,6,553,170,23,74,46,202,0,0,72.6455801,9.000552266
2734,240,556.6182759,0,0,0,0,0,0,0,0,0,0,12.84287583,17.00104317
2735,258,760.1767046,16,25,3,30,15,8,11,87,0,0,25.78378889,18.00110453
2736,331,711.1875392,157,40,48,100,71,162,347,525,0,0,96.12569787,23.00141135
2737,54,154.5692633,40,63,0,7,5,163,1,195,0,0,26.76416109,4.000245451
2738,261,763.5552677,111,67,19,1,39,138,115,530,0,0,70.2339052,19.00116589
2739,312,1008.501095,1,1,0,0,9,105,3,34,1.011401557,0,23.72500727,21.00128862
2740,465,1310.037854,0,0,0,0,0,0,0,0,0,0,22.79365368,30.00184089
2741,0,0,204,145,43,438,378,107,276,689,1.011401557,0,191.5759159,0
2742,92,259.3047203,69,17,75,180,41,30,39,594,0,0,55.44004797,6.000368177
2743,312,831.1265304,20,18,11,0,13,17,44,104,1.011401557,0,22.00935591,24.00147271
2744,110,270.2850505,516,121,102,270,72,98,83,701,0,0,110.9291146,8.000490903
2745,245,712.03218,50,21,9,47,78,109,98,277,0,0,42.94030241,17.00104317
2746,486,1472.208885,6,0,1,14,16,8,4,51,0,0,32.1562082,32.00196361
2747,465,1374.230554,0,0,0,0,0,0,0,0,0,0,22.30346757,30.00184089
2748,12,33.78563132,184,65,130,419,742,66,140,616,0,0,114.5564917,2.000122726
2749,0,0,89,33,219,129,52,44,140,195,1.011401557,0,53.47930357,0
2750,92,217.0726812,299,56,140,596,133,236,256,1018,1.011401557,0,147.4969977,7.00042954
2751,162,428.2328769,143,101,14,76,72,12,47,1353,0,0,95.48835416,16.00098181
2752,760,1812.59912,89,114,3,100,132,52,70,114,0,0,68.13586798,53.00325223
2753,696,2027.137879,24,7,5,36,20,180,21,398,0,0,71.35157021,45.00276133
2754,628,1888.616791,0,0,0,0,0,0,0,0,0,0,30.29350101,40.00245451
2755,371,1073.538435,6,54,211,28,524,67,31,105,0,0,69.06722157,24.00147271
2756,571,1538.935506,304,10,60,178,1439,51,56,151,0,0,139.0657967,37.00227043
2757,590,1273.718301,61,29,20,90,223,38,62,272,0,0,65.48886303,41.00251588
2758,271,711.1875392,215,118,37,75,630,58,258,305,0,0,98.03722011,18.00110453
2759,676,1429.976845,1949,3,273,202,118,37,96,132,0,0,170.8788746,44.00269997
2760,709,2077.816326,0,0,0,0,0,0,0,0,0,0,35.19536202,47.00288405
2761,0,0,36,2,153,519,48,9,6,71,0,0,41.37170689,0
2762,178,267.7511282,56,23,5,111,25,35,107,270,0,0,38.96979499,12.00073635
2763,1877,3722.33193,124,373,103,168,1243,195,288,455,0,0,237.1520354,123.0075476
2764,500,998.3654054,62,6,6,18,359,24,28,55,0,0,51.12641029,33.00202497
2765,910,2047.409258,169,54,7,6,266,61,40,125,0,0,84.31200929,60.00368177
2766,653,1370.00735,229,137,17,44,350,52,102,154,0,0,86.17471648,43.0026386
2767,136,204.4030695,29,130,14,73,285,65,71,126,0,0,43.28343268,9.000552266
2768,38,78.55159281,47,3,51,66,246,19,79,106,0,0,32.00915237,4.000245451
2769,397,685.8483157,106,150,21,203,453,269,138,259,0,0,97.10586652,26.00159543
2770,567,1202.768475,68,252,23,12,452,58,205,72,0,0,84.94925122,39.00239315
2771,643,1880.170383,17,3,2,4,87,7,470,218,0,0,79.23380342,45.00276133
2772,504,1336.221719,26,9,10,17,109,65,37,77,0,0,49.97945623,33.00202497
2773,1062,2669.909515,7,14,39,21,339,211,31,15,0,0,89.54733933,72.00441813
2774,469,1195.166708,3,0,1,1,4,112,6,12,0,0,32.59737569,34.00208634
2775,681,1688.436925,0,0,0,0,0,0,33,0,0,0,35.93064117,46.00282269
2776,765,2432.565455,0,0,0,0,0,0,0,0,0,0,36.71493893,49.00300678
2777,500,1399.569777,0,0,0,0,0,148,0,0,0,0,31.91111515,33.00202497
2778,570,1649.583449,0,0,0,0,0,0,0,0,0,0,27.7935519,37.00227043
2779,819,2534.766989,31,1,14,3,113,42,81,100,0,33.2173913,64.55761122,54.00331359
2780,176,502.5612658,36,17,11,10,1330,164,1576,15,0,0,179.721954,12.00073635
2781,383,1140.265057,2,0,1,2,3,5,0,0,0,0,19.95057429,26.00159543
2782,358,1005.967172,0,0,0,0,0,36,0,0,0,0,19.80351846,24.00147271
2783,725,1756.008188,0,0,2,1,27,154,1,46,0,0,46.66571677,47.00288405
2784,460,1327.775311,0,0,0,0,18,3,19,9,0,0,25.29360279,31.00190225
2785,339,1284.698631,0,0,0,0,0,0,0,0,0,0,21.30356935,23.00141135
2786,364,1098.033018,0,0,0,0,0,0,0,0,0,0,19.06823931,22.00134998
2787,419,1187.564941,166,29,48,117,99,295,727,529,0,0,116.4191989,31.00190225
2788,698,2095.553782,1,3,3,5,2,377,3,3,1.011401557,0,53.92047106,46.00282269
2789,577,1537.246225,0,0,1,0,62,96,4,8,0,0,36.96003198,38.00233179
2790,0,0,542,96,551,371,95,200,172,1025,0,0,174.7222594,0
2791,53,133.4532437,195,161,4,0,1,290,1067,1014,3.37E-11,0,276.7465673,16.63605237
2792,1017,2960.465944,16,6,10,0,0,22,17,34,0,0,55.29299214,67.00411131
2793,0,0,284,76,69,0,0,102,218,560,0,0,130.6836144,0
2794,0,0,122,26,23,1,0,23,98,224,0,0,15.88202966,0
2795,0,0,552,111,162,60,144,225,358,1576,1.011401557,0,147.3009232,0
2796,2777,6773.174438,0,0,0,0,0,0,0,0,0,0,116.395273,144.1967074
2797,3640,9549.508691,0,0,0,0,0,0,0,0,0,0,128.1006073,156.288999
2798,1162,3499.346763,190,122,144,1,0,377,341,774,0,0,170.3897002,0
2799,0,0,219,69,104,0,0,140,216,705,0,0,61.22424396,0
2800,0,0,182,4,670,67,297,37,31,245,0,0,75.83178975,0
2801,438,1070.159872,18,15,7,3,0,18,43,87,0,0,61.19915269,75.81679257
2802,760,1823.57945,26,19,3,0,0,27,112,118,0,0,84.19899898,102.726894
2803,1589,4341.453624,0,0,1,0,0,67,0,0,5.51E-11,0,93.29491855,91.37057473
2804,632,1728.135042,0,0,0,0,0,34,0,0,0,0,32.6463943,41.00251588
2805,748,1817.666965,0,0,0,0,0,9,0,0,0,0,0.44116749,0
2806,591,1440.112535,56,218,29,0,112,70,189,534,0,0,67.79273771,11.00067499
2807,1,1.689281566,200,36,153,464,224,437,232,965,0,0,135.4384196,0
2808,316,890.2513852,3,2,14,0,0,18,6,16,0,0,18.77412765,21.00128862
2809,752,2143.698307,0,0,0,0,0,0,0,0,1.011401557,0,37.10708781,50.00306814
2810,1171,2338.810328,9,1,1,0,0,41,45,108,0,0,71.22404041,77.00472494
2811,496,989.9189975,62,17,24,0,20,31,74,201,0,0,51.86168944,32.00196361
2812,1,1.689281566,215,42,930,105,49,46,74,355,0,0,89.16485169,0
2813,389,1276.252223,0,0,0,0,0,0,0,0,0,0,19.70548124,26.00159543
2814,192,631.7913056,0,0,0,0,0,39,0,0,1.011401557,0,12.25465251,14.00085908
2815,437,1253.446922,25,27,13,14,9,63,44,152,0,0,39.75409275,30.00184089
2816,324,646.9948397,53,32,6,0,10,24,45,131,0,0,30.58761267,21.00128862
2817,0,0,337,71,181,425,361,118,372,861,0,0,134.4580474,0
2818,913,2413.138717,1,0,0,0,0,0,0,268,0,0,59.85172288,62.0038045
2819,2,5.91248548,10,4,62,0,3,35,24,41,1.011401557,0,9.16648008,0
2820,221,681.6251118,58,1,240,46,23,9,5,152,1.011401557,0,37.0580692,14.00085908
2821,165,428.2328769,15,1,0,0,7,23,13,90,0,0,15.73497383,11.00067499
2822,0,0,25,10,83,194,47,170,21,99,0,0,32.05817098,0
2823,40,111.4925833,107,22,1101,68,230,329,188,481,1.011401557,0,127.2523117,3.000184089
2824,45,88.6872822,824,57,338,136,1339,214,478,1023,0,0,225.1914946,2.000122726
2825,338,735.6821219,0,0,0,0,0,88,0,0,0,0,21.22505815,23.00141135
2826,238,616.5877715,31,63,7,2,20,89,124,275,0,0,50.58720558,16.00098181
2827,166,467.9309937,81,107,20,7,21,21,296,152,0,0,56.32238295,10.00061363
2828,716,2303.335415,0,0,0,0,0,32,0,0,0,0,36.37180866,46.00282269
2829,672,2002.643296,0,0,7,0,0,0,0,0,0,0,33.23461762,44.00269997
2830,168,505.0951882,0,0,0,0,0,0,0,0,0,0,8.82334981,12.00073635
2831,337,596.3163927,64,9,17,7,299,23,181,117,0,0,51.86168944,22.00134998
2832,535,1780.50277,0,0,0,0,0,33,0,0,0,0,28.08766356,35.0021477
2833,447,1353.959175,46,39,39,3,21,31,94,193,0,0,67.05745855,29.00177952
2834,503,1304.97001,42,36,4,3,59,63,21,182,0,0,49.45977754,33.00202497
2835,320,821.8354817,0,0,0,0,0,253,0,0,0,0,28.52883105,22.00134998
2836,241,623.3448978,244,91,61,101,777,559,844,1233,0,0,202.5448967,17.00104317
2837,954,2032.205724,418,201,59,10,226,379,504,1283,0,0,194.1136958,63.00386586
2838,555,1574.410419,282,96,41,10,108,173,1409,740,0,0,208.5650334,35.0021477
2839,728,1647.049527,50,13,23,19,9,84,46,161,0,0,90.34129833,47.00288405
2840,598,1527.955176,4,0,1,6,0,3,0,12,0,0,30.04840796,38.00233179
2841,372,788.8944912,0,1,0,0,0,85,0,0,0,0,22.20543035,24.00147271
2842,762,2326.140716,15,43,6,12,124,37,294,125,0,55.36231883,70.39072404,51.00312951
2843,2107,5169.201591,116,80,41,18,23,79,64,252,0,0,143.2323786,147.0090203
2844,597,1682.524439,17,2,3,6,30,89,35,55,0,0,41.37170689,40.00245451
2845,411,918.124531,66,20,6,2,50,42,121,184,0,0,66.8123655,26.00159543
2846,366,788.0498504,14,7,6,2,1,7,28,55,0,0,56.95962488,25.00153407
2847,842,2141.164385,12,3,4,1,7,37,17,73,0,0,61.56737423,55.00337496
2848,484,1370.00735,8,47,71,12,91,6,172,108,0,0,48.96959144,32.00196361
2849,436,1220.505931,219,20,8,2,64,50,163,342,0,0,64.94965832,29.00177952
2850,87,273.6636137,93,16,26,23,109,174,361,390,0,0,63.92026751,6.000368177
2851,414,1226.418417,56,12,10,3,70,163,767,463,0,0,110.9291146,27.0016568
2852,13,35.47491288,65,19,38,24,88,72,174,271,0,0,35.44045507,1.000061363
2853,829,2411.449435,22,36,5,79,9,24,60,101,0,0,57.74392264,54.00331359
2854,426,1130.129367,12,0,4,19,10,48,501,17,0,0,37.10708781,33.00202497
2855,827,1529.644458,190,97,34,40,129,164,437,566,0,0,169.8494838,50.00306814
2856,267,625.8788201,90,127,56,1,101,244,183,241,0,0,71.02796597,17.00104317
2857,379,868.2907248,23,4,9,0,11,48,50,123,0,0,30.53859406,25.00153407
2858,544,1466.296399,0,0,0,0,0,0,0,0,0,0,26.61710526,36.00220906
2859,458,1342.134204,0,0,0,0,0,55,0,0,0,0,26.71514248,32.00196361
2860,115,401.2043719,22,7,7,174,1387,46,135,922,0,0,170.1926141,2.000122726
2861,146,351.3705657,222,306,50,18,88,117,221,550,0,0,65.68493747,7.00042954
2862,563,1421.530438,16,2,4,2,2,46,6,47,1.011401557,0,36.42082727,41.00251588
2863,656,1705.329741,5,0,3,3,58,3,59,180,0,0,48.62646117,44.00269997
2864,238,721.3232286,4,3,4,0,201,189,142,354,0,0,55.68514102,15.00092044
2865,577,1470.519603,72,13,13,4,36,73,108,282,0,0,97.84114567,36.00220906
2866,556,1409.705467,66,45,8,2,68,44,75,446,0,0,113.5664583,33.00202497
2867,380,935.0173466,177,76,15,4,79,172,164,667,0,0,129.0169817,19.00116589
2868,395,1014.41358,1,0,0,0,96,101,0,25,0,0,30.58761267,26.00159543
2869,383,991.6082791,1,0,0,0,6,3,1,17,0,22.14492754,20.14664873,25.00153407
2870,114,324.3420606,4,71,1,0,285,5,83,45,0,121.7971014,29.95037074,8.000490903
2871,661,1957.032694,0,0,0,0,0,0,0,0,0,0,32.84246874,44.00269997
2872,445,1338.755641,0,0,0,0,0,0,0,0,0,0,21.86230008,29.00177952
2873,462,1221.350572,1,0,0,0,12,29,2,27,0,0,26.51906804,31.00190225
2874,689,1478.966011,62,16,20,1,87,129,163,361,0,0,106.7135141,41.00251588
2875,88,216.2280404,37,13,5,16,114,116,68,153,0,0,58.18509013,6.000368177
2876,460,1069.315231,0,0,0,0,0,0,0,0,0,0,23.52893283,30.00184089
2877,288,845.4854237,0,0,0,0,0,0,0,0,0,11.07246377,15.0977319,20.00122726
2878,685,1935.916674,49,10,15,7,15,74,16,155,0,0,52.05776388,47.00288405
2879,126,339.5455947,35,6,9,0,49,168,136,334,0,0,43.23441407,9.000552266
2880,444,1242.466592,17,3,3,2,61,7,40,80,0,0,31.6660221,30.00184089
2881,483,1388.589447,0,0,0,0,0,0,0,0,0,0,26.76416109,36.00220906
2882,450,1150.400746,13,0,1,0,12,11,12,59,0,0,43.01901715,32.00196361
2883,406,1126.750804,2,0,2,2,2,109,3,8,0,0,26.22495638,27.0016568
2884,672,1327.775311,2,0,0,0,1,0,26,13,0,0,35.04830619,44.00269997
2885,29,74.32838889,172,46,21,7,151,104,259,294,0,0,78.33173887,1.000061363
2886,221,639.3930726,30,45,7,0,17,21,43,103,0,0,37.45021808,12.00073635
2887,746,1799.929508,473,192,21,1,35,53,86,464,0,0,102.2528206,49.00300678
2888,401,1059.179542,167,61,23,68,274,108,161,561,0,0,93.18437771,31.00190225
2889,455,1191.788145,2,3,4,4,277,50,189,982,0,0,97.0078293,33.00202497
2890,73,200.1798655,112,128,21,1,422,88,395,541,0,0,89.40994474,5.000306814
2891,533,1499.23739,160,28,13,12,155,132,112,188,0,0,66.27316079,35.0021477
2892,708,1864.122208,0,0,7,0,29,159,11,31,0,0,52.02847484,46.00282269
2893,345,919.8138126,44,1,0,1,181,140,24,119,0,0,45.09712125,24.00147271
2894,590,1727.290401,0,0,0,0,0,0,0,0,0,0,30.53859406,41.00251588
2895,363,856.4657538,0,0,0,0,0,0,0,0,0,0,18.23492294,24.00147271
2896,0,0,500,94,28,2,53,68,90,539,0,0,67.7437191,0
2897,51,119.0943504,181,46,4,1,6,14,27,179,0,0,62.20461616,2.000122726
2898,70,167.238875,1046,851,6,23,255,48,131,668,0,0,151.4184865,5.000306814
2899,596,1386.900165,823,159,54,7,176,193,239,1073,0,0,164.3593976,40.00245406
2900,203,523.6772854,65,89,16,90,31,57,104,282,0,0,46.46964233,13.00079772
2901,7,16.89281566,84,95,3,2,42,26,150,165,0,0,28.7739241,0
2902,0,0,616,643,51,20,129,219,268,1495,0,0,169.9475211,0
2903,230,519.4540815,75,32,5,1,205,37,256,224,0,0,74.55730589,13.00079772
2904,487,1131.818649,17,1,12,13,16,80,16,92,0,0,36.02867839,32.00196361
2905,459,1214.593446,0,0,0,0,0,0,0,0,0,0,24.06813754,32.00196361
2906,846,1566.808652,0,1,1,0,0,0,3,3,0,0,48.62646117,55.00337496
2907,456,1289.766475,5,0,1,0,5,59,5,32,0,0,27.74453329,30.00184089
2908,582,1559.206885,76,77,16,1,28,134,154,322,0,0,68.7240913,39.00239315
2909,420,903.7656377,104,38,32,3,70,110,126,422,0,0,75.88080836,29.00177952
2910,334,913.0566863,0,0,3,0,4,0,95,23,0,0,22.84267229,22.00134998
2911,444,1142.798979,76,231,11,38,171,123,294,204,0,0,84.94925122,28.00171816
2912,195,462.0185082,4,0,1,0,5,7,3,26,0,0,14.80362024,17.00104317
2913,342,870.8246472,0,0,0,0,0,57,0,0,0,0,20.58781622,24.00147271
2914,381,990.7636383,1,0,1,0,15,89,3,6,0,0,24.31323059,25.00153407
2915,470,778.7588018,22,12,14,1,56,65,222,174,0,0,51.32248473,31.00190225
2916,459,1424.06436,265,92,16,4,26,47,93,284,0,0,63.33204419,30.00184089
2917,386,916.4352494,0,0,0,0,0,0,0,0,0,0,44.21478627,23.00141135
2918,89,206.9369918,169,14,68,8,35,33,74,1081,0,0,104.988405,4.000245451
2919,354,906.29956,0,0,0,0,0,0,0,0,0,0,17.45062518,23.00141135
2920,343,1236.554106,0,0,0,0,0,0,0,0,0,0,16.86240186,23.00141135
2921,502,1292.300398,10,62,6,0,32,105,72,64,0,0,44.65595376,33.00202497
2922,287,743.2838889,7,0,14,2,8,2,3,19,0,0,16.81338325,19.00116589
2923,0,0,114,29,31,4,33,182,123,278,0,0,40.78348357,0
2924,127,316.7402936,46,10,75,2,444,177,63,86,0,0,51.12641029,8.000490903
2925,397,945.153036,0,0,0,0,0,0,0,0,0,0,20.19566734,27.0016568
2926,0,0,66,4,91,0,10,18,44,103,0,0,16.27417854,0
2927,498,1285.543272,6,1,1,0,3,10,5,42,0,0,28.03864495,33.00202497
2928,199,488.2023725,12,4,5,0,0,8,19,43,0,0,17.69571823,11.00067499
2929,380,985.6957936,16,3,60,64,2,11,32,90,0,0,30.93074294,24.00147271
2930,951,2193.532113,174,141,57,3,88,554,304,896,0,0,155.87918,62.0038045
2931,214,510.1630329,8,2,6,1,3,5936,10,57,0,0,305.7780895,14.00085908
2932,601,1419.841156,0,0,1,0,1,7,0,33,0,0,31.61700349,39.00239315
2933,24,60.81413637,6,4,2,0,0,1,4,4,0.76121576,0,30.25234182,18.81701851
2934,630,1592.147876,0,0,0,0,0,0,0,0,0.006006107,0,33.16080597,42.15462442
2935,324,704.4304129,89,24,17,0,0,16,59,162,0.241094429,0,9.581608772,5.959780123
2936,84,239.0333416,31,3,11,2,9,54,12,67,0.003085262,0,23.37603634,10.07330244
2937,636,1721.377916,140,50,22,0,0,42,111,343,1.011401556,0,69.36133312,57.00349759
2938,453,1277.941504,40,4,33,35,8,10,9,58,2.022803115,0,39.21488804,38.00233179
2939,122,309.9831673,0,0,0,0,0,336,1,0,1.011401557,0,22.4505234,8.000490903
2940,397,997.5207646,0,0,0,0,0,68,0,0,1.011401557,0,23.13678395,26.00159543
2941,387,1167.293562,0,0,0,0,0,0,0,0,0,0,22.8916909,31.00190225
2942,7,21.96066035,0,0,0,0,0,0,0,0,7.07981083,0,0.441167533,1.000061415
2943,606,1511.062361,0,0,0,0,0,0,0,0,0,0,31.66602133,42.00257623
2944,130,325.1867014,0,0,0,0,0,0,0,0,0,0,7.303772898,10.00061363
2945,6,19.42673801,0,0,0,0,0,0,0,0,3.166475049,0,5.601525393,3.913714143
2946,476,1463.762477,54,41,30,0,6,32,12,40,0.879131325,0,32.97612189,36.08874147
2947,445,1260.204048,11,19,0,0,2,5,3,26,0,0,25.04850974,29.00177952
2948,2,5.91248548,2,0,3,323,0,15,1,9,3.034204672,0,17.45062518,0
2949,2,3,56,2,35,111,15,21,19,99,3.034204644,0,18.52903443,1.06E-10
2950,37,88.6872822,17,1,19,2,5,100,11,74,3.034204452,0,18.18590301,9.000551612
2951,275,730.6142772,20,1,5,2,11,38,27,120,1.99E-10,0,30.93074288,27.00165674
2952,466,1103.945503,29,4,3,14,5,15,14,64,0,0,30.14644518,31.00190225
2953,307,833.6604527,0,0,0,0,0,65,0,0,0,0,18.43099738,20.00122726
2954,26,75.17302968,0,0,0,0,0,0,0,0,9.214017657,0,4.063616878,5.423580796
2955,6,12.66961174,86,17,90,252,18,30,73,368,0,0,56.17532712,0
2956,55,164.7049527,15,2,4,0,0,21,25,34,0.89999809,0,14.61247466,19.57795385
2957,245,707.8089761,5,0,2,0,20,9,26,22,0,0,29.2641102,34.00208634
2958,199,561.6861206,0,0,0,0,0,59,0,0,0,0,17.5486624,20.00122726
2959,251,720.4785878,0,0,0,0,0,0,0,0,0,0,86.67578511,33.00202497
2960,757,1855.6758,16,82,359,4,25,1,17,53,0,0,64.45947222,49.00300678
2961,321,1239.932669,0,0,0,0,0,25,0,0,0,0,16.96043908,21.00128862
2962,369,1054.956338,0,1,0,0,0,517,0,32,0,0,45.39123291,25.00153407
2963,826,1855.6758,0,0,0,0,0,17,0,0,0,0,41.32268828,54.00331359
2964,651,1822.734809,92,385,42,3,30,142,242,385,0,0,99.26268536,42.00257724
2965,178,680.780471,42,195,4,0,13,135,35,151,0,0,38.67568333,11.00067499
2966,2,10.13568939,10,3,18,23,4,15657,15,39,0,0,772.9744619,0
2967,342,570.1325284,2,1,1,0,6,181,20,28,0,0,30.7346685,23.00141135
2968,120,488.2023725,18,134,7,0,6,30,26,124,0,0,28.47981244,12.00073635
2969,517,966.2690556,44,26,4,1,23,42,205,251,0,0,51.46954056,29.00177952
2970,396,1104.790144,4,2,2,0,0,18,12,18,0,0,24.11715615,31.00190225
2971,546,1299.902165,1,1,2,0,0,1,1,6,0,0,27.59747746,37.00227043
2972,733,1577.788982,164,131,35,2,75,629,192,990,0,0,145.193123,55.00337496
2973,510,1457.00535,8,3,2,0,0,6,14,23,0,0,33.28363623,38.00233179
2974,466,1491.635623,19,6,6,1,6,13,9,97,0,0,30.58761267,31.00190225
2975,428,935.8619874,22,19,0,0,3,19,48,161,0,0,56.76355044,16.00098181
2976,416,1351.425253,0,0,0,0,0,0,0,0,0,0,20.39174178,27.0016568
2977,456,1113.236552,8,3,1,0,56,35,8,23,0,0,43.92067461,21.00128862
2978,287,992.4529199,7,20,0,7,6,2,68,9,0,0,20.09763012,19.00116589
2979,450,997.5207646,0,0,0,0,0,0,0,0,0,0,23.381877,29.00177952
2980,439,1390.278729,2,11,0,0,2,58,441,27,0,0,48.38136812,29.00177952
2981,234,495.8041396,356,236,50,6,135,129,262,679,0,0,103.0371183,15.00092044
2982,245,629.2573832,72,21,10,3,39,69,1238,377,0,0,103.4782858,16.00098181
2983,1,1,108,175,12,64,147,233,4786,536,0,0,297.3468886,0
2984,334,608.9860045,16,3,7,0,5,13,257,40,0,0,33.18559901,22.00134998
2985,109,175.6852828,125,39,51,6,64,530,128,938,0,0,97.89016428,7.00042954
2986,224,447.6596149,0,1,0,0,0,168,89,1,0,0,27.25434719,15.00092044
2987,745,1601.438924,6,7,1,0,0,3,12,20,0,0,42.00894882,36.00220906
2988,378,798.1855398,45,7,2,0,8,52,40,65,0,0,34.1169526,18.00110453
2989,400,853.0871907,46,27,4,0,30,58,34,339,0,0,45.8324004,15.00092044
2990,211,497.4934211,15,24,19,4,60,15,26,128,0,0,53.84206164,2.000122726
2991,373,798.1855398,51,23,8,4,163,117,120,279,0,0,94.99806629,14.00085908
2992,201,386.8454786,10,6,0,0,0,2,11,19,0,0,14.50950858,12.00073635
2993,111,232.2762153,1,0,0,0,0,67,0,0,0,0,8.72531259,7.00042954
2994,115,239.8779823,0,0,0,0,0,0,0,0,0,0,5.686158766,8.000490903
2995,253,588.7146257,12,7,6,0,1,11,19,43,0,0,22.84267229,18.00110453
2996,510,1211.214883,84,46,16,3,90,714,86,419,0,0,139.0167781,12.00073635
2997,217,516.9201591,116,48,16,833,70,221,370,496,0,0,130.1934283,7.00042954
2998,362,769.4677532,126,45,33,3,66,1175,131,686,0,0,125.3896045,15.00092044
2999,254,539.7254603,9,6,10,2,3,8,5,28,0,0,25.63673306,16.00098181
3000,337,679.9358302,80,12,4,3,18,37,55,238,0,0,39.65605553,22.00134998
3001,365,1028.772474,4,1,2,0,5,17,5,20,0,0,20.53879761,24.00147271
3002,0,0,177,43,60,7,90,274,1217,817,0,0,132.3992658,0
3003,433,1219.66129,0,0,0,0,0,0,0,0,0,0,22.00935591,29.00177952
3004,496,1259.359407,1,13,1,6,1,43,84,13,0,0,32.10718959,32.00196361
3005,360,900.3870746,0,0,0,0,0,0,0,0,0,0,19.36235097,26.00159543
3006,230,546.4825865,4,1,2,1,4,106,4,22,0,0,25.73477028,14.00085908
3007,380,887.7174628,2,2,0,0,0,1,6,12,0,0,32.25424542,17.00104317
3008,1437,3430.086219,44,35,3,2,0,61,143,161,0,0,121.1740041,83.00509312
3009,289,629.2573832,16,15,8,0,3,20,31,121,0,0,23.62697005,11.00067499
3010,129,279.5760991,8,1,0,0,1,28,10,15,0,0,11.2252617,8.000490903
3011,352,728.9249956,2,0,2,0,1,3,4,6,0,0,40.58740913,21.00128862
3012,278,538.0361787,31,3,1,0,6,238,193,34,0,0,38.57764611,18.00110453
3013,440,1261.89333,21,2,4,8,4,61,13,40,0,0,28.62686827,29.00177952
3014,225,516.9201591,0,0,0,0,0,0,0,0,0,0,11.12722448,15.00092044
3015,152,451.8828188,10,0,10,0,4,11,67,44,0,0,14.90165746,10.00061363
3016,761,1391.123369,0,0,0,0,0,0,0,0,0,0,37.15610642,50.00306814
3017,366,940.0851913,0,0,0,0,0,0,0,0,0,0,15.587918,15.00092044
3018,288,795.6516175,0,0,0,0,0,0,0,1,0,0,18.18590433,4.000245451
3019,398,988.229716,25,15,23,7,9,21,97,91,0,0,49.36174032,1.000061363
3020,426,1038.063522,26,4,86,2,14,5,83,83,0,0,36.32279005,28.00171816
3021,1027,2990.873012,19,9,10,1,0,50,21,36,0,0,64.50849083,69.00423404
3022,166,490.7362949,68,15,26,0,0,17,37,143,1.011401557,0,24.31323059,11.00067499
3023,314,852.2425499,4,1,1,0,0,2,2,9,0,0,15.93104827,21.00128862
3024,0,0,670,269,135,9,296,330,470,2472,0,0,228.6718159,0
3025,1,1.689281566,356,375,35,2,58,113,125,646,0,0,84.45906512,0
3026,0,0,635,206,50,20,97,179,173,1030,0,0,117.8407386,0
3027,0,0,102,18,217,203,30,219,90,299,0,0,57.89097847,0
3028,0,0,109,81,45,1,898,39,1465,167,0,0,137.5952384,0
3029,580,1683.36908,53,9,17,10,177,20,50,97,0,0,56.76355044,38.00233179
3030,550,1272.029019,0,0,0,0,0,0,0,0,0,0,26.96023553,36.00220906
3031,182,519.4540815,39,12,34,10,49,22,24,116,0,0,27.3033658,13.00079772
3032,583,1712.086867,0,2,0,2,84,230,23,10,0,0,47.3029587,40.00245451
3033,0,0,77,8,275,56,111,57,75,442,0,0,55.78317824,0
3034,0,0,4,0,12,96,0,3,2,8,1.011401557,0,4.852842395,0
3035,847,2239.142715,7,0,30,0,2,91,12,19,0,0,54.80280604,56.00343632
3036,36,91.22120455,70,26,121,4,189,405,96,220,0,0,55.39102936,4.000245451
3037,0,0,6,2,8,0,5,16,11,22,4.045606229,0,3.284246874,0
3038,88,266.0618466,57,22,325,8,24,35,67,116,0,0,37.89138557,7.00042954
3039,0,0,312,19,734,147,84,59,63,321,1.011401557,0,88.03742366,0
3040,0,0,0,0,1188,69,0,0,3,244,1.011401557,0,73.72398952,0
3041,0,0,134,69,387,101,512,194,100,415,0,0,98.28231316,0
3042,130,337.8563132,154,68,25,0,0,38,55,146,0,0,26.17593777,9.000552266
3043,0,0,270,96,57,80,64,86,106,530,3.034204672,0,116.0869511,0
3044,0,0,43,2,377,79,46,6,9,52,0,0,30.58761267,0
3045,0,0,31,260,959,242,168,18,129,135,0,0,95.43923378,0
3046,251,779.6034426,14,15,207,17,5,104,9,62,1.011401557,0,33.67578511,16.00098181
3047,226,658.8198106,27,53,15,14,12,34,91,122,0,0,21.02898371,15.00092044
3048,0,0,161,34,41,11,17,121,134,339,3.034204672,0,108.6752762,0
3049,121,417.2525467,0,0,0,0,0,0,0,0,3.034204672,0,9.01942425,12.00073635
3050,0,0,2,1,10,5,0,0,1,5,3.034204672,0,1.225465251,0
3051,345,1030.461755,94,21,53,154,89,79,46,202,0,0,53.82243384,24.00147271
3052,433,1171.516766,88,27,19,91,45,98,140,197,0,0,58.28312735,30.00184089
3053,506,1580.322905,0,0,0,0,0,0,0,0,0,0,24.95047252,33.00202497
3054,1,3.378563132,85,12,76,42,21,41,41,111,3.034204672,0,27.7935519,0
3055,335,1206.147038,6,2,3,3,0,77,10,13,0,0,28.87196132,31.00190225
3056,440,1604.817487,4,0,0,12,9,50,3,35,0,0,26.02888194,32.00196361
3057,393,1065.936668,17,52,1,34,3,4,17,28,0,0,24.46028642,21.00128862
3058,467,1076.072357,23,10,10,94,18,26,12,90,0,0,36.17573422,30.00184089
3059,615,1659.719138,1,1,1,1,4,59,0,1,0,0,36.46984588,44.00269997
3060,353,1036.374241,0,0,0,0,0,0,0,0,0,0,17.84277406,24.00147271
3061,0,0,77,39,29,45,5,36,43,203,3.034204672,0,41.12661384,0
3062,542,1594.681798,85,69,14,40,206,131,125,392,0,0,39.45998109,38.00233179
3063,429,977.2493858,36,3,2,47,16,33,201,174,0,0,47.54805175,30.00184089
3064,378,918.9691718,149,181,1,71,28,112,52,181,0,0,59.41055539,27.0016568
3065,440,1155.468591,102,11,23,183,114,112,128,303,0,0,68.57703547,23.00141135
3066,282,674.8679855,134,2,5,29,13,212,33,113,0,0,39.41096248,17.00104317
3067,493,1366.628787,0,1,0,0,5,19,0,6,0,0,25.58771445,32.00196361
3068,338,974.7154634,0,0,0,0,0,85,0,0,0,0,21.02898371,23.00141135
3069,0,0,735,318,105,50,88,186,247,1314,3.034204672,0,207.9676577,0
3070,616,1622.554944,801,979,22,0,0,857,4007,5263,1.011401557,0,40.39133468,16.00098181
3071,119,340.3902355,321,151,19,47,36,170,45,511,0,0,69.41035184,8.000490903
3072,521,1443.491098,51,20,56,115,74,116,120,171,0,0,61.37129979,34.00208634
3073,277,595.4717519,40,5,5,39,27,24,9,84,0,0,25.88182611,19.00116589
3074,299,594.6271111,45,43,8,72,17,241,256,160,0,0,59.31251817,22.00134998
3075,511,1179.963174,0,0,0,0,0,42,0,0,0,0,27.35238441,34.00208634
3076,336,916.4352494,10,7,5,14,4,384,14,31,0,0,40.63642774,24.00147271
3077,362,1031.306396,2,6,6,0,273,20,12,8,0,0,34.01891538,24.00147271
3078,376,1004.277891,0,0,0,0,0,0,0,0,0,0,76.15641174,30.00184089
3079,628,1554.139041,72,14,104,20,96,23,54,186,1.011401556,0,64.61639281,41.00251589
3080,429,1446.02502,0,0,0,0,0,0,0,0,0,0,21.27407668,28.00171805
3081,589,1713.776148,1,0,0,0,0,0,0,4,0,0,85.76405525,41.00251394
3082,609,1881.859664,80,26,18,40,9,52,71,319,1.011125494,0,76.64400154,67.02756248
3083,101,262.6832835,5,0,21,40,7,8,3,25,0,0,33.00945769,16.00098181
3084,285,822.6801225,2,2,2,6,2,3,1,17,0,0,20.32319715,20.00122726
3085,262,723.0125101,0,0,0,0,0,43,0,0,0,0,16.86240186,20.00122726
3086,403,1048.199212,0,0,0,0,0,0,0,0,0,0,20.9799651,28.00171816
3087,232,663.8876553,0,0,0,0,0,0,0,0,0,0,28.66642919,16.00098181
3088,412,1246.689796,0,0,0,0,0,0,0,0,0,0,21.61720703,29.00177952
3089,213,538.8808195,0,0,0,0,0,0,0,0,0,0,11.96054085,16.00098181
3090,183,532.968334,4,0,0,6,16,12,1,21,0,0,12.25465251,12.00073635
3091,122,368.2633813,0,0,0,0,0,0,0,0,0,0,6.568493747,9.000552266
3092,165,463.7077898,0,0,0,0,0,0,0,0,0,0,9.852740621,13.00079772
3093,0,0,40,10,9,0,0,15,32,139,1.062691264,0,32.57654756,9.456983954
3094,12,39.6981168,160,66,84,0,0,100,214,541,2.982914966,0,91.44053987,26.54522521
3095,617,1870.034693,48,13,27,0,0,15,29,149,0.633310935,0,50.52242639,43.8347031
3096,1088,3227.372431,0,0,0,0,0,0,0,0,0.393799724,0,55.41766366,48.07446548
3097,581,1623.399585,48,11,110,29,11,11,15,135,0.074943348,0,42.42638048,37.04508669
3098,156,486.5130909,7,0,6,4,13,5,2,28,9.17E-07,0,19.50959345,22.00152058
3099,119,353.904488,22,2,23,25,8,2,8,52,0,0,12.74483849,10.00061353
3100,204,522.8326446,38,4,7,47,7,35,13,78,0,0,23.67598866,18.00110453
3101,228,655.4412475,3,0,0,4,11,3,0,20,0,0,14.55852719,17.00104317
3102,227,701.8964906,0,0,0,0,1,53,0,0,0,0,14.36245275,16.00098181
3103,0,0,189,50,256,18,72,143,573,717,0,0,104.1155278,0
3104,397,1042.286726,13,16,6,0,0,13,26,80,0.515498425,0,39.23015567,39.75804057
3105,403,1060.868823,8,6,4,0,1,14,18,52,0.405525845,0,30.86108766,31.27635756
3106,256,659.6644514,1,2,4,0,0,5,4,8,0,0,14.26441553,17.00104317
3107,213,762.7106269,0,0,0,0,0,0,0,0,0,0,15.63693661,21.00128862
3108,548,1665.631624,3,1,2,0,0,7,1,4,0,0,30.16038282,39.31770538
3109,295,965.4244148,0,0,0,0,0,0,0,0,0,0,16.4023026,21.65917902
3110,567,1789.793819,11,6,4,0,0,13,9,61,0,0,29.56321612,39.02925199
3111,245,695.9840051,10,10,1,1,0,3,35,21,0,0,22.05837452,24.00147271
3112,181,479.7559647,19,9,1,12,2,159,16,91,0,0,21.66622564,14.00085908
3113,332,1054.111697,0,0,1,2,7,79,1,102,0,0,27.49944024,23.00141135
3114,344,1071.004513,0,0,0,0,0,0,0,0,0,0,20.04861151,27.0016568
3115,261,589.5592665,111,39,70,16,13,102,22,168,0,0,49.70507414,19.00116589
3116,104,305.7599634,51,5,17,0,0,103,26,101,0,0,15.98006688,15.00092044
3117,161,501.716625,0,0,0,0,0,0,0,0,0,0,8.382182319,11.00067499
3118,306,843.7961421,0,0,0,0,0,0,0,0,1.011401557,33.2173913,21.22505815,28.00171816
3119,570,1409.705467,0,0,5,4,0,0,1,0,0,0,34.36204565,46.00282269
3120,183,560.8414798,39,1,3,9,16,34,69,153,0,0,27.3033658,15.00092044
3121,41,121.6282727,0,0,0,0,0,0,0,0,0,0,4.362656295,6.000368177
3122,114,340.3902355,17,4,2,0,9,16,9,81,0,0,21.21539692,10.00061363
3123,104,322.6527791,0,0,0,0,0,0,0,0,0,0,9.509610351,12.00073635
3124,92,289.7117885,0,0,0,0,0,0,0,0,0,0,5.882233207,8.000490903
3125,106,294.7796332,0,0,0,0,0,0,0,0,0,0,12.47708007,16.65301528
3126,143,432.4560808,0,0,0,0,3,0,0,2,0,0,11.37231754,15.00092045
3127,488,1468.830321,90,36,34,0,0,67,47,219,0,0,48.71669094,59.28705637
3128,1207,3624.353599,0,0,0,0,0,0,0,0,0,0,52.35968329,63.72049158
3129,1512,4816.141744,42,12,7,0,0,11,6,64,0,0,98.89320195,115.3550846
3130,20,44.76596149,0,0,0,0,0,0,0,0,32.36484983,0,7.205735678,10.00061363
3131,8,17.73745644,0,0,0,0,0,0,0,0,19.21662959,0,0.39214888,1.000061363
3132,0,0,0,0,0,0,0,0,0,0,4.744770608,0,25.04796672,0
3133,0,0,110,8,151,48,0,15,26,142,4.371622138,0,23.07809113,1.19E-08
3134,0,0,0,0,0,0,0,0,0,0,7.079810913,0,6.53E-08,0
3135,390,1117.459756,19,8,7,0,0,10,10,52,5.057007786,0,30.2444824,30.00184089
3136,167,490.7362949,291,53,81,57,45,267,207,732,1.011401557,0,95.58628961,20.00122726
3137,0,0,223,45,129,52,42,48,40,174,5.057007786,0,39.31292526,0
3138,0,0,194,12,305,185,0,24,42,194,4.031829062,0,21.28429462,5.95E-08
3139,19,66.72662185,0,0,0,0,0,0,0,0,7.079810396,0,0.784297705,1.000061291
3140,25,83.61943751,86,18,32,0,0,37,35,222,1.011401557,0,45.3422143,32.00196361
3141,0,0,229,80,52,113,40,90,128,446,1.011401557,0,69.55740767,23.00141135
3142,5,9.291048612,0,0,0,0,0,0,0,0,12.13681869,0,2.450930503,3.000184089
3143,13,29.5624274,0,0,0,0,0,0,0,0,8.091212458,0,2.205837452,3.000184089
3144,12,29.5624274,0,0,0,0,0,0,0,0,3.034204672,0,11.42133614,6.000368177
3145,0,0,28,0,22,22,0,8,2,20,7.839732172,0,4.68618112,0
3146,1,1.689281566,22,1,36,5,17,4,1,18,2.322682061,0,4.474704064,0
3147,325,764.3999085,59,20,74,41,1,21,51,159,0,0,27.25434719,22.00134998
3148,327,788.0498504,330,147,171,395,124,155,143,699,0,0,122.6445624,21.00128862
3149,15,36.31955366,0,0,0,0,0,0,0,0,6.068409344,0,1.519576912,2.000122726
3150,13,33.78563132,13,1,1,0,7,16,5,54,4.045606229,0,10.19587089,2.000122726
3151,18,39.6981168,0,0,0,0,0,0,0,0,5.983890159,0,0.870046055,0.986132775
3152,4,7.601767046,666,27,1176,78,32,95,171,832,11.16153658,0,53.01756334,0.013928588
3153,0,0,323,61,243,39,90,1301,142,837,0,0,149.3981608,0
3154,0,0,619,22,268,18,151,34,70,392,1.011401557,0,78.25343122,0
3155,15,33.78563132,0,0,0,0,0,0,0,0,6.068409344,0,1.372521082,2.000122726
3156,19,43.92132071,0,0,0,0,0,0,0,0,5.057007786,0,1.813688572,2.000122726
3157,15,35.47491288,0,0,0,0,0,0,0,0,6.068409344,0,1.617614132,2.000122726
3158,0,0,190,9,497,56,56,26,39,221,0,0,57.74392004,0
3159,8,17.73745644,0,0,0,0,0,0,0,0,0,0,22.10739313,25.00153407
3160,11,27.87314584,0,0,0,0,0,0,0,0,6.068409344,0,1.666632742,2.000122726
3161,6,17.73745644,0,0,0,0,0,0,0,0,0,0,22.84267229,31.00190225
3162,4,7.601767046,0,0,0,0,0,0,0,0,5.057007786,0,0.19607444,0
3163,1,1.689281566,54,3,239,7,6,8,21,78,2.022803115,0,28.93094649,0
3164,1,4.223203914,360,18,448,68,64,67,77,453,0,0,94.89067315,0
3165,0,0,188,13,730,22,58,45,102,376,0,0,78.52781202,0
3166,2,3,0,0,0,0,0,0,0,0,0,0,28.96999854,39.00239315
3167,226,544.793305,0,0,0,0,0,0,0,0,0,0,15.68595522,21.00128862
3168,532,1325.241388,0,0,0,0,0,0,0,0,5.057007786,0,2.450930503,3.000184089
3169,9,21.96066035,48,2,72,3,11,4,8,54,4.045606229,0,10.29390811,1.000061363
3170,14,35.47491288,0,0,0,0,0,0,0,0,0,0,9.11746147,12.00073635
3171,869,2216.337414,0,0,0,0,0,0,0,0,0,0,23.82304449,21.00128862
3172,18,39.6981168,13,3,3,0,0,9,4,33,0,0,24.26421198,15.00092044
3173,35,97.97833081,22,4,12,0,0,36,8,38,0,0,16.51927159,14.00085908
3174,3,8.446407829,7,1,0,0,3,6,2,18,0,0,20.24468595,17.00104317
3175,0,0,656,349,21,3,58,45,34,626,0,0,88.47859115,0
3176,544,1266.961174,28,11,17,0,0,14,28,137,0,0,23.92108171,20.00122726
3177,0,0,422,300,351,8,111,171,157,804,0,0,148.2525153,0
3178,0,0,838,460,53,2,78,156,174,1024,0,0,145.8794853,0
3179,595,1523.731972,48,18,44,4,14,34,81,168,1.011401541,0,43.08735756,41.00251523
3180,96,223.8298075,152,62,32,3,37,69,114,282,0,0,47.98921924,6.000368177
3181,42,87.84264142,114,158,7,3,9,22,30,131,0,0,22.59757924,3.000184089
3182,142,385.156197,1,0,1,0,4,65,0,8,0,0,11.86250363,9.000552266
3183,266,697.6732867,92,114,16,2,52,54,200,389,0,5.536231883,55.93023407,18.00110453
3184,296,646.9948397,48,33,31,3,7,19,98,99,0,0,29.16607298,19.00116589
3185,401,863.2228801,14,4,4,1,7,10,19,57,0,0,24.90145391,21.00128862
3186,193,384.3115562,54,94,73,1,6,10,9,162,0,0,29.60724047,13.00079772
3187,575,1435.889331,19,83,7,3,21,54,35,182,0,0,60.50869438,39.00239315
3188,390,1318.484262,0,0,0,0,0,59,0,0,1.011401557,0,27.25434719,33.00202497
3189,249,901.2317153,0,0,0,0,0,0,0,0,0,0,14.75460163,20.00122726
3190,211,740.7499666,19,4,4,0,0,4,10,27,1.011401557,0,19.90155568,15.00092044
3191,331,829.4372488,43,26,24,2,23,81,23,177,0,0,26.56808665,27.0016568
3192,60,152.8799817,0,0,0,0,0,110,0,0,0,0,8.529238149,4.000245451
3193,214,537.1915379,149,24,14,60,42,87,59,334,0,0,49.36174032,13.00079772
3194,259,665.5769369,151,109,41,9,88,140,161,472,0,0,69.36133323,16.00098181
3195,269,701.8964906,0,0,0,0,0,40,0,0,0,0,15.0977319,18.00110453
3196,245,621.6556162,28,0,0,0,0,84,0,5,0,0,18.33296016,17.00104317
3197,424,1323.552107,0,0,0,0,0,48,0,0,0,5.536231883,23.33285839,28.00171816
3198,196,668.1108593,0,0,0,0,0,122,0,0,0,0,18.18590433,16.00098181
3199,301,1032.151037,0,0,0,0,0,0,0,0,0,0,15.98006688,21.00128862
3200,162,475.5327608,23,2,3,1,7,24,7,91,1.011401557,0,19.75449985,12.00073635
3201,643,1888.616791,0,0,0,0,0,0,0,0,0,0,34.16597121,46.00282269
3202,541,1629.31207,20,7,21,3,4,16,5,41,0,0,33.82284067,37.00227014
3203,335,1114.081193,0,0,1,0,0,48,0,0,0,0,20.53879761,24.00147271
3204,336,697.6732867,17,6,4,4,5,16,135,31,0,0,31.96013376,22.00134998
3205,147,291.4010701,45,60,25,16,76,258,121,257,0,0,51.27346612,10.00061363
3206,173,408.8061389,17,21,0,0,5,28,6,170,0,0,18.92118348,12.00073635
3207,305,796.4962583,43,32,7,131,8,33,18,148,0,0,35.78358534,21.00128862
3208,210,517.7647999,5,14,0,0,2,8,15,15,0,0,12.74483861,14.00085908
3209,510,1413.928671,99,28,23,3,5,49,69,252,1.011401557,0,46.76375399,37.00227043
3210,288,739.9053258,1,0,1,0,1,1,0,22,0,0,14.95067607,18.00110453
3211,646,2048.253898,59,48,3,2,20,125,19,263,0,0,58.57723902,42.00257724
3212,470,1528.799817,5,0,1,0,10,9,3,21,0,0,28.57784966,35.0021477
3213,184,511.0076736,107,31,33,0,0,75,42,182,1.011401557,0,28.67588688,19.00116589
3214,181,388.5347601,90,54,41,3,49,136,95,491,0,0,57.10668071,10.00061363
3215,529,1433.355409,136,55,73,7,64,325,88,689,0,0,110.8800959,43.0026386
3216,281,668.9555,2,1,0,0,0,94,0,12,0,0,18.5290346,18.00110453
3217,194,570.1325284,0,0,0,0,0,0,0,0,0,0,9.803722011,13.00079772
3218,469,1508.528438,1,1,1,0,0,13,2,6,0,0,24.3622492,31.00190225
3219,398,1292.300398,4,1,1,0,7,76,1,24,0,0,23.57795144,27.0016568
3220,371,1260.204048,0,0,0,0,0,0,0,0,0,0,18.72510904,25.00153407
3221,567,1878.481101,0,0,0,0,0,0,0,0,0,0,28.52883105,38.00233179
3222,407,1044.820648,94,52,61,0,0,71,95,381,1.011401557,0,115.802806,40.00245451
3223,240,704.4304129,0,0,0,0,0,0,0,0,0,0,70.59778278,17.00104317
3224,407,1375.075195,26,4,5,1,9,69,11,113,0,0,35.73456673,28.00171816
3225,481,1519.508768,0,0,0,0,0,0,0,0,0,0,25.53869584,34.00208634
3226,266,826.9033264,0,0,0,0,0,68,0,0,0,0,17.64669962,19.00116589
3227,33,97.13369003,21,7,8,0,0,33,21,49,1.011401557,0,77.0781041,10.00061363
3228,40,130.0746806,0,0,0,0,0,0,0,0,2.022803115,0,3.578358534,5.000306814
3229,0,0,0,0,0,0,0,0,0,0,5.057007786,0,0,0
3230,179,536.3468971,1,0,2,2,1,1,3,21,0,0,13.1860061,14.00085908
3231,190,630.102024,0,0,0,2,0,1,0,0,0,0,9.558628961,13.00079772
3232,497,1413.928671,74,3,72,126,21,10,6,68,0,0,37.94040418,27.0016568
3233,296,864.0675209,0,0,0,0,0,0,0,0,0,0,19.65646263,26.00159543
3234,350,985.6957936,0,0,0,0,0,0,0,0,0,0,41.46974411,55.00337496
3235,229,667.2662185,0,0,0,0,0,0,0,0,0,0,19.75449985,26.00159543
3236,297,856.4657538,7,2,50,7,1,187,1,20,0,0,26.42103082,20.00122726
3237,345,981.4725897,0,0,0,0,0,0,0,0,0,0,18.23492294,23.00141135
3238,0,0,115,38,43,0,0,70,60,291,2.022802787,0,39.99917933,20.00122402
3239,987,2500.136717,151,32,52,0,0,47,46,397,1.011401557,0,86.71422651,84.00515448
3240,208,564.220043,22,2,8,0,0,9,8,63,1.011401557,0,24.75439808,24.00147271
3241,482,1338.755641,64,17,85,1,7,26,38,161,1.011401557,0,81.27336434,39.00239315
3242,203,560.8414798,29,14,8,0,0,23,14,98,1.011401557,0,24.55832364,20.00122726
3243,654,1546.537273,126,35,41,0,0,50,41,297,0.604077694,0,68.78450154,28.67061439
3244,393,978.0940266,15,2,5,0,0,4,2,29,0.407324316,0,46.38076537,19.33233555
3245,617,1508.528438,148,31,36,9,23,77,101,327,1.011401557,0,75.5866967,41.00251588
3246,21,53.21236932,103,9,135,139,28,30,17,135,0,0,28.52883105,5.000306814
3247,186,549.0165089,16,4,10,0,0,38,8,38,3.034204672,0,18.43099738,17.00104317
3248,255,724.7017917,3,0,0,0,0,0,0,6,2.022803115,0,19.95057429,22.00134998
3249,463,1252.602281,1,0,0,0,0,1,0,7,1.011401557,0,37.85233352,40.00245451
3250,85,241.5672639,0,0,0,0,0,0,0,0,0,0,19.61741058,16.00098181
3251,22,63.34805872,0,0,0,0,0,0,0,0,0,0,2.058781622,3.000184089
3252,14,39.6981168,0,0,0,0,0,0,0,0,0,0,1.568595522,2.000122726
3253,15,42.23203914,0,0,0,0,0,0,0,0,0,0,1.960744402,3.000184089
3254,37,108.958661,0,0,0,0,0,0,0,0,0,0,4.70578654,6.000368145
3255,1078,3104.054877,87,23,15,0,0,27,29,195,1.011401557,0,77.44940389,85.00521584
3256,1204,3280.584801,7,1,0,0,0,1,1,16,1.011401543,0,77.89057023,50.00306741
3257,159,480.6006055,0,0,0,0,0,0,0,0,2.022803003,0,9.166479574,10.00061308
3258,794,2272.083706,28,10,7,0,0,9,12,58,2.022803115,0,39.0188136,50.00306814
3259,17,58.28021402,0,0,0,0,0,0,0,0,4.045606229,0,1.225465251,2.000122726
3260,337,940.0851913,7,1,16,1,0,3,0,9,1.011401557,0,43.47991422,29.00177952
3261,277,785.5159281,199,120,66,5,56,210,68,488,0,0,79.26309061,22.00134947
3262,95,260.1493611,29,3,6,7,9,21,9,96,0,0,29.41727131,17.41580746
3263,329,896.1638706,2,19,3,0,1,1,1,20,0,0,43.21905633,25.58683155
3264,139,379.2437115,0,0,0,0,0,0,0,0,5.70E-08,0,10.97252675,14.70934444
3265,172,505.0951882,0,0,0,0,0,0,0,0,9.34E-09,0,12.89953722,17.29262008
3266,266,712.8768208,0,0,0,0,0,0,0,0,1.415723578,0,15.0265735,17.2648167
3267,187,489.0470133,16,6,16,0,0,9,4,37,1.618481027,0,17.17865288,19.73745329
3268,152,429.0775177,0,0,0,0,0,0,0,0,0,0,13.4282255,18.05524074
3269,756,2335.431765,0,0,0,0,0,0,0,0,0,0,42.35495248,56.94936113
3270,164,427.3882361,140,66,25,39,20,33,30,265,0,0,34.85223175,15.00092044
3271,886,2330.36392,83,5,35,0,5,36,19,111,1.011401557,0,106.7145318,69.00423404
3272,1302,3823.688824,163,34,50,0,0,66,38,341,2.022803115,0,101.2724484,91.00558402
3273,1142,3060.133556,57,18,11,0,0,22,14,128,2.022803115,0,73.52791508,81.00497039
3274,1058,3381.097054,18,4,10,0,0,22,5,27,1.011401557,0,57.64588542,71.00435676
3275,76,222.1405259,0,0,0,0,0,0,0,0,6.068409344,0,5.588121546,7.00042954
3276,72,198.490584,8,1,2,0,2,18,3,28,2.022803115,0,8.235126489,7.00042954
3277,118,353.0598472,19,4,29,2,8,124,5,53,1.011401557,0,22.49954201,7.00042954
3278,166,460.3292267,4,0,1,1,2,7,1,24,0,0,20.9799651,10.00061363
3279,398,1122.5276,5,2,3,0,0,6,2,16,0,0,21.86230008,27.0016568
3280,355,1047.354571,3,0,0,0,0,2,0,10,0,0,22.84267229,30.00184089
3281,338,1037.218881,0,0,0,0,0,0,0,0,0,0,26.3229936,35.0021477
3282,592,1823.57945,25,84,21,24,3,11,1,29,0,0,66.47940534,59.00362041
3283,330,919.8138126,130,2,7,6,8,67,5,75,0,0,27.84257051,29.00177952
3284,748,2198.599958,0,0,0,0,0,0,0,0,2.022803115,0,60.76385577,56.00343632
3285,426,1323.552107,0,0,0,0,0,0,0,0,2.022803115,0,26.8131797,36.00220906
3286,272,618.2770531,56,30,2,23,13,18,22,89,0,0,29.27397499,28.00171816
3287,264,568.4432469,57,50,19,35,15,47,12,163,0,0,47.37180866,28.00171816
3288,442,1113.236552,54,18,13,1,8,41,75,140,0,0,37.5482553,36.00220906
3289,464,1146.177542,65,12,16,0,0,23,19,153,2.022803115,0,32.40130125,37.00227043
3290,164,433.3007216,10,5,2,0,9,18,15,88,0,0,18.5290346,14.00085908
3291,136,421.4757507,53,21,4,0,15,154,34,63,0,0,31.86209654,8.000490903
3292,306,691.7608012,24,7,10,18,74,21,27,104,0,0,31.51896626,25.00153407
3293,430,1049.888493,107,28,25,101,65,167,904,468,0,0,119.1152224,28.00171816
3294,459,1132.66329,4,1,1,0,0,1,3,16,0,0,59.08756179,35.0021477
3295,486,1285.543272,9,1,1,1,12,10,1,41,0,0,33.03854318,39.00239315
3296,223,703.5857721,0,0,5,0,24,0,3,4,0,0,12.94091305,15.00092044
3297,244,687.5375973,0,0,0,0,0,0,0,0,0,0,12.74483861,17.00104317
3298,386,1170.672125,0,0,0,0,0,50,0,0,0,0,22.84267229,27.0016568
3299,373,1101.411581,0,0,0,0,0,64,0,0,0,0,87.07790055,31.00190225
3300,466,1354.803816,0,0,0,0,0,0,0,0,0,0,62.79334835,50.00306814
3301,766,2201.13388,7,3,1,0,0,22,4,18,0,0,44.90104681,54.00331359
3302,483,1354.803816,9,5,19,0,0,17,5,44,1.011401557,0,26.27397499,35.0021477
3303,745,2276.30691,2,0,0,5,4,3,0,17,0,16.60869565,44.68544635,52.00319087
3304,428,1363.250224,10,0,1,12,4,9,1,44,0,0,27.20532858,31.00190225
3305,14,36.31955366,0,0,0,0,0,0,0,0,0,0,1.813688572,2.000122726
3306,551,1613.263895,3,1,1,0,2,69,1,11,0,0,68.74432974,45.00276133
3307,338,958.6672886,1,0,0,0,0,47,0,0,0,0,19.9995929,24.00147271
3308,340,931.6387835,0,0,0,2,3,0,0,0,0,0,17.98982989,23.00141135
3309,147,466.2417122,0,0,0,0,0,0,0,0,0,0,9.46059174,13.00079772
3310,462,1434.200049,0,0,0,0,0,0,0,0,0,0,23.97010032,32.00196361
3311,263,804.0980253,10,3,0,0,0,4,4,13,1.011401557,0,18.77412765,18.00110453
3312,346,1045.665289,62,15,14,0,0,25,17,155,1.011401557,0,23.52893283,24.00147271
3313,277,861.5335985,15,1,0,2,6,16,3,47,0,0,20.78389066,22.00134998
3314,403,1329.464592,0,0,2,1,0,7,1,7,0,0,22.59757924,29.00177952
3315,1083,3122.636974,112,23,16,2,0,19,19,224,1.011401557,0,101.2724484,99.00607492
3316,617,1845.540111,20,1,2,30,15,13,11,104,0,0,47.25394009,50.00306814
3317,312,986.5404344,6,0,0,14,8,4,1,41,0,0,17.86484887,19.18277364
3318,529,1707.019022,56,15,21,0,2,33,30,160,0,0,61.4009957,45.00276116
3319,401,1296.523602,101,32,22,0,0,25,7,193,2.022803115,0,95.12651206,29.00177952
3320,558,1475.587448,0,0,0,0,0,0,0,0,0,0,38.72470194,52.00319087
3321,6,20.27137879,0,0,0,0,0,0,0,0,0,0,14.46048997,19.00116589
3322,5,7.601767046,0,0,0,0,0,0,0,0,0,0,14.95067607,20.00122726
3323,0,0,0,0,0,0,0,0,0,0,0,0,17.25455074,23.00141135
3324,9,34.6302721,0,0,0,0,0,0,0,0,0,0,17.30356935,23.00141135
3325,7,16.89281566,0,0,0,0,0,0,0,0,0,0,21.27407676,28.00171816
3326,10,24.4945827,0,0,0,0,0,0,0,0,0,0,17.00945769,23.00141135
3327,12,36.31955366,0,0,0,0,0,0,0,0,1.011401557,0,35.04830619,47.00288405
3328,8,23.64994192,0,0,0,0,0,0,0,0,0,0,36.96003198,49.00300678
3329,16,48.14452462,0,0,0,0,0,0,0,0,0,0,15.19576912,20.00122726
3330,7,21.96066035,0,0,0,0,0,0,0,0,0,0,19.75449985,26.00159543
3331,12,27.87314584,0,0,0,0,0,0,0,0,0,0,19.80351846,26.00159543
3332,9,22.80530114,0,0,0,0,0,0,0,0,0,0,22.10739313,30.00184089
3333,56,201.0245063,0,0,0,0,0,0,0,0,32.36484983,0,2.745042163,4.000245451
3334,16,53.21236932,0,0,0,0,11,2,0,0,24.27363737,0,13.08796888,17.00104317
3335,14,46.45524306,0,0,0,0,0,0,0,0,0,0,15.34282495,20.00122726
3336,4,16.04817487,0,0,0,0,0,0,0,0,0,0,18.87216487,25.00153407
3337,4,11.82497096,0,0,0,0,0,0,0,0,0,0,22.64659785,30.00184089
3338,10,31.25170897,0,0,0,0,0,0,0,0,0,0,18.23492294,24.00147271
3339,21,48.14452462,0,0,0,0,0,0,0,0,0,0,17.94081128,24.00147271
3340,7,14.35889331,0,0,0,0,0,0,0,0,0,0,30.04840796,40.00245451
3341,29,93.7551269,0,0,0,0,0,0,0,0,0,0,21.12702093,28.00171816
3342,61,189.1995354,0,0,0,0,0,0,0,0,0,0,22.8916909,31.00190225
3343,42,157.1031856,0,0,0,0,0,0,0,0,0,0,20.44076039,27.0016568
3344,19,63.34805872,18,1,2,1,6,17,4,66,0,0,57.489779,20.00122726
3345,37,100.5122532,11,0,16,1,3,2,0,16,0,0,15.14675051,17.00104317
3346,28,76.86231124,0,0,0,0,0,0,0,0,0,0,14.65656441,20.00122726
3347,93,287.1778662,17,2,2,1,5,17,6,65,0,0,70.86230008,22.00134998
3348,12,39.6981168,0,0,0,0,0,0,0,0,43.49026696,0,2.794060773,4.000245451
3349,277,762.7106269,0,0,0,0,0,0,0,0,0,0,31.27387321,42.00257724
3350,45,132.6086029,0,0,0,0,0,0,0,0,0,0,19.70548124,26.00159543
3351,62,202.7137879,0,0,0,0,0,0,0,0,0,0,19.85253707,27.0016568
3352,40,125.8514766,5,0,5,1,2,28,1,18,0,0,18.43099738,24.00147271
3353,182,590.4039072,0,0,0,0,0,0,0,0,0,0,21.81328147,28.00171816
3354,41,98.8229716,0,0,0,0,0,0,0,0,0,0,12.84287583,17.00104317
3355,61,163.8603119,0,0,0,0,0,0,0,0,0,0,65.68575167,34.00208634
3356,16,45.61060228,0,0,0,0,0,0,0,0,0,0,21.22505815,28.00171816
3357,47,137.6764476,0,0,0,0,0,0,0,0,0,0,19.70548124,26.00159543
3358,44,130.0746806,0,0,0,0,0,0,0,0,0,0,46.28394155,24.00147271
3359,174,506.7844697,1,0,2,0,1,1,0,4,0,0,26.12691916,34.00208634
3360,135,417.2525467,0,0,0,0,0,0,0,0,0,0,26.8131797,36.00220906
3361,157,450.1935373,3,2,4,0,0,5,2,8,0,0,29.01901715,33.00202497
3362,103,273.6636137,0,0,0,0,0,0,0,0,0,0,17.5486624,23.00141135
3363,415,1141.954338,0,0,0,0,0,0,0,0,1.011401557,0,29.90135213,40.00245451
3364,35,99.66761238,0,1,3,0,118,16,4,1,18.20522803,0,9.11746147,3.000184089
3365,7,19.42673801,3,0,0,5,2,3,1,15,4.045606229,0,24.3622492,31.00190225
3366,20,52.36772854,0,0,0,0,0,0,0,0,0,0,24.70537947,33.00202497
3367,26,67.57126263,0,0,0,0,0,0,0,0,0,0,23.92108171,32.00196361
3368,15,38.00883523,0,0,0,0,0,0,0,0,0,0,7.941014829,11.00067499
3369,50,141.0550107,7,1,1,0,0,1,0,9,0,0,9.705684791,13.00079772
3370,152,429.0775177,4,1,1,0,1,6,1,10,0,0,16.96043908,21.00128862
3371,15,45.61060228,0,0,0,0,0,0,0,0,0,0,20.14664873,27.0016568
3372,116,294.7796332,0,0,0,0,0,0,0,0,0,0,20.29370456,27.0016568
3373,172,481.4452462,37,9,40,2,1,85,8,72,0,0,64.08756179,25.00153407
3374,191,506.7844697,5,0,3,0,3,5,1,21,0,0,30.41126781,30.00184089
3375,166,448.5042557,0,0,0,0,0,0,0,0,0,0,25.44065862,26.00159543
3376,187,509.3183921,60,17,17,0,0,30,19,125,0,0,40.4893719,37.00227043
3377,198,535.5022563,94,18,23,0,5,71,50,198,2.022803115,0,36.81297615,23.00141135
3378,4,10.13568939,0,0,0,0,0,0,0,0,1.011401557,0,1.127428031,2.000122726
3379,1,1.689281566,0,0,0,0,0,0,0,0,0,0,13.03895027,17.00104317
3380,3,8.446407829,0,0,0,0,0,0,0,0,1.011401557,0,22.98972812,31.00190225
3381,13,36.31955366,0,0,0,0,0,0,0,0,1.011401557,0,16.86240186,23.00141135
3382,101,343.7687986,0,0,0,0,0,0,0,0,1.011401557,0,18.97020209,25.00153407
3383,69,224.6744482,1,0,1,0,0,0,0,1,3.034204672,0,10.7350756,14.00085908
3384,33,99.66761238,0,0,0,0,0,0,0,0,4.045606229,0,1.666632742,2.000122726
3385,725,1851.452596,0,0,0,0,0,0,0,0,3.034204672,0,82.8904696,82.00503176
3386,62,161.3263895,140,27,45,0,0,58,45,309,3.034204672,0,112.8908767,7.00042954
3387,70,185.8209722,0,0,0,0,0,0,0,0,9.102614016,0,11.61741058,16.00098181
3388,19,50.67844697,0,0,0,0,0,0,0,0,0,0,1.421539692,2.000122726
3389,16,45.61060228,0,0,0,0,0,0,0,0,0,0,7.303772898,10.00061363
3390,81,249.1690309,0,0,0,0,0,0,0,0,0,0,44.13688572,24.00147271
3391,43,113.1818649,0,0,0,0,0,0,0,0,3.034204672,0,9.656666181,13.00079772
3392,176,524.5219262,4,2,3,0,0,16,3,16,2.022803115,0,28.08766356,32.00196361
3393,234,732.3035588,0,0,0,0,0,0,0,0,1.011401557,0,21.81328147,29.00177952
3394,492,1418.996515,24,7,7,0,0,21,4,76,1.011401557,0,77.93958999,59.00362041
3395,11,30.40706818,0,0,0,0,0,0,0,0,0,0,4.411674905,6.000368177
3396,37,112.3372241,0,0,0,0,0,0,0,0,0,0,12.64680139,17.00104317
3397,157,510.1630329,0,0,0,0,0,0,0,0,0,0,42.79375545,24.00147271
3398,280,754.2642191,0,0,0,0,0,0,0,0,0,0,26.96023553,36.00220906
3399,107,296.4689148,0,0,0,0,0,0,0,0,3.034204672,0,15.04871329,20.00122726
3400,295,852.2425499,40,20,22,0,0,54,22,147,2.022803115,0,48.43038673,43.0026386
3401,104,342.0795171,0,0,0,0,0,0,0,0,0,0,22.25444896,30.00184089
3402,77,248.3243902,0,0,0,0,0,0,0,0,0,0,20.63683483,28.00171816
3403,173,546.4825865,7,1,4,0,0,10,2,10,0,0,14.99969468,17.00104317
3404,437,1242.466592,0,0,0,0,0,0,0,0,1.011401557,0,38.23451584,51.00312951
3405,50,132.6086029,101,9,28,2,30,52,32,397,7.079810901,0,108.1656659,8.000490903
3406,19,66.72662185,113,25,115,19,16,105,43,296,1.011401557,0,42.79324658,10.00061363
3407,231,734.8374811,0,0,0,0,0,0,0,0,0,0,23.47991422,31.00190225
3408,744,2362.46027,6,5,10,0,69,36,4,20,0,0,47.7931448,58.00355905
3409,334,956.978007,0,0,0,0,0,0,0,0,0,0,24.46028642,33.00202497
3410,557,1385.210884,70,13,20,57,24,36,31,148,3.034204672,0,73.23380342,67.00411131
3411,34,81.08551516,40,1,29,212,55,5,3,61,0,0,46.42062372,37.00227043
3412,76,195.1120208,0,0,0,0,0,0,0,0,1.011401557,0,47.64608897,64.00392722
3413,217,690.0715196,0,0,0,0,0,0,0,0,1.011401557,0,28.18570078,38.00233179
3414,106,331.9438277,5,1,8,5,84,2,1,4,4.045606229,0,16.96043908,16.00098181
3415,535,1733.202886,0,0,17,0,70,0,0,2,0,0,101.2146845,60.00368177
3416,579,1749.251061,34,7,4,0,0,11,6,69,0,0,38.77372055,52.00319087
3417,295,969.6476187,15,5,141,0,0,25,15,34,3.034204672,0,30.68564989,32.00196361
3418,939,2994.251575,126,35,65,146,95,84,58,321,3.034204672,0,165.6068334,23.00141135
3419,0,0,82,19,541,154,87,70,66,191,1.011401557,0,40.53839051,0
3420,370,929.949502,34,51,8,94,19,227,18,171,0,0,76.44981098,38.00233179
3421,243,548.1718681,168,62,22,329,61,222,70,283,0,0,80.90043616,28.00171816
3422,7,22.80530114,592,48,96,30,98,9,3,12,1.011401557,0,44.31282349,0
3423,113,328.5652645,54,56,6,42,152,27,62,112,0,0,29.16607298,13.00079772
3424,453,1152.090028,3,30,1,8,14,78,1,8,0,0,49.07759523,46.00282269
3425,467,1130.974008,137,4,5,36,8,75,5,101,0,0,56.22434573,52.00319087
3426,696,1815.133042,16,39,1,56,7,67,53,59,0,0,81.05756033,65.00398859
3427,184,542.2593826,0,0,0,0,0,0,0,0,0,0,15.63693661,21.00128862
3428,492,1372.541272,52,36,27,92,104,18,17,187,3.034204672,0,56.91060627,30.00184089
3429,120,270.2850505,454,196,21,5,764,43,57,73,0,0,111.0181012,14.00085908
3430,435,912.2120455,0,4,0,1,53,6,33,17,0,0,28.47981244,32.00196361
3431,250,809.16587,3,0,0,25,11,30,21,9,0,0,12.94091305,17.00104317
3432,327,1102.256222,16,0,32,0,0,0,0,0,0,0,18.18590433,23.00141135
3433,346,1100.56694,0,0,0,0,0,0,0,0,0,0,31.71504071,42.00257724
3434,1045,3019.590799,0,0,0,0,0,0,0,0,1.011401557,0,84.26299068,75.00460222
3435,642,1780.50277,0,0,0,0,0,0,0,0,1.011401557,0,22.20543035,27.0016568
3436,291,828.592608,0,2,1,0,158,16,5,11,0,0,23.92108171,19.00116589
3437,384,1054.111697,0,0,0,0,0,0,0,0,0,0,18.82314626,25.00153407
3438,249,692.605442,0,0,0,0,0,0,0,0,0,0,12.54876417,17.00104317
3439,310,1037.218881,0,0,0,0,0,0,0,0,1.011401557,0,62.44970921,51.00312951
3440,169,505.9398289,0,0,0,0,0,0,0,0,0,0,37.00905059,49.00300678
3441,239,652.0626844,3,4,4,10,22,7,0,9,0,0,28.08766356,38.00233179
3442,693,2026.293238,0,0,0,0,0,59,0,0,0,0,39.55801831,49.00300678
3443,709,2252.656968,0,0,0,0,0,0,0,0,0,0,37.30316225,50.00306814
3444,23,78.55159281,1,0,7,1,161,2,0,0,7.079810901,0,10.83311282,3.000184089
3445,390,1205.302397,0,0,0,0,0,0,0,0,0,0,21.20298357,27.82011058
3446,178,550.7057904,0,1,4,3,148,2,0,0,0,0,72.54845885,26.00159543
3447,10,26.18386427,0,0,0,0,0,0,0,0,1.011401557,0,69.65544489,67.00411131
3448,8,19.42673801,0,0,0,0,0,0,0,0,1.011401557,0,57.10668071,41.00251588
3449,25,56.59093245,0,0,0,0,0,0,0,0,0,0,68.66612387,36.00220906
3450,237,713.7214615,0,0,0,0,0,0,0,0,0,0,17.79375545,24.00147271
3451,3,4.223203914,0,0,0,0,0,0,0,0,5.057007786,0,0.931353591,1.000061363
3452,3,6.757126263,0,0,0,0,0,0,0,0,1.011401557,0,0.931353591,1.000061363
3453,9,21.96066035,0,0,0,0,0,0,0,0,0,0,1.715651352,2.000122726
3454,16,38.85347601,9,1,6,0,0,31,3,20,1.011401557,0,5.441065716,2.000122726
3455,0,0,0,0,0,0,0,0,0,0,0,0,0.588223321,1.000061363
3456,10,25.33922349,0,0,0,0,0,0,0,0,0,0,1.911725792,3.000184089
3457,810,2414.827998,11,5,4,17,103,9,7,34,0,0,54.21458272,62.0038045
3458,5,17.73745644,0,0,0,0,0,0,0,0,17.19382647,0,0.24509305,0
3459,44,154.5692633,0,0,0,0,0,0,0,0,28.3192436,0,2.156818842,3.000184089
3460,196,698.5179274,0,0,0,0,0,0,0,0,44.50166852,0,9.607647571,13.00079772
3461,114,407.1168573,0,0,32,0,17,24,0,0,60.68409344,0,11.02918726,10.00061363
3462,54,190.0441761,0,0,0,0,0,0,0,0,5.057007786,0,2.892097993,4.000245451
3463,55,195.1120208,0,1,3,0,104,9,1,0,2.022803115,0,9.754703401,5.000306814
3464,22,77.70695203,0,0,0,5,75,8,2,0,3.034204672,0,9.705684791,2.000122726
3465,7,19.42673801,0,0,0,0,0,0,0,0,1.011401557,0,1.470558302,2.000122726
3466,1,4.223203914,0,6,9,1,144,42,3,0,0,0,10.63703838,1.000061363
3467,925,2560.950854,0,0,0,0,0,0,0,0,0,0,45.58730735,61.00374314
3468,883,2275.462269,0,0,0,0,0,64,0,0,0,0,46.56767955,58.00355905
3469,9,21.11601957,0,0,0,0,0,0,0,0,0,0,1.568595522,2.000122726
3470,8,18.58209722,0,0,0,0,0,0,0,0,1.011401557,0,1.470558302,2.000122726
3471,6,16.89281566,0,0,0,0,1,0,0,0,1.011401557,0,1.176446641,2.000122726
3472,630,1636.069196,1,6,6,12,150,2,0,2,0,0,52.36194387,48.00294542
3473,257,702.7411314,32,20,0,21,45,6,43,2,0,0,28.67588688,27.0016568
3474,438,1141.109698,0,0,1,0,27,0,0,0,0,0,23.43089561,29.00177952
3475,471,1261.89333,12,38,2,0,53,3,13,13,0,0,34.31302704,42.00257724
3476,966,2537.300912,5,21,22,20,222,53,13,3,3.034204672,0,65.29278859,64.00392722
3477,200,522.8326446,171,59,2,1,155,17,4,12,0,0,40.53839051,14.00085908
3478,577,1544.003351,56,97,27,59,266,43,11,42,0,0,47.49903314,38.00233179
3479,347,869.9800064,0,0,0,0,0,0,0,0,0,0,28.96999854,39.00239315
3480,896,2286.442599,0,0,0,0,0,0,0,0,0,0,52.30285693,70.0042954
3481,21,50.67844697,2,1,8,7,40,1,1,1,3.034204672,0,4.999898226,3.000184089
3482,955,2315.160386,0,3,1,0,273,18,8,0,0,0,28.82294271,23.00141135
3483,428,963.7351333,1,24,10,5,1026,332,46,8,0,0,102.448895,41.00251588
3484,388,1008.501095,33,54,2,0,116,8,9,15,0,38.75362319,61.28353445,36.00220906
3485,292,828.592608,16,39,4,2,171,13,5,7,0,0,17.64669962,22.00134998
3486,827,2239.142715,0,0,0,0,0,0,0,0,0,0,40.44035329,54.00331359
3487,438,1103.945503,0,0,0,0,0,0,0,0,0,0,78.23370165,104.0063817
3488,741,1964.634461,0,0,0,0,0,0,0,0,0,0,40.53839051,54.00331359
3489,1,1,0,0,0,0,0,0,0,0,0,0,1.323502471,2.000122726
3490,121,315.051012,0,0,0,0,0,0,0,0,1.011401557,0,9.06844286,12.00073635
3491,407,1145.332902,0,0,0,0,0,0,0,0,0,0,37.94040418,51.00312951
3492,314,828.592608,0,0,0,0,0,0,0,0,0,0,17.00945769,23.00141135
3493,539,1522.887332,0,0,0,0,0,0,0,0,0,0,26.37201221,35.0021477
3494,414,1137.731135,0,0,3,4,8,4,1,1,0,0,21.32309537,27.0016568
3495,129,317.5849344,0,0,0,0,0,0,0,0,2.022803115,0,13.38208054,18.00110453
3496,21,58.28021402,0,5,9,22,580,67,11,0,2.022803115,0,37.30316225,4.000245451
3497,159,428.2328769,0,1,1,0,49,4,0,0,0,0,11.37231753,12.00073635
3498,2233,5770.585829,0,0,1,0,8,51,0,0,0,0,126.5761195,148.0090817
3499,429,1130.129367,0,16,21,0,546,16,13,0,1.011401557,0,64.11634195,28.00171816
3500,13,36.31955366,23,40,19,3,1466,44,32,0,4.04560618,0,118.8211093,1.000061351
3501,907,2623.454272,0,2,0,0,14,7,0,0,1.82E-08,0,23.53670593,30.52919573
3502,1,1,0,74,42,0,1998,54,67,0,0,0,123.2818043,0
3503,16,55.74629167,0,0,1,1,75,7,0,0,334.7739155,0,4.901861005,1.000061363
3504,1,1.689281566,0,0,0,0,0,0,0,0,39.44466073,0,0.04901861,0
3505,0,0,0,0,0,0,0,0,0,0,86.98053393,0,0,0
3506,33,116.560428,0,0,0,0,0,0,0,0,3.034204672,0,1.617614132,2.000122726
3507,25,88.6872822,0,1,1,2,80,10,1,4,89.00333704,0,6.127326257,2.000122726
3508,102,363.1955366,11,1,9,0,49,47,1,0,79.90072303,0,10.78409421,7.00042954
3509,48,134.2978845,0,0,0,0,0,0,0,0,202.2803115,0,2.352893283,3.000184089
3510,16,46.45524306,0,1,3,1,189,14,1,0,63.71829811,0,11.07820587,1.000061363
3511,178,487.3577317,0,0,0,1,14,2,0,0,7.079810901,0,9.558628961,12.00073635
3512,79,254.2368756,0,0,0,0,0,0,0,0,11.12541713,0,3.872470194,5.000306814
3513,13,45.61060228,0,0,0,0,0,0,0,0,48.54727475,0,0.637241931,1.000061363
3514,1,4.223203914,0,0,0,0,0,0,0,0,52.59288098,0,0.04901861,0
3515,58,160.4817487,0,0,0,0,0,0,0,0,0,0,2.745042163,4.000245451
3516,2,3,0,0,0,0,0,0,0,0,0,0,0.24509305,0
3517,0,0,0,0,0,0,0,0,0,0,0,0,0,0
3518,1,1,0,0,0,0,0,5,0,0,0,0,0,0
3519,0,0,0,0,0,0,0,0,0,0,0,0,0,0
3520,0,0,0,0,0,0,0,0,0,0,0,0,0,0
3521,1,1.689281566,0,0,0,0,0,0,0,0,0,0,0.04901861,0
3522,0,0,0,0,0,0,0,0,0,0,0,0,0,0
3523,32,86.99800064,112.4,152.2,0,0,0,0,0,114.3,0,0,0,0
3524,0,0,0,0,0,0,0,0,0,0,0,0,0,0
3525,18,80.24087437,0,0,0,0,0,0,0,0,0,0,2,0
3526,0,0,0,0,0,0,0,0,0,0,0,0,0,0
3527,4,8.446407829,0,0,0,0,0,10.5,0,31.5,0,0,0,0
3528,34,70.10518498,0,0,0,0,0,0,0,0,0,0,0,0
3529,6,14.35889331,0,0,0,0,0,0,0,37,0,0,0,0
3530,2,3.378563132,0,0,0,0,0,0,0,0,0,0,0.09803722,0
3531,10,21.11601957,0,0,0,0,0,0,0,0,0,0,0.490186101,1.000061363
3532,41,73.48374811,2,0,0,0,0,0,0,0,0,0,0,0
3533,54,140.21037,0,0,0,0,0,0,0,0,0,0,0,0
3534,2,3.378563132,0,0,0,0,0,0,0,0,0,0,0.09803722,0
3535,0,0,0,0,0,0,0,0,0,0,0,0,0,0
3536,0,0,0,0,0,0,0,0,0,0,0,0,0,0
3537,0,0,0,0,0,0,0,0,0,0,0,0,0,0
3538,0,0,0,0,0,0,0,0,0,0,0,0,0,0
3539,0,0,0,0,0,0,0,0,0,0,0,0,0,0
3540,65,208.6262734,7.2,0,0,0,0.8,0,0,0,0,0,8,0
3541,0,0,0,0,0,0,0,0,0,0,0,0,0,0
3542,1,5.067844697,0,0,0,0,0,0,0,0,0,0,0,0
3543,0,0,0,0,0,0,0,0,0,0,0,0,0,0
3544,31.8,80.57873069,0,0,0,0,0,0,22,0,0,0,0,0
3545,29.6,108.8741969,0,0,0,0,0,0,0,0,0,0,0,0
3546,0,0,0,0,0,0,0,0,0,0,0,0,0,0
3547,5,21.11601957,0,0,0,0,0,0,0,0,0,0,0,0
3548,2,4.223203914,0,0,0,0,0,0,0,0,0,0,0,0
3549,0,0,0,0,0,0,0,0,0,0,0,0,0,0
3550,0,0,0,0,0,0,0,0,0,0,0,0,0,0
3551,0,0,0,0,0,0,0,0,0,0,0,0,0,0
3552,1,4.223203914,22,10,20,23,35,17,2,48,0,88.57971011,8.774331197,0
3553,0,0,0,0,0,0,0,0,0,0,1.011401557,0,0,0
3554,0,0,0,0,0,0,0,0,0,0,0,0,0,0
3555,5,7.601767046,0,0,0,0,0,0,0,0,0,0,0,0
3556,0,0,0,0,0,0,0,0,0,0,6.068409343,0,0,0
3557,0,0,0,0,0,0,0,0,0,0,0,0,0,0
3558,0,0,0,0,0,0,0,0,0,0,0,0,0,0
3559,3,5.91248548,0,0,0,0,0,0,0,0,0,0,0.14705583,0
3560,0,0,0,0,0,0,0,0,0,0,3.05E-08,0,21.95256563,28.47442469
3561,0,0,0,0,0,0,0,0,0,0,0,0,0,0
3562,0,0,0,0,0,0,0,0,0,0,0,0,0,0
