;TAZID,TOTHH,HHPOP,RETL,FOOD,MANU,WSLE,OFFI,GVED,HLTH,OTHR,FM_AGRI,FM_MING,FM_CONS,HBJ
1,0,0,0,0,0,0,0,0,0,0,0,0,0,0
2,38.5,184.6,0,0,0,0,0,0,0,0,0,0,10.4,2
3,18.5,65.7,0,0,0,0,0,0,0,0,0,0,1.9,1
4,5.3,14.5,0,0,0,0,0,0,0,0,0,0,0.9,0.3
5,70.5,170.1,0.8,0.5,1.6,0.5,0.4,0.9,3.5,1.9,0,0,6.6,3.7
6,8.6,22.8,0,0,0,4.4,0,0,0,0,0,0,1.9,0.5
7,44,102.5,5.7,2.8,9,15.1,2.1,5.3,4.8,19,93,0,0,2.3
8,53.2,142.9,13,0.2,0.5,0.2,28,0.3,0.3,2.2,0,0,2.8,2.8
9,37.1,44.4,2.8,1.8,5.8,46.4,1.3,3.4,3.1,6.8,0,0,7.6,2
10,19.7,54.3,0,0,0,52.6,0,0,0,0,0,0,0.9,1
11,8.3,20.1,0,0,0,0,0,0,0,0,0,0,1.9,0.4
12,21.4,61.4,0,0,0,0,0,0,0,0,0,0,2.8,1.1
13,14.4,34.7,0,0,0,0,0,0,0,0,0,0,3.8,0.8
14,24.7,59.3,0,0,0,0,0,0,0,0,0,0,8.5,1.3
15,1,2.4,16.7,10.8,119.7,79.4,7.8,20.3,18.1,48.5,21.1,0,0.9,0.1
16,87.4,217.3,0,0,0.5,35.5,0,0,0,30.9,0,0,30.2,4.6
17,254.5,1277.4,0,0,0,0,0,0,0,0,0,0,124.7,13.5
18,0,0,38.9,25,441.1,123.6,18.1,47.2,42,93.8,0,0,1.9,0
19,207.4,626,17.5,2.3,7.4,6.6,1.7,4.4,3.9,8.7,0,0,16.1,11
20,195.6,413.8,21.6,7.5,23.7,8.8,5.4,14,12.6,57.4,0,0,17,10.3
21,82.4,205.3,17.1,11.1,331,27.5,8,20.9,18.6,41.6,0,0,33.1,4.4
22,91.9,228.5,11.6,7.9,30.8,8,5.8,14.5,13.8,29.3,0,0,30.2,4.9
23,77.8,311.9,16.4,11,49,23.5,8,20.4,18.6,41,0,0,17.9,4.1
24,149.1,533.7,1.5,1,3.2,1,0.8,1.9,3.1,3.8,0,0,16.1,7.9
25,300,730.5,7.2,2.5,8.1,2.9,1.8,106.5,20.4,12.3,0,0,0,15.9
26,183,279.7,13.7,1,8.5,7.2,0.7,43.3,86,22.7,0,0,0,9.7
27,129.4,322.4,1.4,1,3,1,0.7,1.8,1.7,3.6,0,0,64.2,6.8
28,219.3,323.2,23.6,15.8,103.2,17.2,11.5,29.3,26.6,58.8,0,0,62.3,11.6
29,199.8,481.3,0.3,0.2,0.7,1.1,0.2,0.4,0.4,0.8,0,0,17,10.6
30,309.3,680,9.4,0,0,2.1,30.6,0,33.6,7.6,0,0,0,16.4
31,200,418.1,2.6,55.7,47,0,33.2,0,0,41.7,0,0,0,10.6
32,130.1,344.6,0.3,0.2,0.7,1.1,0.2,0.4,0.4,0.8,0,0,0,6.9
33,154.3,462,0.5,0.3,1.1,7,0.2,0.6,0.6,1.3,0,0,0,8.2
34,173.3,416,1.4,0,9.9,0,5,0,0,0,0,0,0,9.2
35,257.1,600.7,0,0,0,0,0,0,0,0,0,0,0,13.6
36,126.8,205.5,0,0,0,0,0,0,0,0,0,0,12.3,6.7
37,77.4,114.1,9.6,6.6,20.2,6.5,4.9,12,11.5,29.4,0,0,28.3,4.1
38,2.3,5.8,13.1,8.5,1138.3,9.5,6.2,24.4,14.3,31.9,0,0,0.9,0.1
39,78.5,183.9,17.4,3.1,9.8,3.4,2.2,5.8,8,137.9,0,0,6.6,4.2
40,338.7,633.1,30.5,1.1,3.6,7.7,48.5,75.9,34,63.1,0,0,0,17.9
41,107.7,202.3,208.6,19,60.6,21.3,13.7,35.7,61.5,191.3,0,0,1.9,5.7
42,70,215,0,0,0,0,2,0,0,79.7,0,0,0,3.7
43,205.4,616.7,0.4,0.3,0.8,0.5,0.2,32.6,46.6,1,0,0,0,10.9
44,163.6,411.1,0,0,0,0,0,0,0,0,0,0,5.7,8.6
45,156.1,417.3,0,0,0,0,25.8,0,0,0,0,0,16.1,8.3
46,0,0,0,0,0,0,0,0,0,0,0,0,0,0
47,0,0,0,0,0,0,0,0,0,0,0,0,0,0
48,11.4,37.1,0,0,0,0,0,0,0,0,0,0,1.9,0.6
49,96.7,241,88.1,39.3,46.7,16.2,10.7,27.5,24.9,55.1,0,0,43.4,5.1
50,154.3,383.7,27.8,18,62.1,35.5,42,128.4,93.2,68.7,0,0,49.1,8.2
51,69,297.4,3.6,2.4,14.1,18.6,16.8,4.4,20.1,8.8,0,0,13.2,3.6
52,46,85.7,0,0,77.5,0,0,0,14.1,1708.8,0,0,0,2.4
53,220.2,489.7,229.9,33.1,0,16.3,49.5,311.5,65.1,531.7,0,0,0,11.6
54,170.3,337.3,11.4,45.4,16,5.2,78.2,210.6,93.9,209.2,0,0,0,9
55,156.2,344.3,0,0,0,0,1.6,194.7,0,14.2,0,0,0,8.3
56,37.1,78.5,0,0,0,0,0,0,0,0,0,0,0,2
57,87.2,152.2,0,0,0,0,0,0,0,0,0,0,0,4.6
58,0,0,0,0,0,0,0,0,0,0,0,0,0,0
59,129.4,322.4,0,0,0,0,0,0,0,0,0,0,63.3,6.8
60,152.2,379.1,0,0,0,0,0,0,0,0,0,0,74.6,8
61,255.9,619.4,0,0,0,0,0,0,0,0,0,0,18.9,13.5
62,205.1,582.6,6.8,3.6,11.5,4,2.6,6.8,6.2,29.7,0,0,0,10.8
63,22.1,71,0,0,0,0,0,194.3,0,0,0,0,0,1.2
64,210.3,548.1,6.7,79.9,13.8,4.8,3.1,8.1,7.2,40.3,0,0,0,11.1
65,265.3,631.8,35.1,0.2,0.7,0.3,0.2,4.3,1.1,27.6,0,0,0,14
66,162.5,256.4,44.9,22.1,5.1,1.8,1.1,3,11.2,49.4,0,0,0,8.6
67,137,308.1,68.6,0,0,0,1.9,0,0.3,43.1,0,0,0,7.2
68,174.2,335.2,0,0,0,0,0,0,19.5,16.7,0,0,0,9.2
69,32,106.8,5.9,3.9,12.4,4.3,2.8,7.3,6.6,39.7,0,0,0.9,1.7
70,103.6,351.5,0.1,0.1,0.2,0.1,6.4,0.1,0.1,16.4,0,0,5.7,5.5
71,25,63.2,0,0,0,0,0,0,0,0,0,0,236.1,1.3
72,99.7,342.1,0.6,0,0,0.9,0,0,0,84.1,0,0,3.8,5.3
73,5.5,14.7,0,0,0,0,0,0,0,0,0,0,0,0.3
74,82.4,205.3,13.1,10,30.3,10.1,7.2,17.6,16.6,35.9,0,0,33.1,4.4
75,513.6,1157,43.6,39.1,85.4,29.7,19.5,89.5,170.3,115.7,0,0,91.6,27.2
76,500.4,1237.8,14.9,10.2,31.3,10.2,7.5,18.6,25.3,40.3,0,0,88.8,26.5
77,518.4,1067.8,21.7,14,56.2,15.7,10.1,155,618.2,52.5,0,0,81.2,27.4
78,581.9,1375.6,70.4,27.4,30.5,10.7,6.9,18,27.4,114.7,0,0,19.8,30.8
79,488.5,876.7,54.2,95.1,16,5.6,13.7,59.3,125.7,37.3,0,0,78.4,25.8
80,552.9,837.6,27.6,92.9,25.2,8.9,24.1,130.2,13.2,29.5,0,0,55.7,29.2
81,157.7,243.4,14.2,9.2,29.3,10.3,6.6,72.3,15.4,157.7,0,0,19.8,8.3
82,376.8,617.9,51.5,73.5,27,10,43.5,15.9,100.3,178.1,0,0,0.9,19.9
83,0,0,70,115.1,14,4.9,3.2,8.3,7.4,25.8,0,0,0,0
84,197.3,491.4,78.2,25.3,13.6,4.8,7.2,69.5,22.5,30.7,0,0,108.6,10.4
85,62.5,186.4,7.8,3.6,11.6,12,7.1,6.8,19.7,65.1,0,0,6.6,3.3
86,15,37.7,33.3,12.4,28.5,9.8,6.6,16.8,15.4,33.8,0,0,5.7,0.8
87,69,172.2,0,0,0,0,0,0,0,0,0,0,28.3,3.6
88,69,172.2,0,0,0,0,0,0,0,0,12.7,0,28.3,3.6
89,164.5,352.5,2.5,273,5.1,2.6,1.1,3,2.7,45.7,0,0,23.6,8.7
90,125.2,389.5,435.6,65.9,9.4,2.9,140.7,48.3,4.3,9.6,0,0,26.4,6.6
91,255.2,624.3,0,0,0,0.6,91.9,0,1.5,23.3,0,0,8.5,13.5
92,200,574.8,12.7,8.2,30.7,9.6,15.3,15.5,40.3,66.6,0,0,0.9,10.6
93,111.4,277.9,0,0,0,0,0,0,0,0,0,0,51.9,5.9
94,115.2,289.4,0,0,0,0,0,0,0,0,0,0,34,6.1
95,284,872.6,8.9,49.1,18.2,6.5,8.4,10.7,34.9,57.9,0,0,9.4,15
96,270.2,493.2,4.8,3.1,9.9,3.5,2.3,5.9,17.9,16.7,0,0,0,14.3
97,0,0,0,0,0,0,0,0,0,0,0,0,0,0
98,15.4,38.3,0.3,0.2,0.6,0.2,0.1,0.3,0.3,0.7,0,0,4.7,0.8
99,0,0,0,0,0,0,0,0,0,0,0,0,0,0
100,106.7,331.2,0,0,0,0,0,0,2.1,0,0,0,15.1,5.6
101,440.6,1225.9,2.3,13.3,4.6,4.5,5.2,18,33.7,53.2,0,0,0,23.3
102,0,0,0,0,0,0,0,0,0,0,0,0,0,0
103,228.7,725.8,1.3,0.9,2.7,2.5,0.6,1.6,4.3,5.8,0,0,7.6,12.1
104,198.3,641.6,0,0,0,0,0,116,0,0,0,0,51.9,10.5
105,108.2,270.8,5.1,7.7,10.8,3.6,2.6,6.4,6,12.9,0,0,16.1,5.7
106,216.6,653.6,15.4,4.7,14.6,5,3.4,8.6,7.9,17.3,232.4,0,81.2,11.5
107,0,0,0,0,0,0,0,0,0,0,0,0,0,0
108,171.2,379.3,0,0,0,0,0,0,0,0,0,0,31.2,9
109,12,29.9,0.1,0.1,0.3,0.1,0.1,0.2,0.2,0.3,0,0,2.8,0.6
110,21.3,93.2,0,0,0,0,0,0,0,0,0,0,3.8,1.1
111,19.7,49.2,0,0,0,0,0,0,0,0,0,0,12.3,1
112,47,128.4,0,0,0,0,0,0,0,0,0,0,5.7,2.5
113,113.2,306,0,0,0,0,0,0,0,0,0,0,14.2,6
114,86.9,201.5,0.1,0.1,0.2,1,0,0.1,0.1,0.2,0,0,0,4.6
115,5.6,14.1,53.2,2.7,8.7,3,2,5.1,4.6,10.2,0,0,2.8,0.3
116,65.1,162.3,1.5,1,17.6,1.1,0.7,1.9,1.7,3.7,0,0,36.8,3.4
117,30.3,96.9,19.9,1.1,3.4,1.2,0.8,2,1.8,4,0,0,2.8,1.6
118,56.2,153.5,0,0,0,0,0,0,0,0,0,0,17.9,3
119,1,4.4,0,0,0,0,0,35.8,0,0,0,0,0,0.1
120,123.3,268.7,1.4,0,0,0,0,0,0,0,0,0,27.4,6.5
121,51.4,150.3,0.4,0.3,0.9,1.1,0.2,0.6,0.5,3.8,0,3.5,3.8,2.7
122,90.7,255.4,0,0,0,0,0,0,0,0,0,0,22.7,4.8
123,0,0,0,0,0,0,0,0,0,0,0,0,0,0
124,98,218.1,0,0,0,0,0,0,0,2.3,0,0,8.5,5.2
125,70,176,0,0,0,0,11.3,53,0,0,0,0,0,3.7
126,175.4,373.2,0.4,0.3,6.4,1.2,0.2,0.5,0.5,1.1,0,0,0,9.3
127,105,270.9,0,0,0,0,0,0,0,0,0,0,2.8,5.5
128,96,299.4,0.1,0,0.1,5.4,0,0.1,0.1,0.1,0,0,10.4,5.1
129,66.4,147.8,0,0,0,0,0,0,0,0,0,0,15.1,3.5
130,73.8,89.9,0.1,0.1,1,0.1,0,0.1,0.1,0.2,0,0,1.9,3.9
131,90.4,234.3,0,0,0,0,0,0,0,0,0,0,7.6,4.8
132,122.2,277.8,0.4,0.3,3.4,0.3,0.2,0.5,0.5,1,63.4,0,40.6,6.5
133,194.9,573.8,0.8,0.6,1.8,0.6,2.7,1,0.9,7.2,0,0,22.7,10.3
134,9.6,31.4,0,0,0,0,0,0,0,0,0,0,6.6,0.5
135,3.4,9.2,0,0,0,0,0,0,0,0,0,0,0.9,0.2
136,316.8,911.2,0.8,0.5,1.6,4.4,10.2,1,0.9,4.3,0,0,83.1,16.7
137,2.5,6.8,0,0,0,30.7,0,0,0,0,0,0,1.9,0.1
138,215.9,801.4,0.1,0.1,7.7,0.1,26.8,0.2,0.2,19.1,0,0,37.8,11.4
139,296.9,533.8,1.7,1.1,3.6,1.2,0.8,14.5,1.9,4.2,0,17.5,110.5,15.7
140,5,6,0,0,0,0,0,0,0,0,0,0,0.9,0.3
141,5.9,15.9,0,0,0,0,0,0,0,0,0,0,0.9,0.3
142,0,0,0,0,0,0,0,0,0,0,0,0,0,0
143,73.8,162.5,43.3,2.8,9,32.1,2,5.3,4.7,10.5,0,0,8.5,3.9
144,0,0,0,0,0,0,0,0,0,0,0,0,0,0
145,33.3,92.5,0,0,0,0,0,0,0,0,0,0,2.8,1.8
146,18.6,46.2,0,0,0,0,0,0,0,0,0,0,1.9,1
147,2.8,4,0,0,0,0,0,0,0,0,0,0,0,0.1
148,0,0,0,0,0,0,0,0,0,0,0,0,0,0
149,0,0,0,0,0,0,0,0,0,0,0,0,0,0
150,616.2,1640.6,28.3,2.9,9.1,3.9,6.5,51.9,15.2,37.7,0,0,113.3,32.6
151,21.4,103,2.9,1.9,24.5,2.1,1.4,3.5,3.2,7,0,0,0,1.1
152,0,0,0,0,0,0,0,0,0,0,0,0,0,0
153,0,0,0,0,0,0,0,0,0,0,0,0,0,0
154,0,0,0,0,0,0,0,0,0,0,4.023970037,0,0,0
155,182,469.2815024,0,0,0,0,0,0,0,0,18.10786517,0,22.88089521,9.004980631
156,6,16.95893552,0,0,0,0,0,0,0,0,36.21573034,0,0.259809732,0
157,461,1276.658403,0,0,0,0,0,0,0,0,39.23370787,0,51.96204775,23.01272828
158,1181,2295.699593,0,0,0,0,0,0,0,0,19.11385768,0,65.13921559,60.03320421
159,0,0,52,71,282,0,0,0,0,0,58.34756554,73.6,17.53715691,0
160,3,5.348401282,0,0,0,0,0,0,0,0,20.11985019,0,0.129904866,0
161,172,446.7568984,0,0,5,0,0,0,0,0,6.035955056,0,23.6643871,9.004980631
162,654,1617.607818,0,0,0,0,0,0,0,0,39.23370787,0,28.31926079,33.01826231
163,24,42.78721026,0,0,0,0,0,0,0,0,4.023970037,0,7.039238928,1.000553403
164,438,976.5582421,0,0,0,0,0,0,0,0,14.08389513,0,18.96611044,22.01217488
165,0,0,0,3,435,1,0,1,0,16,11.0659176,0,19.74553964,0
166,459,1231.606171,0,0,20,0,39,37,69,98,23.13782772,0,46.26377109,23.01272828
167,33,70.57391339,0,0,0,0,0,0,0,0,20.11985019,0,12.42895353,2.001106807
168,103,276.7776717,0,0,0,0,0,0,0,0,4.023970037,0,4.460067067,5.002767017
169,195,463.495543,0,0,0,0,0,0,0,0,10.05992509,0,17.44381629,10.00553403
170,168,452.9327292,0,0,0,21,0,0,0,3,14.08389513,0,8.313911425,9.004980631
171,685,1793.420691,0,0,0,0,0,0,0,0,4.023970037,0,38.66161107,35.01936912
172,312,859.164415,0,0,0,0,0,78,0,1,9.053932584,0,21.9309342,16.00885445
173,744,2000.365578,0,0,0,0,0,0,0,0,16.09588015,0,32.21640677,38.02102933
174,302,809.2429792,0,0,0,0,0,0,0,0,26.15580524,0,13.07708985,15.00830105
175,881,2393.334893,9,0,1,2,1,2,1,4,7.041947566,0,39.01476143,45.02490315
176,248,590.8601636,0,0,0,0,0,0,0,0,6.035955056,0,16.73880226,13.00719424
177,166,451.7154281,0,0,6,214,5,12,8,33,7.041947566,0,19.22592017,8.004427227
178,544,1469.248536,2,2,10,86,3,19,4,37,12.07191011,0,30.61424676,28.0154953
179,268,737.6690321,51,30,14,4,5,20,7,65,23.13782772,0,20.09195261,14.00774765
180,42,117.929782,0,0,0,0,0,0,0,0,18.10786517,0,1.818668124,2.001106807
181,139,380.8795846,0,0,0,0,0,0,0,0,8.047940075,0,6.018925459,7.003873824
182,142,371.3554202,0,0,1,2,1,2,1,2,9.053932584,0,6.538544923,7.003873824
183,101,285.7363368,76,12,1,0,0,5,1,6,30.17977528,0,8.746927645,5.002767017
184,217,580.9938143,1,0,8,0,4,13,5,15,12.07191011,0,16.38832659,11.00608744
185,283,799.6355363,0,0,7,0,2,1,5,10,7.041947566,0,17.33689958,14.00774765
186,218,646.1807108,1,0,5,0,0,1,2,8,1.005992509,0,10.17588117,11.00608744
187,74,211.7694268,0,4,0,0,1,0,0,0,3.017977528,0,3.420828139,4.002213614
188,127,346.9617136,0,0,1,0,2,12,0,4,31.18576779,0,11.32203681,6.003320421
189,175,483.4159644,0,0,0,0,0,1,0,0,11.0659176,0,7.621085473,9.004980631
190,94,241.1633023,0,0,4,0,0,0,0,0,6.035955056,0,4.243558957,5.002767017
191,285,744.4936408,0,0,2,0,5,4,1,7,5.029962547,0,13.16369309,14.00774765
192,367,956.4356719,0,0,0,0,0,0,0,0,18.10786517,0,15.89169528,19.01051467
193,374,940.7356766,0,0,0,0,0,0,0,0,2.011985019,0,16.19480663,19.01051467
194,0,0,0,0,0,0,0,0,0,0,3.017977528,0,0,0
195,280,814.6390672,0,0,0,0,0,0,0,0,6.035955056,0,12.12445416,14.00774765
196,255,731.7134922,0,0,0,0,0,0,0,0,5.029962547,0,65.04191361,13.00719424
197,268,765.8486304,0,0,2,0,2,8,1,8,5.029962547,0,12.51416876,14.00774765
198,373,1007.836338,1,0,8,0,4,7,1,5,10.05992509,0,17.27734718,19.01051467
199,2467,5925.346329,83,27,11,68,5,19,10,55,8.047940075,0,118.8629524,125.0691754
200,1340,3493.436273,0,0,0,0,0,0,0,0,8.047940075,0,106.0241735,68.03763143
201,143,295.6443253,0,0,0,0,0,0,0,0,5.029962547,0,76.19213195,7.003873824
202,466,846.4403317,1,0,4,0,13,4,35,64,6.035955056,0,75.41805212,24.01328168
203,310,663.8209925,0,0,0,2,6,0,0,1,17.10187266,0,16.81321742,16.00885445
204,219,489.0618876,0,0,0,0,0,0,0,0,12.07191011,0,9.483055219,11.00608744
205,320,854.6404195,0,0,0,0,0,0,0,0,2.011985019,0,13.85651904,16.00885445
206,166,454.8464947,0,0,7,0,4,12,13,26,3.017977528,0,17.87276982,8.004427227
207,470,921.6722292,0,0,0,0,0,0,0,0,16.09588015,0,26.35176234,24.01328168
208,134,342.220451,0,0,0,0,0,0,0,0,4.023970037,0,12.80241735,7.003873824
209,481,1142.454055,2,0,35,0,36,91,73,143,6.035955056,0,48.28269655,24.01328168
210,877,1879.753689,0,0,3,0,0,6,2,8,10.05992509,0,101.7982533,45.02490315
211,165,416.2736631,0,12,0,0,0,0,0,0,5.029962547,0,7.664387095,8.004427227
212,131,312.6062846,1,0,2,9,1,8,2,16,3.017977528,0,7.361275741,7.003873824
213,338,1057.37395,135,58,18,30,19,128,12,85,1.005992509,0,35.63723491,17.00940786
214,414,1340.809674,0,0,0,0,2,4,2,2,7.041947566,0,27.35988773,21.01162147
215,323,830.2436892,1,0,5,5,5,9,5,19,5.029962547,0,16.10820339,16.00885445
216,88,210.1145678,0,0,0,1,0,0,0,3,0,0,3.983749225,4.002213614
217,267,764.0658299,0,0,0,0,0,0,0,2,2.011985019,0,11.64813632,14.00774765
218,314,989.5382081,0,0,0,0,0,0,0,0,1.005992509,0,55.59670931,16.00885445
219,185,450.3641384,0,0,0,0,0,179,0,2,0,0,15.84839365,9.004980631
220,398,783.1346324,0,0,0,0,0,0,1,0,6.035955056,0,17.27734718,20.01106807
221,1170,2212.684692,0,0,0,0,0,0,0,0,7.041947566,0,57.66289775,59.0326508
222,274,594.1608107,0,0,0,0,0,0,0,0,6.035955056,0,11.86464443,14.00774765
223,96,218.1148382,0,0,0,0,0,0,0,0,2.011985019,0,10.15695571,5.002767017
224,688,1782.330993,0,0,0,0,25,113,1,63,0,0,53.53844359,35.01936912
225,28,74.96694378,145,155,64,538,71,103,285,382,0,0,87.68717257,1.000553403
226,480,1132.843589,0,0,0,0,0,0,15,0,2.011985019,0,83.43430289,24.01328168
227,381,763.7857577,26,10,17,73,28,175,23,96,3.017977528,0,35.89704464,19.01051467
228,311,1010.021105,0,0,0,0,0,124,0,0,1.005992509,0,18.83620557,16.00885445
229,236,627.3912883,2,0,4,1,7,13,7,34,2.011985019,0,13.16369309,12.00664084
230,48,129.4093512,32,130,6,1064,4,3,7,154,1.005992509,0,62.70074867,2.001106807
231,9,13.69690399,400,254,1975,195,53,44,40,523,0,0,151.2525657,0
232,169,462.5431958,0,0,0,0,0,0,0,0,2.011985019,0,19.31797412,9.004980631
233,139,292.4269567,12,1,34,6,56,64,63,179,1.005992509,0,35.98909859,7.003873824
234,228,584.9492866,0,0,2,1,1,5,2,16,5.029962547,0,18.04191361,12.00664084
235,2074,4271.296018,17,2,542,29,56,101,99,269,4.023970037,0,138.0888726,105.0581074
236,424,1065.100195,12,0,11,0,0,0,0,13,4.023970037,0,33.91874612,22.01217488
237,46,110.9711846,108,6,186,8,213,131,339,444,6.035955056,0,64.12970219,2.001106807
238,997,1923.046618,53,0,113,115,157,274,260,576,4.023970037,0,110.202628,51.02822357
239,9,26.22116989,0,0,0,1,0,0,0,0,4.023970037,0,1.43301622,0
240,21,49.18030827,0,0,0,0,0,0,0,0,0,0,0.909334062,1.000553403
241,45,81.00878586,0,0,5,0,1,8,4,8,0,0,8.074415162,2.001106807
242,7,18.74173594,0,0,0,0,0,0,0,0,1.005992509,0,0.303111354,0
243,146,345.6104238,0,0,0,1,1,1,0,2,2.011985019,0,8.538544923,7.003873824
244,0,0,157,106,6,0,1,0,1,5,11.0659176,0,11.95124767,0
245,400,1129.552012,15,77,121,50,19,14,13,60,2.011985019,0,81.29894732,20.01106807
246,282,631.1234461,0,0,0,0,0,0,0,0,2.011985019,0,21.21105741,14.00774765
247,579,1637.320044,0,0,0,0,0,0,0,0,1.005992509,0,33.07163914,29.0160487
248,109,256.9465761,0,0,0,0,0,0,0,0,0,0,14.7198768,6.003320421
249,355,1052.45706,0,0,0,0,0,0,0,0,0,0,25.37207581,18.00996126
250,294,703.3968814,2,0,5,17,13,120,33,75,0,0,24.2056067,15.00830105
251,97,299.7398338,0,0,0,0,0,200,0,1,0,0,12.90388336,5.002767017
252,327,648.7281358,219,313,419,20,58,21,14,145,10.05992509,0,66.5112914,17.00940786
253,653,1997.032362,92,56,218,276,49,76,166,215,3.017977528,0,77.98622123,33.01826231
254,495,1518.875472,1,21,18,8,4,91,6,31,2.011985019,0,29.22859485,25.01383509
255,333,797.97463,1,0,7,2,22,48,23,93,1.005992509,0,22.90655804,17.00940786
256,152,288.2065307,1,0,0,3,1,2,2,12,0,0,26.49118061,8.004427227
257,395,1003.223018,197,108,41,58,22,20,26,138,2.011985019,0,43.51813012,20.01106807
258,69,199.7243582,6,0,9,35,22,26,19,60,2.011985019,0,10.65219901,4.002213614
259,173,381.2217696,7,0,16,5,31,56,43,128,1.005992509,0,19.8754445,9.004980631
260,160,419.1011603,0,0,0,0,0,0,0,0,0,0,6.928259521,8.004427227
261,335,819.543863,0,0,0,0,0,0,0,0,0,0,49.50604337,17.00940786
262,1043,1870.419578,0,0,0,0,0,0,0,0,0,0,45.16359175,53.02933038
263,572,1543.432713,2,0,0,1,3,0,0,2,0,0,25.11494076,29.0160487
264,915,2525.964637,0,0,0,0,0,0,0,0,0,0,141.6209841,47.02600996
265,482,1227.992883,0,0,0,0,0,86,0,0,0,0,72.5953213,24.01328168
266,239,683.6195198,0,0,0,0,0,0,0,0,1.005992509,0,10.34908766,12.00664084
267,350,931.6074309,0,0,0,0,0,0,0,0,0,0,60.1555677,18.00996126
268,152,396.228324,0,0,0,0,0,0,0,0,0,0,43.58184655,8.004427227
269,216,465.7098541,2,0,12,5,31,13,74,44,3.017977528,0,17.19074394,11.00608744
270,121,254.074416,158,98,3,9,2,3,2,55,0,0,19.52903153,6.003320421
271,409,1018.789024,6,0,3,1,3,67,26,32,0,0,23.68598724,21.01162147
272,322,755.6635933,0,0,7,0,0,92,0,13,0,0,72.79290395,16.00885445
273,371,884.507445,0,0,0,0,0,0,0,0,0,0,80.06490176,19.01051467
274,741,1941.006279,0,0,0,0,0,0,0,0,0,0,32.08650191,38.02102933
275,96,164.8867081,0,0,0,1,1,4,1,5,1.005992509,0,4.676575177,5.002767017
276,1186,2904.212825,45,28,4,7,10,93,26,80,1.005992509,0,69.04309895,60.03320421
277,139,308.0822891,33,0,4,2,3,4,8,37,0,0,9.959373062,7.003873824
278,732,1745.707519,259,158,30,10,21,165,149,130,1.005992509,0,71.6208828,37.02047593
279,216,479.0168866,2,0,5,2,9,23,8,44,2.011985019,0,18.3802012,11.00608744
280,179,439.6673359,0,0,0,0,0,0,0,0,0,0,7.750990339,9.004980631
281,488,1064.13273,0,0,0,0,0,1,0,0,7.041947566,0,21.17449316,25.01383509
282,1369,3797.188336,52,14,25,15,52,47,59,218,2.011985019,0,80.15130233,70.03873824
283,525,1339.095034,19,72,8,6,17,100,23,83,0,0,36.93628357,27.01494189
284,403,1019.050954,0,0,0,0,3,0,4,1,1.005992509,0,24.79696664,20.01106807
285,397,883.1114925,0,0,0,0,0,0,1,0,3.017977528,0,17.23404556,20.01106807
286,353,939.3041321,2,6,4,2,46,6,42,33,1.005992509,0,21.39100127,18.00996126
287,261,718.1445295,0,0,0,0,0,0,0,0,0,0,15.30172334,13.00719424
288,998,2316.995494,535,244,88,59,23,236,22,218,2.011985019,0,104.9198301,51.02822357
289,158,429.6253585,54,6,15,2,16,18,15,106,3.017977528,0,19.88763258,8.004427227
290,136,392.752049,0,0,0,0,0,0,0,0,2.011985019,0,13.88902059,7.003873824
291,1878,4885.452842,0,0,0,0,0,2,0,0,0,0,81.40704937,95.05257333
292,217,578.6455144,57,14,19,8,24,21,44,123,10.05992509,0,34.8199548,11.00608744
293,418,1138.159421,19,0,7,11,23,50,23,96,3.017977528,0,28.01614944,21.01162147
294,496,1452.557577,465,108,52,32,73,153,127,360,2.011985019,0,80.80082666,25.01383509
295,16,27.74204022,0,0,0,0,0,0,0,0,3.017977528,0,13.69282595,1.000553403
296,11,24.30740441,0,0,0,0,0,0,0,0,11.0659176,0,0.476317842,1.000553403
297,54,132.2784875,0,0,0,0,0,0,0,0,22.13183521,0,15.33828759,3.00166021
298,52,102.8815883,0,0,0,0,0,0,0,0,9.053932584,0,10.25168434,3.00166021
299,24,46.70104336,50,18,12,60,19,29,20,98,3.017977528,0,14.28953526,1.000553403
300,4,13.39333467,930,71,1420,3,460,276,653,1817,4.023970037,0,243.9613384,0
301,15,44.74563865,0,0,0,0,0,0,0,0,3.017977528,0,0.64952433,1.000553403
302,109,274.9502084,0,0,0,0,1,1,0,4,9.053932584,0,20.97968653,6.003320421
303,60,140.6269903,17,36,9,4,14,15,21,70,2.011985019,0,22.65219901,3.00166021
304,117,258.6847136,1,0,1,0,3,60,4,15,3.017977528,0,18.70362602,6.003320421
305,2,3.565600855,0,0,0,0,0,0,0,0,14.08389513,0,0.086603244,0
306,28,67.13927759,0,0,0,0,0,0,0,0,11.0659176,0,1.212445416,1.000553403
307,107,265.1224745,0,0,0,0,0,0,0,0,9.053932584,0,5.633273555,5.002767017
308,326,856.7267893,87,4,51,18,61,132,77,238,3.017977528,0,44.04181227,17.00940786
309,227,523.6762231,39,10,80,9,25,42,26,98,7.041947566,0,41.07570184,12.00664084
310,0,0,58,3,20,23,6,3,4,68,1.005992509,0,81.01080007,0
311,23,51.18037588,266,152,183,43,123,269,138,528,3.017977528,0,86.69529796,1.000553403
312,430,1383.424279,1,0,4,3,7,48,231,187,8.047940075,0,39.44777765,22.01217488
313,722,1761.538479,0,17,1,1,1,44,1,11,0,0,34.55469436,37.02047593
314,628,1528.98561,0,0,0,1,0,2,1,11,1.005992509,0,27.84294295,32.01770891
315,0,0,178,2,344,260,66,4,55,582,0,0,64.56271841,0
316,1196,3214.795545,5,0,13,9,19,40,68,118,0,0,63.56678111,61.03375761
317,557,1278.729654,0,0,0,1,0,0,1,6,0,0,24.46541643,28.0154953
318,129,272.2506526,0,0,0,0,0,0,0,0,0,0,8.585909239,7.003873824
319,0,0,279,15,1615,482,100,253,52,419,0,0,139.2147148,0
320,779,1856.895971,0,0,0,1,0,27,0,19,1.005992509,0,35.76713978,40.02213614
321,562,1247.722558,0,0,0,0,4,115,0,0,0,0,29.48840459,29.0160487
322,369,722.8229872,40,1,29,18,49,110,60,215,0,0,38.58174521,19.01051467
323,377,773.8754216,43,0,8,66,7,12,13,69,0,0,25.76446509,19.01051467
324,600,1378.873071,122,8,45,14,33,69,46,170,0,0,47.93489556,30.0166021
325,528,1136.227514,0,0,0,0,0,0,0,0,0,0,22.86325642,27.01494189
326,0,0,160,1,1434,381,340,633,264,1635,3.017977528,0,209.9262635,0
327,591,1298.641005,0,0,3,28,3,76,2,56,2.011985019,0,32.8659311,30.0166021
328,348,668.9460791,54,56,11,4,9,32,22,361,0,0,38.84155494,18.00996126
329,921,1953.500308,64,4,26,10,14,135,23,111,0,0,56.63852158,47.02600996
330,475,1259.348212,27,0,4,6,8,83,8,37,0,0,28.05945106,24.01328168
331,327,617.4174711,0,0,0,0,1,412,0,0,0,0,32.04320028,17.00940786
332,404,832.9697659,3,0,8,4,7,53,11,56,0,0,23.64268562,21.01162147
333,766,1980.87969,96,32,177,39,77,122,107,403,0,0,78.76565043,39.02158273
334,343,678.8184759,255,283,36,29,50,68,130,288,0,0,64.17300381,17.00940786
335,474,1118.232953,22,437,17,43,23,24,35,168,0,0,53.82391615,24.01328168
336,337,905.2999589,2,0,6,3,8,96,13,32,0,0,21.52090614,17.00940786
337,359,965.656267,1,0,9,9,9,304,74,37,0,0,34.72790085,18.00996126
338,697,1640.25734,0,0,0,0,0,2,0,4,0,0,30.44104027,35.01936912
339,0,0,42,11,33,20,45,401,92,212,1.005992509,0,37.06618844,0
340,567,1204.973964,171,79,1617,150,97,187,131,346,0,0,144.8439256,29.0160487
341,92,185.1523381,86,63,20,10,41,157,39,99,0,0,26.28408456,5.002767017
342,239,625.69479,0,65,0,0,1,1,1,2,0,0,13.3802012,12.00664084
343,155,408.6216249,9,128,4,2,4,4,3,46,0,0,15.37207581,8.004427227
344,394,772.8723642,61,7,42,22,49,33,63,178,0,0,41.76307708,20.01106807
345,256,493.1869406,0,0,1,1,2,9,26,10,0,0,13.20699471,13.00719424
346,423,657.0615202,2,44,2,0,1,68,3,12,0,0,24.03240021,21.01162147
347,734,1151.239424,159,1,9,5,15,17,37,88,0,0,46.11622744,37.02047593
348,255,475.7488077,1,90,4,2,21,21,18,132,0,0,23.55608237,13.00719424
349,232,467.6205959,0,0,0,0,0,0,0,0,0,0,10.04597631,12.00664084
350,259,493.0559755,6,0,2,1,1,1,1,8,0,0,12.08115254,13.00719424
351,2,5.913900712,38,1,20,20,14,18,22,51,0,0,8.054101693,0
352,49,85.79168772,2,0,4,206,1,0,1,63,0,0,14.11632877,2.001106807
353,511,997.1153466,318,10,38,21,52,19,73,185,0,0,53.1310902,26.01438849
354,8,17.3934699,43,0,12,6,8,1,16,64,0,0,6.841656277,0
355,50,117.3196197,33,1,19,17,5,3,10,15,0,0,6.625148167,3.00166021
356,327,609.5898049,8,9,8,4,11,1,11,43,0,0,18.27328449,17.00940786
357,51,128.4956195,0,0,0,0,0,0,1,5,0,0,2.468192454,3.00166021
358,114,204.0220154,26,127,30,0,0,0,2,2,0,0,13.03378822,6.003320421
359,188,397.0050433,12,0,4,2,8,4,12,35,0,0,11.47492983,10.00553403
360,413,669.761414,0,29,9,0,3,8,25,142,0,0,27.23672024,21.01162147
361,168,411.4460984,0,0,0,0,0,300,0,0,0,0,20.2651591,9.004980631
362,328,670.0801017,99,25,11,6,14,15,23,90,0,0,26.45729105,17.00940786
363,311,694.5661578,0,0,0,0,0,0,0,0,0,0,37.46680444,16.00885445
364,2,2.782740155,178,79,88,271,12,6,8,68,0,0,30.83075487,0
365,0,0,752,224,1091,51,143,89,267,791,1.005992509,0,147.5719278,0
366,85,225.1180985,168,2,407,81,73,51,81,372,0,0,57.15814105,4.002213614
367,0,0,4,0,4,2,1,2,3,14,0,0,1.29904866,0
368,181,338.3422098,14,0,9,42,9,11,13,27,0,0,13.25029633,9.004980631
369,9,18.39350371,72,7,155,85,189,61,260,506,0,0,58.19737998,0
370,69,148.844528,24,12,60,66,48,34,65,380,0,0,32.82262948,4.002213614
371,8,11.91370078,25,5,126,52,121,73,174,377,0,0,41.61285875,0
372,293,528.6226582,190,35,34,14,90,467,41,300,0,0,63.39357462,15.00830105
373,169,305.2071054,57,199,109,61,339,124,181,1112,0,0,101.8021133,9.004980631
374,300,648.341288,6,0,7,3,6,1,11,31,0,0,15.80509203,15.00830105
375,187,341.2113461,41,7,114,46,208,334,319,483,0,0,75.30152067,10.00553403
376,262,604.860637,10,0,28,12,25,19,50,107,0,0,22.21373209,13.00719424
377,800,1302.563216,6,0,18,10,40,26,163,82,0,0,49.5803572,41.02268954
378,329,532.530444,3,0,0,0,0,54,1,4,0,0,16.9309342,17.00940786
379,721,1632.164721,1,0,4,2,6,5,7,28,0,0,33.51545543,37.02047593
380,490,1183.547791,1,0,4,4,3,5,6,18,0,0,22.99316129,25.01383509
381,388,879.5905544,16,0,2,0,3,3,2,13,0,0,18.4897926,20.01106807
382,162,403.0975957,0,0,0,0,1,0,0,0,0,0,7.058164387,8.004427227
383,0,0,102,19,1049,255,256,97,60,151,0,0,86.12692617,0
384,7,20.30726918,133,21,309,235,91,39,37,183,0,0,45.68321122,0
385,8,22.09006961,57,6,170,29,23,33,21,101,0,0,19.39912666,0
386,7,17.17620271,45,7,151,497,9,17,7,60,0,0,34.64129761,0
387,408,1131.29015,19,17,199,28,52,17,10,107,0,0,37.10949006,21.01162147
388,0,0,0,0,2,11,0,0,0,1,0,0,0.606222708,0
389,166,288.8999714,8,3,67,12,31,45,43,139,0,0,22.25703371,8.004427227
390,122,180.7055117,40,181,74,34,119,80,133,412,0,0,51.7454383,6.003320421
391,77,166.2379978,2,0,16,6,31,402,20,73,0,0,27.150117,4.002213614
392,358,770.5301117,61,263,126,58,171,136,252,438,0,0,80.6709218,18.00996126
393,333,613.2417079,55,2,59,23,114,74,135,356,0,0,49.84016693,17.00940786
394,22,30.61014171,70,125,303,145,1132,5690,588,1166,0,0,400.150289,1.000553403
395,203,336.0771884,24,3,57,28,101,124,165,330,0,0,44.81717878,10.00553403
396,491,735.2149285,43,127,101,46,188,350,197,585,0,0,92.14585163,25.01383509
397,643,1482.930321,28,0,10,18,21,25,104,77,0,0,40.09730198,33.01826231
398,760,1302.482962,19,3,17,7,150,65,44,127,0,0,51.61553343,39.02158273
399,552,1104.651896,57,0,5,1,4,7,5,32,0,0,28.70897539,28.0154953
400,663,1232.876514,30,1,27,17,39,91,56,200,0,0,48.67102314,34.01881572
401,327,737.9635304,0,13,1,2,1,37,2,21,0,0,17.49385529,17.00940786
402,359,752.7437466,2,0,0,1,2,9,57,17,0,0,19.35582504,18.00996126
403,241,496.9728322,0,0,0,0,3,0,2,14,0,0,11.25842172,12.00664084
404,220,471.2755226,0,0,0,0,0,37,1,0,0,0,11.17181848,11.00608744
405,10,23.30737061,587,138,185,66,85,9,54,525,0,0,71.83739091,1.000553403
406,2,3.565600855,57,31,5,1,5,3,5,58,2.011985019,0,7.231370875,0
407,0,0,129,39,69,32,3,0,6,120,0,0,17.23404556,0
408,0,0,169,14,32,356,20,0,15,127,0,0,31.74008893,0
409,82,216.6386307,64,2,361,345,40,55,39,142,0,0,48.93083287,4.002213614
410,96,265.8636019,41,0,11,10,17,10,23,58,0,0,11.51823145,5.002767017
411,326,902.9100198,5,1,15,5,14,15,16,45,0,0,19.13931693,17.00940786
412,109,222.5048448,31,5,21,4,6,16,23,615,0,0,41.94034627,6.003320421
413,179,368.4355735,33,13,42,23,57,27,78,199,0,0,28.18935593,9.004980631
414,74,149.1480972,18,3,8,65,16,40,25,38,0,0,12.42756552,4.002213614
415,422,1122.590391,2,0,8,6,9,12,11,45,0,0,22.30033533,21.01162147
416,452,962.3791171,6,0,3,1,2,1,6,11,0,0,20.87138181,23.01272828
417,468,1107.53615,47,21,19,9,38,69,87,187,0,0,40.9200328,24.01328168
418,425,1082.538329,2,0,0,1,2,36,11,84,0,0,24.29220995,22.01217488
419,522,997.1569859,0,0,0,0,9,1,13,6,0,0,23.85919373,27.01494189
420,153,344.0002277,0,0,0,0,0,156,0,1,0,0,13.42350282,8.004427227
421,108,238.7256767,0,0,1,0,7,36,5,12,0,0,7.317974119,5.002767017
422,0,0,4,3,3268,68,419,59,53,48,0,0,169.8289615,0
423,37,77.7051151,125,2,40,108,48,32,54,205,0,0,28.18935593,2.001106807
424,46,139.9335495,156,2,116,13,23,18,63,104,0,0,23.42617751,2.001106807
425,147,359.9174902,188,15,44,27,61,44,86,332,0,0,40.87673117,7.003873824
426,190,468.6713399,75,0,34,34,85,31,196,183,0,0,35.85374302,10.00553403
427,112,283.4296761,32,34,42,17,46,81,82,155,0,0,26.02427483,6.003320421
428,64,152.4547917,28,0,32,23,47,22,59,172,0,0,19.35582504,3.00166021
429,159,382.093862,65,0,45,26,63,43,88,248,0,0,31.91329542,8.004427227
430,398,1011.702485,0,0,0,0,0,0,0,0,0,0,17.23404556,20.01106807
431,242,638.8708575,0,0,1,4,4,9,4,28,0,0,12.64407363,12.00664084
432,846,1548.953026,17,29,29,14,33,57,41,157,0,0,52.95788371,43.02379635
433,397,884.6770257,6,0,14,5,10,170,57,115,0,0,33.51545543,20.01106807
434,65,170.6756911,461,242,47,118,110,64,91,346,0,0,66.85770438,3.00166021
435,86,204.200667,11,0,18,10,35,23,61,211,0,0,19.70223801,4.002213614
436,512,948.8010835,37,25,40,20,62,70,79,296,0,0,49.40715071,26.01438849
437,246,660.0918583,1,39,2,14,14,4207,22,59,0,0,199.3606677,13.00719424
438,289,649.0824154,0,0,0,0,0,0,0,0,0,0,27.51416876,15.00830105
439,276,577.3744795,14,1,37,21,193,66,428,1016,0,0,88.85492836,14.00774765
440,172,358.3042704,171,58,18,15,33,37,4448,431,0,0,233.0926313,9.004980631
441,402,947.6019245,32,122,5,14,8,107,18,81,0,0,34.16497976,20.01106807
442,269,574.2880759,2,29,3,49,1,1,2,519,0,0,37.88891926,14.00774765
443,607,1419.532272,12,95,22,3,13,183,260,138,0,0,57.72106213,31.01715551
444,479,1201.509784,0,0,0,0,0,0,0,0,0,0,20.74147694,24.01328168
445,317,740.4874582,0,0,0,0,0,0,0,0,0,0,13.72661418,16.00885445
446,389,1027.750713,1,33,13,2,5,22,7,56,0,0,44.86325642,20.01106807
447,487,1251.779452,80,8,19,3,13,1,9,98,3.017977528,0,31.0905646,25.01383509
448,1072,2668.097379,81,17,41,109,58,112,68,245,1.005992509,0,78.07282448,54.02988379
449,321,768.7533586,0,0,0,0,0,0,0,0,4.023970037,0,53.89982066,16.00885445
450,628,1439.750215,0,0,0,112,0,54,0,1,2.011985019,0,35.4247895,32.01770891
451,21,58.57350769,55,82,44,58,61,108,82,229,1.005992509,0,32.04320028,1.000553403
452,206,454.1439828,0,0,3,0,1,5,6,7,10.05992509,0,9.872769818,10.00553403
453,374,984.5706072,128,67,167,44,37,13,12,160,5.029962547,0,44.38822525,19.01051467
454,206,551.2070436,2,12,215,14,1,30,9,42,1.005992509,0,22.99316129,10.00553403
455,696,1870.173459,63,79,50,49,69,84,101,353,0,0,66.85770438,35.01936912
456,241,637.0880571,6,1,34,0,12,21,25,61,6.035955056,0,18.36395042,12.00664084
457,190,496.8509382,93,33,40,13,38,74,42,181,12.07191011,0,33.48434189,10.00553403
458,250,749.4135551,7,1,8,0,14,127,32,50,5.029962547,0,28.17449316,13.00719424
459,567,1384.227519,62,124,91,185,25,5,12,175,4.023970037,18.4,57.95382102,29.0160487
460,373,992.1810062,0,46,7,5,4,190,7,57,1.005992509,0,32.83481756,19.01051467
461,583,1480.853022,0,0,0,0,0,0,0,0,7.041947566,0,25.24484563,30.0166021
462,1294,3581.287809,0,0,0,0,0,1,0,36,4.023970037,0,58.63445889,66.03652463
463,239,671.0952539,0,0,0,1,6,0,0,22,5.029962547,0,12.6048347,12.00664084
464,432,1127.111363,7,9,12,16,9,11,12,66,3.017977528,0,24.85513103,22.01217488
465,788,1802.492179,11,41,22,3,16,19,14,54,3.017977528,0,44.9159701,40.02213614
466,447,1070.880108,1,0,0,1,1,3,2,13,2.011985019,0,35.2651591,23.01272828
467,755,2016.845316,2,0,1,0,7,1,4,12,1.005992509,0,33.86186841,38.02102933
468,505,1391.891652,0,0,4,1,1,5,3,9,0,0,23.86325642,26.01438849
469,346,819.5855023,1,0,8,0,1,8,4,11,1.005992509,0,16.41131474,18.00996126
470,235,571.5975912,0,0,4,5,2,193,4,10,0,0,23.61563477,12.00664084
471,174,464.4122984,0,0,0,0,0,97,1,0,0,0,12.77804119,9.004980631
472,314,840.8125504,1,0,2,12,5,15,3,20,1.005992509,0,19.10820339,16.00885445
473,776,2099.684588,10,27,13,6,34,22,19,160,3.017977528,0,46.20283068,39.02158273
474,204,538.2482433,0,0,0,0,0,0,0,0,0,0,8.833530889,10.00553403
475,320,973.6209456,0,0,0,0,0,0,0,0,18.10786517,0,57.85651904,16.00885445
476,55,171.6340857,0,0,0,0,0,0,0,0,27.16179775,0,18.38158921,3.00166021
477,113,340.7889064,0,0,0,0,0,0,0,0,16.09588015,0,20.89308329,6.003320421
478,49,141.3681176,0,0,0,0,0,0,0,0,8.047940075,0,21.12177948,2.001106807
479,139,419.235149,4,0,0,0,6,21,1,7,4.023970037,0,20.70768872,7.003873824
480,151,458.6323863,94,72,6,7,4,6,20,41,3.017977528,0,18.36395042,8.004427227
481,103,308.8711031,0,0,7,0,1,0,0,1,4.023970037,0,4.849781665,5.002767017
482,78,221.2489284,0,0,0,0,0,0,0,0,3.017977528,0,14.37752652,4.002213614
483,118,348.920142,0,0,0,0,0,0,0,0,3.017977528,0,7.109591397,6.003320421
484,228,739.9370772,0,0,1,0,1,0,0,3,5.029962547,0,41.08927793,12.00664084
485,318,1019.369641,1,0,1,1,2,1,1,17,2.011985019,0,14.80915473,16.00885445
486,80,201.3315306,0,0,0,0,0,0,0,0,24.14382022,0,45.46412976,4.002213614
487,119,302.1714121,0,0,0,0,0,0,0,0,15.08988764,0,11.15289302,6.003320421
488,111,294.1711416,0,0,0,0,0,0,0,0,14.08389513,0,30.80648004,6.003320421
489,168,462.3259286,11,9,0,5,0,2,0,6,1.005992509,0,12.70362602,9.004980631
490,105,278.7777393,53,12,48,5,14,147,15,101,1.005992509,0,38.650811,5.002767017
491,196,444.9264113,17,0,0,0,0,1,0,2,4.023970037,0,9.353150353,10.00553403
492,166,421.18753,0,0,0,0,0,0,0,0,3.017977528,0,9.188069253,8.004427227
493,121,289.2989139,2,0,6,16,12,14,18,67,9.053932584,0,43.08521523,6.003320421
494,365,928.6043058,0,0,0,0,0,0,0,0,8.047940075,0,15.80509203,19.01051467
495,148,414.1456542,0,0,0,0,0,3,0,1,4.023970037,0,6.581846545,8.004427227
496,492,1543.272203,0,0,0,0,5,95,0,0,1.005992509,0,25.63456023,25.01383509
497,682,1594.728935,23,1,7,27,12,17,14,49,0,0,36.02694951,35.01936912
498,726,1439.124935,10,6,2,2,2,3,3,23,0,0,33.6453603,37.02047593
499,528,1317.046603,79,63,3,1,6,91,6,26,2.011985019,0,34.77120247,27.01494189
500,861,1839.487383,43,73,4,5,21,16,10,83,0,0,48.32461016,44.02434975
501,365,794.751214,0,0,0,0,0,51,0,0,1.005992509,0,18.01347475,19.01051467
502,539,1482.251998,44,52,51,71,39,147,28,311,0,0,55.51267941,27.01494189
503,735,1769.059553,35,0,8,3,18,9,15,105,0,0,40.18390522,37.02047593
504,502,1174.413498,5,0,5,4,18,315,11,64,0,0,40.01069873,26.01438849
505,761,1697.997371,24,27,34,8,30,32,48,143,0,0,47.93489556,39.02158273
506,654,2137.364854,0,0,0,0,0,0,0,0,0,0,44.31926079,33.01826231
507,115,336.5268412,11,6,2,0,4,93,3,43,0,0,11.9945493,6.003320421
508,425,1135.766459,0,0,2,0,2,2,2,49,0,0,20.87138181,22.01217488
509,433,1146.115029,15,0,11,3,6,9,6,42,0,0,22.73335155,22.01217488
510,477,1098.532822,0,0,0,0,0,0,0,0,0,0,20.6548737,24.01328168
511,409,966.3436604,9,0,2,4,1,194,27,60,0,0,30.57094514,21.01162147
512,440,1016.913874,11,24,13,8,29,34,48,207,0,0,35.24752031,22.01217488
513,586,1349.217266,0,0,0,0,0,0,0,0,0,0,25.3747505,30.0166021
514,224,683.4915785,16,96,9,3,22,28,28,147,0,0,24.81182941,11.00608744
515,338,905.517226,2,0,1,2,6,14,39,35,1.005992509,0,18.92280882,17.00940786
516,416,1012.482228,10,0,12,7,32,191,114,310,0,0,47.28537123,21.01162147
517,612,1532.554235,0,0,0,1,3,118,3,13,0,0,32.47621651,31.01715551
518,267,563.6775755,37,127,27,18,36,53,47,290,0,0,39.05806305,14.00774765
519,126,248.1158525,296,73,57,68,104,52,112,331,0,0,52.78467723,6.003320421
520,716,1589.591754,0,0,0,0,0,0,0,0,0,0,34.00396136,36.01992252
521,440,980.9066095,136,23,6,2,13,16,63,113,0,0,35.16091707,22.01217488
522,377,1092.461435,146,20,14,8,48,44,90,219,1.005992509,0,41.82936686,19.01051467
523,612,1386.176877,7,0,3,0,4,0,5,21,0,0,28.23265755,31.01715551
524,478,1307.748777,1,0,0,1,0,0,0,1,0,0,20.82808019,24.01328168
525,359,917.1247367,0,0,0,0,1,56,0,0,0,0,18.01347475,18.00996126
526,404,976.9988238,154,99,54,32,98,89,281,615,0,0,79.06876178,21.01162147
527,0,0,0,0,178,0,88,75,0,0,0,0,14.7658531,0
528,349,827.2822034,0,0,0,0,0,0,0,0,0,0,15.11226608,18.00996126
529,320,680.8662301,0,0,4,29,7,24,5,27,0,0,18.01347475,16.00885445
530,667,1579.728428,4,0,3,8,13,109,7,29,0,0,36.37336249,34.01881572
531,313,669.1693937,21,0,9,1,5,11,10,32,0,0,17.40725205,16.00885445
532,0,0,551,490,104,53,159,268,189,694,0,0,108.600468,0
533,128,292.3853174,153,286,58,29,75,79,108,280,0,0,51.78873992,7.003873824
534,3,5.348401282,412,48,400,9,668,594,1985,3344,0,0,323.160005,0
535,321,751.532493,483,112,69,181,144,269,173,615,0,0,102.4949393,16.00885445
536,351,596.8005852,610,232,47,42,74,129,91,278,2.011985019,0,80.2812072,18.00996126
537,737,1557.364334,183,0,21,36,35,92,156,326,0,0,68.6763725,37.02047593
538,1354,2470.270976,833,277,99,132,143,223,172,651,0,0,181.1834999,69.03818484
539,232,478.5793286,0,0,0,0,0,0,2,42,9.053932584,0,11.95124767,12.00664084
540,0,0,0,1,2,0,0,86,0,1,0,0,3.897145981,0
541,0,0,0,0,1374,0,278,1826,0,0,0,0,150.6030413,0
542,350,830.6305371,9,24,2,4,9,13,6,30,1.005992509,0,19.35582504,18.00996126
543,849,2247.832652,7,0,15,5,16,121,19,93,0,0,57.71432476,43.02379635
544,541,1244.725481,0,0,0,0,0,0,0,0,0,0,23.42617751,27.01494189
545,400,770.2621342,0,0,1,0,0,167,1,29,0,0,25.89436996,20.01106807
546,442,1133.197868,0,0,1,0,0,2,2,5,0,0,19.57233315,22.01217488
547,427,1088.452229,0,0,0,0,1,124,0,0,0,0,23.90249535,22.01217488
548,386,842.3659889,36,1,20,11,69,21,105,354,0,0,43.43152687,20.01106807
549,44,143.4128481,1,1,5,1,2,0,1950,9,0,0,87.1661651,2.001106807
550,108,241.0739765,15,1,44,27,56,350,101,303,0,0,43.51813012,5.002767017
551,413,892.8499004,0,0,0,0,0,16,0,0,5.029962547,0,23.57639584,21.01162147
552,449,913.9785518,1,0,7,26,8,28,16,42,1.005992509,0,29.9850359,23.01272828
553,65,181.6344238,365,45,72,45,102,80,149,359,0,0,55.51267941,3.00166021
554,316,772.3636223,343,148,100,53,131,68,216,621,0,0,86.43003753,16.00885445
555,173,385.9183693,19,36,29,14,39,19,62,186,0,0,24.9850359,9.004980631
556,313,622.9861632,1,7,2,1,4,42,10,27,0,0,17.62376016,16.00885445
557,326,550.6650412,0,0,1,0,8,3,9,7,0,0,15.32877419,17.00940786
558,160,377.6145294,0,0,0,0,0,2,0,151,0,0,13.55340769,8.004427227
559,0,0,31,20,8,6,12,7,69,69,0,0,9.612960085,0
560,467,1072.877151,0,0,0,0,0,0,0,9,0,0,20.61157208,24.01328168
561,556,1229.19809,6,0,15,13,24,107,31,131,0,0,38.23533223,28.0154953
562,206,514.4170125,5,0,8,7,14,11,22,103,0,0,16.28140987,10.00553403
563,499,1114.271433,1,0,2,2,10,32,7,30,0,0,25.24484563,25.01383509
564,426,1081.972829,0,0,0,0,2,1,1,4,0,0,97.79290395,22.01217488
565,289,641.2547493,0,0,3,0,0,170,2,20,0,0,20.95798505,15.00830105
566,400,962.8227225,29,19,131,2,3,3,105,128,0,0,35.50733005,20.01106807
567,302,816.2878788,0,0,0,0,0,0,0,0,0,0,48.07708985,15.00830105
568,975,2326.870915,15,64,12,10,22,70,61,289,0,92,65.73186221,50.02767017
569,264,649.9128686,115,84,26,17,120,41,327,418,0,0,61.14189027,13.00719424
570,1219,2588.100029,51,23,31,11,150,42,346,403,0,0,98.55449169,62.03431101
571,501,1302.569956,5,0,11,25,19,148,33,135,1.005992509,0,37.9755225,25.01383509
572,966,1919.442401,190,96,13,54,27,42,380,479,0,0,149.2987446,49.02711677
573,371,889.9868114,0,0,0,0,0,0,0,0,0,0,51.06490176,19.01051467
574,135,343.2204849,0,0,0,0,0,0,0,0,5.029962547,0,8.845718971,7.003873824
575,366,920.9939068,44,27,77,17,33,36,20,147,3.017977528,0,35.21234408,19.01051467
576,9,19.17627032,6,22,91,33,22,40,28,170,0,0,18.22998286,0
577,1,1,0,0,0,0,0,0,0,0,0,0,0.043301622,0
578,4,6.348435091,0,0,0,0,0,0,0,0,0,0,0.173206488,0
579,39.2,72.10243761,0,0,0,0,0,0,0,0,0,0,1.51555677,2.001106807
580,2,5.913900712,0,0,0,0,1,6,1,5,0,0,0.64952433,0
581,9,21.52457018,0,0,0,0,0,0,0,0,0,0,0.389714598,0
582,395,1026.431063,0,0,0,0,0,0,0,0,50.18315018,0,12.47130482,20.00385728
583,1748,4632.141883,0,0,0,0,0,0,0,0,31.11355311,0,64.18947043,86.01658631
584,590,1681.353688,37,12,11,1,43,10,46,145,2.007326007,0,38.25776661,29.00559306
585,2021,5762.684069,55,28,13,13,59,19,58,223,4.014652015,0,450.5850068,100.0192864
586,390,1038.231889,0,0,0,0,0,0,0,0,13.04761905,0,12.3134402,19.00366442
587,520,1441.24532,19,7,2,0,18,2,12,84,7.025641026,0,20.96442126,26.00501446
588,494,1405.444838,3,2,0,37,30,0,2,16,1.003663004,0,56.43858737,24.00462874
589,478,1274.63919,0,0,0,0,0,0,0,0,3.010989011,0,35.09185747,24.00462874
590,578,1642.75238,0,0,0,0,0,0,0,0,0,0,18.24914983,29.00559306
591,538,1547.449659,0,0,0,0,0,0,0,0,0,0,27.98623289,27.00520733
592,470,1203.636091,0,0,0,0,0,0,0,0,2.007326007,0,14.83927409,23.00443587
593,555,1504.946732,0,1,0,0,1,93,2,4,3.010989011,0,20.71183787,27.00520733
594,473,1245.838019,16,3,6,19,49,75,102,288,1.003663004,0,37.55168422,23.00443587
595,750,2044.363675,72,39,14,16,45,211,57,280,1.003663004,0,63.8542186,37.00713597
596,482,1242.237399,80,28,10,11,40,21,37,237,1.003663004,0,69.86798571,24.00462874
597,461,1117.632303,5,0,1,2,1,4,2,9,3.010989011,0,24.31286794,23.00443587
598,2201,5849.579489,67,24,13,2,24,9,31,161,8.029304029,0,79.94264252,109.0210222
599,1298,3461.806447,2,1,0,7,5,3,16,97,9.032967033,0,56.11770781,64.0123433
600,370,916.7268958,725,350,93,114,344,176,343,1489,16.05860806,0,230.417986,18.00347155
601,500,1278.438295,44,15,12,12,32,31,47,141,1.003663004,0,26.33181827,25.0048216
602,572,1790.059921,0,0,0,0,0,0,0,0,5.018315018,0,23.05971229,28.00540019
603,419,1199.538398,0,0,0,0,3,0,1,1,0,0,19.3869196,21.00405014
604,726,1370.731717,39,27,4,7,24,2,20,121,1.003663004,0,30.62573588,36.00694311
605,1002,1865.142462,18,9,5,15,23,7,28,226,2.007326007,0,42.08670714,50.0096432
606,368,962.3292376,0,0,0,0,0,0,0,0,0,0,11.61883588,18.00347155
607,384,895.7251739,0,0,0,0,0,0,0,0,0,0,17.12400266,19.00366442
608,556,1413.542186,22,4,6,1,33,9,38,102,2.007326007,0,120.3427241,27.00520733
609,1130,3747.428762,23,25,5,15,28,86,19,161,0,0,50.10680199,56.01080039
610,673,1512.341291,82,44,2,15,38,222,75,215,0,0,43.12861362,33.00636451
611,425,1113.133852,37,3,3,8,18,61,20,77,0,0,23.58554618,21.00405014
612,552,1398.341635,13,2,0,9,6,7,5,67,0,0,34.86970249,27.00520733
613,452,1271.740326,0,0,0,0,0,0,0,0,0,0,14.27096146,22.00424301
614,1080,2988.293877,8,2,1,5,9,4,61,57,0,0,44.73997724,53.01022179
615,675,1581.544597,41,14,5,13,50,12,107,271,0,0,51.50863322,33.00636451
616,439,1153.735161,2,0,0,2,5,54,10,22,0,0,24.8599412,22.00424301
617,557,1368.339913,0,0,0,0,0,0,1,4,0,0,75.74398306,28.00540019
618,927,2632.983925,52,27,34,46,96,51,70,434,1.003663004,0,54.84216827,46.00887175
619,1052,2954.693601,122,44,25,18,62,22,94,371,4.014652015,0,57.14699169,52.01002893
620,525,1348.240499,0,0,0,0,0,0,0,0,1.003663004,0,33.57578488,26.00501446
621,625,1556.745836,0,0,3,1,0,0,2,3,0,0,23.01723355,31.00597878
622,580,1403.940533,144,39,19,48,125,81,76,385,0,0,47.26466661,29.00559306
623,0,0,0,2,975,0,1826,487,0,813,0,0,129.5437055,0
624,729,1886.156925,36,9,7,12,17,67,24,95,0,0,38.44663189,36.00694311
625,523,1325.239466,43,16,5,7,35,135,56,188,0,0,35.82550698,26.00501446
626,0,0,5,2,6,0,291,426,26,74,0,0,26.20552658,0
627,563,1435.942944,56,28,17,13,27,111,54,130,0,0,34.54135066,28.00540019
628,0,0,38,8,16,12,1255,2157,356,358,0,0,132.6062791,0
629,0,0,0,0,423,0,0,1435,3,51,0,0,60.3674299,0
630,0,0,0,0,301,0,385,4494,2,74,0,0,165.9472864,0
631,0,0,0,0,249,0,1124,6781,0,186,0,0,263.3181827,0
632,407,883.0234176,0,0,1,1,0,1,0,42,0,0,14.27096146,20.00385728
633,0,0,0,0,0,0,320,138,1,55,0,0,16.22848272,0
634,46,134.2043391,259,66,36,24,748,11841,458,768,0,0,449.7878694,2.000385728
635,422,1216.539087,121,94,15,37,161,80,148,781,8.029304029,0,307.6940649,21.00405014
636,1071,3085.699112,69,43,13,28,106,147,127,574,11.04029304,0,494.7658276,53.01022179
637,957,2536.277691,0,1,0,6,4,44,4,20,1.003663004,0,206.7095488,47.00906461
638,812,2016.059233,69,17,6,15,61,86,43,373,2.007326007,0,74.79107276,40.00771456
639,3,6.500172188,4,56,3,2,14,1,13,75,0,112.992,55.39896993,0
640,0,0,0,0,0,0,0,0,0,0,0,0,0,0
641,480,1239.537365,14,14,4,14,20,6,17,133,0,0,32.16419236,24.00462874
642,523,1380.542186,0,0,0,0,10,0,1,7,0,0,36.08095166,26.00501446
643,939,2349.569392,4,0,3,3,1,54,5,12,0,0,32.23595498,46.00887175
644,491,1139.931924,0,0,0,0,0,0,0,0,0,0,15.50230548,24.00462874
645,1327,3811.422219,35,27,2,7,48,22,70,219,0,0,55.47362674,66.01272903
646,1290,2734.871079,22,10,2,25,70,178,172,221,0,0,71.83011794,64.0123433
647,0,0,29,0,716,0,1890,55,1,1062,0,0,118.4931822,0
648,625,1367.036504,0,0,0,0,0,0,0,0,2.007326007,0,19.73307724,31.00597878
649,574,1229.232234,0,0,0,0,0,0,0,0,1.003663004,0,78.12285814,28.00540019
650,462,1013.627137,0,0,0,0,0,0,0,0,0,0,23.5866907,23.00443587
651,0,0,34,10,80,190,7,0,37,220,1.003663004,0,18.24914983,0
652,37,84.60234176,16,4,167,105,12,13,211,112,0,0,21.37486927,2.000385728
653,1305,2512.559405,11,4,2,7,42,4,102,153,0,0,51.46386545,65.01253616
654,1320,2768.371251,48,31,6,7,49,7,96,141,0,0,73.83183472,65.01253616
655,694,1933.760989,0,1,0,0,0,53,5,21,0,0,24.43744286,34.00655738
656,464,1360.744115,0,0,0,0,0,0,0,0,1.003663004,0,14.64983654,23.00443587
657,1,1,682,201,2326,813,625,66,886,2551,0,0,257.3509002,0
658,954,1790.541153,7,5,0,2,18,0,18,42,0,0,42.02527807,47.00906461
659,423,784.2177698,27,10,5,7,38,139,79,237,0,0,30.46787126,21.00405014
660,1266,2285.950176,75,26,30,18,34,206,353,300,0,0,86.87030764,63.01215043
661,1653,3174.174833,219,76,13,41,314,54,180,864,0,0,107.7899611,82.01581485
662,959,1848.74377,130,8,9,69,75,34,87,1008,0,0,75.11198521,47.00906461
663,450,832.2188029,121,31,3352,389,101,359,217,697,2.007326007,0,180.5024041,22.00424301
664,1526,2699.257717,51,68,15,40,39,52,114,388,0,0,679.3967138,75.0144648
665,1309,2918.379172,45,28,6,10,31,74,51,107,1.003663004,0,69.44262608,65.01253616
666,1407,3719.913782,28,12,2,0,12,40,83,38,0,0,51.21128206,70.01350048
667,1570,4267.232688,220,66,61,41,245,65,639,1090,4.014652015,0,126.1969756,78.01504339
668,1012,2879.69188,13,13,1,3,19,6,18,61,13.04761905,0,59.18257043,50.0096432
669,636,1528.543908,336,221,124,234,425,339,442,791,3.010989011,0,112.0207329,31.00597878
670,1023,2769.585922,167,70,21,24,46,25,79,423,3.010989011,0,67.2939505,51.00983607
671,579,1528.946732,25,54,19,34,20,8,129,117,0,0,31.09932973,29.00559306
672,374,1172.039259,16,52,3,6,29,5,35,81,2.007326007,0,18.97532708,18.00347155
673,561,1650.953619,5,1,1,2,6,0,0,20,2.007326007,0,43.81746246,28.00540019
674,1253,3173.194462,12,6,0,1,3,109,13,38,2.007326007,0,49.30714535,62.01195757
675,1055,2559.374006,50,11,5,4,16,250,14,71,0,0,46.60163521,52.01002893
676,6,17.200551,2,2,1,40,10,28,4,47,21.07692308,0,4.420209302,0
677,1170,3279.903795,468,203,82,83,239,307,201,1201,21.07692308,0,135.8393399,58.01118611
678,743,2077.965673,2,0,0,0,1,179,64,16,2.007326007,0,31.7307882,37.00713597
679,1137,3104.09677,0,0,0,0,0,1,1,1,1.003663004,0,136.9931329,56.01080039
680,1537,3736.508203,71,10,6,54,116,167,166,339,0,0,79.85882957,76.01465767
681,932,2322.968428,55,37,23,67,16,87,16,105,0,6.848,70.24457176,46.00887175
682,853,2144.563537,1,1,1,5,1,0,0,9,0,0,27.50001644,42.00810029
683,1163,3109.795771,0,0,0,0,0,0,0,0,14.05128205,0,36.71931013,58.01118611
684,1201,3324.204449,4,0,1,1,5,4,2,12,15.05494505,0,50.83469601,59.01137898
685,972,2626.181376,13,3,4,1,6,6,1,13,0,0,42.17280914,48.00925747
686,460,1416.947076,0,0,0,0,2,0,7,2,0,0,14.87084701,23.00443587
687,881,2460.277691,1,1,3,0,11,0,3,8,0,0,28.66821462,44.00848602
688,604,1611.349556,31,15,7,1,11,2,7,78,0,0,23.86913023,30.00578592
689,0,0,0,0,0,0,0,0,0,0,65.23809524,0,0,0
690,1014,2447.670528,127,69,26,42,223,191,362,752,19.06959707,0,88.59362358,50.0096432
691,589,1342.237055,609,490,497,391,1044,195,1217,2063,19.06959707,0,242.0098928,29.00559306
692,768,1961.558716,9,3,4,21,184,30,60,470,0,0,141.9064586,38.00732883
693,1454,3279.689813,72,25,24,44,264,391,458,1002,4.014652015,0,159.8932967,72.01388621
694,272,546.4134996,173,81,52,108,158,246,137,786,3.010989011,0,620.5562952,13.00250723
695,169,407.0117088,3,1,47,20,1,2,0,138,18.06593407,0,75.02928389,8.001542912
696,560,1480.545285,194,130,14,59,104,70,63,365,2.007326007,0,49.22218787,28.00540019
697,796,1950.356788,0,0,14,7,7,4,195,28,3.010989011,0,130.1831427,39.0075217
698,1421,3778.015952,0,0,0,0,0,47,2,3,0,0,90.50691644,70.01350048
699,1219,3186.09677,0,10,0,1,9,2,8,43,0,0,66.79221727,60.01157184
700,879,1634.337158,113,106,20,11,44,142,62,288,0,0,117.5689178,43.00829315
701,798,1691.243942,62,26,25,58,57,171,283,273,2.007326007,0,72.34733505,39.0075217
702,1398,2648.96154,96,23,22,89,41,66,39,238,1.003663004,0,69.52472226,69.01330762
703,1470,3181.5842,752,471,119,141,737,270,2151,2044,0,0,257.4771919,73.01407907
704,2330,4409.10228,532,373,153,85,597,184,644,1989,0,0,240.4427247,115.0221794
705,1859,4330.121565,210,73,31,93,255,51,445,959,2.007326007,0,138.5339442,92.01774349
706,322,740.6205937,15,1,6,20,15,9,13,93,4.014652015,0,29.59702425,16.00308582
707,1767,4519.535409,0,0,0,0,3,0,12,1,1.003663004,0,347.2945228,87.01677917
708,1165,3007.49064,0,0,0,0,4,0,4,0,0,0,37.03503937,58.01118611
709,424,888.8228666,8,3,58,97,25,2,7,55,1.003663004,0,29.43801512,21.00405014
710,1131,2329.458957,251,101,25,83,62,100,133,404,0,0,114.301995,56.01080039
711,594,1063.023073,420,454,12,42,52,38,169,364,0,0,67.72392109,29.00559306
712,375,799.2208692,19,7,2,5,13,62,149,64,2.007326007,0,35.97475482,19.00366442
713,1178,2792.979448,37,10,0,3,20,6,19,87,0,0,61.93917608,58.01118611
714,1462,4073.828487,22,0,2,0,7,51,23,15,1.003663004,0,77.94836511,72.01388621
715,838,2245.769254,114,38,17,21,86,17,97,559,0,0,122.4208144,41.00790743
716,322,877.127309,17,5,1,3,7,0,108,17,0,0,15.15500332,16.00308582
717,1181,2750.477209,100,25,48,25,51,33,50,162,4.014652015,0,64.88464701,58.01118611
718,256,768.4252083,4,0,3,5,14,65,10,48,5.018315018,0,12.78703405,13.00250723
719,0,0,36,4,271,490,84,8,17,197,0,23.968,34.95122641,0
720,1328,2473.25634,1560,494,212,188,372,599,668,1967,0,0,261.2607595,66.01272903
721,760,1571.339913,9,3,2,0,8,119,9,37,0,0,32.89955864,38.00732883
722,498,904.0199738,75,21,7,37,140,371,199,497,0,0,61.25204402,25.0048216
723,1434,2795.566981,13,6,3,3,13,66,14,75,0,0,55.36914668,71.01369335
724,2174,4967.137406,0,0,1,0,0,9,1,63,5.018315018,0,141.9759322,108.0208293
725,247,747.5246229,1,0,0,0,2,102,2,5,0,0,11.33467957,12.00231437
726,398,1045.531855,0,0,1,0,0,81,1,8,1.003663004,0,15.43915963,20.00385728
727,553,1358.039603,0,0,0,0,0,0,0,0,0,0,17.45982674,27.00520733
728,919,2328.169323,7,0,6,19,25,137,23,128,1.003663004,0,44.90817541,45.00867888
729,407,884.4234865,94,4,496,865,112,7,83,210,4.014652015,0,75.92311993,20.00385728
730,2179,5876.5819,15,5,7,1,4,7,7,40,1.003663004,0,149.5126719,108.0208293
731,752,2159.769254,554,252,106,63,738,110,975,1282,8.029304029,0,184.5603668,37.00713597
732,914,2537.379861,231,74,40,29,312,125,354,626,8.029304029,0,85.4047583,45.00867888
733,905,2559.881411,0,0,0,0,0,0,0,0,2.007326007,0,28.57349585,45.00867888
734,694,1911.359887,0,0,0,0,0,0,0,0,0,0,25.91160897,34.00655738
735,510,1540.450692,8,8,0,2,3,0,4,13,0,0,17.30196213,25.0048216
736,590,1259.932957,0,0,0,0,0,0,0,0,1.003663004,0,25.62802492,29.00559306
737,1164,2534.667429,17,6,14,13,30,89,65,336,0,0,67.7474495,58.01118611
738,242,453.4104002,281,169,22,67,95,45,237,665,0,0,57.5574397,12.00231437
739,1763,4160.617949,35,8,6,28,68,45,63,354,2.007326007,0,99.8278289,87.01677917
740,3,7.200206626,0,0,0,0,0,0,0,0,40.14652015,0,0.094718771,0
741,177,489.2153592,0,0,0,0,0,0,0,0,0,0,5.588407475,9.001735776
742,396,1010.630236,13,19,4,9,38,6,1177,114,0,0,77.07351229,20.00385728
743,820,2433.579379,16,1,0,16,22,140,21,92,5.018315018,3.424,35.61425781,41.00790743
744,1537,3786.910683,0,0,0,0,3,56,6,2,1.003663004,0,71.64296943,76.01465767
745,459,1255.63919,2,0,0,3,1,0,0,2,0,0,14.74455532,23.00443587
746,292,855.5277223,6,1,4,10,29,24,19,138,0,0,21.51263904,14.0027001
747,1345,2923.577657,85,24,10,24,100,200,197,445,0,0,80.72220432,67.01292189
748,947,1984.451037,0,0,0,0,9,0,3,2,2.007326007,0,36.34157957,47.00906461
749,364,1075.935023,0,0,0,0,0,0,0,0,0,0,22.49254419,18.00347155
750,661,1757.253929,276,111,10,29,24,19,30,234,0,0,98.01265548,33.00636451
751,1297,3735.919981,285,24,80,74,128,26,74,191,0,0,68.7974005,64.0123433
752,1131,2734.078862,294,101,110,83,206,163,838,1203,1.003663004,0,130.3646015,56.01080039
753,1,2.400068875,0,0,0,0,0,0,0,0,19.06959707,0,0.031572924,0
754,554,1819.662263,9,0,4,9,18,45,12,46,7.025641026,0,25.00632774,27.00520733
755,761,2176.469633,0,0,0,0,0,0,0,0,4.014652015,0,48.02699485,38.00732883
756,518,1453.246009,121,24,37,101,66,167,150,649,0,0,81.87316893,26.00501446
757,1168,2136.147627,7,8,2,4,28,1,47,44,0,0,181.328957,58.01118611
758,1262,2385.555272,20,4,11,15,83,287,79,379,0,0,75.56605648,62.01195757
759,481,1409.245664,0,0,1,1,12,0,0,1,6.021978022,0,30.6601701,24.00462874
760,696,1888.858682,1,2,0,3,13,123,7,57,12.04395604,0,28.47877708,34.00655738
761,416,1097.133508,14,3,8,9,48,966,85,205,4.014652015,0,55.37890797,21.00405014
762,501,1503.449315,9,2,2,7,40,219,13,105,4.014652015,0,28.35248538,25.0048216
763,473,1411.046146,0,0,0,0,0,0,0,0,1.003663004,0,21.93399286,23.00443587
764,1532,3570.500282,4,0,3,10,16,73,7,34,0,0,101.0109387,76.01465767
765,390,1185.239121,3,1,4,46,16,73,12,91,1.003663004,0,26.0803794,19.00366442
766,239,479.1118121,0,1,0,26,3,1,8,13,9.032967033,0,20.18772076,12.00231437
767,629,1431.239466,52,25,15,18,26,7,29,207,4.014652015,0,39.82550698,31.00597878
768,754,1612.242221,0,0,10,0,2,0,3,4,0,0,58.40586993,37.00713597
769,703,1494.738949,25,22,5,14,18,6,19,388,0,0,81.8875083,35.00675024
770,1000,2356.66674,2,0,6,2,19,82,2,7,0,0,56.36167442,49.00945034
771,685,1743.45207,151,32,25,83,234,44,309,1087,0,0,83.66824751,34.00655738
772,673,1517.941566,0,0,0,0,0,0,0,0,0,0,61.24857757,33.00636451
773,884,2099.959818,0,0,0,0,0,2,6,0,0,0,89.16304784,44.00848602
774,322,866.6267925,202,43,12,47,80,30,199,547,1.003663004,0,53.79107276,16.00308582
775,3922,7854.093436,569,331,176,71,455,148,720,1699,4.014652015,0,255.4565247,194.0374156
776,951,1933.148316,30,1,1,3,37,38,56,107,0,0,45.64525847,47.00906461
777,1339,2850.374351,76,54,34,38,63,80,179,332,0,0,69.30256727,66.01272903
778,976,3356.817122,1,0,0,0,1,0,0,0,2.007326007,0,42.87831927,48.00925747
779,730,1588.942255,0,0,0,0,7,0,2,1,0,0,23.36396345,36.00694311
780,935,2057.155204,753,315,12,41,68,70,518,713,0,0,108.1372633,46.00887175
781,25,50.20123975,25,1,1,6,18,38,8,2282,1.003663004,0,75.9013083,1.000192864
782,696,1534.641256,0,1,14,1,2,5,2,28,0,0,23.64811977,34.00655738
783,242,575.2163923,8,1,3,8,4,8,1,68,26.0952381,0,10.82951279,12.00231437
784,555,1682.055445,1,0,1,0,0,47,3,2,9.032967033,0,43.22791046,27.00520733
785,878,2215.065776,1,0,0,0,0,17,0,0,0,0,107.2893395,43.00829315
786,637,1523.243598,10,1,15,33,36,696,28,108,2.007326007,0,55.38005249,32.00617165
787,500,1110.43003,64,13,84,28,134,737,266,834,0,0,83.98397674,25.0048216
788,483,1061.92848,3,3,1,6,1,107,30,22,0,0,25.71183787,24.00462874
789,606,1404.039259,0,0,0,0,0,2,0,1,0,0,22.22791046,30.00578592
790,659,1715.351966,0,0,0,4,3,4,1,20,0,0,40.8168902,33.00636451
791,1,5.200206626,13,4,22,54,4,0,9,109,9.032967033,0,6.819751495,0
792,172,358.2091604,0,0,0,0,0,0,0,0,0,0,5.430542857,9.001735776
793,1034,2670.680515,0,0,0,0,0,0,2,0,1.003663004,0,43.70954884,51.00983607
794,77,217.0068875,31,13,52,24,16,50,17,150,34.12454212,0,23.57635714,4.000771456
795,638,1793.056822,3,0,0,1,0,38,1,3,2.007326007,0,24.59587973,32.00617165
796,470,1265.239121,0,0,0,0,0,0,0,0,3.010989011,0,14.83927409,23.00443587
797,494,1158.332681,0,0,0,0,0,0,0,0,0,0,24.59702425,24.00462874
798,531,1271.636435,3,0,0,0,0,52,1,2,0,0,22.59645199,26.00501446
799,694,1709.049935,1,0,0,0,0,0,2,0,0,0,40.00632774,34.00655738
800,0,0,0,0,0,0,1,2,0,7,9.032967033,0,0.315729236,0
801,86,216.2064054,207,67,202,154,99,49,56,300,0,0,38.51896678,4.000771456
802,415,936.525656,22,56,9,6,26,15,25,242,0,0,25.76350565,21.00405014
803,768,1692.045458,6,5,2,0,0,0,0,7,0,0,33.87946379,38.00732883
804,348,814.2229355,0,0,0,0,0,0,0,0,0,0,33.98737741,17.00327869
805,1043,2672.680171,0,0,0,0,0,0,0,0,0,0,53.9305593,52.01002893
806,913,2318.669151,55,40,131,43,125,14,47,302,2.007326007,0,98.72678239,45.00867888
807,857,2283.670184,119,33,29,16,26,50,26,174,0,0,50.99198837,42.00810029
808,857,2148.563537,354,63,87,23,115,89,112,520,0,0,70.09189036,42.00810029
809,475,1165.93399,37,26,4,16,6,86,19,71,0,0,29.36396345,23.00443587
810,361,777.5204904,144,28,14,39,33,28,32,229,0,0,40.66821462,18.00347155
811,478,1003.725863,0,0,0,0,0,0,0,0,0,0,19.09185747,24.00462874
812,361,792.2212136,2,1,1,0,0,111,1,3,0,0,15.15500332,18.00347155
813,141,367.8111578,0,0,0,1,1,2,1,17,1.003663004,0,5.146386545,7.001350048
814,319,752.3213169,0,0,4,0,0,0,9,0,2.007326007,0,26.48221063,16.00308582
815,517,1181.332681,11,1,3,2,0,4,2,18,0,0,17.61769136,26.00501446
816,2,4.100103313,3,0,1,49,2,2,0,52,1.003663004,0,3.504594518,0
817,336,839.3247607,12,1,4,7,4,7,3,45,6.021978022,0,109.229055,17.00327869
818,502,1325.240499,0,0,0,0,0,0,0,22,0,0,63.54421196,25.0048216
819,610,1622.949831,3,0,2,1,10,93,8,35,0,0,72.05856777,30.00578592
820,80,213.0065432,1,21,1,5,0,0,0,4,12.04395604,0,40.53616744,4.000771456
821,514,1320.439672,0,22,1,9,2,0,3,6,4.014652015,0,54.58611844,25.0048216
822,129,314.509126,5,77,3,9,4,0,1,29,0,10.272,31.11424136,6.001157184
823,80,192.7055445,57,53,22,10,37,7,14,87,1.003663004,0,20.58726296,4.000771456
824,1,2.400068875,1131,378,131,103,204,304,149,1019,0,0,107.9793987,0
825,890,1887.549074,209,105,69,49,110,174,129,618,0,0,122.2910892,44.00848602
826,859,1899.951209,91,13,25,33,155,270,426,717,0,0,93.74229917,42.00810029
827,728,1834.754446,146,66,27,46,76,162,105,581,0,0,105.156753,36.00694311
828,845,2125.362986,2,1,0,0,1,0,1,3,0,0,29.93170382,42.00810029
829,584,1535.346801,0,0,0,0,0,0,0,0,0,0,52.43858737,29.00559306
830,894,2254.166912,259,109,47,36,165,121,117,419,0,0,116.4185254,44.00848602
831,800,2048.161402,137,50,39,23,57,269,111,351,0,27.392,69.99946063,40.00771456
832,1077,2848.087127,66,7,18,19,47,18,256,168,0,0,55.91621993,53.01022179
833,760,1959.859026,149,3,29,24,136,88,912,537,0,0,86.28937242,38.00732883
834,399,1001.729651,1,0,2,0,0,54,1,4,0,0,22.55511777,20.00385728
835,760,2132.767532,2,1,0,6,17,47,6,19,0,0,85.08956844,38.00732883
836,346,788.4217646,305,317,64,69,92,128,80,403,0,0,59.95755415,17.00327869
837,796,1849.551829,72,10,10,6,19,9,97,82,0,0,34.76178887,39.0075217
838,605,1291.033749,33,6,18,13,53,195,61,145,0,0,46.64583073,30.00578592
839,374,719.1169778,2,0,3,0,1,115,2,1,0,0,23.72331595,18.00347155
840,496,1224.035815,18,2,5,18,14,54,28,61,0,0,34.97475482,25.0048216
841,409,1034.830787,37,1,2,0,1,61,2,11,0,0,44.54421196,20.00385728
842,763,1892.855582,0,0,4,0,0,0,0,5,0,0,61.37429701,38.00732883
843,392,1024.831132,0,0,0,0,0,0,0,0,0,0,124.376586,19.00366442
844,690,1462.137985,74,26,14,8,18,125,62,80,0,0,86.63549717,34.00655738
845,374,847.9233143,130,14,38,21,91,42,308,351,0,0,43.22333239,18.00347155
846,518,1186.532888,24,1,2,8,4,2,2,18,1.003663004,0,70.28072276,26.00501446
847,582,1566.248419,174,24,22,45,35,43,44,354,0,0,53.77097791,29.00559306
848,978,2440.37194,0,0,0,0,0,0,0,0,0,0,40.87831927,48.00925747
849,303,793.0241063,3,0,1,0,0,75,1,5,0,0,19.25029435,15.00289296
850,418,1102.63368,1,0,1,0,1,62,0,4,0,0,54.37601379,21.00405014
851,222,586.717942,0,0,0,0,0,0,3,0,0,0,7.103907807,11.0021215
852,611,1607.149005,5,0,2,3,11,66,7,75,0,0,79.6268804,30.00578592
853,849,2116.762367,0,0,0,0,0,0,0,0,0,0,141.8054121,42.00810029
854,327,716.2191473,12,1,2,1,37,7,7,33,0,0,24.48163837,16.00308582
855,487,1177.233956,203,98,27,16,27,79,27,229,0,0,44.66649784,24.00462874
856,602,1465.142462,17,3,6,12,17,35,11,129,0,0,43.26867242,30.00578592
857,776,2093.464812,0,0,0,0,0,0,0,0,0,0,82.5005887,38.00732883
858,700,1963.56216,0,0,0,0,0,5,0,0,0,0,69.25891113,35.00675024
859,0,0,0,0,0,0,0,0,0,0,7.025641026,0,0,0
860,90,203.4055789,982,154,331,46,207,468,255,685,5.018315018,0,113.6016681,4.000771456
861,1458,3840.917226,0,0,0,0,0,0,0,0,2.007326007,0,46.03332259,72.01388621
862,221,603.9188374,1742,512,358,123,367,751,423,1116,17.06227106,0,208.2188201,11.0021215
863,250,673.5208348,197,243,97,73,110,13,164,246,1.003663004,0,78.98108256,12.00231437
864,411,943.0261726,116,40,381,29,160,87,53,198,0,0,55.57006229,20.00385728
865,246,432.9091948,490,186,106,107,429,195,659,1059,0,0,188.7790553,12.00231437
866,601,1486.543564,62,34,169,112,15,22,13,122,0,0,54.30886212,30.00578592
867,3,9.300309939,187,680,294,450,79,10,163,453,1.003663004,0,73.2176098,0
868,820,2396.477554,39,110,38,98,59,176,28,316,0,0,53.16880332,41.00790743
869,12,30.90092982,22,120,139,87,12,7,17,65,0,0,15.18657625,1.000192864
870,323,866.926758,71,27,28,49,31,30,23,104,0,0,21.65902558,16.00308582
871,326,798.5232454,90,67,13,23,35,84,25,146,0,0,25.54249518,16.00308582
872,322,753.2212136,522,174,50,31,110,162,99,315,0,0,85.3576686,16.00308582
873,315,704.2191473,36,10,7,6,4,13,8,51,0,0,14.20781561,16.00308582
874,1213,2994.587644,23,8,3,6,16,11,10,75,0,0,94.0970407,60.01157184
875,0,0,0,0,0,0,0,0,0,0,0,0,0,0
876,1735,4447.633446,627,147,344,375,291,834,270,868,0,0,437.3669234,86.01658631
877,0,0,459,66,567,727,110,100,82,513,0,6.848,82.84735149,0
878,0,0,15,57,137,953,5,2,8,124,0,0,41.07637359,0
879,138,245.8053034,66,78,415,201,30,53,27,239,0,136.96,39.37143571,7.001350048
880,518,982.1228322,242,136,50,32,88,64,86,444,0,0,95.41105315,26.00501446
881,0,0,163,61,615,317,79,14,25,952,0,0,70.2813279,0
882,0,0,7,7,188,139,7,9,7,245,0,0,19.22791046,0
883,675,1733.45207,122,30,30,18,55,31,38,143,0,0,60.05627874,33.00636451
884,650,1473.240499,84,10,17,2,11,114,18,76,0,0,43.00461096,32.00617165
885,234,497.2129486,53,1,12,13,18,82,20,141,0,0,22.12285814,12.00231437
886,447,1087.53151,0,0,0,0,4,0,0,2,0,0,64.30253438,22.00424301
887,354,849.6243818,0,0,0,0,0,0,0,0,0,0,31.17681495,18.00347155
888,0,0,82,21,130,118,98,107,43,214,0,0,25.66878688,0
889,0,0,1,4,17,227,1,0,0,2,0,0,7.956376744,0
890,0,0,65,9,352,149,4,0,7,151,0,0,23.26924468,0
891,668,1440.137985,40,7,13,3,15,88,14,66,0,0,38.85765216,33.00636451
892,746,1649.044425,0,0,0,0,0,2,0,0,0,0,42.61654684,37.00713597
893,0,0,113,50,444,119,67,53,62,201,0,0,35.01437226,0
894,1054,2502.371251,11,0,6,1,2,2,0,32,0,99.296,34.98279933,52.01002893
895,358,864.8249328,6,0,3,1,1,0,0,58,0,0,13.48163837,18.00347155
896,593,1678.753413,0,0,1,0,12,0,2,72,0,0,42.46958804,29.00559306
897,0,0,0,0,0,0,0,0,0,0,0,0,0,0
898,0,0,0,0,0,0,0,0,0,0,8.029304029,0,0,0
899,0,0,0,0,0,0,0,0,0,0,31.11355311,0,0,0
900,0,0,0,0,0,0,0,5,0,0,0,0,0,0
901,0,0,0,0,0,0,0,0,0,0,0,0,0,0
902,0,0,0,0,0,0,0,0,0,0,0,0,0,0
903,7,18.200551,0,0,0,0,0,0,0,0,0,0,0.221010465,0
904,15,36.00103313,0,0,0,0,0,0,0,0,0,0,0.473593854,1.000192864
905,1,1.700034438,0,0,0,0,0,0,0,0,0,0,0.031572924,0
906,0,0,0,0,0,0,0,0,0,0,0,0,0,0
907,0,0,11,21,549,108,9,323,0,99,0,0,54.77269181,0
908,0,0,0,6,158,0,0,89,0,0,0,0,12.37275985,0
909,0,0,0,3,56,0,0,30,0,0,0,0,4.352472832,0
910,0,0,0,0,0,0,0,0,0,0,0,0,0,0
911,0,0,0,19,559,0,0,339,0,0,0,0,44.84514142,0
912,0,0,0,0,0,0,0,0,0,0,0,0,0,0
913,0,0,0,0,0,0,0,0,0,0,0,0,0,0
914,0,0,0,0,12,0,0,1,0,0,0,0,0.635754459,0
915,0,0,0,0,0,0,0,0,0,0,0,0,0,0
916,0,0,0,0,0,0,0,0,0,0,0,0,0,0
917,0,0,0,0,0,0,0,0,0,0,0,0,0,0
918,0,0,0,0,0,0,0,0,0,0,0,0,0,0
919,0,0,0,0,0,0,0,0,0,0,0,0,0,0
920,0,0,0,0,0,0,0,0,0,0,0,0,0,0
921,0,0,0,0,0,0,0,0,0,0,19.10928513,0,0,0
922,0,0,0,0,0,0,0,0,0,0,0,0,0,0
923,0,0,0,0,0,0,0,0,0,0,5.028759244,0,0,0
924,0,0,0,0,0,0,0,0,0,0,0,2293.855467,0,0
925,0,0,0,2,549,0,0,53,0,0,0,567.0646993,29.53813023,0
926,390,947.0231159,0,24,96,25,1,15,1,5,0,0,27.23963334,37.99628634
927,0,0,0,0,6,31,0,0,0,0,0,0,1.809454997,0
928,0,0,0,0,18,0,0,1,0,0,0,0,0.929179593,0
929,0,0,0,0,24,0,0,3,0,0,74.42563681,0,1.320413106,0
930,0,0,0,10,421,0,0,212,0,0,0,0,31.4453936,0
931,93,223.5874759,0,26,815,0,0,32,0,1,38.21857025,0,47.29035088,8.99912045
932,2987,6378.101042,0,4,241,0,0,5,0,0,13.07477403,0,158.3028602,293.971268
933,3568,8161.446173,3,75,2633,10,20,171,0,56,0,0,319.6377801,350.9656975
934,327,760.6492504,0,0,0,0,0,0,0,0,3.017255546,0,25.99166984,31.99687271
935,0,0,0,0,0,0,0,0,0,0,0,0,0,0
936,128,303.7240886,0,0,0,0,0,0,0,0,0,0,40.25973621,12.99872954
937,0,0,0,0,0,0,0,0,0,0,0,0,0,0
938,61,160.9727638,0,0,0,0,0,0,0,0,0,0,8.983155536,5.999413633
939,286,651.1181803,1333,830,18,357,1780,1173,0,5495,9.051766639,0,551.2480198,27.99726362
940,0,0,35,11,3,118,51,97,0,317,0,0,30.90744752,0
941,237,570.7246569,1,0,0,0,0,149,0,2,1.005751849,0,19.02372957,22.99775226
942,0,0,0,2,282,0,0,918,0,0,0,0,58.78283532,0
943,0,0,0,1,5,0,0,2,0,0,87.50041085,0,0.391233513,0
944,0,0,178,65,7,359,179,304,0,889,0,0,96.87919865,0
945,0,0,134,43,105,259,91,172,0,617,0,0,69.49285274,0
946,0,0,264,113,7,298,182,198,0,824,0,11.8138479,92.23330068,0
947,0,0,4,2,0,2247,18,790,0,1416,1.005751849,0,218.9440547,0
948,0,0,157,85,3,167,404,270,43,838,0,0,96.19454,0
949,1,2.612437141,302,141,6,111,511,276,0,1180,0,0,123.6297901,0
950,0,0,111,91,66,168,481,183,0,871,19.10928513,0,96.39015676,0
951,1364,4359.921716,17,0,0,0,0,58,0,0,0,0,70.37312814,133.9869045
952,152,422.1089674,7,6,0,3,17,37,0,77,0,0,14.62235255,14.99853408
953,0,0,51,13,0,65,22,201,0,180,0,0,26.01702861,0
954,0,0,0,0,0,0,0,0,0,0,0,0,0,0
955,0,0,0,1,26,0,0,12,0,0,0,0,1.907263376,0
956,0,0,0,3,481,0,0,43,0,0,60.34511093,0,25.77250767,0
957,0,0,56,88,7451,543,201,576,0,724,4.023007395,0,471.3874789,0
958,0,0,43,16,58,5682,35,82,0,287,22.12654067,0,303.3526851,0
959,0,0,37,20,541,443,128,244,172,528,0,0,103.3345516,0
960,603,1736.709415,89,81,0,17,231,226,73,317,0,0,80.05615759,58.99423406
961,742,2019.940318,4,1,0,0,8,156,8,29,0,0,46.36117129,72.99286587
962,487,1182.674438,30,11,0,3,6,11,0,72,0,0,30.32059725,47.99530906
963,131,235.6987852,1054,564,40,169,1657,874,93,3277,0,0,384.3380223,12.99872954
964,705,1662.603285,0,0,0,0,0,0,0,0,0,0,34.47745333,68.99325678
965,0,0,22,572,0,7713,170,5314,14,1391,0,0,743.1480579,0
966,212,587.7327359,33,31,0,1,28,29,9,83,0,0,20.83318457,20.99794772
967,374,945.5765762,4,14,0,1,8,50,15,28,0,0,24.15866943,36.99638407
968,469,786.1983124,8,13,0,0,1,2,0,5,0,0,24.35428618,45.99550452
969,367,1107.261464,0,0,0,0,0,55,0,0,0,0,20.63756781,35.9964818
970,761,1085.16514,13,21,0,1,8,8,0,52,0,0,42.2532194,74.99267041
971,585,989.9739824,55,15,5,19,63,54,0,146,0,0,46.06774615,56.99442951
972,302,548.4553868,84,45,89,25,235,103,97,338,0,0,64.45572126,29.99706817
973,721,1461.480503,0,0,0,0,0,0,0,0,0,0,35.25992036,70.99306132
974,928,1948.989751,40,11,1,20,88,163,9,170,0,0,69.93299044,90.99110677
975,0,0,0,1,175,0,0,21,0,0,0,0,9.634125257,0
976,0,0,0,0,0,3,0,1,0,4,63.36236647,0,0.391233513,0
977,0,0,128,13,2193,282,181,26,0,188,0,0,147.2505134,0
978,0,0,1132,882,2193,1983,2295,2577,0,7114,0,0,888.8825415,0
979,0,0,18,51,1816,313,1600,116,320,403,0,92.54180856,226.768725,0
980,701,2242.913474,37,19,2,1,62,26,27,135,0,0,49.39323101,68.99325678
981,598,1271.699737,38,32,0,14,70,214,0,170,1.005751849,0,55.55515884,58.99423406
982,346,872.4283362,133,9,3,5,15,23,0,68,0,0,29.44032185,33.99667725
983,265,606.7486386,0,0,0,0,0,0,0,0,0,0,12.95961012,25.99745908
984,1388,2925.544139,876,557,0,115,2553,3697,0,3201,0,0,605.7761906,135.986709
985,1879,4605.318929,303,208,0,31,658,1361,0,1022,0,0,267.114681,184.9819204
986,517,1204.554116,123,57,0,40,337,429,0,584,0,0,102.0630427,50.99501588
987,523,1303.354795,0,0,0,0,0,0,0,0,0,0,25.57689091,50.99501588
988,701,1396.318975,63,24,0,6,180,96,16,229,0,0,64.30900869,68.99325678
989,449,1373.132452,4,2,0,2,2,12,67,7,0,0,26.65278307,43.99569998
990,765,1368.209071,19,15,0,17,63,45,87,115,0,0,55.06611695,74.99267041
991,458,759.0756021,11,4,3,246,33,23,95,71,0,0,46.16555453,44.99560225
992,1270,2057.991535,84,24,8,56,329,52,192,277,0,0,112.0884015,124.987784
993,626,1047.85391,12,6,14,29,21,6,40,45,0,0,39.07444711,61.99394087
994,395,701.0225426,115,98,0,6,217,496,230,359,0,0,93.70042635,38.99618861
995,1222,2010.878314,15,62,1,3,9,4,36,20,0,0,67.09654747,119.9882727
996,729,1260.4415,31,10,0,6,67,97,43,157,0,0,55.7507756,71.9929636
997,544,819.9142303,19,12,0,6,13,12,13,32,0,0,31.83662712,52.99482043
998,563,930.079218,10,2,0,7,63,51,16,102,0,0,39.80800994,54.99462497
999,0,0,348,145,0,141,318,1039,39,660,0,0,131.5522687,0
1000,301,599.1081899,213,100,24,101,523,453,1760,961,0,0,216.9389829,29.99706817
1001,557,962.0204917,140,34,4,2,25,11,0,111,0,0,43.23130318,54.99462497
1002,470,932.4654883,0,0,0,0,0,0,0,0,0,0,22.98496889,45.99550452
1003,646,1010.520204,8,0,0,0,1,0,0,16,0,0,32.8147109,62.99384315
1004,447,851.3961576,2,3,1,0,2,2,0,10,0,0,22.83825632,43.99569998
1005,51,92.07479044,0,0,0,0,0,0,0,0,0,0,2.494113645,4.999511361
1006,489,1459.874857,29,12,0,20,47,49,158,109,0,0,44.64952467,47.99530906
1007,0,0,3,1,0,0,947,6,15338,31,0,0,798.4097916,0
1008,0,0,0,0,0,3,0,0,0,0,0,0,0.146712567,0
1009,0,0,34,12,32,202,28,92,0,272,0,0,32.86361509,0
1010,0,0,76,18,435,414,73,184,0,627,0,0,89.34795352,0
1011,0,0,171,65,110,1414,409,383,0,1265,0,0,186.6672899,0
1012,0,0,49,11,37,243,72,65,5,383,0,0,42.30212359,0
1013,0,0,0,0,0,0,0,0,0,0,0,0,0,0
1014,0,0,0,0,0,0,0,0,0,0,0,0,0,0
1015,0,0,0,1,0,1,0,2,0,22,0,0,1.271508917,0
1016,2726,6581.587804,5,1,0,1,11,31,0,22,0,0,136.785017,267.9738089
1017,0,0,125,42,0,276,294,256,0,892,0,0,92.18439649,0
1018,171,474.1664204,25,8,11,9,26,20,0,117,0,0,18.92592119,16.99833863
1019,364,1028.403832,157,68,16,155,717,351,1,492,0,0,113.5066229,35.9964818
1020,495,1342.386379,40,20,96,25,45,30,1,142,0,0,43.72034507,48.99521134
1021,693,1893.544995,24,6,16,10,19,16,54,71,0,0,44.45390791,67.99335451
1022,916,2342.955377,6,11,0,0,31,11,16,36,0,0,50.22460223,89.9912045
1023,0,0,15,4,55,401,6,9,6,16,0,0,25.03894483,0
1024,91,157.0268706,26,21,0,141,98,39,4,125,0,0,26.65278307,8.99912045
1025,674,1165.180402,0,0,0,0,0,0,0,8,0,0,33.35265698,65.99354996
1026,1322,1750.447691,6,2,0,8,10,28,38,49,0,0,71.54682868,129.9872954
1027,458,592.1930503,84,707,4,83,1636,38,223,2391,0,27.5656451,275.0371596,44.99560225
1028,0,0,59,25,0,38,138,61,194,1258,0,0,86.70712731,0
1029,0,0,179,8,0,2,849,40,478,61,0,0,79.07807381,0
1030,0,0,63,86,0,9,89,28,247,469,0,0,48.46405142,0
1031,493,836.7910675,0,0,0,0,0,0,0,0,0,0,24.10976524,47.99530906
1032,0,0,69,38,0,15,185,35,184,1210,0,0,84.89767231,0
1033,65,102.0162904,102,86,0,51,220,84,341,553,0,0,73.45409206,5.999413633
1034,468,836.8511155,1065,420,137,143,1067,43,313,2825,0,0,316.9480497,45.99550452
1035,0,0,0,8,0,5,4646,16,1199,2973,0,0,432.6553611,0
1036,145,265.8165125,296,404,3,24,3669,101,294,736,0,0,277.3845607,13.99863181
1037,234,408.7409686,224,34,10,77,396,134,917,883,0,0,142.2622862,22.99775226
1038,1040,1931.675859,32,18,0,21,150,55,252,139,0,0,83.47945083,101.9900318
1039,717,1182.283406,2,4,0,1,36,45,9,21,0,0,40.83499792,69.99315905
1040,471,1257.090513,64,28,0,16,272,43,184,472,0,0,75.80149314,45.99550452
1041,736,1208.515288,6,1,0,0,33,5,28,56,0,0,42.30212359,71.9929636
1042,362,682.6042407,50,25,0,36,261,79,150,543,0,0,73.64970882,35.9964818
1043,631,956.8067631,78,145,8,26,246,112,39,287,0,0,76.8773853,61.99394087
1044,448,810.4279437,261,110,0,138,1000,533,45,1697,0,0,206.9625284,43.99569998
1045,689,1071.203859,28,6,3,7,83,20,72,147,0,0,51.59391952,67.99335451
1046,504,797.7357521,52,12,0,8,75,83,181,68,0,0,48.07281791,49.99511361
1047,501,922.254492,6,43,0,4,28,5,20,33,0,0,31.29868104,48.99521134
1048,541,1056.612794,147,60,0,57,259,212,679,554,0,0,122.7006105,52.99482043
1049,397,629.577753,1,0,4,0,0,40,0,57,0,0,24.40319037,38.99618861
1050,458,737.2852766,0,0,0,0,7,1,0,12,0,0,23.3762024,44.99560225
1051,621,1003.31681,186,152,0,36,165,26805,717,299,0,0,1417.292305,60.9940386
1052,0,0,237,152,0,144,481,877,12,885,0,0,136.3448793,0
1053,0,0,0,0,0,0,0,0,0,0,0,0,0,0
1054,0,0,5,2,11,2496,126,14,0,50,1.005751849,0,132.2369274,0
1055,0,0,94,30,51,1636,91,143,0,450,0,0,122.0159519,0
1056,0,0,147,54,368,569,137,202,21,985,0,9.844873251,121.4291016,0
1057,0,0,59,28,108,331,62,83,0,262,0,0,45.62760845,0
1058,0,0,99,35,128,91,177,190,0,509,0,0,60.10324843,0
1059,49,152.2208927,49,23,15,152,78,45,325,476,0,0,59.27187721,4.999511361
1060,476,1045.793051,1,0,0,2,0,0,0,0,0,0,23.42510659,46.99540679
1061,449,1189.932308,42,5,0,4,25,112,68,67,0,0,37.754034,43.99569998
1062,270,715.0426172,10,11,0,2,3,5,0,22,0,0,15.79605309,26.99736135
1063,261,786.7624761,4,17,0,1,12,14,14,19,0,0,19.72523268,25.99745908
1064,284,533.713482,8,2,0,34,13,71,0,28,0,0,21.51784321,27.99726362
1065,665,1180.406824,11,2,16,16,20,31,21,177,0,0,46.89911737,64.99364769
1066,822,1494.520614,187,76,0,49,304,152,155,891,0,0,128.9114425,80.99208405
1067,159,201.0363772,56,297,0,4,155,31,96,376,0,0,57.41351803,15.99843635
1068,0,0,0,0,0,0,0,0,0,0,0,0,0,0
1069,483,884.1081635,107,109,7,63,219,29,251,118,0,1.96897465,67.78120612,46.99540679
1070,344,443.4321999,89,148,0,20,257,50,223,734,0,0,91.20631271,33.99667725
1071,249,411.6103166,128,79,0,26,247,65,91,739,0,0,79.42040313,23.99765453
1072,358,590.6425337,37,195,1,10,319,25,160,252,0,0,66.36298464,34.99657953
1073,485,622.4266177,13,32,0,16,130,9,113,194,0,0,48.51295561,47.99530906
1074,219,371.9755588,41,81,1,3,40,16,104,180,0,0,33.49936955,21.99784999
1075,145,252.0966778,103,367,0,100,197,110,983,564,0,0,125.6348619,13.99863181
1076,59,108.9390421,111,194,0,85,731,552,845,754,0,0,162.899854,5.999413633
1077,357,556.5551819,56,350,23,47,963,37,384,1359,0,0,174.8813803,34.99657953
1078,94,163.2500837,16,178,2,12,419,17,270,380,0,0,67.8790145,8.99912045
1079,147,237.9523739,152,465,0,144,1140,281,2009,926,0,0,257.4316515,13.99863181
1080,0,0,33,275,14,72,1266,17,135,2203,0,0,196.3503193,0
1081,54,83.77112,26,156,0,47,982,68,935,796,0,0,149.8424355,4.999511361
1082,121,181.3276955,75,32,2,160,1274,1508,180,760,0,55.13129021,201.0940257,11.99882727
1083,265,475.1996363,67,146,0,9,709,23,170,698,0,0,102.0630427,25.99745908
1084,498,881.3281678,542,108,0,13,459,515,137,228,0,0,122.2604728,48.99521134
1085,291,458.3828472,70,40,5,41,278,453,197,449,0,0,89.20124096,28.99716589
1086,536,905.5452135,94,110,0,61,420,58,362,743,0,0,116.5875869,52.99482043
1087,211,283.7552682,49,24,2,50,1042,81,307,959,0,0,133.2639154,20.99794772
1088,361,523.4867657,12,10,9,4,66,7,150,90,0,0,34.67307009,34.99657953
1089,411,657.2743328,69,19,8,13,110,40,158,254,0,0,52.91433263,39.99609089
1090,690,1044.762529,47,81,0,16,124,38,116,203,0,0,64.30900869,67.99335451
1091,724,1036.847653,3,3,0,5,2,3,2,17,0,0,37.11827954,70.99306132
1092,474,766.1714854,56,10,2,19,146,22,49,193,0,0,47.48596764,46.99540679
1093,217,415.1736301,72,40,0,15,171,275,162,388,0,0,65.53161342,20.99794772
1094,770,1160.946854,39,31,0,9,148,64,5,163,0,0,60.10324843,75.99257269
1095,292,524.7521627,97,32,4,31,275,130,53,757,0,0,81.71890002,28.99716589
1096,461,814.52881,102,64,0,34,427,177,82,550,0,0,92.77124676,44.99560225
1097,610,960.860167,15,10,0,4,16,10,123,39,0,3.9379493,40.4437644,59.99413633
1098,633,1066.140971,6,8,0,5,14,7,60,56,0,0,38.58540522,61.99394087
1099,621,916.0630322,38,7,3,6,51,33,109,92,0,0,46.94802156,60.9940386
1100,488,926.2241166,18,5,0,8,29,14,13,59,0,0,31.0052559,47.99530906
1101,318,700.8201069,81,174,0,0,6,1,20,10,0,0,29.83155536,30.99697044
1102,372,818.4872889,39,47,447,64,1595,231,4784,352,0,0,387.8591239,36.99638407
1103,0,0,0,0,0,0,0,0,0,0,0,0,0,0
1104,0,0,28,12,0,164,27,51,0,164,0,0,21.81126835,0
1105,0,0,11,7,281,1314,1799,14,6,84,0,0,171.9471289,0
1106,1,1,90,0,438,991,15,3,20,14,0,0,76.8773853,0
1107,0,0,7,2,307,361,8,9,2,128,0,0,40.29705184,0
1108,823,1505.203542,2,9,0,0,2,3,1,29,0,0,42.49774035,80.99208405
1109,382,1149.676217,0,0,0,0,1,1,0,6,0,0,19.07263376,37.99628634
1110,253,495.5015326,31,11,0,12,64,73,80,114,0,0,34.20087266,24.9975568
1111,279,580.3729292,9,9,0,0,20,212,0,30,0,0,27.33744172,26.99736135
1112,141,299.754464,18,7,0,2,34,26,93,57,0,0,18.48578349,13.99863181
1113,74,151.3537956,18,14,0,4,47,37,0,79,0,0,13.35084363,6.999315905
1114,1050,1848.041554,71,13,58,126,307,71,17,170,0,0,92.08658811,102.989934
1115,513,944.7261977,124,52,95,99,274,124,7,380,0,0,81.57218745,49.99511361
1116,385,666.0206311,148,75,1,18,374,189,7,444,0,0,80.25177435,37.99628634
1117,131,230.8564907,8,1,0,8,11,3,6,44,0,0,10.36768809,12.99872954
1118,660,1124.571036,4,3,4,19,6,3,2,37,0,0,36.09129157,64.99364769
1119,0,0,69,11,82,30,52,41,17,112,0,0,20.2463343,0
1120,243,436.2881484,139,67,5,19,367,163,2,508,0,0,73.99203814,23.99765453
1121,494,861.1938301,7,3,0,2,11,2,0,19,0,0,26.31045375,48.99521134
1122,779,1250.636814,4,0,3,2,1,0,0,7,0,0,38.92773454,76.99247496
1123,0,0,122,34,16,50,55,136,101,188,0,0,34.33074076,0
1124,324,544.5932728,180,97,0,33,510,230,37,868,0,0,111.452647,31.99687271
1125,256,392.7731182,57,37,0,19,102,48,5,202,0,0,35.5044413,24.9975568
1126,407,676.6854008,18,7,0,6,119,7,0,110,0,0,32.96142347,39.99609089
1127,656,1172.228823,92,28,0,10,169,100,13,255,0,0,64.70024221,63.99374542
1128,696,1137.106815,36,5,0,4,61,20,1,89,0,0,44.60062048,67.99335451
1129,190,319.6193054,0,0,0,0,0,0,0,0,0,0,9.291795933,18.99814317
1130,494,846.6669465,162,130,0,29,179,43,3,753,0,0,87.68521109,48.99521134
1131,368,692.62952,135,63,0,25,427,149,343,756,0,0,110.8168925,35.9964818
1132,1222,2045.581425,23,2,7,20,14,6,12,38,0,0,65.72723018,119.9882727
1133,0,0,43,42,0,99,273,63,1,488,0,0,49.34432682,0
1134,0,0,14,208,0,0,7,3,8,35,0,0,13.44865201,0
1135,0,0,0,0,0,0,0,0,0,0,0,0,0,0
1136,665,1130.36978,457,176,0,49,1485,187,3,2049,0,0,247.993143,64.99364769
1137,676,1085.665121,93,14,0,9,40,23,7,153,0,0,49.63775196,65.99354996
1138,0,0,17,571,0,0,12,1,4,52,0,0,32.13005225,0
1139,0,0,173,76,0,94,755,618,233,1058,0,0,147.0548967,0
1140,418,684.4389329,137,58,29,34,180,159,33,430,0,0,223.2803915,40.99599316
1141,0,0,190,95,0,50,259,150,64,543,0,0,66.0695595,0
1142,0,0,214,25,0,8,64,11,10,224,0,0,27.19072915,0
1143,0,0,18,6,1,8,24,506,26,35,0,0,30.51621401,0
1144,181,294.4932729,44,11,0,34,45,19,1,107,0,0,21.61565159,17.9982409
1145,386,641.1933991,40,13,0,21,98,185,66,242,0,0,51.39830277,37.99628634
1146,474,620.3189283,3,10,0,2,6,364,4,12,0,0,42.79116548,46.99540679
1147,0,0,0,2,0,1,231,1,0,67,0,0,14.76906511,0
1148,479,836.5341567,4,9,0,3,11,2,0,31,0,0,26.35935794,46.99540679
1149,97,165.4380516,0,0,0,0,1,0,0,0,0,0,4.792610534,9.999022722
1150,366,463.8154162,61,27,1,14,266,110,21,230,0,0,53.59899128,35.9964818
1151,495,656.6783738,29,14,1,255,91,479,9,213,0,0,77.56204394,48.99521134
1152,312,448.6182259,19,24,0,1,8,4,6,23,0,0,19.41496308,30.99697044
1153,435,694.9543024,64,16,0,6,41,28,0,124,0,0,34.91759103,42.9957977
1154,215,342.156632,34,15,0,7,90,57,5,107,0,0,25.91922023,20.99794772
1155,415,657.2324432,1,0,0,0,8,1,0,102,0,0,25.77250767,40.99599316
1156,533,798.9609249,3,60,0,1,1,0,0,3,0,0,29.39141766,51.99491815
1157,309,522.3547467,525,311,0,29,360,178,21,677,0,0,117.8590958,29.99706817
1158,265,474.3925873,294,126,0,53,749,391,4,955,0,0,138.7411845,25.99745908
1159,696,1177.45927,56,25,21,5,85,27,81,96,0,0,53.40337452,67.99335451
1160,568,980.265662,13,22,0,0,15,3,692,46,0,0,66.46079301,55.99452724
1161,515,887.8082918,186,178,0,11,53,66,180,210,0,0,68.41696058,50.99501588
1162,456,873.2939937,83,140,5,3,24,177,2,51,0,0,46.01884196,44.99560225
1163,658,1193.594679,0,0,0,0,0,0,1,10,0,0,32.71690252,64.99364769
1164,445,838.1007923,0,16,2,0,0,0,0,4,0,1.96897465,22.83825632,43.99569998
1165,410,778.9474562,7,1,0,2,12,232,1,17,0,0,33.35265698,39.99609089
1166,225,528.0767239,16,7,0,7,14,537,3,55,0,0,42.2532194,21.99784999
1167,0,0,3,2,0,2,101,552,2804,126,0,0,175.5660389,0
1168,634,1479.541396,0,0,0,0,0,0,0,0,0,0,31.0052559,61.99394087
1169,0,0,6,3,0,3,19,33,0,197,7.040262942,0,12.76399336,0
1170,0,0,7,5,0,5,13,24,0,19,0,0,3.570005806,0
1171,0,0,68,16,182,156,58,67,0,209,0,0,36.97156698,0
1172,0,0,0,0,0,0,0,0,0,0,0,0,0,0
1173,0,0,130,3,540,866,66,10,102,121,0,0,89.8858996,0
1174,0,0,40,11,706,901,254,48,21,380,0,0,115.4627905,0
1175,0,0,72,29,284,452,119,97,0,302,0,0,66.26517626,0
1176,0,0,65,1,346,6,2,1,0,12,0,0,21.17551389,0
1177,129,366.8652077,137,97,87,317,146,187,9,673,0,0,87.14726501,12.99872954
1178,492,1358.760541,61,20,25,40,139,100,2,202,0,0,52.86542844,47.99530906
1179,447,1249.271361,69,30,2,30,39,27,1,144,0,0,38.58540522,43.99569998
1180,619,1663.907438,0,0,0,0,0,0,0,0,0,0,42.27169307,60.9940386
1181,189,573.64848,0,0,0,0,0,92,0,0,0,0,13.74207714,18.99814317
1182,126,342.8869144,4,5,0,1,11,3,0,17,0,0,8.166999583,11.99882727
1183,143,417.9662114,47,21,77,24,102,31,0,160,0,0,29.58703442,13.99863181
1184,72,141.2866267,43,40,12,12,88,50,0,156,0,0,23.13168145,6.999315905
1185,0,0,6,1,302,125,2,5,0,34,0,0,23.22948983,0
1186,401,725.5747055,225,73,20,25,374,218,1,555,0,0,92.52672582,38.99618861
1187,374,692.97021,2,3,4,1,2,2,0,6,0,0,121.2682505,36.99638407
1188,692,1268.697707,137,69,1,15,297,106,7,427,0,0,85.63123515,67.99335451
1189,349,711.5923872,279,164,0,54,757,366,93,1091,0,7.875898601,154.1949083,33.99667725
1190,808,1477.315672,20,64,7,3,60,15,0,88,0,0,52.08296141,78.9922795
1191,367,646.4364317,166,63,0,23,396,212,55,508,0,0,87.53849853,35.9964818
1192,479,840.5694021,180,97,0,42,521,570,35,715,0,0,129.0581551,46.99540679
1193,440,724.9645191,494,239,0,55,1061,787,139,1504,0,0,230.7788685,42.9957977
1194,880,1667.832293,68,38,0,10,139,121,20,249,0,0,74.57888841,85.99159541
1195,697,1271.268255,25,68,0,4,21,7,100,126,0,0,51.2515902,68.99325678
1196,0,0,0,0,0,0,0,44,0,31,0,0,3.667814184,0
1197,699,1348.320499,26,79,1,3,24,6,2,87,0,0,45.33418331,68.99325678
1198,654,1429.294904,59,20,1,4,16,14,28,74,0,0,42.54664453,63.99374542
1199,255,585.4665617,0,0,0,0,0,0,0,0,0,0,12.47056823,24.9975568
1200,372,909.6838364,0,0,0,0,0,0,0,0,0,0,18.19235835,36.99638407
1201,344,748.5672453,1,0,0,0,0,48,0,0,0,0,19.21934632,33.99667725
1202,155,334.7144858,0,0,0,0,0,0,0,0,0,0,7.580149314,14.99853408
1203,544,1336.42565,0,0,0,0,0,0,0,0,0,0,26.60387888,52.99482043
1204,624,1189.511971,18,7,0,21,33,53,5,56,0,0,39.95472251,60.9940386
1205,265,654.3645351,2,158,0,0,1,17,1,251,0,0,33.98841144,25.99745908
1206,936,2001.364163,0,0,0,0,0,0,0,0,0,0,45.77432102,91.99100904
1207,0,0,329,182,347,569,541,382,0,1912,0,0,208.429654,0
1208,0,0,0,0,0,0,0,0,0,0,0,0,0,0
1209,0,0,2,1,0,2,6,17,0,15,0,0,2.102880132,0
1210,0,0,58,19,1,233,43,88,0,377,0,0,40.05253089,0
1211,0,0,507,33,1557,3034,312,157,0,730,0,0,309.5635171,0
1212,0,0,335,71,818,2816,486,245,121,1403,0,0,307.8518705,0
1213,0,0,742,687,1776,1810,994,949,363,4351,0,0,570.8096954,0
1214,0,0,102,18,1284,821,84,333,31,272,0,0,144.022837,0
1215,0,0,65,16,398,370,24,33,1,281,0,1014.021945,58.09817668,0
1216,70,199.8186308,303,40,920,392,261,133,36,466,0,0,128.1778797,6.999315905
1217,393,1218.765481,212,134,11,120,376,296,241,834,0,5.906923951,127.9822629,38.99618861
1218,379,1230.614307,1,0,0,0,3,154,0,11,0,0,26.79949564,36.99638407
1219,370,1296.684822,17,3,0,2,18,8,0,14,0,0,21.1266097,35.9964818
1220,489,1336.396346,26,32,0,0,19,25,0,55,0,0,31.59210617,47.99530906
1221,96,269.3560948,2,0,0,0,0,0,0,5,0,0,5.037131479,8.99912045
1222,305,846.0233228,84,48,54,62,134,239,44,537,0,0,73.698613,29.99706817
1223,258,758.7489373,4,0,0,3,59,7,1,21,0,0,17.26317876,24.9975568
1224,0,0,30,7,145,132,13,26,1,113,0,0,22.83825632,0
1225,0,0,268,38,0,50,90,89,5,943,0,0,72.52491247,0
1226,1157,3139.611891,463,160,4,54,1036,239,15,1468,0,0,271.7636532,113.988859
1227,969,1872.09248,16,11,0,15,60,35,33,58,0,0,58.53831438,94.99071586
1228,628,1190.277131,101,58,3,174,184,131,296,393,0,0,96.24344419,61.99394087
1229,926,1632.243927,23,65,0,6,79,129,1244,100,0,0,131.7815744,90.99110677
1230,437,772.8135951,53,97,9,9,119,289,2414,186,0,0,176.6908353,42.9957977
1231,556,1281.420643,25,51,0,14,106,950,981,176,0,0,139.8170767,54.99462497
1232,736,1435.296083,7,13,6,0,18,4,9,23,0,0,39.90581832,71.9929636
1233,584,1137.472677,8,47,6,1,27,109,32,4,0,0,40.0036267,56.99442951
1234,595,1210.597185,117,36,0,14,100,45,16,158,0,0,52.86542844,57.99433179
1235,693,1423.842423,37,85,0,25,64,125,101,121,0,0,61.17914059,67.99335451
1236,606,1282.107596,53,29,0,22,125,90,94,162,0,0,57.75584735,59.99413633
1237,203,443.1634376,1,20,0,1,3,1,0,9,0,0,11.63919701,19.99804544
1238,629,1349.457092,2,25,0,0,1,4,3,23,0,0,33.59717793,61.99394087
1239,228,539.1422317,0,0,0,0,0,0,0,0,0,0,11.15015512,21.99784999
1240,498,1166.216497,92,46,5,9,3,3,2,36,0,0,33.93950725,48.99521134
1241,382,1027.811804,0,0,0,0,0,63,0,0,0,0,21.76236416,37.99628634
1242,453,1384.389249,31,5,0,17,19,12,13,72,0,0,30.41840563,44.99560225
1243,526,1126.377864,371,188,19,25,110,129,30,549,0,0,95.21645622,51.99491815
1244,396,899.7479094,58,49,0,5,54,50,21,258,0,0,43.57363251,38.99618861
1245,525,1232.717055,0,0,0,0,0,29,0,0,0,0,27.09292077,51.99491815
1246,0,0,254,10,224,192,49,32,0,407,0,0,57.12009289,0
1247,0,0,100,73,74,2336,449,159,7,256,0,0,168.9150692,0
1248,0,0,0,0,0,0,0,0,0,0,0,0,0,0
1249,1229,3463.291613,127,56,44,38,235,92,0,518,0,0,114.3868984,120.9881749
1250,0,0,398,49,1,484,78,66,0,413,0,0,72.8183376,0
1251,0,0,69,11,0,148,71,63,0,168,0,0,25.91922023,0
1252,0,0,22,26,15,146,9,13,6,143,0,0,18.58359187,0
1253,739,1489.135193,870,399,0,136,2307,776,20,3435,0,0,424.5861699,72.99286587
1254,878,1554.46284,357,145,0,40,739,345,26,1099,0,0,177.4733023,85.99159541
1255,717,1169.37062,191,84,0,34,443,358,166,580,0,0,125.8304786,69.99315905
1256,432,687.9240401,134,109,0,21,351,329,743,399,0,0,123.1407482,41.99589543
1257,474,816.2085292,25,100,0,3,72,66,335,130,0,0,58.92954789,46.99540679
1258,1035,1633.725344,185,75,0,24,139,6307,407,525,0,0,425.3197328,101.9900318
1259,738,1314.621299,177,76,1,105,339,324,118,668,0,0,124.5100655,72.99286587
1260,769,1501.330282,64,138,0,7,44,46,48,242,0,0,66.41188883,75.99257269
1261,721,1508.28935,44,37,4,19,85,62,101,170,0,0,60.78790708,70.99306132
1262,504,894.5816434,30,19,0,2,44,16,56,94,0,0,37.41170468,49.99511361
1263,257,401.0348991,19,30,0,10,46,428,116,111,0,0,49.73556034,24.9975568
1264,533,963.8859278,26,149,1,6,50,30,149,112,0,0,51.64282371,51.99491815
1265,543,1318.47928,11,1,0,2,5,5,0,37,0,0,29.53813023,52.99482043
1266,541,1147.002293,12,0,0,1,0,0,0,11,0,0,27.63086685,52.99482043
1267,514,1145.065663,0,0,0,0,13,0,8,0,0,0,26.16374118,50.99501588
1268,709,1601.225665,0,0,0,0,0,61,0,0,0,0,37.65622562,69.99315905
1269,575,1206.771388,0,0,0,0,0,139,0,0,0,0,34.91759103,56.99442951
1270,467,1023.895216,0,9,0,0,0,0,0,0,0,0,28.27839402,45.99550452
1271,346,622.2431173,66,46,0,4,34,30,58,123,0,0,34.57526171,33.99667725
1272,388,659.3310588,170,74,0,22,460,144,8,616,0,0,92.03768392,37.99628634
1273,1392,2316.987233,221,162,0,19,242,110,42,491,0,0,131.0143227,136.9866113
1274,360,781.4886994,52,44,0,5,96,50,30,170,0,0,39.46568062,34.99657953
1275,233,432.7611515,505,217,0,86,2050,219,232,2291,0,17.72077185,285.2581351,22.99775226
1276,677,1095.541001,85,72,2,58,130,143,565,345,0,0,101.5740008,66.99345224
1277,0,0,3,3,0,0,2,133,7,7,0,0,7.580149314,0
1278,564,1242.598507,1,3,0,0,17,27,20,38,0,0,32.76580671,54.99462497
1279,331,857.4532519,4,0,3,0,0,0,0,2,0,0,16.6274243,32.99677498
1280,798,1680.393243,25,25,0,3,187,38,31,207,0,0,64.2601045,77.99237723
1281,577,1320.94789,0,0,0,0,14,0,12,1,0,5.906923951,29.53813023,56.99442951
1282,377,683.0524414,32,5,0,30,4,2,0,12,0,0,22.59373537,36.99638407
1283,285,492.7452681,17,5,0,11,6,8,0,48,0,0,18.58359187,27.99726362
1284,568,1111.007615,11,4,0,5,12,9,0,18,0,0,30.66292658,55.99452724
1285,220,342.3060322,0,0,0,0,0,0,0,0,0,0,10.75892161,21.99784999
1286,581,1023.104885,13,8,0,3,20,2,0,74,0,0,34.28183657,56.99442951
1287,227,456.6319343,87,63,0,13,271,165,49,281,0,0,56.53324262,21.99784999
1288,400,789.947343,293,227,0,25,442,50,220,344,0,0,97.85728243,38.99618861
1289,197,356.4684946,3,0,0,0,9,0,0,54,0,0,12.86180174,18.99814317
1290,774,1625.765243,0,14,33,0,21,0,9,50,0,0,44.0626744,75.99257269
1291,429,1182.071265,24,3,0,5,15,21,9,231,0,0,36.04238738,41.99589543
1292,468,1164.513048,10,13,0,10,18,32,4,201,0,0,36.97156698,45.99550452
1293,416,955.2248485,155,47,0,6,43,27,0,201,0,0,43.76924926,40.99599316
1294,0,0,0,0,0,0,0,0,0,30,0,0,1.467125674,0
1295,189,364.6227648,0,0,0,0,0,45,0,0,0,0,11.44358025,18.99814317
1296,438,881.1494635,0,0,18,0,0,0,0,7,0,0,22.64263956,42.9957977
1297,585,1043.239223,67,25,0,12,136,54,61,216,0,0,56.53324262,56.99442951
1298,738,1718.952895,75,51,4,2,17,27,0,110,0,0,50.07788966,72.99286587
1299,382,780.8547819,22,2,3,4,22,90,0,31,0,0,27.19072915,37.99628634
1300,184,512.1633486,54,25,0,0,135,1,79,0,0,0,23.3762024,17.9982409
1301,724,1294.188161,650,127,0,15,334,204,26,1071,0,0,154.0970999,70.99306132
1302,1,5.033584422,156,78,150,246,334,193,0,892,5.028759244,0,100.2535877,0
1303,439,1121.841383,37,18,21,49,80,150,9,214,6.034511093,0,57.73556034,42.9957977
1304,323,776.0250728,2,1,0,3,7,7,0,14,10.05751849,0,17.45879552,31.99687271
1305,0,0,113,33,17,732,127,63,0,466,10.05751849,0,75.85039733,0
1306,1419,3976.602701,58,46,41,20,65,174,8,209,0,0,99.76454581,138.9864158
1307,508,1244.79906,6,5,0,2,7,49,0,19,0,0,29.14689672,49.99511361
1308,891,2213.080521,0,0,0,0,0,0,0,0,0,0,64.57363251,87.99139995
1309,1121,3390.981166,7,3,0,3,6,47,0,23,0,0,71.17406884,109.9892499
1310,1232,3675.312345,15,5,0,0,19,5,0,31,0,0,71.91777518,120.9881749
1311,900,2508.568001,4,6,0,3,27,29,0,24,0,0,48.5618598,87.99139995
1312,1303,3157.855622,3,1,0,9,14,86,4,16,0,0,70.22641558,127.9874908
1313,1066,3186.768441,48,22,37,50,63,35,0,163,3.017255546,0,78.57381665,104.9897386
1314,755,1752.065639,3,10,20,5,3,86,0,17,0,0,43.96486602,73.99276814
1315,803,2107.471613,19,11,0,0,7,5,19,103,0,0,60.29035088,78.9922795
1316,1167,3551.505729,12,1,8,10,9,139,39,20,0,0,68.71038571,114.9887613
1317,82,236.8172202,12,2,2,64,13,27,0,88,7.040262942,0,14.18221484,7.999218177
1318,337,966.7455697,0,0,0,0,0,0,0,0,0,0,16.48071173,32.99677498
1319,0,0,125,50,187,210,107,77,0,461,0,0,59.51639816,0
1320,513,1489.484335,0,0,0,0,0,0,0,0,7.040262942,0,25.08784902,49.99511361
1321,0,0,28,3,8,352,209,47,0,212,0,0,42.00869845,0
1322,0,0,24,8,0,258,26,43,0,207,0,0,27.67977104,0
1323,0,0,46,2,0,38,16,7,0,56,0,0,8.069191205,0
1324,0,0,272,40,15,1176,135,139,0,1258,0,0,148.424214,0
1325,0,0,146,36,271,2015,594,110,0,518,2.011503698,7.875898601,180.4564579,0
1326,0,0,339,4,1767,786,171,8,149,286,0,0,171.6537038,0
1327,339,1316.580406,77,43,1282,689,190,115,4,721,0,0,169.2084944,32.99677498
1328,0,0,222,34,295,2048,375,101,3,603,0,0,180.0163202,0
1329,0,0,23,5,362,334,10,28,0,110,0,0,42.64445291,0
1330,0,0,266,206,1168,1259,428,535,179,1511,0,0,271.516058,0
1331,954,2342.96095,263,76,53,115,741,236,340,1869,1.005751849,0,230.2577668,93.99081358
1332,70,204.6609254,95,22,293,628,61,116,0,518,0,0,100.174253,6.999315905
1333,194,534.2524746,2,0,0,1,3,57,0,8,3.017255546,0,12.95961012,18.99814317
1334,373,1120.51494,48,13,0,27,48,34,1,151,0,0,40.98841144,36.99638407
1335,212,536.0815939,286,273,170,1027,193,157,0,709,3.017255546,0,148.0329805,20.99794772
1336,23,57.66490697,201,126,51,159,2360,333,39,869,1.005751849,0,203.4903309,1.999804544
1337,0,0,68,66,0,34,999,262,4,3371,0,0,234.9357245,0
1338,637,2167.721094,0,0,0,0,0,64,0,0,1.005751849,0,34.28183657,62.99384315
1339,324,1039.314367,1,1,0,5,3,3,0,11,0,0,25.01865781,31.99687271
1340,397,1162.230155,0,0,0,0,0,0,0,0,0,0,19.41496308,38.99618861
1341,248,692.2721112,81,130,0,26,93,76,49,331,0,0,50.56693155,23.99765453
1342,1291,3463.852897,96,169,0,4,53,188,77,236,0,0,103.3834558,126.9875886
1343,0,0,198,110,0,162,963,657,0,1513,0,0,176.2017934,0
1344,0,0,79,18,6,245,1151,45,56,405,1.005751849,0,98.05289919,0
1345,288,791.9273023,0,0,0,0,0,0,0,0,0,0,14.08440647,27.99726362
1346,0,0,23,14,10,130,81,238,0,194,0,0,33.74389049,0
1347,702,2139.80248,80,46,27,54,101,63,0,289,0,0,66.60750558,68.99325678
1348,626,1780.654488,28,25,1,3,9,133,0,32,0,0,41.91089008,61.99394087
1349,425,1304.784616,0,2,0,0,0,0,0,6,0,0,21.17551389,41.99589543
1350,1293,3875.830515,97,115,0,17,147,271,34,640,0,0,127.8355504,126.9875886
1351,786,1820.945454,39,25,2,1,17,114,7,458,0,0,70.86217004,76.99247496
1352,380,986.269721,43,2,5,32,40,211,40,190,0,0,46.11665034,36.99638407
1353,291,652.8816787,20,18,0,10,47,61,0,106,2.011503698,0,27.04401658,28.99716589
1354,1118,3047.411432,6,32,0,5,1,5,0,32,0,0,58.63612276,109.9892499
1355,761,2621.598203,4,8,0,0,16,88,24,13,0,0,44.69842886,74.99267041
1356,27,52.78072276,422,238,0,27,46,209,126,265,0,0,66.5096972,2.999706817
1357,295,878.8135352,22,63,0,0,3,5,13,8,0,0,20.00181335,28.99716589
1358,562,1798.272752,81,72,9,16,82,117,23,330,0,0,63.18421234,54.99462497
1359,366,1017.487725,0,0,0,0,0,0,0,0,0,0,17.89893322,35.9964818
1360,415,1359.365155,34,12,0,83,43,43,4,70,0,0,34.42854914,40.99599316
1361,312,876.4161192,0,0,0,0,0,44,0,0,0,0,22.40989133,30.99697044
1362,320,1375.895729,0,0,0,0,0,0,0,0,0,0,15.64934052,30.99697044
1363,729,2316.061713,161,39,0,33,168,251,480,471,0,0,114.044569,71.9929636
1364,725,2274.137051,132,76,0,19,93,70,9,389,0,0,73.99203814,70.99306132
1365,209,666.2496775,34,54,0,0,3,1,45,106,0,0,30.10469348,20.99794772
1366,711,2127.804254,64,144,26,12,44,277,22,227,0,0,74.67669679,69.99315905
1367,672,1755.557759,51,23,1,3,92,47,0,134,0,0,50.02898547,65.99354996
1368,389,1126.803774,1,0,0,0,0,2,6,2,0,0,19.56167565,37.99628634
1369,698,1733.091626,69,43,0,6,121,97,0,201,0,0,60.39667356,68.99325678
1370,600,1772.452755,139,160,0,46,86,60,0,330,0,0,69.49285274,58.99423406
1371,745,1620.217837,68,44,8,19,130,97,0,217,0,0,64.94476315,72.99286587
1372,890,2482.443629,40,11,15,10,27,96,1,180,2.011503698,0,62.10832018,86.99149768
1373,1063,2844.005756,10,3,0,3,6,79,59,33,0,0,81.42366154,103.9898363
1374,189,560.7356945,201,85,0,57,605,313,3,1037,2.011503698,0,121.7714309,18.99814317
1375,277,830.1755685,328,13,0,29,17,58,23,88,1.005751849,0,40.73718954,26.99736135
1376,1014,2948.426475,30,26,0,3,1,62,13,162,0,0,64.11339194,99.99022722
1377,1162,3340.716515,39,13,13,18,34,37,1,134,0,0,77.95997841,113.988859
1378,503,1579.575034,101,42,0,26,45,122,12,240,0,0,53.35447033,48.99521134
1379,495,1219.714917,378,49,7,26,293,213,51,431,0,0,95.02083946,48.99521134
1380,240,764.9903089,162,34,0,9,48,50,0,211,0,0,43.8737586,23.99765453
1381,90,283.5422883,2,1,0,1,3,205,2,24,0,0,16.04057403,8.99912045
1382,826,2324.125192,73,48,0,16,72,95,1,244,0,0,67.24326004,80.99208405
1383,1197,2905.148758,101,121,0,76,387,1036,234,970,0,0,201.5830676,117.9884681
1384,483,1010.814871,612,461,0,15,119,87,0,456,0,0,109.2030543,46.99540679
1385,602,1328.958333,29,14,0,6,27,19,0,129,0,0,40.39486021,58.99423406
1386,964,2069.670108,102,68,16,44,68,132,16,337,0,0,91.43561839,94.99071586
1387,909,3216.457566,217,85,28,51,112,126,3,459,0,0,97.31933635,88.99130222
1388,1001,2656.209082,0,0,0,0,0,0,0,0,0,0,48.95309331,97.99042267
1389,1227,3453.224445,0,0,0,3,1,0,0,5,0,1.96897465,60.44557775,120.9881749
1390,544,1571.276936,11,20,0,13,23,36,0,64,0,0,34.77087846,52.99482043
1391,540,1653.637833,37,0,0,1,15,26,20,35,0,0,32.96142347,52.99482043
1392,281,805.9222061,0,2,0,3,13,10,11,10,0,0,16.13838241,27.99726362
1393,269,806.8549241,7,2,0,9,10,7,1,18,0,0,15.79605309,25.99745908
1394,517,1218.273951,0,0,0,0,0,72,0,0,0,0,28.80456739,50.99501588
1395,454,1352.298575,10,4,0,3,12,59,19,29,0,0,28.85347158,44.99560225
1396,353,949.62998,0,0,0,0,0,0,0,0,0,0,17.26317876,34.99657953
1397,377,752.4586634,0,0,0,0,0,0,0,0,0,0,18.4368793,36.99638407
1398,144,516.6174906,1,0,0,0,1,2,0,1,0,0,12.28672418,13.99863181
1399,2810,8729.072808,19,53,0,3,14,12,10,78,0,0,146.6636632,275.9730271
1400,1107,2288.295193,116,51,0,4,90,56,0,253,0,0,85.01232515,108.9893477
1401,0,0,16,3,131,132,8,38,0,95,0,0,20.686472,0
1402,0,0,10,2,2,6,23,7,0,21,0,0,3.472197428,0
1403,0,0,33,15,0,90,73,134,0,163,0,0,24.84332807,0
1404,289,923.6675944,3,0,0,0,5,18,31,22,0,0,17.9967416,27.99726362
1405,585,1656.596534,6,0,0,0,0,50,0,0,0,0,45.34758523,56.99442951
1406,308,840.1407996,4,1,0,3,4,369,0,16,0,0,34.47745333,29.99706817
1407,478,1818.521613,39,34,0,49,77,62,30,137,1.005751849,0,44.30719534,46.99540679
1408,520,1497.279757,14,0,0,0,0,1,0,1,0,0,26.21264537,50.99501588
1409,550,1607.127786,0,0,0,0,1,0,1,8,0,0,27.38634591,53.9947227
1410,453,1407.793673,15,44,0,0,4,2,0,30,0,0,26.79949564,44.99560225
1411,386,1122.194658,11,7,0,1,6,2,0,20,0,0,21.17551389,37.99628634
1412,279,779.7140553,24,14,0,29,130,126,79,212,0,0,43.67144088,26.99736135
1413,545,1691.718541,15,1,0,2,7,73,0,13,0,0,32.08114806,53.9947227
1414,554,1463.431158,0,0,0,0,0,130,0,0,0,0,33.45046536,53.9947227
1415,649,2051.380355,32,14,0,3,23,6,0,68,0,0,38.87883035,63.99374542
1416,910,3045.554448,22,2,0,9,18,73,1,46,0,0,52.86542844,88.99130222
1417,375,1317.010449,13,5,0,10,29,131,6,58,0,0,30.66292658,36.99638407
1418,485,1749.647372,26,5,4,9,7,168,0,58,0,0,37.26499211,47.99530906
1419,671,1777.963843,299,17,0,6,28,43,0,170,0,0,60.34776937,65.99354996
1420,477,1344.592506,400,75,1,25,78,86,8,353,0,0,73.50299625,46.99540679
1421,137,346.6052011,22,8,0,2,18,16,98,83,0,0,18.77920862,12.99872954
1422,544,1537.380875,29,20,1,1,30,14,0,96,0,0,35.944579,52.99482043
1423,756,1782.924794,21,43,3,12,77,102,58,195,0,0,61.96160762,73.99276814
1424,0,0,1,0,487,3,3,2,0,5,0,0,24.50099875,0
1425,0,0,4,1,993,25,1,4,0,23,0,0,51.39830277,0
1426,324,1014.295845,257,127,1,28,183,354,0,712,0,0,97.12371959,31.99687271
1427,0,0,8,3,720,257,40,24,2,48,0,0,53.89241641,0
1428,0,0,9,6,0,31,13,15,0,61,0,0,6.602065531,0
1429,0,0,0,0,2,4,0,4,0,4,27.15529992,0,0.684658648,0
1430,172,376.70477,0,0,0,0,0,0,0,0,5.028759244,0,8.411520529,16.99833863
1431,2,2.808391869,0,3,48,0,0,8,0,1,0,0,28.03205973,0
1432,0,0,2,1,18,8,2,2,0,16,0,196.897465,2.396305267,0
1433,825,2472.430936,301,133,104,32,234,22,1,793,1.005751849,0,128.5707424,80.99208405
1434,675,1933.682429,21,40,556,0,18,25,0,61,18.10353328,0,68.27024801,65.99354996
1435,452,1009.72718,25,24,299,3,31,21,0,71,2.011503698,0,45.28527913,43.99569998
1436,622,2135.797978,0,0,0,12,3,82,2,6,0,0,35.55334549,60.9940386
1437,515,1228.383009,251,160,30,21,203,100,7,535,6.034511093,0,89.10343258,50.99501588
1438,687,2459.752769,0,0,0,0,0,0,0,0,0,0,33.59717793,67.99335451
1439,0,0,23,7,767,380,230,107,0,379,0,0,92.57563,0
1440,0,0,192,25,332,393,76,115,0,288,0,0,69.49285274,0
1441,0,0,37,9,64,111,24,38,0,145,0,0,20.93099294,0
1442,0,0,77,41,0,115,28,23,4,164,0,0,22.10469348,0
1443,0,0,168,24,0,118,54,37,4,268,0,0,32.91251928,0
1444,325,599.6639011,176,65,0,16,328,146,16,457,0,0,81.77450517,31.99687271
1445,604,1146.140768,210,100,0,29,477,236,7,873,0,0,124.0210236,58.99423406
1446,254,461.7967605,43,62,8,4,72,47,99,82,0,0,32.8147109,24.9975568
1447,86,147.9999303,26,10,0,63,12,25,16,76,0,0,15.35591538,7.999218177
1448,0,0,36,12,276,116,103,2,0,50,0,0,29.09799253,0
1449,225,502.2511529,299,165,0,35,880,295,0,1028,0,0,143.1425616,21.99784999
1450,0,0,39,8,179,191,18,17,0,75,0,0,25.77250767,0
1451,0,0,520,68,107,59,158,147,3,664,0,0,84.40863042,0
1452,157,483.5940987,42,13,22,60,19,46,0,208,0,0,27.72867523,14.99853408
1453,259,556.3709047,244,112,0,27,675,260,1,947,0,0,123.4830775,24.9975568
1454,219,431.6971917,43,21,9,21,84,80,4,169,0,0,31.78772293,21.99784999
1455,580,1121.373584,265,123,12,37,664,362,23,829,0,0,141.5776275,56.99442951
1456,10,16.43978229,29,1,4,33,4,273,1,47,0,0,19.65948403,0.999902272
1457,307,793.1406624,168,84,0,47,286,258,68,635,0,0,90.61946244,29.99706817
1458,615,1132.911024,24,5,0,6,14,11,2,20,0,0,34.08621982,59.99413633
1459,431,1134.837948,20,8,1,12,28,58,54,61,0,0,32.91251928,41.99589543
1460,485,882.069596,0,0,0,0,0,0,0,0,0,0,23.71853172,47.99530906
1461,0,0,63,12,35,189,114,45,0,110,0,0,27.77757942,0
1462,0,0,160,36,77,231,103,127,14,489,0,0,60.49448194,0
1463,0,0,86,12,63,93,76,37,0,213,0,0,28.36442969,0
1464,278,635.0609777,36,4,36,228,8,14,0,70,0,0,32.96142347,26.99736135
1465,152,323.648978,107,27,57,52,255,138,11,339,0,0,55.65296722,14.99853408
1466,252,664.7905524,61,15,10,6,64,156,32,260,0,0,41.86198589,24.9975568
1467,755,1687.501712,104,40,4,7,45,66,20,166,0,0,59.02735627,73.99276814
1468,671,1849.791213,0,0,0,0,0,0,0,0,0,0,32.8147109,65.99354996
1469,280,563.6161881,78,23,135,572,83,80,204,597,0,0,100.3513961,27.99726362
1470,0,0,17,11,47,46,39,147,0,134,0,0,21.5667474,0
1471,75,175.7565582,122,6,24,55,35,504,0,85,0,0,44.30719534,6.999315905
1472,183,433.6882967,37,16,28,114,80,35,0,175,0,0,39.66799833,17.9982409
1473,220,602.1758403,61,13,2,55,56,38,0,147,0,0,31.95127996,21.99784999
1474,252,602.6477722,129,50,9,119,252,104,27,365,0,0,63.91777518,24.9975568
1475,343,920.2774123,49,29,1,29,67,40,14,162,0,0,35.89567481,33.99667725
1476,599,1679.450819,28,51,0,0,190,233,0,83,0,0,57.90255992,58.99423406
1477,421,904.5301559,55,17,13,17,37,43,0,211,0,0,39.80800994,40.99599316
1478,575,1354.461372,75,14,0,5,35,35,2,169,0,0,44.5028121,56.99442951
1479,72,184.0602287,177,96,0,328,631,3005,120,1088,0,0,269.8044114,6.999315905
1480,0,0,50,6,885,357,21,10,0,385,0,0,83.82178015,0
1481,166,322.2917906,189,50,222,115,116,64,0,355,0,0,62.45064951,15.99843635
1482,205,435.4755264,138,18,6,55,93,16,2,192,0,0,35.45553711,19.99804544
1483,246,440.0902144,34,31,1,6,46,32,84,108,0,0,28.7556632,23.99765453
1484,157,299.5869054,280,191,5,18,146,120,2,659,0,0,77.17081043,14.99853408
1485,919,2077.203047,69,60,0,8,48,51,3,181,0,0,65.48270923,89.9912045
1486,830,1772.061722,12,9,0,76,13,1,5,15,0,0,46.99692574,81.99198632
1487,414,916.1039124,3,1,0,2,11,20,30,43,0,0,25.6257951,40.99599316
1488,1167,2833.232036,0,0,0,0,0,51,0,0,0,0,59.56530235,114.9887613
1489,454,1119.061387,135,44,23,128,165,71,1,450,0,0,71.9380622,44.99560225
1490,0,0,1,0,22,0,0,0,0,0,0,0,1.12479635,0
1491,157,445.6627913,111,46,99,178,142,140,0,330,0,0,58.83173951,14.99853408
1492,582,1166.143864,1,1,2,4,13,12,0,45,0,0,32.27676482,56.99442951
1493,506,1201.642879,46,25,311,117,226,77,3,195,0,0,73.64970882,49.99511361
1494,340,883.3863335,57,30,0,13,90,74,143,227,0,0,47.6326802,32.99677498
1495,709,1568.136652,90,25,6,22,63,60,25,167,0,0,57.0711887,69.99315905
1496,413,944.9663899,10,3,4,9,64,186,65,87,0,0,41.12842305,40.99599316
1497,336,764.7920065,0,0,0,1,213,72,324,6,0,0,46.55678804,32.99677498
1498,260,575.1243237,10,0,0,0,0,0,0,0,0,0,13.20413106,25.99745908
1499,467,1184.497985,1,10,0,1,39,84,0,24,0,0,30.61402239,45.99550452
1500,353,927.8396546,0,0,0,0,0,0,0,0,0,0,17.26317876,34.99657953
1501,519,1188.795714,3,0,1,2,21,149,3,110,0,0,39.51458481,50.99501588
1502,642,1701.396118,42,46,0,3,24,59,9,93,0,0,51.89404561,62.99384315
1503,589,1434.616144,392,100,3,15,98,147,0,576,0,0,93.89604311,57.99433179
1504,951,2017.146297,0,0,0,0,0,53,3,0,0,0,57.24651844,92.99091131
1505,395,859.2041648,8,2,0,6,20,61,0,45,0,0,26.26154956,38.99618861
1506,361,692.09754,63,12,5,33,190,68,3,180,0,0,44.74733305,34.99657953
1507,1163,3042.299641,229,135,0,36,445,237,8,831,0,0,150.8205192,113.988859
1508,539,1251.536095,40,5,0,4,25,28,27,62,0,0,35.70005806,52.99482043
1509,424,912.3674674,0,0,0,2,13,2,1,4,0,0,21.81126835,41.99589543
1510,341,693.1140373,7,10,1,4,22,21,6,39,0,0,25.05578929,33.99667725
1511,468,1155.635507,56,20,0,13,45,38,1,133,0,0,37.85184238,45.99550452
1512,477,1194.481375,3,0,0,1,17,13,20,37,0,0,27.77757942,46.99540679
1513,743,1359.1584,92,6,0,37,32,42,11,120,0,0,52.96323682,72.99286587
1514,345,785.8827934,42,13,6,15,73,84,6,183,0,0,37.50951306,33.99667725
1515,513,1239.299117,45,15,0,5,18,29,0,104,0,0,35.65115387,49.99511361
1516,310,834.8740357,416,203,0,63,1010,481,127,1578,0,0,204.810744,29.99706817
1517,346,933.7640674,41,17,1,13,117,72,21,189,0,0,39.95472251,33.99667725
1518,284,699.9655953,0,1,0,0,0,0,0,10,0,0,14.42673579,27.99726362
1519,654,1916.752557,41,72,1,27,128,350,84,256,0,0,78.88245705,63.99374542
1520,518,1359.698832,62,10,0,7,20,30,11,102,0,0,53.16718373,50.99501588
1521,792,2223.196593,34,48,5,43,87,141,87,204,0,0,70.47093652,77.99237723
1522,488,881.0293674,38,26,5,45,175,239,449,390,0,0,90.71727082,47.99530906
1523,499,1108.300253,53,93,1,10,172,161,465,247,0,0,83.18602569,48.99521134
1524,276,615.3092198,169,96,0,47,402,375,696,570,0,0,128.6669216,26.99736135
1525,773,1761.965249,132,65,2,75,311,446,197,504,0,0,122.5049937,75.99257269
1526,366,1004.574939,12,32,1,0,17,83,4,57,0,0,27.97319618,35.9964818
1527,310,788.8722373,0,0,0,0,0,0,0,0,0,0,15.16029863,29.99706817
1528,431,1288.984325,23,6,0,6,38,29,10,177,0,0,35.21101617,41.99589543
1529,554,1389.182641,1,0,0,0,18,0,0,19,0,0,28.95127996,53.9947227
1530,843,2222.460737,1,0,0,0,0,531,0,1,0,0,67.29216423,82.99188859
1531,1662,3821.323863,82,76,6,3,46,15,0,188,0,0,106.622905,162.9840704
1532,651,1352.051371,129,46,27,184,114,58,61,328,0,0,78.14889421,63.99374542
1533,0,0,15,4,146,160,25,9,0,73,0,0,21.1266097,0
1534,1236,3145.84625,256,98,9,66,428,155,5,850,0,0,151.7496988,120.9881749
1535,874,2093.613525,42,14,5,36,61,36,0,132,0,0,58.68502694,85.99159541
1536,786,1893.579872,167,78,24,103,386,112,13,692,0,0,115.4627905,76.99247496
1537,588,1235.890777,7,2,1,6,22,26,26,91,0,0,37.60732143,57.99433179
1538,969,2084.346392,46,9,0,32,44,47,125,114,0,0,67.78120612,94.99071586
1539,771,1629.226619,258,1,16,19,78,86,226,313,0,1.96897465,86.46260636,75.99257269
1540,577,1124.027911,18,5,46,36,83,77,352,117,0,1.96897465,64.11339194,56.99442951
1541,581,1202.269784,237,42,0,7,77,40,20,169,0,0,57.36461384,56.99442951
1542,296,571.5191205,16,28,6,6,297,2276,157,419,0,0,171.2135661,28.99716589
1543,378,786.5460151,12,32,0,11,37,56,58,111,3.017255546,0,33.98841144,36.99638407
1544,433,889.8776033,27,23,0,11,91,73,126,87,0,0,42.59554872,42.9957977
1545,247,473.370517,380,338,0,84,1358,963,1043,1478,0,0,288.0945781,23.99765453
1546,363,900.6987858,2,0,0,0,4,0,10,10,0,0,19.02372957,35.9964818
1547,328,701.9259565,19,35,21,8,34,41,83,85,0,0,31.98333968,31.99687271
1548,768,1643.179633,47,57,0,84,213,60,186,322,0,0,84.9465765,74.99267041
1549,1420,2662.918067,223,55,0,91,382,323,181,605,0,0,160.4057403,139.9863181
1550,144,313.2411191,0,0,0,1,0,4,5,3,0,0,7.677957692,13.99863181
1551,835,1802.878988,78,41,1,38,192,86,278,309,1.005751849,0,90.86398339,81.99198632
1552,707,1728.356842,0,0,0,0,0,0,1,0,0,0,34.6241659,68.99325678
1553,472,1057.133628,13,6,23,8,89,84,101,136,0,0,45.57870426,45.99550452
1554,834,2003.642923,0,0,0,0,1,223,0,1,0,0,84.78953628,81.99198632
1555,620,1358.227121,0,0,24,12,130,3,116,72,0,0,56.77939277,60.9940386
1556,262,523.0487124,3,0,0,12,15,5,6,34,0,0,16.48071173,25.99745908
1557,903,2427.629911,131,40,10,177,93,86,0,427,0,0,91.30412109,88.99130222
1558,241,556.1558835,571,204,59,675,632,351,0,1947,0,0,228.8716051,23.99765453
1559,1019,2779.902615,0,0,0,0,0,133,0,0,0,0,56.33762587,99.99022722
1560,964,2492.563833,0,0,0,0,0,85,0,0,0,0,51.30049439,94.99071586
1561,420,999.5706592,36,12,0,5,27,240,6,73,0,0,40.05253089,40.99599316
1562,731,3325.25566,8,0,2,0,4,243,0,87,5.028759244,0,52.5720033,71.9929636
1563,897,2377.252178,59,62,4,15,75,102,1,169,0,0,67.68339774,87.99139995
1564,639,1884.829442,3,3,0,39,8,83,0,42,0,0,39.95472251,62.99384315
1565,657,1702.651367,0,0,0,0,0,0,0,0,0,0,32.13005225,64.99364769
1566,368,1044.502924,3,31,2,0,12,314,0,22,0,0,36.77595022,35.9964818
1567,484,1375.792351,8,18,0,8,5,72,0,26,0,0,30.36950144,47.99530906
1568,294,747.0732431,246,145,8,30,310,202,22,682,0,0,94.8252227,28.99716589
1569,389,982.3419861,158,95,0,38,348,103,0,606,0,0,84.9465765,37.99628634
1570,497,1834.261857,126,52,5,22,68,97,0,469,0,0,65.33599666,48.99521134
1571,833,2613.580747,2,0,1,23,3,54,0,16,0,0,45.57870426,81.99198632
1572,442,1270.105237,0,0,0,0,0,0,0,0,0,0,21.61565159,42.9957977
1573,544,1405.024823,187,80,0,110,683,2114,61,944,0,0,230.9744852,52.99482043
1574,281,702.619922,0,0,0,0,0,0,0,0,0,0,13.74207714,27.99726362
1575,447,1101.581377,173,89,2,31,124,160,95,407,0,0,74.72560098,43.99569998
1576,593,1388.572455,6,3,0,0,2,66,0,6,0,0,33.05923185,57.99433179
1577,1318,2584.491917,347,150,584,242,832,370,2582,604,0,0,343.7475453,129.9872954
1578,624,1208.0741,159,61,0,18,485,86,146,665,0,0,109.7410004,60.9940386
1579,333,836.8525553,0,0,0,0,0,0,0,0,0,0,16.28509498,32.99677498
1580,215,594.7629982,5,2,0,8,1,1790,14,1,0,0,112.568929,20.99794772
1581,838,2215.047895,31,85,4,18,3,120,10,37,0,0,56.04420073,81.99198632
1582,1534,3802.488105,56,153,0,4,72,273,2740,249,0,0,248.4821849,150.9852431
1583,330,1134.079802,96,83,0,21,104,92,120,374,0,0,59.66311073,31.99687271
1584,223,792.4062468,0,0,0,0,0,0,0,0,0,0,10.90563417,21.99784999
1585,892,2703.95766,9,8,0,0,0,54,9,39,0,0,49.4421352,87.99139995
1586,329,797.3490394,26,10,5,7,35,36,66,113,0,0,30.66292658,31.99687271
1587,556,1354.055061,13,4,0,7,29,184,2,77,0,0,42.64445291,54.99462497
1588,531,1223.373157,22,20,0,3,15,14,11,73,0,0,36.6949863,51.99491815
1589,1316,3123.218132,222,187,53,60,208,296,192,702,0,0,245.253956,128.9873931
1590,629,1476.970848,27,12,0,9,55,59,5,131,0,0,45.33418331,61.99394087
1591,1102,2807.07836,0,0,0,0,0,0,0,2,0,1.96897465,79.99022479,107.9894454
1592,923,1592.124651,7,4,0,15,41,66,113,162,0,0,65.09147572,90.99110677
1593,277,675.2221425,0,0,0,0,0,0,0,0,0,0,13.54646039,26.99736135
1594,175,455.5624015,105,125,1,18,113,191,38,418,0,0,57.90255992,16.99833863
1595,391,1081.184555,39,7,0,5,18,20,0,119,0,0,29.29360928,37.99628634
1596,347,1147.823367,2,31,0,0,1,0,0,9,0,0,19.07263376,33.99667725
1597,364,912.9958121,11,1,1,6,3,5,0,11,0,0,19.65948403,35.9964818
1598,587,1189.697688,9,6,0,10,27,375,2,37,0,0,51.49611114,57.99433179
1599,314,757.3554331,394,219,3,59,858,359,0,1408,0,0,186.7397395,30.99697044
1600,1130,2697.833505,545,254,1,71,1021,413,192,1796,0,0,265.2074176,110.9891522
1601,1117,2798.649021,31,32,0,9,17,59,0,96,0,0,66.55860139,109.9892499
1602,746,1933.544174,0,0,0,0,0,104,0,0,0,0,41.56856075,72.99286587
1603,312,720.6556441,3,1,0,3,18,14,40,20,0,0,24.09962173,30.99697044
1604,1210,2737.348167,582,385,0,59,881,177,0,1657,0,0,289.1246403,118.9883704
1605,944,2658.218346,47,150,0,15,982,695,472,321,0,0,674.3265898,92.99091131
1606,438,1248.356801,0,0,0,0,0,114,0,0,0,0,26.99511239,42.9957977
1607,162,427.2500623,25,14,25,33,36,106,24,86,0,0,24.99004064,15.99843635
1608,528,1613.411048,0,0,0,0,0,0,0,0,0,0,25.82141186,51.99491815
1609,641,1338.032736,8,2,0,7,19,65,30,37,0,0,39.563489,62.99384315
1610,433,1195.74921,0,0,0,0,1,0,0,0,0,0,21.22441808,42.9957977
1611,576,1497.500351,0,0,0,0,1,0,38,0,0,0,30.07607631,56.99442951
1612,264,754.2473328,13,4,0,6,613,6,149,39,2.011503698,0,53.5011829,25.99745908
1613,596,1246.298635,30,22,19,44,164,186,134,264,0,0,96.35121193,58.99423406
1614,365,967.2593912,41,24,8,56,181,90,116,215,0,0,59.59899128,35.9964818
1615,19,57.70679662,210,128,655,435,147,63,92,526,0,1.96897465,111.2570302,1.999804544
1616,1,1,217,98,5,85,207,113,64,389,0,0,57.65803897,0
1617,1362,3910.81984,431,206,4,97,1042,249,27,1688,0,0,249.7047896,133.9869045
1618,1429,3488.6368,392,156,18,112,1008,445,26,1599,0,0,253.5682206,139.9863181
1619,1599,2828.707954,18,6,1,18,48,37,0,100,0,0,89.34795352,156.9846567
1620,1301,3474.643336,305,99,0,26,428,140,9,620,0,0,165.1914657,127.9874908
1621,399,788.141955,155,50,0,29,101,58,0,296,0,0,53.20775776,38.99618861
1622,619,1651.801701,193,44,0,33,348,120,1,423,0,0,87.09836082,60.9940386
1623,779,1625.107594,17,14,0,1,4,3,1,48,0,0,42.39993197,76.99247496
1624,395,994.7884125,29,74,0,27,295,92,204,334,0,0,99.91107422,38.99618861
1625,808,1821.118585,31,14,0,23,267,126,161,253,0,0,91.30575029,78.9922795
1626,953,2304.031305,43,11,0,5,44,148,33,96,0,0,65.1892841,93.99081358
1627,1493,3792.224074,67,33,4,41,208,80,372,426,0,80.72796066,149.2150112,146.985634
1628,218,614.7060461,638,261,0,114,1397,687,328,1782,0,0,265.305226,20.99794772
1629,699,1616.260797,124,65,0,30,274,482,62,426,0,0,105.7308569,68.99325678
1630,1090,2462.594066,20,12,0,23,146,83,31,174,0,0,84.21971462,106.9895431
1631,816,1842.825132,9,3,0,1,12,59,95,74,0,0,52.27857817,79.99218177
1632,1024,2228.030435,49,47,0,38,601,306,1659,824,0,0,222.4162521,100.9901295
1633,511,1017.785086,22,120,0,6,133,298,3339,280,0,0,230.2898266,49.99511361
1634,0,0,332,8,0,39,149,88,12451,200,0,0,648.8118771,0
1635,386,926.081729,52,101,0,1,28,38,0,134,0,0,70.18909995,37.99628634
1636,321,778.8706895,0,11,0,0,0,42,0,21,0,0,23.3171547,31.99687271
1637,919,1496.127699,30,14,0,59,159,137,167,336,0,0,89.05452839,89.9912045
1638,425,1128.847915,0,0,0,0,0,0,0,0,1.005751849,0,76.78428038,41.99589543
1639,566,1468.954832,0,0,0,0,0,0,0,0,0,0,35.67977104,55.99452724
1640,560,1561.424788,219,30,3,38,325,61,843,1647,0,0,188.2170087,54.99462497
1641,0,0,68,60,46,38,118,288,185,368,0,0,57.26680546,0
1642,3,3,17,5,6,84,11,20,122,66,0,0,16.33399917,0
1643,680,1398.75828,554,135,45,96,245,337,328,714,0,0,153.2657287,66.99345224
1644,866,2157.454182,105,108,1,32,262,386,150,388,0,0,112.3818266,84.99169313
1645,1240,2166.85381,185,79,0,70,227,177,90,536,0,1.96897465,127.3465085,121.9880772
1646,789,2170.971582,12,9,0,17,94,116,28,168,0,0,60.29886519,77.99237723
1647,680,1518.201546,1,1,0,0,1,0,0,12,0,0,33.98841144,66.99345224
1648,768,1985.368448,0,0,0,0,0,92,0,1,0,0,55.10650683,74.99267041
1649,223,547.0633224,242,128,0,89,549,453,874,803,0,0,164.3669796,21.99784999
1650,415,1038.966665,13,5,0,31,50,66,50,66,0,0,34.03731563,40.99599316
1651,752,2061.398621,15,6,0,28,164,69,124,144,0,0,74.67325423,73.99276814
1652,896,2308.461715,3,2,0,3,11,3,26,26,0,0,47.43706345,87.99139995
1653,874,1582.751449,22,9,9,23,141,427,33,164,0,0,83.23492988,85.99159541
1654,514,1352.47728,0,0,2,7,3,0,0,4,0,0,25.91922023,50.99501588
1655,11,20.66631762,1,0,0,0,1,1,0,37,0,0,2.494113645,0.999902272
1656,295,729.5094529,4,1,0,4,0,24,1,6,0,0,20.38290336,28.99716589
1657,7,15.86591271,25,2,115,72,22,9,21,163,0,0,21.32222646,0.999902272
1658,21,32.26380536,36,23,141,101,22,13,44,92,0,0,24.10976524,1.999804544
1659,1422,2759.339489,470,120,0,65,332,251,46,922,0,0,177.4243981,139.9863181
1660,1466,2715.298051,1164,581,0,331,1892,965,200,2879,0,0,463.5139045,143.9859272
1661,850,1541.843283,52,105,30,71,613,157,223,447,0,0,124.6078739,83.99179086
1662,369,1047.115362,15,7,0,8,32,35,262,103,0,0,40.63938116,35.9964818
1663,442,1313.685888,246,158,24,86,638,380,260,1211,0,0,168.4749315,42.9957977
1664,769,1660.318953,61,78,2,19,188,83,189,590,0,1.96897465,96.78139027,75.99257269
1665,957,2048.154852,35,4,0,13,125,24,64,128,0,0,66.02065531,93.99081358
1666,375,714.1447763,0,0,0,0,0,0,0,0,0,0,18.33907092,36.99638407
1667,269,517.1242996,0,0,0,0,0,0,0,0,0,0,16.15522687,25.99745908
1668,284,549.0474148,166,64,110,146,407,154,0,584,0,0,93.65152217,27.99726362
1669,1432,2483.627499,86,44,0,27,228,135,5,462,0,0,158.2992335,140.9862204
1670,616,1299.354427,3,0,0,2,111,7,13,41,0,0,43.78102197,60.9940386
1671,591,1449.525607,18,7,0,5,47,27,80,61,0,0,43.8839021,57.99433179
1672,619,1550.920565,38,6,8,12,30,30,124,75,0,0,50.06774615,60.9940386
1673,634,1721.656124,0,0,0,0,0,71,0,1,0,0,34.52635752,61.99394087
1674,470,1446.55576,4,3,66,8,29,7,51,19,0,0,35.13005225,45.99550452
1675,374,1031.12378,0,0,0,0,0,34,0,0,0,0,19.95290916,36.99638407
1676,308,645.6419682,3,1,0,2,2,289,0,3,0,1.96897465,29.73374699,29.99706817
1677,459,1248.338643,2,1,0,0,0,1,0,1,0,0,28.69154375,44.99560225
1678,528,1081.565695,0,0,0,0,0,18,0,18,0,0,27.58196266,51.99491815
1679,242,612.84061,0,0,0,0,9,0,0,11,0,0,12.81289755,23.99765453
1680,595,1293.723242,88,36,14,6,4,39,0,48,0,0,40.59047697,57.99433179
1681,841,2000.946707,6,5,1,6,0,0,0,28,0,0,47.37801575,82.99188859
1682,213,545.9574729,0,0,0,0,0,0,0,0,0,0,10.41659228,20.99794772
1683,514,1376.688753,0,0,0,0,1,42,0,0,0,0,27.23963334,50.99501588
1684,768,2110.461058,6,1,0,2,33,18,21,26,0,0,42.79116548,74.99267041
1685,865,1696.43786,27,20,4,37,56,41,121,113,0,0,62.79297883,84.99169313
1686,542,1078.59441,46,29,2,8,148,314,133,225,0,0,70.76436166,52.99482043
1687,406,992.0503064,0,0,0,0,0,0,0,0,0,0,25.85510078,39.99609089
1688,953,2107.918374,33,26,0,25,190,470,55,469,0,0,108.616204,93.99081358
1689,1145,2431.148456,62,18,0,3,56,47,55,131,0,5.906923951,74.1876549,112.9889568
1690,937,2462.380485,320,179,0,28,470,211,20,1201,0,0,164.6115006,91.99100904
1691,221,566.049921,5,3,1,3,33,23,8,46,0,0,16.77413687,21.99784999
1692,324,903.7301195,0,0,0,0,0,0,0,0,0,0,15.84495728,31.99687271
1693,363,918.4538658,0,5,0,0,0,0,7,0,0,0,18.33907092,35.9964818
1694,642,1585.181048,0,0,0,0,6,52,0,27,0,0,39.55334549,62.99384315
1695,475,1042.373565,0,0,3,2,2,1,0,78,0,0,50.4352501,46.99540679
1696,719,1459.483825,32,12,0,10,8,5,138,52,0,0,54.73048858,70.99306132
1697,387,925.4659698,124,46,1,6,33,106,5,282,0,0,48.41514723,37.99628634
1698,297,739.5766217,20,13,2,4,36,30,0,147,0,0,26.84839983,28.99716589
1699,105,278.3411454,7,71,2,1,0,0,0,14,0,0,9.780837824,9.999022722
1700,37,80.51919236,568,697,4558,160,1893,2128,118,2515,0,0,619.8116929,3.999609089
1701,1229,3092.049031,15,0,0,7,4,46,1,10,0,0,64.16229613,120.9881749
1702,0,0,19,39,98,178,93,148,18,445,2.011503698,0,50.76254831,0
1703,421,1203.13832,55,31,0,12,41,68,1,159,0,0,38.53650103,40.99599316
1704,622,1883.191612,0,0,0,0,0,0,0,0,2.011503698,0,30.41840563,60.9940386
1705,1691,4550.794307,5,20,0,19,1,2,0,29,0,0,86.41370218,165.9837772
1706,1283,2430.913836,30,14,0,38,357,142,17,464,0,0,114.6803235,125.9876863
1707,446,1378.207926,0,0,0,0,0,0,0,0,0,0,21.81126835,43.99569998
1708,459,1370.203056,0,0,0,0,0,0,0,0,0,0,22.44702281,44.99560225
1709,376,1033.927507,1,0,0,0,0,1,19,0,0,0,19.41496308,36.99638407
1710,347,1075.995998,0,0,0,0,0,0,0,0,0,0,16.96975362,33.99667725
1711,255,696.0322875,246,118,0,58,145,199,8,724,2.011503698,0,85.72904353,24.9975568
1712,893,2043.982792,71,7,0,20,58,58,74,112,0,0,63.23311653,87.99139995
1713,343,819.3962756,16,2,0,1,5,3,29,28,0,0,23.88208875,33.99667725
1714,2527,5257.084867,52,60,1013,3,42,62,0,120,8.04601479,0,189.6993496,247.9757635
1715,55,129.9642082,0,0,0,0,0,0,0,0,1.005751849,0,2.689730402,4.999511361
1716,559,1368.348766,0,0,0,0,0,64,0,0,8.04601479,0,30.46730982,54.99462497
1717,66,144.1741331,42,157,1,17,38,10,0,136,5.028759244,0,22.83825632,5.999413633
1718,465,1488.372914,0,0,0,0,0,62,0,0,0,0,25.77250767,45.99550452
1719,688,2205.723595,0,0,0,0,0,0,0,0,0,0,33.64608211,67.99335451
1720,564,1381.410951,23,11,0,13,20,22,0,65,3.017255546,0,35.11320779,54.99462497
1721,0,0,2400,1343,72,854,1277,594,309,3325,0,0,497.5512201,0
1722,719,2245.549642,15,1,1,5,7,89,165,18,1.005751849,0,49.8822729,70.99306132
1723,715,2214.923667,49,35,1,8,42,84,20,155,0,0,54.23474573,69.99315905
1724,840,1822.397566,33,10,1,0,11,76,50,35,0,0,51.64282371,82.99188859
1725,1256,2964.857805,259,141,1,77,401,471,109,817,1.005751849,0,172.729596,122.9879795
1726,1565,3559.039921,282,116,5,64,314,244,146,676,0,0,240.8610933,153.9849499
1727,869,2013.566264,108,70,3,42,133,186,0,425,1.005751849,0,89.78809123,84.99169313
1728,1013,2938.550596,19,4,63,3,10,11,0,25,51.29334429,0,56.14200911,99.99022722
1729,790,2290.606137,56,17,0,7,64,20,0,135,6.034511093,0,53.25666195,77.99237723
1730,760,1886.992238,126,73,3,15,102,35,17,281,4.023007395,0,91.05271504,74.99267041
1731,949,2446.920884,9,9,0,3,4,4,0,36,0,0,49.58884777,92.99091131
1732,681,1803.281166,58,27,2,7,54,117,0,146,0,0,53.40337452,66.99345224
1733,635,1586.263167,97,35,7,41,120,166,0,411,1.005751849,0,73.94313395,61.99394087
1734,865,1865.918169,79,62,7,13,77,146,7,237,1.005751849,0,73.01395436,84.99169313
1735,508,2055.883399,35,12,0,0,10,76,0,49,5.028759244,0,33.74389049,49.99511361
1736,144,355.2076719,9,0,0,0,2,4,7,11,0,0,8.656041474,13.99863181
1737,0,0,172,67,240,632,218,244,7,708,3.017255546,0,111.8927847,0
1738,504,1459.516009,27,38,0,20,45,48,145,103,0,0,45.48089588,49.99511361
1739,684,1558.512111,210,152,1,32,167,225,61,539,0,0,101.2805757,66.99345224
1740,567,1222.189101,371,168,14,35,264,114,31,869,0,0,118.9838921,55.99452724
1741,724,1925.300552,195,53,0,104,151,317,25,211,0,0,87.04945663,70.99306132
1742,551,1378.117134,37,30,7,32,90,133,6,305,0,0,58.24488924,53.9947227
1743,193,431.5659499,77,36,0,16,147,494,8,200,0,0,57.26680546,18.99814317
1744,414,1099.304057,452,185,5,75,490,422,0,1231,0,0,172.1123152,40.99599316
1745,769,2059.001206,9,4,0,0,31,15,0,33,10.05751849,0,42.10650683,75.99257269
1746,869,2798.825032,11,3,0,2,5,172,0,24,0,0,53.10994938,84.99169313
1747,546,1770.193593,7,6,0,1,8,5,0,28,3.017255546,0,29.39141766,53.9947227
1748,262,685.2655802,10,2,0,0,4,4,0,14,0,0,14.47563998,25.99745908
1749,763,2303.196391,0,0,0,0,1,65,4,0,0,0,40.73718954,74.99267041
1750,793,2509.890311,0,0,0,0,0,0,0,0,1.005751849,0,38.78102197,77.99237723
1751,734,2130.589822,0,0,3,1,0,0,0,0,0,0,36.09129157,71.9929636
1752,240,593.088852,4,1,0,5,13,79,0,18,0,0,17.60550808,23.99765453
1753,537,1359.298093,43,24,0,7,78,91,0,134,0,0,44.69842886,52.99482043
1754,1083,3390.975593,528,253,51,232,1785,735,119,2267,0,0,350.9212459,105.9896409
1755,102,254.3628521,0,1,0,0,0,60,0,0,27.15529992,0,7.971382827,9.999022722
1756,284,926.7463906,91,43,1,9,63,58,0,224,8.04601479,0,37.80293819,27.99726362
1757,0,0,76,34,0,5,70,28,0,208,4.023007395,0,20.58866362,0
1758,390,1133.451456,9,28,0,1,8,281,0,32,0,0,36.62923765,37.99628634
1759,6,16.48167194,167,31,23,315,128,115,45,590,6.034511093,0,69.44394855,0.999902272
1760,1548,4259.534803,379,217,0,98,603,427,1416,1268,0,0,291.2733504,151.9851454
1761,579,1451.265373,47,14,182,27,46,59,40,164,0,0,56.631051,56.99442951
1762,75,190.283442,110,37,0,16,33,97,12,194,0,0,28.07100456,6.999315905
1763,248,622.8658891,355,86,0,69,240,317,198,632,0,0,104.8994857,23.99765453
1764,498,1238.850916,304,271,3,99,446,373,68,815,0,0,140.6973521,48.99521134
1765,525,1378.792941,19,5,0,14,123,89,0,165,10.05751849,0,45.96993777,51.99491815
1766,1126,2507.411809,579,562,7126,362,1733,1581,0,2514,70.40262942,0,762.0739791,110.9891522
1767,430,1174.192063,157,39,628,1398,240,245,2,833,14.08052588,0,194.2474392,41.99589543
1768,2486,5595.466043,551,226,66,184,1179,645,0,1899,15.08627773,0,353.8707125,243.9761544
1769,0,0,79,5,876,232,54,73,0,209,3.017255546,1.96897465,74.72560098,0
1770,0,0,120,1,887,297,2,15,0,119,11.06327034,0,70.47093652,0
1771,771,2100.543289,15,5,1,50,13,12,0,58,0,0,45.23637494,75.99257269
1772,320,895.7015181,0,0,0,0,0,0,0,0,0,0,21.64934052,30.99697044
1773,522,1497.662338,27,23,0,2,20,6,1,84,1.005751849,0,33.49936955,50.99501588
1774,150,419.3052404,115,39,0,155,56,61,182,142,0,0,44.01377021,14.99853408
1775,352,1001.089833,82,117,0,28,31,24,31,156,0,0,40.15033927,34.99657953
1776,41,107.1099228,3,2,0,43,59,85,54,21,0,0,15.06249025,3.999609089
1777,362,940.8599506,5,31,0,2,15,10,290,41,0,0,40.97156698,35.9964818
1778,279,754.6955335,0,0,0,0,1,90,74,10,1.005751849,0,22.20250186,26.99736135
1779,1013,2046.761348,150,43,0,17,96,58,26,443,0,0,90.27713312,99.99022722
1780,626,1563.558281,255,166,1,219,383,266,166,879,1.005751849,0,173.805304,61.99394087
1781,392,1076.533551,158,74,15,42,235,169,137,405,1.005751849,0,79.5671157,38.99618861
1782,10,24.51027322,57,12,566,410,56,83,58,341,0,0,77.90437327,0.999902272
1783,0,0,1,1,26,4,1,5,0,3,22.12654067,21.65872115,2.005071754,0
1784,429,1277.303057,70,36,0,6,67,17,0,226,0,0,41.61746494,41.99589543
1785,0,0,1,0,172,2,1,1,0,3,0,0,8.802754042,0
1786,225,603.1322896,215,112,0,85,640,327,0,1014,0,0,136.0311671,21.99784999
1787,986,2301.466329,393,110,0,52,212,282,55,669,0,0,134.9266578,96.9905204
1788,603,1262.971597,0,0,0,0,0,0,0,0,0,0,29.48922604,58.99423406
1789,1004,2066.830064,63,121,0,2,4,5,0,254,0,0,170.0577868,98.99032495
1790,0,0,151,63,0,848,1400,933,0,1405,0,0,234.7401078,0
1791,88,144.3472645,904,399,33,276,1909,782,0,2839,0,0,376.5772873,8.99912045
1792,1091,1658.157411,305,95,43,108,424,84,24,525,0,0,131.9924064,106.9895431
1793,422,829.6658801,42,26,0,19,82,89,8,231,0,0,44.9429498,40.99599316
1794,729,1435.571153,20,7,0,21,129,102,74,223,0,0,68.8199668,71.9929636
1795,619,1142.553724,642,388,1,29,302,67,11,739,0,0,136.8339212,60.9940386
1796,845,1584.467484,131,68,1,11,118,55,5,330,0,0,76.48615178,82.99188859
1797,1092,2324.971252,0,0,0,0,0,0,0,0,0,0,53.40337452,106.9895431
1798,0,0,504,158,0,13,88,76,18,356,0,0,59.3207814,0
1799,742,1663.224618,42,30,0,3,34,8,2,139,0,0,48.90418912,72.99286587
1800,477,1183.989736,456,235,53,57,619,280,422,1292,0,0,190.2861999,46.99540679
1801,1035,1835.487617,91,165,1,72,230,123,30,370,0,0,103.5301684,101.9900318
1802,582,1034.594862,415,176,81,78,398,356,138,1056,0,0,160.4057403,56.99442951
1803,599,1263.820536,76,23,9,26,68,86,174,214,0,0,62.35284113,58.99423406
1804,402,896.053354,27,3,3,3,32,9,14,24,0,0,32.28346578,39.99609089
1805,402,919.4577777,9,6,0,0,13,151,35,33,0,0,31.73881874,39.99609089
1806,1066,2278.031162,139,36,13,10,60,41,13,189,0,0,76.63286435,104.9897386
1807,427,887.115766,14,9,0,5,222,110,28,161,0,0,47.73048858,41.99589543
1808,1048,2907.314434,545,295,0,102,880,637,0,2125,0,0,275.4283931,102.989934
1809,1503,3655.324529,47,20,0,41,65,57,3,186,0,0,93.99385149,147.9855363
1810,285,377.9650649,11,9,0,88,20,35,0,40,0,0,23.86524429,27.99726362
1811,295,635.084709,3,0,0,13,4,248,8,7,0,0,28.26662131,28.99716589
1812,227,508.2830763,76,46,0,43,64,65,0,196,0,0,35.0643036,21.99784999
1813,797,1630.16491,54,6,4,14,72,70,0,159,0,0,57.51132641,77.99237723
1814,478,1372.223465,95,35,9,50,75,149,0,222,0,0,54.43036249,46.99540679
1815,626,1355.339616,51,7,57,25,66,56,3,145,0,0,50.66473993,61.99394087
1816,474,1058.323257,1,1,0,1,5,9,80,14,0,0,28.60895064,46.99540679
1817,290,760.8349674,74,30,0,21,68,63,0,218,0,0,37.36280049,28.99716589
1818,234,570.1507873,119,34,8,75,127,122,0,328,0,0,51.20268601,22.99775226
1819,270,689.2170463,0,0,0,0,0,0,0,0,1.005751849,0,16.20413106,26.99736135
1820,353,801.1329469,5,2,0,6,26,6,0,53,0,0,22.05578929,34.99657953
1821,179,476.5037883,32,11,14,3,10,51,1,307,0,0,29.73374699,17.9982409
1822,385,711.2153803,10,6,2,19,62,26,81,109,0,0,34.23293238,37.99628634
1823,517,1181.149692,124,46,5,144,117,120,84,243,0,0,79.46586477,50.99501588
1824,1031,2312.495521,73,24,27,60,143,229,128,311,0,0,99.07988716,100.9901295
1825,1328,2761.534469,22,9,28,11,78,51,33,160,0,0,87.11520529,130.9871977
1826,66,141.7529858,815,529,979,654,4456,1793,163,5369,0,0,724.9556995,5.999413633
1827,494,1101.69446,0,31,128,0,9,12,2,9,0,0,33.49936955,48.99521134
1828,770,1699.2486,0,43,601,1,0,40,0,0,0,0,71.15559517,75.99257269
1829,706,1293.97314,125,38,1,24,241,65,46,462,0,0,83.52835502,68.99325678
1830,62,151.4794646,814,327,5,226,2208,695,15,2749,0,0,347.2686469,5.999413633
1831,1241,2881.283548,18,5,1,6,82,21,8,76,0,0,83.30230774,121.9880772
1832,555,1274.77296,464,241,7,95,929,214,0,1448,0,0,193.3182596,54.99462497
1833,691,1747.893579,25,14,2,0,115,94,92,58,0,0,53.35447033,67.99335451
1834,939,2301.353246,3,4,1,5,26,5,19,37,0,0,50.8114525,91.99100904
1835,707,1690.425535,136,65,129,26,81,514,46,390,0,0,102.405372,68.99325678
1836,830,1804.343686,0,0,1,0,20,0,0,0,0,0,41.61746494,81.99198632
1837,461,989.6584633,2,1,0,1,10,4,71,15,1.005751849,0,27.63086685,44.99560225
1838,242,521.6440624,3,1,1,4,12,10,36,29,0,0,16.52961592,23.99765453
1839,144,302.7494808,1,0,21,1,6,6,10,9,3.017255546,0,9.683029446,13.99863181
1840,738,1501.856689,0,0,0,0,1,137,0,0,0,0,42.84006967,72.99286587
1841,1211,2840.034691,15,258,231,11,42,48,6,84,0,0,93.21138446,118.9883704
1842,1000,2119.330145,0,0,11,4,20,5,5,21,0,0,58.1318656,97.99042267
1843,408,1112.683201,0,0,0,0,0,0,0,0,0,0,19.95290916,39.99609089
1844,402,861.350243,5,0,5,0,0,2,0,11,0,0,20.78428038,39.99609089
1845,596,1630.454004,0,0,0,0,0,0,0,0,0,0,29.14689672,58.99423406
1846,1065,2363.387076,0,0,4,0,0,39,0,3,0,0,69.33255411,104.9897386
1847,788,1786.624923,0,0,1,41,22,0,32,24,0,0,44.40500372,76.99247496
1848,218,454.1032764,0,0,0,0,0,0,0,0,0,0,10.66111323,20.99794772
1849,297,629.817945,38,143,1,17,349,48,192,534,0,0,79.17588219,28.99716589
1850,502,1062.872324,15,3,0,8,30,29,6,47,0,0,31.29868104,48.99521134
1851,200,423.2203897,4,41,0,1,4,74,0,14,0,0,16.52961592,19.99804544
1852,1194,2947.34849,67,32,0,34,142,213,80,292,0,0,100.4492045,116.9885658
1853,1618,3319.800114,29,17,1,15,240,121,183,280,0,0,126.4560896,158.9844613
1854,699,1766.371929,0,0,1,0,6,0,1,0,0,0,34.57526171,68.99325678
1855,334,831.3945014,0,0,0,0,0,0,0,0,1.005751849,0,16.33399917,32.99677498
1856,464,1117.74609,44,33,12,50,140,121,82,251,0,0,58.53831438,45.99550452
1857,766,1712.203275,0,0,0,0,0,96,0,1,0,0,49.20431521,74.99267041
1858,423,1202.713851,37,1,9,2,53,56,33,40,0,0,31.98333968,41.99589543
1859,770,1876.7994,13,6,5,10,32,88,0,129,0,0,51.49611114,75.99257269
1860,990,2465.255405,0,0,6,0,0,0,0,215,0,0,95.22297302,96.9905204
1861,0,0,294,72,327,503,1438,502,13,1518,0,0,228.2358506,0
1862,900,2263.225076,96,52,34,189,323,112,1,608,0,0,113.2131978,87.99139995
1863,729,1839.0957,117,65,3,15,168,74,0,412,0,0,77.41533138,71.9929636
1864,664,1649.111058,31,11,0,31,33,49,0,107,0,0,45.28527913,64.99364769
1865,493,996.586788,35,4,0,7,37,31,0,78,0,0,36.49936955,47.99530906
1866,1030,2022.573607,53,51,26,60,162,107,87,367,0,0,95.02083946,100.9901295
1867,333,890.1177955,7,4,0,9,53,33,8,67,0,0,25.13675321,32.99677498
1868,592,1624.0395,0,0,0,1,0,59,0,32,0,0,33.45046536,57.99433179
1869,355,1079.140414,0,0,0,0,0,0,0,0,0,0,17.36098714,34.99657953
1870,476,1091.79485,202,14,211,291,347,396,215,394,0,0,124.5100655,46.99540679
1871,0,0,226,7,181,131,80,13,7,138,0,0,38.29198008,0
1872,921,2573.920819,717,439,0,252,2118,621,140,3403,0,0,421.1139725,90.99110677
1873,912,2398.683655,176,75,3,77,517,308,14,768,0,0,139.376939,89.9912045
1874,170,427.166283,112,46,3,36,229,91,1,246,0,0,45.67651264,16.99833863
1875,157,401.2750911,0,0,0,52,0,79,0,9,0,0,14.52454417,14.99853408
1876,156,429.3305195,60,27,19,6,119,70,0,167,0,0,37.51621401,14.99853408
1877,514,1408.163667,104,40,0,69,115,182,44,332,0,0,68.46586477,50.99501588
1878,725,1701.132194,24,28,0,40,117,203,0,277,0,0,77.15052342,70.99306132
1879,744,1656.343756,93,63,5,27,94,163,43,386,0,0,79.126978,72.99286587
1880,877,2212.823611,90,30,0,17,44,80,13,165,0,0,64.35791288,85.99159541
1881,442,971.4970723,51,58,0,15,95,55,175,242,0,0,55.40844627,42.9957977
1882,475,1181.186009,0,0,0,0,0,0,0,0,0,0,23.22948983,46.99540679
1883,1876,4469.967862,91,37,15,52,50,93,84,149,0,0,119.6685508,183.9820181
1884,483,1214.191242,0,0,1,0,0,72,0,0,0,0,34.19072915,46.99540679
1885,668,1181.787743,116,15,84,150,197,29,79,343,0,0,82.20794191,65.99354996
1886,0,0,76,38,56,63,575,442,227,1557,0,0,148.3753098,0
1887,866,2447.991856,53,432,0,71,931,1788,2283,1070,0,0,1760.487993,84.99169313
1888,41,107.1099228,143,82,0,84,325,482,3,1130,0,41.34846765,111.9905931,3.999609089
1889,280,714.5343686,0,0,0,0,0,0,0,0,0,0,13.69317295,27.99726362
1890,714,1583.619986,19,7,10,17,101,74,54,214,0,0,59.17406884,69.99315905
1891,661,1776.050945,13,12,2,93,126,206,111,238,0,0,71.49792449,64.99364769
1892,385,956.5583047,14,1,1,0,6,51,922,14,0,0,68.17243963,37.99628634
1893,337,834.3895183,25,24,0,35,145,606,49,183,0,0,68.66148153,32.99677498
1894,890,1864.244024,2,2,0,0,1,1,0,6,0,0,58.11157859,86.99149768
1895,622,1635.42754,15,11,0,17,83,87,10,305,0,0,56.23981749,60.9940386
1896,433,1091.639877,0,0,0,0,0,0,0,0,0,0,21.17551389,42.9957977
1897,1240,2888.355699,147,406,16,147,2653,1761,1714,1927,0,0,1235.579837,121.9880772
1898,1387,2802.681387,0,0,0,0,3,0,69,30,0,0,141.8183376,135.986709
1899,336,767.2131537,68,14,7,15,44,72,20,187,0,0,37.3138963,32.99677498
1900,206,576.0933585,1,0,0,0,8,1,15,6,0,0,11.59029282,19.99804544
1901,522,1437.940704,7,10,0,12,31,103,104,120,0,0,44.45390791,50.99501588
1902,206,495.3884492,21,4,13,7,31,40,100,28,0,0,37.0068851,19.99804544
1903,881,2247.484832,0,0,4,0,0,0,0,0,0,0,43.28020737,86.99149768
1904,1124,2422.289074,0,0,0,0,0,0,0,0,0,0,57.96830857,109.9892499
1905,824,1887.129052,0,0,0,0,0,92,0,1,0,0,55.84514142,80.99208405
1906,402,819.3836901,0,0,0,0,0,0,0,0,0,0,33.65948403,39.99609089
1907,413,945.773439,0,71,8,0,0,0,0,0,0,0,29.06086105,40.99599316
1908,733,1964.953468,919,458,1,419,2350,1160,470,3409,0,212.6492622,485.0806519,71.9929636
1909,985,2526.441737,33,11,0,12,108,11,0,139,0,0,103.5265417,96.9905204
1910,728,1819.535232,12,65,2,2,6,5,2,66,0,0,43.42691994,71.9929636
1911,702,1533.708611,25,46,0,7,12,67,0,97,0,0,46.7524048,68.99325678
1912,257,704.4853582,0,0,0,0,0,0,0,0,0,0,12.5683766,24.9975568
1913,308,845.7901433,16,14,0,5,20,17,4,67,0,0,22.05578929,29.99706817
1914,408,1016.644359,0,0,0,0,0,0,0,0,0,0,19.95290916,39.99609089
1915,445,1119.760926,0,0,0,0,0,0,0,0,0,0,21.76236416,43.99569998
1916,606,1310.354314,2,4,28,2,9,26,0,29,0,0,47.52635752,59.99413633
1917,393,847.5228978,0,0,0,0,0,0,0,0,0,0,57.21934632,38.99618861
1918,0,0,670,371,47,13,54,38,0,419,0,0,78.83355286,0
1919,963,2663.466951,483,220,0,124,692,187,0,1138,0,0,186.178248,94.99071586
1920,756,2048.443946,17,8,0,5,72,29,17,93,1.005751849,0,55.75747655,73.99276814
1921,308,831.2632597,66,20,2,16,77,117,0,151,0,0,40.02047116,29.99706817
1922,630,1743.488339,54,21,0,22,104,101,30,252,0,0,64.36968559,61.99394087
1923,475,1127.11372,6,3,0,11,38,83,40,155,0,0,39.66129738,46.99540679
1924,552,1357.325147,6,7,1,0,3,1,4,28,0,0,32.44032185,53.9947227
1925,54,113.6319364,39,2,15,4,22,30,0,34,0,0,9.780837824,4.999511361
1926,155,382.3303823,0,0,0,0,0,0,0,0,0,0,7.580149314,14.99853408
1927,632,1453.333246,0,0,0,0,0,0,0,0,0,0,40.90744752,61.99394087
1928,270,669.040819,724,423,13,75,1450,672,0,1929,0,0,271.7116748,26.99736135
1929,1084,2882.725954,26,11,3,90,168,164,54,235,0,0,92.73918704,106.9895431
1930,471,1248.212974,5,5,0,6,25,31,0,48,0,0,31.90237577,45.99550452
1931,526,1456.460944,25,1,0,14,54,73,7,46,0,0,39.48252508,51.99491815
1932,421,1190.225535,2,0,0,4,19,165,64,44,0,0,35.16211198,40.99599316
1933,532,1384.167216,0,0,0,0,0,42,0,0,0,0,38.07100456,51.99491815
1934,669,1394.232944,0,0,0,5,5,8,4,1,0,0,42.84169887,65.99354996
1935,718,1656.212514,0,0,0,0,0,0,0,0,0,0,64.11320779,70.99306132
1936,210,396.8865701,0,0,0,0,0,0,0,0,0,0,14.26987972,20.99794772
1937,286,769.7543971,25,3,2,34,15,10,11,42,0,0,20.93099294,27.99726362
1938,985,2936.422676,2,16,1,8,40,137,63,46,0,0,63.47763748,96.9905204
1939,989,2289.934463,0,0,0,0,0,0,0,0,0,0,67.36624304,96.9905204
1940,333,757.7617441,0,0,0,0,0,0,0,0,0,0,22.28509498,32.99677498
1941,917,2067.135877,0,0,3,3,18,46,19,45,0,0,62.39830277,89.9912045
1942,391,968.1976821,1,1,0,0,6,3,0,229,0,0,36.85854333,37.99628634
1943,308,803.0165413,0,0,0,0,0,0,0,0,0,0,49.06249025,29.99706817
1944,397,1062.156067,1,0,0,0,1,1,1,2,0,0,19.70838822,38.99618861
1945,726,2028.178367,0,1,0,1,8,74,0,42,0,0,41.66636913,70.99306132
1946,583,1474.627908,11,13,0,16,19,19,0,84,0,0,36.43362089,56.99442951
1947,392,1003.092083,0,0,0,0,0,71,114,0,0,0,120.2177171,38.99618861
1948,623,1306.3428,0,0,0,0,0,0,0,0,0,0,197.4673098,60.9940386
1949,435,1016.159842,0,0,0,0,0,74,0,0,0,0,24.89223226,42.9957977
1950,715,1716.167326,29,17,0,27,92,109,122,157,0,0,105.0105118,69.99315905
1951,519,1153.285554,35,14,0,0,35,6,0,97,0,0,116.5263575,50.99501588
1952,645,1789.131289,0,0,0,0,0,0,0,0,1.005751849,0,34.54320198,62.99384315
1953,0,0,0,0,0,0,0,0,0,0,3.017255546,0,0,0
1954,832,2400.328496,0,0,0,0,0,0,0,0,0,0,43.68828535,81.99198632
1955,446,1149.005983,0,0,0,0,0,97,0,1,0,0,37.60387888,43.99569998
1956,677,1746.02257,106,162,7,2,429,205,1,267,0,0,112.766175,66.99345224
1957,778,1917.068076,5,2,0,0,0,0,0,6,1.005751849,0,78.68321359,75.99257269
1958,847,2030.341164,9,0,0,6,5,98,0,20,0,0,57.17062628,82.99188859
1959,329,815.9111684,21,2,0,0,6,3,3,62,1.005751849,0,53.83318457,31.99687271
1960,762,1403.145362,131,71,3247,104,286,564,105,506,0,0,282.4705964,74.99267041
1961,466,1198.026529,89,41,7,79,338,305,344,840,5.028759244,3.9379493,128.7006105,45.99550452
1962,425,1086.074313,49,39,1,32,303,143,91,481,6.034511093,1.96897465,88.48615178,41.99589543
1963,335,511.1873012,30,4,75,162,829,13,111,544,0,0,102.8455097,32.99677498
1964,7,11.83066724,28,12,13,211,233,203,0,360,0,0,52.18076979,0.999902272
1965,15,38.37950802,19,4,7,165,13,30,0,124,1.005751849,0,18.4368793,0.999902272
1966,1135,3078.910077,655,326,8,392,2189,599,0,2756,6.034511093,0,394.1677643,111.9890545
1967,2778,6876.423207,351,186,3,166,693,613,0,834,3.017255546,0,275.0371596,272.9733203
1968,680,2018.571984,0,0,0,0,0,0,0,0,0,0,33.2548486,66.99345224
1969,150,495.1678552,0,0,0,0,0,0,0,0,0,0,7.335628368,14.99853408
1970,167,438.6981499,46,19,0,25,113,98,63,206,0,0,57.04238738,15.99843635
1971,319,785.7515516,47,20,4,126,98,262,10,189,0,0,52.5720033,30.99697044
1972,764,1475.35531,70,31,865,45,139,54,21,188,11.06327034,0,106.4644197,74.99267041
1973,95,249.7956266,832,391,0,209,1200,764,735,2310,0,0,319.6377801,8.99912045
1974,2283,5286.272755,249,123,50,225,675,414,0,1084,6.034511093,0,249.5580771,223.978109
1975,3784,7504.667318,30,13,1,11,58,20,0,74,0,0,195.1766188,371.9636452
1976,513,1283.686817,0,0,0,0,0,0,0,0,0,0,25.08784902,49.99511361
1977,945,2342.85344,103,25,0,21,7,2,0,235,0,0,65.43380504,92.99091131
1978,726,2368.753084,0,1,0,0,0,75,0,0,0,0,39.22115967,70.99306132
1979,248,818.1717698,9,1,0,2,14,15,8,25,0,0,15.7471489,23.99765453
1980,701,2167.050859,130,132,0,14,108,39,0,378,0,0,73.45409206,68.99325678
1981,420,1077.047372,429,67,2,109,281,197,125,786,0,0,118.1525209,40.99599316
1982,1244,3804.314531,0,0,0,0,0,0,6,0,0,0,70.1302364,121.9880772
1983,1576,3862.980471,23,3,1,8,34,91,53,37,0,0,112.2990493,154.9848522
1984,352,904.2439409,56,43,2,27,109,114,24,226,0,0,71.60569223,34.99657953
1985,973,2081.883355,128,119,0,35,156,467,199,330,2.011503698,0,117.7123832,95.99061813
1986,621,1389.893326,8,12,0,6,118,117,56,57,0,0,183.6596682,60.9940386
1987,815,2181.594461,461,354,18,475,3590,1476,213,3035,6.034511093,1.96897465,536.4130218,79.99218177
1988,1168,2544.49975,8,29,1,14,168,54,26,617,0,0,101.9652343,114.9887613
1989,827,2122.554209,342,106,0,86,398,197,4,642,0,0,127.2487001,80.99208405
1990,0,0,0,0,15,0,0,6,0,0,10.05751849,0,1.026987972,0
1991,384,836.923749,0,0,0,0,0,0,0,0,0,0,18.77920862,37.99628634
1992,976,2329.414247,0,0,0,0,0,0,0,0,9.051766639,0,47.73048858,95.99061813
1993,570,1200.165595,0,0,0,0,0,0,0,0,3.017255546,0,27.8753878,55.99452724
1994,892,1559.562045,275,99,5,172,754,333,0,1154,0,0,180.1630327,87.99139995
1995,786,1426.298448,764,486,22,427,1789,1121,0,2275,4.023007395,0,375.0951306,76.99247496
1996,1675,4069.960605,241,171,0,248,1070,527,193,1450,0,0,272.6408543,164.9838749
1997,582,1890.873951,2,1,4,18,44,9,3,24,0,0,33.59717793,56.99442951
1998,483,1487.780886,0,0,0,0,0,0,0,0,1.005751849,0,23.62072335,46.99540679
1999,888,1846.106363,31,285,0,52,159,48,1,189,0,0,87.83862462,86.99149768
2000,506,1472.004325,2,1,0,2,13,10,0,32,0,0,27.67977104,49.99511361
2001,62,182.9543792,16,10,0,12,52,92,0,172,0,0,20.34414267,5.999413633
2002,349,918.1969551,0,0,0,0,14,0,0,1,0,0,76.80112484,33.99667725
2003,501,1366.131494,0,0,0,0,0,0,0,0,1.005751849,0,51.50099875,48.99521134
2004,309,771.7329166,46,50,591,2,42,27,0,133,0,0,58.68502694,29.99706817
2005,331,616.9526221,0,0,0,0,0,0,0,0,0,0,16.1872866,32.99677498
2006,1230,3209.262439,1,5,1,1,2,1,0,4,0,0,60.88571545,120.9881749
2007,456,1232.43084,8,1,1,5,7,4,0,26,0,0,24.84332807,44.99560225
2008,0,0,233,182,15,168,90,53,0,383,0,0,54.96830857,0
2009,478,917.8548252,521,242,3,351,2011,677,15,2487,2.011503698,0,331.8149232,46.99540679
2010,476,1216.887459,0,0,0,0,0,0,0,0,0,0,23.27839402,46.99540679
2011,483,1733.930859,0,0,2,0,0,81,0,20,0,0,28.65785482,46.99540679
2012,457,1475.543908,0,0,0,0,20,0,4,0,0,0,23.52291497,44.99560225
2013,246,660.4146168,40,32,0,8,72,146,17,166,0,0,127.5533455,23.99765453
2014,840,1614.1789,297,205,1,25,164,116,19,644,0,0,113.0175811,82.99188859
2015,270,809.4673612,3,217,13,2,9,73,1,27,0,0,30.07607631,26.99736135
2016,484,1427.443493,7,4,0,0,23,13,0,15,0,0,34.70168726,47.99530906
2017,231,573.6121632,0,0,0,0,0,0,0,0,0,0,21.29686769,22.99775226
2018,625,1463.292904,24,16,2,34,206,151,54,197,0,0,64.01558356,60.9940386
2019,301,646.7240863,52,56,0,32,141,192,26,421,0,0,59.71201492,29.99706817
2020,434,1224.994267,2,2,1,0,20,5,0,17,1.005751849,0,27.52291497,42.9957977
2021,325,804.6543708,2,1,0,8,34,150,1,47,0,0,27.77757942,31.99687271
2022,803,1877.462622,1,29,421,0,0,25,0,4,33.18981101,0,62.74407464,78.9922795
2023,801,1718.89842,20,13,50,1,24,43,0,47,11.06327034,0,48.85528493,78.9922795
2024,188,395.9063895,0,0,0,0,0,338,0,2,0,0,25.82141186,17.9982409
2025,811,1749.865086,17,9,1,7,32,113,19,99,0,0,54.18584155,79.99218177
2026,445,952.7017636,77,72,6,36,53,28,0,182,0,0,43.96486602,43.99569998
2027,0,0,444,337,20,65,349,169,0,1182,8.04601479,0,125.4881493,0
2028,769,2106.617102,16,0,0,0,0,0,0,2,1.005751849,0,38.48759684,75.99257269
2029,1529,3294.704825,3,2,17,10,1,1,0,27,4.023007395,0,77.7576607,149.9853408
2030,294,1040.032064,0,2,42,0,2,12,0,4,8.04601479,0,17.40989133,28.99716589
2031,220,799.0958191,1,5,104,2,5,17,0,8,9.051766639,0,17.70331646,21.99784999
2032,483,1751.685939,15,17,80,19,12,109,61,47,0,0,41.22623143,46.99540679
2033,686,1985.823661,0,0,4,2,6,236,0,8,0,0,46.06774615,66.99345224
2034,126,262.1820051,0,0,0,0,0,0,0,0,1.005751849,0,6.161927829,11.99882727
2035,562,1625.564246,0,3,59,0,0,2,1,0,5.028759244,0,43.66292658,54.99462497
2036,726,1765.080362,0,3,44,0,0,61,0,0,1.005751849,0,40.78609373,70.99306132
2037,215,508.4087453,15,3,34,5,0,73,1,0,3.017255546,0,16.92084944,20.99794772
2038,348,911.5492725,29,65,253,9,0,49,0,99,0,0,45.66636913,33.99667725
2039,1438,4101.294573,33,38,17,12,10,4,4,25,0,0,101.317523,140.9862204
2040,980,2740.967395,0,27,837,0,1,33,0,3,0,0,91.98877974,95.99061813
2041,620,1837.614283,0,0,1,12,6,0,0,0,1.005751849,0,50.24977685,60.9940386
2042,270,982.9829163,2,1,54,0,3,16,0,18,0,0,22.80112484,26.99736135
2043,372,1401.983784,26,1,11,2,0,2,0,23,0,0,21.37113065,36.99638407
2044,977,3046.265132,0,0,1,0,0,75,0,6,0,0,65.78953628,95.99061813
2045,298,786.5767591,0,1,41,0,5,28,2,6,0,0,18.63249605,28.99716589
2046,260,869.6972428,0,0,0,0,0,0,0,0,0,0,12.71508917,25.99745908
2047,658,1591.469882,0,0,3,0,0,363,0,1,3.017255546,0,50.12679385,64.99364769
2048,1166,3243.828735,0,13,33,0,0,27,0,0,0,0,75.59229032,114.9887613
2049,14,37.38116907,0,0,1,0,0,94,0,0,0,0,5.330556614,0.999902272
2050,398,1362.569619,0,0,0,0,0,0,0,0,0,0,19.46386727,38.99618861
2051,339,1377.916138,0,0,0,0,0,0,0,0,0,0,16.57852011,32.99677498
2052,613,2154.252597,0,4,111,0,0,96,0,0,0,0,40.29705184,59.99413633
2053,2072,4948.109479,132,36,48,32,117,178,0,234,0,0,139.3280348,203.9800635
2054,547,1370.088532,0,0,0,0,0,0,0,0,0,0,26.75059145,53.9947227
2055,718,1947.557236,4,35,0,0,0,0,0,0,0,0,37.02047116,70.99306132
2056,1931,4494.208639,68,38,223,6,52,28,0,167,0,0,122.8962273,189.9814317
2057,457,1153.531319,0,0,3,4,10,300,56,27,0,0,41.91089008,44.99560225
2058,2399,5596.578906,78,95,8,10,61,51,6,230,1.005751849,0,143.6805076,235.9769362
2059,259,590.2669666,83,54,1,16,93,35,0,281,0,0,40.19924346,24.9975568
2060,0,0,10,7,0,70,37,71,0,62,0,0,12.5683766,0
2061,1,2.612437141,89,85,16,640,151,153,0,578,0,0,83.77287596,0
2062,608,2045.958618,0,0,0,0,0,74,0,0,0,0,33.35265698,59.99413633
2063,372,969.4054693,65,152,11,45,177,74,354,295,7.040262942,0,75.55697219,36.99638407
2064,427,1312.430638,292,250,13,79,113,87,24,223,0,0,88.74751719,41.99589543
2065,413,1033.74179,0,0,0,0,0,29,0,0,0,0,56.61565159,40.99599316
2066,961,2292.648838,19,62,3,16,37,210,18,99,0,0,105.6884695,93.99081358
2067,690,1567.730341,39,45,0,23,64,63,85,191,0,0,108.6850269,67.99335451
2068,192,472.5341637,0,0,0,0,0,0,0,0,0,0,9.389604311,18.99814317
2069,1357,3435.318525,38,14,0,14,25,81,44,89,0,0,89.27876232,132.9870022
2070,1156,2650.34885,25,3,1,5,56,10,24,71,0,0,73.0695595,113.988859
2071,883,2185.724631,0,0,1,0,13,0,1,3,3.017255546,0,69.0626744,86.99149768
2072,619,1558.991055,0,0,0,0,0,0,0,0,0,0,30.27169307,60.9940386
2073,302,743.7612675,33,12,1,24,9,6,0,61,2.011503698,0,29.90907673,29.99706817
2074,669,1809.863228,73,42,9,79,69,53,12,261,5.028759244,0,61.96160762,65.99354996
2075,123,360.875174,1,5,0,2,20,69,1476,8,0,0,83.33273826,11.99882727
2076,114,349.4689761,124,44,49,143,614,352,120,561,1.005751849,0,103.7257851,10.99892499
2077,378,1117.436144,23,11,9,29,64,51,36,100,0,0,34.28183657,36.99638407
2078,286,900.4963502,19,6,1,10,19,190,1,55,0,0,31.70675901,27.99726362
2079,893,1886.608219,35,29,0,86,58,288,27,165,0,0,77.317523,87.99139995
2080,701,1694.92714,32,6,0,3,20,7,14,100,0,0,90.18239899,68.99325678
2081,206,503.4589401,8,8,0,5,9,16,0,35,1.005751849,0,26.03550228,19.99804544
2082,566,1361.617304,717,473,600,225,0,71,0,124,0,0,135.758029,55.99452724
2083,552,1211.249261,172,188,1748,36,224,171,8,618,9.051766639,0,181.776871,53.9947227
2084,0,0,355,182,9,60,86,95,21,379,2.011503698,0,58.04927249,0
2085,211,515.7140767,1,0,0,0,15,0,0,0,2.011503698,0,26.10125093,20.99794772
2086,461,1263.248106,0,0,0,0,0,0,0,0,0,0,70.54483118,44.99560225
2087,408,1099.770416,0,0,0,0,0,0,0,0,0,0,27.95290916,39.99609089
2088,569,1546.198366,0,0,0,15,4,68,1,14,0,0,50.8147109,55.99452724
2089,130,343.6520738,0,4,99,0,2,11,44,5,0,0,14.42673579,12.99872954
2090,500,1676.654105,0,0,0,0,0,87,0,0,0,1.96897465,28.70675901,48.99521134
2091,546,1424.776581,0,5,32,0,3,3,11,5,0,0,29.58703442,53.9947227
2092,514,1241.911554,0,8,218,0,0,30,0,10,12.06902219,0,38.14526751,50.99501588
2093,170,529.6615179,115,117,13,11,71,127,28,231,4.023007395,0,43.18239899,16.99833863
2094,523,1653.614102,415,191,24,33,84,75,78,350,0,0,86.70712731,50.99501588
2095,359,1167.066876,0,0,0,1,3,190,0,0,0,0,27.04401658,34.99657953
2096,208,551.4574163,0,0,0,0,0,0,0,0,3.017255546,0,10.17207134,19.99804544
2097,674,1718.009031,13,33,0,16,25,17,0,71,0,0,54.51965656,65.99354996
2098,393,959.7027218,2,1,1,2,11,8,187,57,0,0,40.3745732,38.99618861
2099,247,588.7785374,6,2,0,43,33,46,27,39,8.04601479,0,38.66455578,23.99765453
2100,474,1641.819751,0,0,0,0,0,0,0,0,0,0,23.18058564,46.99540679
2101,417,1087.77219,22,6,3,23,63,99,4,135,8.04601479,0,44.754034,40.99599316
2102,394,1068.845639,80,7,0,10,90,13,56,69,2.011503698,0,43.16211198,38.99618861
2103,359,770.8057714,278,24,1,36,194,183,0,421,0,0,73.16066692,34.99657953
2104,0,0,750,145,208,660,1311,571,24,2859,0,0,319.2465466,0
2105,543,1131.24389,252,116,15,163,430,293,344,845,0,0,146.7614716,52.99482043
2106,317,713.5416025,0,0,0,0,0,0,0,0,0,0,15.50262795,30.99697044
2107,424,963.2115602,1,0,1,2,6,6,36,16,0,0,70.06086105,41.99589543
2108,643,1227.04254,459,538,75,242,298,133,786,985,0,0,203.3925226,62.99384315
2109,1005,2107.373809,158,113,0,85,316,523,34,712,1.005751849,0,197.0717411,98.99032495
2110,533,1381.130309,21,2,16,0,89,22,199,64,0,0,123.2633629,51.99491815
2111,0,0,153,31,1610,15,77,81,0,502,1.005751849,0,120.7444429,0
2112,306,690.4541377,40,33,0,34,181,114,60,410,0,0,57.60913478,29.99706817
2113,517,1258.626406,157,104,23,69,455,218,18,567,0,0,104.0681144,50.99501588
2114,279,591.6716165,127,77,6,13,109,46,0,336,0,0,48.5618598,26.99736135
2115,244,632.5923679,0,0,0,0,0,0,0,0,0,0,11.93262215,23.99765453
2116,272,631.4920913,0,0,0,0,9,0,6,1,1.005751849,0,18.08440647,26.99736135
2117,1393,3281.602189,577,49,0,113,440,304,2,754,0,0,406.6200149,136.9866113
2118,0,0,336,55,159,1391,269,25,29,266,0,0,123.7275985,0
2119,450,1002.081158,129,84,0,130,526,347,10,547,2.011503698,0,108.7140124,43.99569998
2120,273,645.4032157,517,516,149,354,541,716,318,1277,0,0,272.9424255,26.99736135
2121,414,1009.721607,88,168,0,92,174,159,134,432,0,3.9379493,118.2298581,40.99599316
2122,467,1208.709458,156,42,9,72,215,143,92,328,0,0,85.52998422,45.99550452
2123,284,711.2642826,16,8,14,32,110,456,18,96,2.011503698,0,50.56693155,27.99726362
2124,428,1213.35489,0,0,0,0,0,60,0,0,0,0,29.86524429,41.99589543
2125,138,411.3604184,0,0,0,0,0,0,0,0,0,0,6.748778099,13.99863181
2126,495,1560.289635,0,0,0,0,0,0,2,0,1.005751849,0,24.30538199,48.99521134
2127,879,1889.579504,12,5,0,0,12,5,0,30,0,0,69.11665034,85.99159541
2128,1,1,727,246,77,456,1320,1036,125,2455,0,0,315.0896905,0
2129,962,2245.224231,313,94,14,157,205,124,33,734,2.011503698,0,149.9114425,94.99071586
2130,389,1045.291815,0,0,0,0,0,0,0,0,0,0,49.02372957,37.99628634
2131,19,56.09269843,0,0,0,0,0,147,0,0,0,0,8.118095394,1.999804544
2132,345,916.6247466,0,0,0,1,1,179,0,0,0,0,25.72360348,33.99667725
2133,0,0,0,0,0,0,0,0,0,0,2.011503698,0,0,0
2134,1246,2766.831977,77,17,0,10,38,28,0,254,1.005751849,0,218.6699958,121.9880772
2135,665,2411.963741,0,0,0,0,0,63,0,1,0,0,35.65115387,64.99364769
2136,751,2020.854877,0,0,1,0,0,1,1,0,1.005751849,0,67.8737586,73.99276814
2137,224,733.6829529,0,0,0,0,0,0,0,0,0,0,10.95453836,21.99784999
2138,7770,21219.47961,14,2,0,3,10,4,6,42,0,0,383.9467888,763.9253359
2139,0,0,221,113,17,261,1094,341,0,912,0,0,144.7074956,0
2140,0,0,537,301,0,242,1613,539,2783,2390,18.10353328,0,411.0397096,0
2141,0,0,603,410,0,428,1834,829,1772,2529,0,0,411.0397096,0
2142,0,0,384,529,0,414,2211,1706,952,1973,0,0,399.4983209,0
2143,0,0,292,128,2,69,317,136,17,856,0,0,88.85891163,0
2144,417,962.6795803,19,39,0,16,226,115,44,185,0,0,51.88734466,40.99599316
2145,336,755.9144664,0,0,0,0,0,0,0,0,0,0,16.43180754,32.99677498
2146,838,1970.51202,2,1,13,10,44,61,1,41,0,0,56.4421352,81.99198632
2147,476,1083.724358,0,0,0,0,0,0,0,0,0,0,23.27839402,46.99540679
2148,263,637.8409734,0,0,0,0,0,0,0,0,0,0,12.86180174,25.99745908
2149,0,0,0,416,0,0,0,780,9317,0,0,0,514.1297402,0
2150,392,879.6135717,70,31,0,57,131,70,123,359,0,0,60.29886519,38.99618861
2151,419,936.42954,0,0,0,0,0,0,0,0,0,0,20.49085524,40.99599316
2152,510,1170.933124,0,0,0,0,0,0,0,0,0,0,24.94113645,49.99511361
2153,0,0,90,2,0,41,9,296,2,35,0,0,23.22948983,0
2154,373,872.7508679,47,42,0,139,781,375,4,742,0,0,122.4071854,36.99638407
2155,726,1883.716579,0,0,0,0,0,0,0,0,0,0,35.5044413,70.99306132
2156,512,1501.398782,0,6,0,2,15,1,3,65,0,0,29.53813023,49.99511361
2157,0,0,15,5,0,54,11,10,0,32,0,0,6.210832018,0
2158,1114,2580.978946,76,36,0,69,286,208,7,920,0,0,132.8237777,108.9893477
2159,1,1.805388048,1,0,0,12,0,3,0,8,0,0,1.222604728,0
2160,0,0,0,0,0,0,0,0,0,0,0,0,0,0
2161,0,0,58,39,0,175,195,155,0,382,0,0,49.09980588,0
2162,219,571.3166849,0,0,0,0,0,0,0,0,1.005751849,0,10.71001742,21.99784999
2163,132,334.3500644,0,0,0,0,0,0,0,0,11.06327034,0,6.455352964,12.99872954
2164,93,246.9918996,1,0,0,1,0,78,0,0,1.005751849,0,8.460424718,8.99912045
2165,120,332.0545861,5,2,2,36,7,176,2,43,3.017255546,0,19.21934632,11.99882727
2166,210,584.1219598,30,1,6,9,3,42,7,20,4.023007395,0,16.04057403,20.99794772
2167,729,1944.012082,33,86,0,26,157,83,68,441,4.023007395,0,90.37149894,71.9929636
2168,37,101.5024688,9,9,13,66,29,57,0,53,4.023007395,0,13.35084363,3.999609089
2169,235,697.0487848,0,0,0,0,0,0,0,0,2.011503698,0,11.49248444,22.99775226
2170,0,0,78,5,26,455,82,65,84,210,3.017255546,0,49.14871007,0
2171,182,481.1129033,0,0,0,0,0,0,0,0,2.011503698,0,8.90056242,17.9982409
2172,183,657.2408956,0,0,0,0,0,0,0,0,2.011503698,0,8.949466609,17.9982409
2173,187,662.0413005,0,0,0,0,0,0,0,0,0,0,9.145083366,17.9982409
2174,108,341.8648441,15,11,0,1,21,4,0,54,0,0,10.46549647,10.99892499
2175,172,458.2167283,22,28,12,5,51,45,0,60,2.011503698,0,19.3171547,16.99833863
2176,9,24.31898336,0,0,0,0,0,0,0,0,7.040262942,0,0.440137702,0.999902272
2177,440,1163.192177,0,0,0,0,0,0,0,0,1.005751849,0,21.51784321,42.9957977
2178,1342,3650.352431,36,9,46,228,81,97,0,163,0,7.875898601,97.90618662,131.9870999
2179,310,729.9576536,65,73,0,78,239,163,22,471,0,0,69.49285274,29.99706817
2180,204,723.4007629,0,0,0,0,0,0,0,0,1.005751849,7.875898601,9.976454581,19.99804544
2181,368,971.8685063,4,2,1,21,10,11,0,65,2.011503698,0,23.57181916,35.9964818
2182,1306,3447.353066,0,0,0,0,0,237,0,0,0,0,75.45916381,127.9874908
2183,1072,2844.920316,0,0,0,3,0,87,0,1,0,0,56.87557195,104.9897386
2184,65,165.7731687,12,6,0,216,13,31,0,122,0,0,22.74044794,5.999413633
2185,0,0,268,124,197,327,271,139,0,894,0,472.553916,108.5672998,0
2186,586,1522.010625,113,77,3,179,310,427,1,688,8.04601479,0,116.5875869,57.99433179
2187,31.1,56.70565262,0,0,0,0,0,0,0,0,0,0,0,0
2188,457.9,1108.954911,0,0,0,0,0,0,0,0,0,0,0,0
2189,206,499.4689789,0,0,0,0,0,10,0,0,0,0,0,0
2190,7,14.07657926,0,53.9,0,0,0,1.1,0,0,0,0,0,0
2191,0,0,0,0,0,0,0,0,0,0,0,0,0,0
2192,72.2,102.8,0,51,0,0,0,0,0,0,0,0,0,0
2193,15.6,26.55581619,0,0,0,0,0,0,0,0,0,0,0,0
2194,23.6,43.62741231,34.2,46,0,0,0,0,0,34.5,0,0,0,0
2195,85.1,148.053667,11.3,13.6,0,0,0,9.7,0,35,0,0,0,0
2196,209.5,283.5,0,114.8,0,0,0,41.2,0,52.3,0,0,0,0
2197,33.7,46.9,36.3,508.5,0,0,0,35.9,0,144.5,0,0,0,0
2198,0,0,0,0,0,0,0,0,0,0,0,0,0,0
2199,20.6,55.60747977,0,0,0,0,11,0,0,87.3,0,0,0,0
2200,1,1,0,0,0,0,0,162,0,0,0,0,7.971382827,0
2201,0,0,0,0,0,0,0,0,0,0,0,0,0,0
2202,0,0,0,0,0,0,0,5,0,0,0,0,0,0
2203,0,0,0,0,0,0,0,0,0,0,0,0,0,0
2204,0,0,0,0,0,0,0,0,0,0,0,0,0,0
2205,0,0,0,0,0,0,0,0,0,0,0,0,10,0
2206,4,17.87026729,0,4.5,0,0,0,0,0,10.5,0,0,0,0
2207,32.2,63.19485582,0,0,0,0,0,0,0,0,0,0,0,0
2208,0,0,0,0,0,0,0,0,0,0,0,0,0,0
2209,0,0,0,0,0,0,0,0,0,0,0,0,0,0
2210,0,0,0,0,0,0,0,0,0,0,0,0,0,0
2211,1,1.805388048,0,0,0,0,0,0,0,0,0,0,0.048904189,0
2212,2,2.808391869,0,0,0,0,0,0,0,0,0,0,0.097808378,0
2213,0,0,0,0,0,0,0,0,0,0,0,0,0,0
2214,0,0,0,0,0,0,0,0,0,0,0,0,0,0
2215,0,0,0,0,0,0,0,0,0,0,0,0,0,0
2216,0,0,0,0,0,0,0,0,0,0,0,0,0,0
2217,1,5.709108118,0,0,0,0,0,0,0,0,1010.390156,0,0.04901861,0
2218,0,0,0,0,0,0,0,0,0,0,1.011401557,0,0,0
2219,0,0,0,0,0,0,0,0,0,0,0,0,0,0
2220,8,19.57408498,0,0,7,0,87,1,0,0,6.068409344,0,6.176344867,1.000061363
2221,1,1,0,0,0,0,0,0,0,0,50.57007786,0,0.04901861,0
2222,6,20.38967185,0,2,2,2,92,7,0,0,22.25083426,0,55.99969468,0
2223,9,27.72995372,0,1,2,1,190,25,1,0,12.13681869,0,11.27428031,1.000061363
2224,0,0,0,2,1,0,115,14,15,0,0,0,13.13698716,0
2225,0,0,0,0,0,0,0,0,0,0,0,0,0,0
2226,0,0,0,0,0,0,0,0,0,0,0,0,0,0
2227,36,90.53014302,0,0,0,0,0,0,0,0,0,0,16.22515993,22.00134998
2228,210,528.5002944,0,0,3,0,113,6,1,0,12.13681869,0,14.99969468,20.00122726
2229,29,96.23925114,0,1,2,0,28,10,0,0,5.057007786,0,3.480321314,2.000122726
2230,4,16.31173748,0,0,0,0,0,0,0,0,3.034204672,0,0.19607444,0
2231,3,8.15586874,0,0,0,0,0,0,0,0,0,0,0,0
2232,7,17.12732435,0,0,0,0,0,0,0,0,1.087913669,0,0.418106709,0
2233,0,0,0,1,6,0,39,2,0,0,5.99189674,0,2.032823958,0
2234,0,0,0,1,19,0,200,1,3,0,6.068409344,0,16.76436464,0
2235,0,0,0,0,4,4,294,0,0,0,0,0,14.80362024,0
2236,54,141.9121161,0,0,0,0,0,0,0,0,6.068409344,0,4.558730735,6.000368177
2237,21,55.45990743,0,0,0,0,0,0,0,0,0,0,3.627377144,5.000306814
2238,23,59.5378418,0,1,1,0,30,2,0,0,1.011401557,0,2.794060773,2.000122726
2239,26,70.14047117,0,0,0,0,0,0,0,0,1.011401557,0,1.274483861,2.000122726
2240,29,70.14047117,0,0,0,0,0,0,0,0,0,0,1.176446641,2.000122726
2241,45,107.6574674,0,0,0,0,0,0,0,0,1.673107707,0,2.467440198,2.000122723
2242,1,1.631173748,0,0,0,0,0,0,0,0,3.952485518,0,1.660197474,1.21E-08
2243,1,1.631173748,0,2,7,0,99,22,8,0,0,0,6.813586798,0
2244,36,81.5586874,0,7,14,0,240,67,7,0,8.091212458,0,101.7146336,4.000245451
2245,304,710.3761673,0,7,6,0,364,16,12,0,0,0,30.09742657,40.00245451
2246,609,1484.368111,0,10,6,0,378,6,12,0,1.011401554,0,39.80311125,34.00208624
2247,570,1387.313273,0,0,0,0,0,0,0,0,1.05E-06,0,22.45058984,30.00190207
2248,38,94.60807739,0,0,0,0,0,0,0,0,0,0,1.862707182,2.000122726
2249,72,182.6914598,0,0,0,0,0,0,0,0,6.511226306,0,2.048708769,2.000122865
2250,1695,4097.508455,0,1,0,1,30,4,1,0,0,0,102.0567461,134.0082226
2251,423,1037.426504,0,3,16,0,100,9,3,0,0,0,30.7346685,32.00196361
2252,1232,2883.915187,0,0,0,0,0,0,0,0,0.552912534,0,41.18652964,55.21643309
2253,1949,4716.538893,0,2,9,0,67,8,4,0,0.876655896,0,60.64284495,70.1838982
2254,2041,5051.745098,0,2,1,0,110,3,3,0,0.593245819,0,81.35282896,92.61261304
2255,848,2110.73883,0,0,0,0,0,0,0,0,1.011401496,0,40.39133223,54.00331031
2256,43,101.9483593,0,0,0,0,0,0,0,0,2.943754019,0,13.51922519,6.985509055
2257,27,86.45220865,0,0,0,0,0,0,0,0,1.011401528,0,1.323502448,2.000122661
2258,1,1.631173748,0,1,2,0,112,13,2,0,3.034204672,0,6.470456527,0
2259,0,0,0,3,6,7,127,61,5,9,2.022803115,0,84.99928758,0
2260,0,0,0,1,5,0,132,7,6,0,6.068409344,0,177.9886086,0
2261,9,25.28319309,0,7,9,0,482,25,13,0,3.034204672,0,9.607647571,2.000122726
2262,301,767.4672485,0,0,0,0,0,0,0,0,2.022803115,0,1.960744402,3.000184089
2263,55,149.2523979,0,13,12,0,347,14,13,0,4.136056667,0,19.32324488,11.0155987
2264,25,65.24694992,0,11,7,0,388,11,17,0,5.057007741,0,28.77392385,2.000122708
2265,0,0,0,0,5,0,212,16,7,0,0,0,48.96959144,2.000122726
2266,1,1.631173748,0,6,5,0,236,11,16,1,0,0,90.49923669,0
2267,406,997.4627469,0,3,6,1,374,21,19,0,3.034204672,0,25.78378889,26.00159543
2268,227,565.2017037,6,5,8,87,136,6,10,10,2.022803115,0,13.82324804,15.00092044
2269,192,463.2533445,1,2,4,2,55,59,3,6,0,0,19.11725792,17.00104317
2270,31,88.0833824,0,0,0,0,0,0,0,0,0,0,21.22505815,28.00171816
2271,617,1646.669899,0,13,17,0,804,36,32,0,1.011401557,0,64.60652805,45.00276133
2272,204,466.5156919,0,29,45,0,1513,62,61,0,6.068409344,0,201.9294199,13.00079772
2273,338,810.6933528,0,0,0,0,0,0,0,0,6.068397164,0,36.27404736,48.00331711
2274,0,0,0,0,775,1,73,1,0,0,4.045606229,0,95.68432682,4.000245451
2275,0,0,0,34,29,0,1256,48,49,0,5.057007786,0,72.54754288,35.0021477
2276,0,0,0,0,0,0,0,0,0,0,3.034204672,0,109.5075749,42.00257724
2277,0,0,0,9,17,0,468,27,19,0,3.034204672,0,57.93999708,16.00098181
2278,0,0,0,0,1,0,108,4,1,0,8.091212458,0,65.88101191,0
2279,0,0,0,0,0,0,0,0,0,0,7.079810901,0,16.5682902,0
2280,0,0,0,0,0,0,0,0,0,0,6.068409344,0,148.8997237,0
2281,46,115.8133361,0,5,15,0,400,23,14,0,0,0,24.65636086,3.000184089
2282,7,12.23380311,0,11,21,0,1031,53,43,0,2.022803115,0,48.72449839,0
2283,0,0,0,0,0,0,0,0,0,0,3.034204672,0,0.04901861,0
2284,0,0,0,0,5,0,92,0,1,0,2.022803115,0,4.803823785,0
2285,3,8.15586874,0,0,0,0,0,0,0,0,0,0,0,0
2286,372,906.9326039,0,0,0,0,0,0,0,0,6.068409344,0,16.17614132,0
2287,332,839.2388934,0,0,0,0,0,0,0,0,6.068409344,0,71.95931956,0
2288,1,3.262347496,0,0,0,0,84,5,1,0,0,0,0.29411166,0
2289,0,0,0,0,0,0,0,0,0,0,6.068409344,0,0,0
2290,0,0,0,0,0,0,0,0,0,0,5.057007786,0,0,0
2291,32,80.74310053,0,0,0,0,0,0,0,0,2.022803115,0,0,0
2292,384,982.7821832,0,0,0,0,0,0,0,0,6.068409344,0,66.32319715,0
2293,330,786.2257466,0,0,0,0,0,0,0,0,6.068409217,0,46.02847408,1.64E-08
2294,671,1659.719289,4,15,15,28,331,13,24,14,2.022803115,0,64.99867693,29.00177952
2295,490,1153.23984,0,14,7,0,297,15,21,0,1.011401544,0,15.0977317,20.001227
2296,0,0,3,51,60,31,2116,72,96,8,4.045606229,0,140.1354609,0
2297,531,1301.676651,0,0,0,0,0,0,0,0,1.944281691,0,26.80889073,35.56591245
2298,273,656.5474336,0,0,0,0,0,0,0,0,0.942531079,0,12.56220185,16.77533628
2299,444,1090.439651,0,0,0,0,0,0,0,0,0,0,27.05827214,36.00220825
2300,8,21.20525872,0,0,0,0,0,0,0,0,0,0,23.62697005,32.00196361
2301,651,1629.542574,0,0,0,0,0,0,0,0,2.022803115,0,64.01830473,20.00122726
2302,455,1101.04228,0,0,0,0,0,68,0,0,2.46E-09,0,21.67860307,24.36286166
2303,450,1065.972044,0,0,0,0,0,0,0,0,1.05E-08,0,18.97523881,24.80187385
2304,560,1485.999284,8,14,17,2,329,25,12,13,0,0,31.55705755,39.16594797
2305,1060,2892.886642,11,40,17,86,521,80,25,39,0.048266606,0,71.35036185,68.88709112
2306,747,1829.361358,8,22,35,6,197,82,17,29,0.099125296,0,60.59858716,54.78245971
2307,540,1340.009234,0,0,0,0,0,0,0,0,0,0,24.55832364,33.00202497
2308,32,86.45220865,0,4,6,0,57,20,3,0,0,0,23.57795144,26.00159543
2309,549,1358.767732,0,0,0,0,0,0,0,0,0,0,24.50930503,33.00202497
2310,394,1031.717396,11,18,7,29,79,4,6,10,0,0,26.91121685,26.00159536
2311,323,902.0390827,21,17,11,4,467,45,19,4,0,0,27.41454542,20.67600653
2312,563,1531.672149,0,0,0,0,0,0,0,0,1.0114015,0,27.59747589,37.00226832
2313,1205,3112.279511,0,0,0,0,0,0,0,0,0,0,32.00915237,43.0026386
2314,327,1089.624064,27,88,20,61,595,45,21,27,0,0,57.93999708,21.00128862
2315,266,862.0753259,2,7,8,13,373,156,19,15,0,0,52.45031986,17.00104317
2316,589,1773.085864,0,0,0,0,0,0,0,0,0,0,24.55832364,33.00202497
2317,553,1568.373559,0,0,0,0,0,39,0,0,0,0,28.92097993,36.00220906
2318,768,2253.466533,0,0,0,0,0,0,0,0,0,0,37.40119947,50.00306814
2319,606,1690.71159,0,0,0,0,0,0,0,0,0,0,29.80331491,40.00245451
2320,6,8.971455614,0,0,0,0,0,0,0,0,0,0,0,0
2321,22,53.01314681,0,1,7,1,37,2,1,0,4.045606229,0,3.529339924,1.000061363
2322,2,4.07793437,0,0,0,0,0,0,0,0,7.079810901,0,0.09803722,0
2323,0,0,0,0,0,0,0,0,0,0,6.068409344,0,0.09803722,0
2324,64,152.5147454,0,0,0,0,0,0,0,0,2.022803115,0,0.588223321,1.000061363
2325,421,1064.340871,0,0,0,0,0,0,0,0,7.079810901,0,62.00955946,0
2326,416,1002.356268,2,4,8,2,143,10,9,1,9.018850907,0,147.8489133,2.435843362
2327,5,12.23380311,0,0,0,0,0,0,0,0,3.034205025,0,0.245093044,0
2328,2,4.893521244,0,0,0,0,0,0,0,0,9.102613376,0,0.739522092,0.858026237
2329,5,13.04938998,0,0,0,0,0,0,0,0,3.034204672,0,2.745042163,4.000245451
2330,98,234.8890197,0,0,0,0,0,0,0,0,5.057007786,0,125.1566153,11.00067499
2331,303,714.4541017,0,0,1,0,86,7,3,0,4.957009584,0,138.8303854,4.201225566
2332,49,145.1744636,13,18,32,270,885,91,65,24,6.657466299,0,164.0776382,1.799142611
2333,32,90.53014302,0,0,0,0,0,0,0,0,0,0,15.02196028,20.22774788
2334,204,588.8537231,0,0,0,0,0,0,0,0,0,0,21.66622564,29.00177952
2335,502,1216.040029,0,1,0,18,105,7,3,2,0,0,35.34241785,47.00288405
2336,1345,3158.767963,12,12,21,175,166,37,20,31,1.011401557,0,149.212649,178.0109226
2337,525,1351.42745,0,4,7,0,342,13,6,0,0,0,19.01922068,25.00153405
2338,610,1455.82257,0,2,3,0,71,10,4,0,0,0,41.76385577,51.00312951
2339,37,95.42366426,2,1,4,36,170,19,8,5,3.034204672,0,5.146954056,4.000245451
2340,2346,5499.502292,75,26,41,300,759,116,97,187,1.011401557,0,183.8197877,210.0128862
2341,528,1238.876462,15,4,5,87,189,23,22,24,3.034204672,0,3.529339924,5.000306814
2342,24,61.98460243,0,0,0,0,0,0,0,0,0,0,0,0
2343,0,0,10,3,5,127,254,18,27,17,0,0,20.34272317,0
2344,875,2156.411695,13,32,31,92,934,96,61,50,5.044929868,0,141.458611,39.56673536
2345,422,1115.722844,0,0,0,0,0,0,0,0,1.22E-07,0,20.27869705,27.09950906
2346,262,701.4047117,2,2,4,2,9,153,0,4,0,0,23.28383978,20.00122726
2347,439,1082.283782,0,7,5,6,82,9,6,3,1.011401557,0,34.90125036,47.00288405
2348,488,1288.627261,0,0,0,0,0,0,0,0,3.034204672,0,1.862707182,2.000122726
2349,115,300.9515565,0,0,0,0,0,0,0,0,0,0,5.686158766,8.000490903
2350,27,67.69371054,2,19,9,13,584,17,34,4,4.34982751,0,82.77847601,14.69430183
2351,577,1367.739188,9,14,9,20,262,27,26,19,4.359569094,0,106.1173934,18.20987597
2352,0,0,0,1,0,1,12,1,4,4,1.011401557,0,7.499847338,9.000552266
2353,1365,3268.872191,23,11,10,50,335,29,22,46,1.011401557,0,63.82223029,49.00300678
2354,175,411.8713714,0,0,0,0,0,0,0,0,2.022803115,0,62.98016865,7.00042954
2355,21,53.82873369,4,1,8,7,37,10,9,14,0,0,5.392047106,1.000061363
2356,126,321.3412284,17,16,11,131,432,29,20,43,2.022802862,0,48.47939929,36.00220457
2357,487,1207.068574,8,3,9,109,328,25,23,12,2.022803115,0,111.9094867,55.00337496
2358,671,2441.051514,3,9,6,9,62,130,8,15,0,0,44.75399095,44.00269993
2359,828,2033.258077,47,31,18,119,251,24,44,177,0,0,32.25424524,35.00214751
2360,32,97.87042488,0,0,0,0,0,0,0,0,2.122988297,6.14E-09,2.042360818,2.066164069
2361,0,0,31,12,22,109,465,48,42,56,5.057007786,0,52.10678249,25.00153407
2362,0,0,71,31,41,343,744,96,70,148,4.625413104,0,72.40278521,10.25924609
2363,471,1081.468195,0,0,0,0,0,0,0,0,1.991144984,0,9.939796296,1.575055665
2364,452,1146.715145,0,0,0,0,1,39,0,0,2.739525032,0,15.26899628,18.28445745
2365,28,96.23925114,0,0,0,0,0,0,0,0,2.934019484,4.89E-09,15.31022729,1.934081572
2366,0,0,37,17,17,140,295,57,36,68,1.011401557,0,38.5286275,27.0016568
2367,0,0,27,8,11,162,70,35,16,54,1.474008199,0,45.79609231,21.03259744
2368,258,628.001893,27,12,14,20,182,9,18,61,4.864413615,0,31.07473886,13.80788559
2369,263,751.9710979,0,0,0,0,0,0,0,0,1.499321473,0,10.96668689,13.58183946
2370,475,1835.886053,15,12,16,61,12,52,33,61,4.19E-09,0,25.75871364,31.9882165
2371,1196,3211.78111,0,0,0,0,0,49,0,0,0,0,60.14583454,77.00472494
2372,975,2392.116302,0,0,0,0,0,0,0,0,1.288389086,1.06E-08,54.98114402,73.25173453
2373,768,2035.704838,0,0,0,0,0,0,0,0,0.734414028,1.09E-08,31.34062829,41.7553222
2374,45,109.2886411,16,4,19,46,364,52,30,22,3.034204672,0,92.98932102,5.000306814
2375,10,33.43906184,23,10,14,0,146,31,24,45,1.624633471,0,81.93802481,2.000123193
2376,31,102.7639461,50,10,11,1,120,36,18,103,4.231576318,0,22.88009196,2.019056461
2377,170,626.3707193,25,11,15,27,0,30,22,104,0,0,20.39174178,11.00067499
2378,364,1020.299179,25,0,0,1,1,29,0,14,0,0,21.27407676,24.00147271
2379,335,1257.63496,0,0,0,0,0,0,0,0,0,0,16.42123437,22.00134998
2380,10,29.36112747,105,29,26,226,215,76,47,175,3.034204672,0,55.83219685,0
2381,45,119.8912705,322,101,107,130,836,231,213,623,1.037469343,0,104.2359181,0.125398446
2382,409,1238.060875,0,0,0,0,0,0,0,0,3.303933073,0,22.45187459,24.62349046
2383,303,1110.013736,0,0,0,0,0,0,0,0,5.015684684,0,14.63403534,19.83778848
2384,466,1504.757783,24,0,0,2,55,0,26,2,0,0,28.18570078,31.00190225
2385,266,866.9688471,47,9,2,9,6,41,12,85,0,0,19.46038819,17.00104317
2386,87,236.5201935,0,0,2,0,5,32,1,1,0,0,6.274382087,6.000368177
2387,47,158.2238536,0,0,0,0,7,7,0,0,1.46E-07,0,2.554550162,2.563135165
2388,2,4.07793437,0,0,0,0,0,0,0,0,1.69E-07,0,2.61491439,3.352748095
2389,0,0,0,0,0,0,0,0,0,0,2.89E-11,0,3.75E-10,5.14E-10
2390,94,264.2501472,0,0,0,0,0,0,0,0,1.011401528,0,13.13698711,18.001104
2391,401,1281.286979,0,0,0,0,0,0,0,0,0,0,24.65636083,33.00202494
2392,27,74.21840554,0,0,0,0,0,0,0,0,5.057007786,0,1.617614132,2.000122726
2393,24,73.40281866,0,0,0,0,0,0,0,0,0,0,7.891996219,2.000122726
2394,875,2613.140344,0,0,0,0,0,0,0,0,5.057007786,0,26.76416109,36.00220906
2395,343,1021.114766,0,0,0,0,0,0,0,0,0,0,12.64680139,17.00104317
2396,247,632.0798274,0,0,0,0,0,0,0,0,0,0,8.82334981,12.00073635
2397,36,96.23925114,0,0,0,0,0,0,0,0,0,0,2.843079383,4.000245451
2398,38,104.3951199,0,2,5,1,61,13,7,1,5.057007786,0,10.53900116,2.000122726
2399,294,803.3530709,0,0,0,0,0,0,0,0,0,0,11.37231753,15.00092044
2400,300,812.3245265,0,0,0,0,0,0,0,0,0,0,10.34292672,14.00085908
2401,372,1017.852419,0,0,0,0,0,0,0,0,1.011401557,0,18.72510904,25.00153407
2402,48,123.153618,0,0,0,0,0,0,0,0,0,0,23.52893283,31.00190225
2403,0,0,18,5,12,69,130,43,39,38,2.022803115,0,24.01911893,32.00196361
2404,0,0,5,0,7,0,0,14,15,12,2.991931212,0,42.53538783,8.875153904
2405,543,1610.784076,0,0,0,0,0,0,0,0,3.034204672,0,64.70456527,86.00527721
2406,316,935.4781445,0,0,0,0,0,0,0,0,0,0,21.12702093,28.00171816
2407,372,1139.374863,0,0,0,0,0,0,0,0,0,0,23.52893283,31.00190225
2408,24,83.18986115,0,0,0,0,20,2,0,0,0,0,21.76426286,29.00177952
2409,0,0,0,0,0,0,0,0,0,0,0,0,22.20543035,30.00184089
2410,0,0,0,0,0,0,0,0,0,0,0,0,23.62697005,32.00196361
2411,179,499.9547538,0,0,0,0,0,0,0,0,0,0,21.4701512,29.00177952
2412,288,904.4858433,0,0,0,0,0,0,0,0,0,0,23.52893283,31.00190225
2413,24,72.58723179,0,0,0,0,0,0,0,0,0,0,23.52893283,31.00190225
2414,0,0,0,0,0,0,0,0,0,0,0,0,22.79365368,30.00184089
2415,0,0,0,0,0,0,0,0,0,0,0,0,23.52893283,31.00190225
2416,31,69.32488429,0,0,0,0,0,0,0,0,0,0,45.04810264,60.00368177
2417,683,1844.857509,4,298,5,6,6,18,30,10,1.011401555,0,51.95972652,45.00276121
2418,441,1476.212242,10,15,6,8,60,149,12,39,0,0,35.04830619,28.00171816
2419,588,1870.956289,4,4,6,6,9,16,5,17,0,0,32.00915237,38.00233179
2420,0,0,0,0,0,0,0,0,0,0,26.29644049,0,0,0
2421,0,0,0,0,0,0,0,0,0,0,25.28503893,0,0,0
2422,0,0,0,0,0,0,0,0,0,0,73.83231368,0,0,0
2423,0,0,0,0,0,0,0,0,0,0,68.7753059,0,0,0
2424,1,3.262347496,0,0,0,0,0,0,0,0,20.22803115,0,0.04901861,0
2425,1595,4801.359927,0,0,0,0,0,0,0,0,0,0,73.92006396,99.00607492
2426,638,1656.456941,0,0,0,0,0,0,0,0,0,0,32.6463943,44.00269997
2427,2365,5148.799936,7,3,6,20,4,31,2,11,0,0,125.4386231,163.0100021
2428,1138,3562.483466,29,5,8,21,8,17,10,53,0,0,64.21437917,75.00460222
2429,2112,6067.966343,56,14,20,114,60,66,22,93,0,0,116.0760686,138.0084681
2430,0,0,0,0,2,0,36,0,0,0,0,0,1.862707182,0
2431,651,1684.186895,30,16,33,125,104,35,12,78,0,0,42.64619075,32.00196361
2432,180,515.4509044,0,0,0,0,0,0,0,0,0,0,8.82334981,12.00073635
2433,980,2737.109549,0,0,0,0,0,0,0,0,0,0,48.82253561,65.00398859
2434,1783,5095.786789,0,0,0,0,0,0,0,0,0,0,88.13546088,118.0072408
2435,1712,4413.956162,129,29,27,192,42,79,25,239,0,0,119.6544271,112.0068726
2436,836,2061.803618,25,4,7,29,21,11,6,26,0,0,42.79324658,49.00300678
2437,1048,2487.539966,0,0,0,0,0,0,0,0,0,0,51.86168944,69.00423404
2438,636,1710.285675,18,13,22,16,74,57,8,35,0,0,36.66592032,36.00220906
2439,1063,2598.459781,32,7,11,9,44,27,15,49,0,0,81.07678103,60.00368177
2440,888,2526.688136,6,6,7,4,90,6,4,14,0,0,96.84185809,47.00288405
2441,1484,3987.404227,0,0,0,0,0,0,0,0,0,0,73.33184064,98.00601356
2442,673,1984.322865,11,9,15,32,50,62,9,33,0,0,40.68544635,44.00269997
2443,921,2259.175641,20,6,18,10,47,44,6,56,0,0,52.614788,55.50677407
2444,629,1818.758729,0,0,0,0,0,0,0,0,0,0,27.56727989,36.60183671
2445,1126,2938.559507,52,17,21,72,94,104,16,89,0,0,74.85141755,74.00454085
2446,545,1584.685296,0,0,0,0,22,2,0,5,0,0,28.08766356,36.00220906
2447,402,980.3354226,0,0,0,0,0,0,0,0,0,0,25.47185796,32.49862606
2448,566,1780.426146,0,0,0,0,0,0,0,0,0,0,31.05897759,41.4029494
2449,440,1516.991586,60,12,13,1,31,17,10,79,0,0,41.02857662,29.00177952
2450,354,1028.455048,30,4,7,4,24,42,9,78,0,0,26.8131797,23.00141135
2451,407,1043.135612,54,9,18,45,25,19,15,122,0,0,28.7739241,20.00122726
2452,873,2267.33151,21,1,4,0,0,10,5,34,0,0,42.45011631,57.00349768
2453,433,1104.304627,61,11,14,0,0,80,17,107,0,0,31.81307793,27.0016568
2454,9,20.38967185,0,0,0,0,0,0,0,0,0,0,0.44116749,1.000061363
2455,161,407.793437,3,2,13,0,0,37,5,15,2.382160458,0,10.84767332,8.132336865
2456,204,505.6638619,60,24,14,21,64,24,22,124,2.674847356,0,22.73007465,15.86913593
2457,781,2486.724379,19,8,4,12,10,5,6,26,0,0,50.1950567,62.0038045
2458,513,1610.784076,0,0,0,0,0,59,0,0,0,0,36.51886449,45.00276133
2459,426,1024.377114,0,0,0,0,0,0,0,0,0,0,20.88192788,28.00171816
2460,171,434.7078039,0,0,0,0,0,0,0,0,8.19023423,0,11.78914238,14.32732753
2461,195,546.4432056,43,12,9,32,9,23,6,78,3.946584435,0,12.08292148,11.67426892
2462,511,1310.648107,0,0,0,0,0,0,0,0,1.011401557,0,28.43079383,38.00233179
2463,1369,3843.860937,0,0,0,0,0,0,0,0,1.011401557,0,62.64578365,84.00515448
2464,303,849.0259359,230,58,46,23,0,150,123,459,1.011401557,0,20.39174178,27.0016568
2465,1031,2967.920635,0,0,0,0,0,42,0,0,0,0,52.59696859,68.00417268
2466,459,1540.643605,1,6,3,2,11,9,4,5,0,0,24.50930503,30.00184089
2467,1385,4741.006499,0,0,0,0,0,49,0,0,0,0,70.29268605,91.00558302
2468,1066,3069.053407,25,3,11,0,0,54,12,66,1.011401552,0,56.12630843,72.00441803
2469,917,2617.218279,14,5,8,0,0,39,13,28,1.011401557,0,35.04830619,47.00288405
2470,2005,5634.889713,0,0,0,0,0,0,0,0,7.079810591,0,17.89179188,24.00147166
2471,606,1609.968489,12,79,3,10,99,59,54,82,0,0,48.62646117,40.00245451
2472,494,1694.789524,56,4,2,19,6,6,4,102,0,0,33.57774789,32.00196361
2473,737,2566.651893,0,0,0,0,0,0,0,0,0,0,36.12671561,48.00294542
2474,237,682.6462136,192,81,83,9,0,176,152,664,2.022803115,0,55.5871038,39.00239315
2475,949,2697.961379,64,23,34,0,0,71,94,271,4.354414619,0,11.42917042,15.61161272
2476,48,114.1821624,157,63,80,0,0,134,160,477,2.725396595,0,3.962673941,5.389676953
2477,558,1884.821266,13,3,1,1,4,6,3,48,0,0,31.27387321,37.00227043
2478,160,527.6847075,43,12,14,0,13,96,13,172,2.022803115,0,25.68575167,10.00061363
2479,510,1587.947644,24,6,3,14,1,21,11,38,0,0,29.50920325,33.00202497
2480,743,2464.703533,264,152,32,27,15,97,125,327,0,0,83.8708418,49.00300678
2481,1103,3289.261863,0,0,0,0,0,0,0,0,0,0,60.68503925,72.00441813
2482,723,2200.453386,17,1,9,0,0,24,6,31,0,0,35.44045507,47.00288405
2483,197,650.0227386,0,0,0,0,0,410,0,0,0,0,29.70527769,13.00079772
2484,6,16.31173748,18,12,23,0,0,268,72,68,2.022803112,0,16.27417852,0
2485,652,1701.314219,4,1,4,0,0,4,3,14,0,0,34.21498982,44.00269997
2486,1114,3219.936979,0,0,0,0,0,0,0,0,0,0,54.55771299,73.00447949
2487,950,2936.928333,101,34,23,31,110,26,99,217,1.011401557,0,73.57693369,62.0038045
2488,848,2255.913294,6,4,7,0,19,24,10,18,0,0,45.88141901,56.00343632
2489,782,1880.743332,0,0,0,0,0,0,0,0,0,0,37.45021808,50.00306814
2490,387,1246.216744,0,0,0,0,0,0,0,0,0,0,18.82314626,25.00153407
2491,329,1101.857867,0,0,0,0,0,0,0,0,0,0,16.12712174,22.00134866
2492,235,759.3113797,0,0,0,0,0,0,0,0,0.580689462,0,44.94036446,23.54132167
2493,125,403.7155026,35,4,8,1,15,51,26,178,0.743162691,0,22.90753742,17.63592213
2494,233,628.001893,1,0,0,0,0,0,0,1,1.011401557,0,19.26431375,15.00092044
2495,1346,3869.14413,16,9,11,10,1,47,15,49,0,0,78.87094358,95.00582947
2496,294,773.9919435,97,11,34,0,1,100,87,176,1.011401557,0,30.29350101,19.00116589
2497,470,1277.209045,0,0,0,0,0,0,0,0,0.468358686,0,24.31114569,27.78643702
2498,435,1288.627261,52,13,9,0,0,12,31,121,0.543042869,0,28.18778579,32.21724492
2499,656,1988.400799,0,0,0,0,0,0,0,0,0.698950961,0,41.6017083,23.82674593
2500,0,0,332,77,217,183,35,316,374,710,0,0,89.94914945,0
2501,0,0,168,47,84,0,0,234,281,380,0,0,13.57815444,0
2502,1976,5731.944551,77,32,68,0,0,111,51,183,0,0,120.5367621,127.0077931
2503,1810,5026.461905,0,0,0,0,0,0,0,0,0,0,74.47638366,97.31174119
2504,753,1973.720235,5,1,5,0,0,19,7,6,1.011401557,0,51.64850044,68.69844489
2505,1192,3588.582246,21,7,5,0,7,16,8,76,2.022803115,0,64.4039545,77.01781805
2506,256,772.3607697,45,10,12,0,3,45,23,91,1.011401574,0,26.54271469,16.00098189
2507,151,440.416912,185,252,55,3,39,131,156,844,2.022803042,0,99.65483066,10.00061327
2508,533,1463.978439,431,81,30,0,89,81,71,561,2.022803117,0,92.00793119,35.00214784
2509,109,321.3412284,577,446,26,1,55,79,55,781,0,0,104.6547305,7.000429406
2510,553,1429.72379,108,32,28,1,20,102,116,358,0,0,66.16546234,35.0021477
2511,622,1580.607362,116,254,17,27,82,350,213,464,0,0,105.0468813,41.00251588
2512,3,9.787042488,540,108,42,1,72,92,99,588,5.61E-08,0,75.46501641,2.78E-07
2513,493,1304.123412,214,268,50,22,19,71,120,326,0.082015947,0,59.85101713,34.73320225
2514,907,2885.54636,12,2,2,3,15,7,5,41,0,0,49.05867892,59.26869911
2515,207,636.1577617,5,32,7,1,2,90,152,112,0,0,29.85233268,14.00085869
2516,867,1952.514976,63,50,26,10,1,27,41,193,0.929385618,0,54.70547551,55.27232091
2517,755,1739.646802,67,18,8,0,4,36,32,123,3.034204665,0,44.8520281,49.00300667
2518,564,1660.534876,0,0,0,0,0,0,0,0,0,0,27.80005048,36.9891766
2519,1163,3656.275956,41,18,39,12,47,70,33,116,0,0,81.47788031,75.73958576
2520,1762,4532.216259,97,16,42,1,15,57,48,314,0,0,114.1153242,115.0070567
2521,1004,2682.465229,0,0,0,0,0,0,0,0,6.068409344,0,48.2833309,64.00392722
2522,386,1292.705195,36,7,8,2,2,29,22,59,3.034204672,0,24.65636086,25.00153407
2523,1154,2428.817711,60,17,13,3,16,31,37,184,0,0,67.10647716,75.00460222
2524,434,953.4210557,131,35,114,6,6,108,98,306,1.011401557,0,64.26339778,28.00171816
2525,339,879.2026502,84,14,13,1,10,66,75,195,2.022803115,0,36.42082727,22.00134998
2526,0,0,216,22,190,13,19,59,83,413,3.034204672,0,46.22454928,0
2527,571,1467.240786,72,24,27,0,0,44,65,231,1.011401557,0,107.2638049,37.00227043
2528,96,204.7123054,118,103,18,3,22,115,74,368,0,0,41.22465106,6.000368177
2529,3,8.15586874,80,111,34,3,0,154,566,678,0,0,132.9986769,0
2530,892,1998.187841,0,0,0,0,0,0,0,0,1.011401557,0,43.28343268,58.00355905
2531,0,0,195,9,222,8,48,42,51,221,5.057007786,0,39.31292526,0
2532,0,0,0,0,0,0,0,0,0,0,0,0,0,0
2533,0,0,94,19,27,0,31,178,43,304,0,0,34.21498982,0
2534,713,1994.925494,0,0,0,0,0,0,0,0,2.022803115,0,34.31302704,46.00282269
2535,455,1254.372612,39,20,13,4,0,153,127,255,0,0,52.1558011,30.00184089
2536,0,0,262,65,85,1,82,596,130,904,1.92E-09,0,104.6057135,1.38E-08
2537,256,793.5660284,8,2,6,0,0,9,5,7,1.011401557,0,14.01932248,16.00098181
2538,289,925.691102,13,8,9,0,0,40,14,20,0,0,18.28394155,18.00110453
2539,151,445.3104332,20,12,15,1,0,64,22,50,0,0,16.66632742,10.00061363
2540,479,1189.941249,31,11,10,2,25,113,52,105,1.011401557,0,72.54815353,31.00190225
2541,274,995.8315732,0,0,1,0,0,48,0,0,0,0,15.83301105,18.00110453
2542,312,765.0204878,3,2,2,0,0,3,3,12,0,0,66.66632742,21.00128862
2543,360,969.7327932,163,23,208,94,49,96,155,471,0,287.884058,72.10637539,23.00141135
2544,424,1180.154207,4,0,0,2,1,2,2,18,0,0,22.20543035,28.00171816
2545,11,26.09877997,14,12,12,0,0,304,42,62,0,0,19.65646263,2.000122726
2546,231,667.9656498,158,57,61,1,0,111,248,385,2.022803115,0,43.43048851,15.00092044
2547,0,0,116,72,30,0,20,86,137,434,0,0,92.72480372,0
2548,25,59.5378418,51,12,11,4,176,58,113,216,0,0,33.03854318,2.000122726
2549,1319,3122.882141,68,51,33,1,872,134,130,1036,0,0,132.497303,16.00098181
2550,0,0,400,109,71,138,1055,452,808,1890,0,0,237.0539982,0
2551,0,0,28,10,8,3,358,36,76,140,0,0,32.25424542,0
2552,210,544.8120319,100,200,33,219,121,139,248,459,0,0,98.82151787,1.000061363
2553,67,172.9044173,29,56,49,0,2955,8,50,1349,0,0,224.7013085,1.000061363
2554,147,410.2401976,53,9,14,4,38,77,119,226,0,0,33.43069206,10.00061363
2555,330,936.2937314,117,154,26,13,284,122,267,471,0,0,88.08644227,22.00134998
2556,0,0,108,277,6,8,239,40,119,202,0,0,48.57744256,0
2557,665,1884.821266,339,37,77,77,478,79,205,303,0,0,107.5958491,44.00269997
2558,3,8.971455614,104,21,67,0,1,233,369,184,0,0,18.43099738,0
2559,712,1910.920046,40,13,6,0,0,12,14,79,0,0,42.49913492,47.00288405
2560,427,1244.58557,140,48,38,0,0,52,128,261,4.045606229,0,47.84216341,29.00177952
2561,339,917.5352333,0,0,0,0,0,0,0,0,3.034204672,0,16.61730881,22.00134998
2562,334,896.3299746,0,0,0,0,0,0,0,0,4.045606229,0,16.42123437,22.00134998
2563,306,875.1247158,0,0,0,0,0,0,0,0,1.011401381,0,15.04871066,20.00122377
2564,333,907.7481908,0,0,0,0,0,0,0,0,1.292125519,0,17.25296389,22.99747913
2565,492,1554.508582,88,15,24,0,0,47,58,177,2.022802939,0,41.76385214,32.00196084
2566,57,175.3511779,73,14,150,382,129,82,48,138,5.057007786,0,54.1165455,3.000184089
2567,227,600.2719393,0,0,0,0,0,0,0,0,0.731307103,0,9.781048937,13.03112344
2568,627,1750.249432,60,15,19,44,2,36,38,142,1.035667525,0,37.57845826,39.40367931
2569,45,128.0471392,0,0,62,165,118,2,1,2,2.022803115,0,19.65646263,3.000184089
2570,587,1722.519478,131,9,41,201,377,166,105,594,2.022803115,0,104.4096394,38.00233179
2571,1,2.446760622,363,19,218,202,353,56,93,213,0,0,73.57693369,0
2572,400,1226.642659,14,6,6,0,0,16,13,18,7.079810901,0,26.86219831,26.00159543
2573,1766,5153.693457,200,53,51,1,11,163,156,399,3.034204672,0,112.3996729,115.0070567
2574,545,1738.831215,0,0,0,0,0,0,0,0,0,0,63.97986333,35.0021477
2575,263,797.6439628,34,29,33,0,0,144,54,103,3.034204672,0,31.42092904,16.00098181
2576,458,1362.03008,95,21,8,0,0,22,27,116,0,0,32.45031986,30.00184089
2577,340,1240.507635,0,0,0,0,0,0,0,0,0,0,16.61730881,22.00134998
2578,420,1119.800778,55,22,18,0,0,30,29,135,1.011401543,0,29.36214701,27.00165641
2579,821,2198.006626,5,4,6,0,14,25,18,16,1.27E-07,0,42.26067555,49.63386321
2580,604,1559.402103,0,0,0,0,0,0,0,0,6.77E-08,0,21.13993019,24.82819755
2581,634,1720.072717,1,0,0,0,0,0,0,0,0.339660764,0,27.722018,32.241827
2582,267,770.729596,0,0,0,0,0,0,0,0,0.488360747,0,39.85842994,46.35696452
2583,846,2382.329259,10,2,4,8,11,3,7,33,0.986506241,0,50.73828835,56.57582053
2584,660,1820.389903,151,58,22,0,0,150,330,306,6.85E-09,0,27.63859809,32.46068065
2585,855,2058.54127,0,0,0,0,0,0,0,0,3.53E-08,0,14.54702488,17.08495525
2586,670,1750.249432,0,0,0,0,0,0,0,0,0.183380017,0,14.96688673,17.407094
2587,271,734.0281866,154,52,19,1,1,365,426,379,0,0,26.32285908,18.00102661
2588,572,1354.689798,0,0,0,0,0,0,0,0,0,0,9.264517076,12.00073606
2589,671,2405.165692,0,0,0,0,0,0,0,0,4.045606229,0,32.84246874,44.00269997
2590,293,840.0544803,224,51,46,0,0,124,133,451,1.011401557,0,38.23451584,19.00116589
2591,60,199.8187841,0,0,0,0,0,31,0,0,0,0,4.411674905,4.000245451
2592,167,539.1029237,3,2,1,0,2,3,71,9,0,0,12.45072695,11.00067499
2593,296,1057.000589,12,3,49,1,0,4,1,13,0,0,18.5290346,19.00116589
2594,276,877.5714765,6,1,1,1,1,1,2,13,0,0,13.97030387,17.00104317
2595,224,619.8460243,28,9,3,0,0,23,16,69,1.011401557,0,10.93115004,15.00092044
2596,608,1571.635906,153,191,2,6,99,169,500,968,0,0,132.497303,40.00245451
2597,514,1353.874211,0,0,0,0,0,0,0,0,0,0,26.07790055,33.00202497
2598,474,1481.105763,23,4,3,0,0,45,5,37,0,0,27.10729136,31.00190225
2599,274,672.8591711,19,14,3,0,10,48,16,26,0,0,23.72500727,17.00104317
2600,290,707.1138198,98,23,3,1,17,22,62,207,0,0,50.34211253,14.00085908
2601,414,1056.185002,133,11,339,35,108,84,91,360,0,0,78.03772898,25.00153407
2602,17,42.41051745,196,142,12,5,69,58,221,363,0,0,53.18519191,1.000061363
2603,53,168.0108961,191,81,164,37,124,62,171,568,0,0,115.5673742,3.000184089
2604,319,827.0050903,98,18,21,7,17,48,103,273,0,0,40.34231607,23.00141135
2605,381,1220.117964,8,1,3,2,13,7,7,35,2.022803115,0,22.4505234,25.00153407
2606,203,631.2642405,35,23,4,8,2,89,4,36,0,0,20.29370456,13.00079772
2607,192,552.1523137,13,0,25,0,3,1,2,16,0,0,12.15661529,13.00079772
2608,164,424.9207614,108,11,28,0,11,50,67,285,0,0,28.13668217,11.00067499
2609,290,737.2905341,51,66,35,0,29,296,93,572,0,0,72.00833817,17.00104317
2610,298,738.106121,17,7,18,99,57,206,44,83,0,0,45.39123291,17.00104317
2611,117,321.3412284,104,107,37,2,47,267,102,356,0,0,54.01850828,7.00042954
2612,236,744.630816,0,0,0,0,0,73,0,0,0,0,14.65656441,14.00085908
2613,252,813.9557003,0,0,0,0,0,48,0,0,0,0,14.6075458,16.00098181
2614,153,349.886769,31,5,23,0,14,64,12,97,0,0,19.55842541,10.00061363
2615,423,1113.276083,9,1,10,2,4,25,5,36,0,0,24.41126781,27.0016568
2616,360,996.6471601,88,14,86,3,243,175,58,247,0,0,92.84134922,20.00122726
2617,529,1497.417501,0,0,3,0,0,0,0,0,0,0,25.04850974,33.00202497
2618,268,615.7680899,327,80,43,434,1306,267,511,874,1.011401557,0,203.2412256,18.00110453
2619,685,1608.337316,35,1,56,2,9,6,8,76,0,0,17.94081128,4.000245451
2620,340,895.5143877,0,0,0,0,0,0,0,0,0,0,16.61730881,22.00134998
2621,321,1058.631762,0,0,0,0,0,0,0,0,0,71.97101449,14.95067607,20.00122726
2622,348,1089.624064,8,8,3,0,0,19,10,22,0,0,20.58781622,23.00141135
2623,892,2146.624652,44,11,16,0,137,53,746,210,0,0,92.10596829,37.00227043
2624,648,1620.571119,0,0,0,0,0,0,0,0,0,0,31.81307793,42.00257724
2625,352,1191.572423,22,13,10,0,14,38,38,128,0,0,29.80331491,23.00141135
2626,467,1618.124358,2,0,0,0,38,34,1,47,0,0,28.96999854,31.00190225
2627,144,446.941607,0,0,0,0,0,147,0,0,0,0,21.65656441,10.00061363
2628,294,867.784434,0,0,0,0,0,0,0,0,0,11.07246377,14.36245275,19.00116589
2629,0,0,160,349,64,3,38,207,323,724,0,0,88.07678103,0
2630,0,0,462,150,88,75,1111,397,842,1701,0,0,232.2011558,0
2631,0,0,166,248,34,8,203,152,362,903,0,0,97.44899679,0
2632,169,571.7263987,4,0,0,51,12,1,0,153,0,0,18.97020209,11.00067499
2633,381,1323.697497,14,9,3,8,14,7,84,35,0,0,27.15630997,25.00153407
2634,342,734.8437735,0,0,0,0,0,0,0,0,0,0,20.63683483,22.00134998
2635,162,481.1962557,58,7,9,0,34,100,108,204,0,0,40.69541291,11.00067499
2636,127,364.5673327,439,138,29,1,71,94,206,571,0,0,80.19444605,8.000490903
2637,0,0,145,297,52,6,1448,138,286,561,0,0,141.7128017,0
2638,0,0,705,230,46,4,80,144,187,886,0,0,110.5859843,0
2639,2,4.893521244,351,417,17,14,56,94,107,321,0,0,68.47899825,0
2640,281,683.4618004,327,90,69,19,1476,249,496,899,0,0,192.7411747,19.00116589
2641,869,2116.447938,57,21,42,0,0,76,107,231,0,0,72.40048705,57.00349768
2642,719,1751.880605,13,9,14,0,4,39,30,82,0,0,44.75399098,47.00288405
2643,150,358.0426377,56,19,17,0,0,160,38,116,1.011401557,0,30.09742657,8.000490903
2644,361,858.8129784,138,43,29,0,0,42,122,274,0,0,25.24458418,34.00208634
2645,0,0,0,0,1138,5,0,0,0,0,0,0,56.12630851,0
2646,0,0,262,38,21,4,531,66,83,849,0,0,82.84145099,0
2647,639,1689.896003,0,0,0,0,0,0,0,0,0,0,31.37191043,42.00257724
2648,303,714.4541017,65,2,4,0,11,63,31,28,0,0,24.8524353,20.00122726
2649,126,300.1359696,0,0,0,0,0,0,0,0,0,0,6.127326257,8.000490903
2650,449,1083.099369,155,58,77,0,1,132,233,399,0,0,53.67537801,30.00184089
2651,236,625.5551324,1,3,1,0,0,6,8,13,0,0,19.80351846,15.00092044
2652,505,1240.507635,0,0,0,0,0,34,0,0,0,0,26.3229936,33.00202497
2653,511,1349.796277,123,24,146,2,15,73,102,283,0,0,53.28322913,35.0021477
2654,1843,5091.708855,0,0,0,0,0,0,0,0,0,0,90.48835416,121.0074249
2655,483,1255.188199,0,0,0,0,0,0,0,0,1.011401557,0,23.72500727,32.00196361
2656,1139,3290.07745,42,23,27,0,0,68,52,90,0,0,69.90053794,74.00454085
2657,114,246.307236,292,147,6,86,23,28,15,222,0,0,45.8324004,7.00042954
2658,581,1362.845667,29,1,11,86,14,113,29,76,0,0,45.93043762,38.00233179
2659,138,327.8659234,115,12,12,378,80,86,77,308,0,0,59.9497601,9.000552266
2660,710,1896.239482,67,258,13,25,311,50,201,123,0,0,86.86097702,46.00282269
2661,434,984.413357,231,472,165,56,84,103,214,552,0,0,117.5956455,25.00153407
2662,0,0,1009,286,35,16,77,117,134,933,0,0,128.2326839,0
2663,142,279.7462978,714,562,17,2,94,48,60,309,0,0,92.44909856,9.000552266
2664,592,1242.954396,236,209,43,184,182,108,171,661,0,0,116.5662547,39.00239315
2665,17,35.88582246,276,26,22,494,142,257,207,428,0,0,91.81185663,1.000061363
2666,211,387.4037652,159,125,87,135,50,19,86,265,0,0,54.01850828,14.00085908
2667,574,1418.305574,7,0,0,0,11,23,109,25,0,0,48.71493893,38.00233179
2668,384,919.9819939,30,4,24,171,24,90,117,151,0,0,51.87155422,25.00153407
2669,555,1765.745582,103,72,9,1,20,28,112,282,0,0,57.74392264,36.00220906
2670,624,1547.983887,4,1,20,2,3,386,4,297,0,0,74.8319933,41.00251588
2671,710,2004.712536,9,2,2,69,21,12,21,36,0,0,45.64619075,46.00282269
2672,432,1099.411106,29,7,6,1,25,70,47,266,0,0,42.69520936,27.0016568
2673,458,1521.06952,691,282,52,20,239,104,219,663,0,0,130.8796888,30.00184089
2674,638,1916.629154,2,1,0,0,0,6,3,9,0,0,32.25424542,41.00251588
2675,315,866.9688471,0,0,0,0,0,0,0,0,0,0,15.29380634,20.00122726
2676,419,1192.38801,0,0,0,0,0,0,0,0,0,0,20.09763012,27.0016568
2677,523,1534.934497,1,0,0,3,6,1,0,98,0,0,29.99938935,33.00202497
2678,298,831.8986115,0,0,0,0,0,48,0,0,0,0,16.86240186,19.00116589
2679,291,741.3684685,0,0,0,0,0,96,0,0,0,0,18.38197877,18.00110453
2680,294,902.0390827,0,0,0,0,0,0,0,0,0,0,14.50950858,19.00116589
2681,499,1636.067269,0,0,0,0,0,0,0,0,2.022803115,0,24.21519337,32.00196361
2682,390,1172.813925,16,2,4,1,0,213,5,30,0,0,30.19546379,25.00153407
2683,243,779.7010516,0,0,0,0,0,0,0,0,0,0,11.12722448,15.00092044
2684,343,770.729596,0,0,0,0,0,0,0,0,0,0,16.76436464,22.00134998
2685,399,1137.743689,0,0,0,0,0,0,0,0,0,0,18.57805321,25.00153407
2686,515,1684.186895,0,0,0,0,0,0,0,0,0,0,24.31323059,32.00196361
2687,410,1242.954396,0,0,0,0,0,35,0,0,0,0,21.12702093,26.00159543
2688,426,1280.471392,0,0,0,0,0,0,0,0,0,0,25.77412765,25.00153407
2689,182,526.0535338,0,0,0,0,0,0,0,0,0,0,8.186107879,11.00067499
2690,366,1076.574674,0,0,0,0,0,61,0,0,1.011401557,0,20.63683483,24.00147271
2691,232,634.526588,13,1,1,28,4,4,3,42,0,0,15.98006688,15.00092044
2692,727,1958.224085,0,44,1,0,1,122,2,4,0,0,44.16576766,48.00294542
2693,639,1712.732435,60,114,12,92,173,123,130,113,0,0,70.83189153,41.00251588
2694,444,1391.391207,0,1,7,1,45,4,10,18,0,0,24.90145391,28.00171816
2695,521,1418.305574,0,0,0,0,0,0,0,0,0,0,24.90145391,33.00202497
2696,272,919.166407,297,56,20,42,349,53,72,131,0,0,63.13596975,17.00104317
2697,440,1409.334118,0,0,0,0,0,0,0,0,0,0,21.56818842,29.00177952
2698,382,1115.722844,0,1,13,1,17,48,1,23,0,0,23.82304449,25.00153407
2699,409,1383.235338,0,0,0,0,0,0,0,0,0,0,19.65646263,26.00159543
2700,303,897.9611483,4,0,0,0,12,36,2,15,0,0,17.15651352,18.00110453
2701,344,882.4649977,6,0,0,7,9,22,3,27,0,0,19.26431375,21.00128862
2702,613,1567.557972,38,20,6,21,6,188,16,141,0,0,57.98901569,39.00239315
2703,246,679.3838661,26,49,2,107,54,23,50,257,0,0,39.95016719,16.00098181
2704,229,827.8206771,0,0,0,0,0,0,0,0,0,0,11.2252617,15.00092044
2705,343,1090.439651,0,0,0,0,31,2,0,55,0,0,21.12702093,22.00134998
2706,181,551.3367268,0,0,0,0,0,0,0,0,0,0,8.7743312,12.00073635
2707,429,1155.686601,69,30,2,27,14,11,55,179,0,0,37.84236696,25.00153407
2708,176,524.42236,16,0,0,2,0,0,1,39,0,0,11.47035475,12.00073635
2709,87,267.5124947,0,0,0,0,0,0,0,0,0,0,4.264619075,6.000368177
2710,140,413.5025451,0,0,1,0,5,4,2,2,1.011401557,0,7.548865948,9.000552266
2711,622,1686.633655,26,0,37,39,76,40,31,59,0,0,51.44025152,40.00245451
2712,138,393.1128733,0,0,0,0,0,0,0,0,0,0,6.470456527,9.000552266
2713,313,853.9194571,58,28,68,147,113,122,147,221,2.022803115,0,58.72429485,20.00122726
2714,211,503.2171013,0,0,0,0,0,0,0,0,0,0,10.34292672,14.00085908
2715,255,618.2148505,0,0,0,0,0,0,0,0,0,0,12.49974556,17.00104317
2716,401,1149.161906,0,0,2,0,116,14,3,11,0,0,26.86219831,26.00159543
2717,190,433.0766301,20,4,20,57,399,122,92,53,0,0,45.58730735,11.00067499
2718,304,719.3476229,0,0,0,1,28,46,0,4,0,0,17.64669962,18.00110453
2719,1515,4460.444614,195,51,42,9,0,82,130,400,0,0,117.3015339,99.00607492
2720,1223,4059.991459,6,9,10,0,13,29,15,17,1.011401557,0,64.06732334,79.00484767
2721,450,1573.26708,0,0,0,0,0,0,0,0,0,0,22.05837452,29.00177952
2722,421,1049.660307,0,0,0,0,0,0,0,0,0,0,20.58781622,27.0016568
2723,434,1154.871014,0,1,61,3,215,13,0,34,0,0,36.42082727,27.0016568
2724,252,783.7789859,0,0,0,0,0,0,0,0,0,0,12.35268973,16.00098181
2725,379,1112.460496,0,0,0,0,0,0,0,0,0,0,18.57805321,25.00153407
2726,0,0,0,0,130,41,18,0,1,14,1.011401557,0,9.999796451,0
2727,149,376.8011358,454,81,108,956,540,177,284,1154,5.057007786,0,173.3298052,12.00073635
2728,0,0,471,39,1042,212,181,238,129,632,2.022803115,343.2463768,133.9678613,0
2729,0,0,303,29,325,497,1228,23,32,940,2.022803115,0,165.2907531,0
2730,0,0,321,18,12,6,708,44,55,177,0,0,65.93003052,0
2731,586,1604.259381,2,0,1,16,11,0,0,6,0,0,31.81307793,36.00220906
2732,9,18.7584981,77,7,881,164,41,84,47,176,1.011401557,0,70.78287292,1.000061363
2733,264,651.6539124,58,7,449,116,18,65,37,165,0,0,72.6455801,9.000552266
2734,276,641.8668699,0,0,0,0,0,0,0,0,0,0,12.84287583,17.00104317
2735,289,822.9271559,16,25,3,30,15,9,11,88,0,0,25.78378889,18.00110453
2736,355,733.2125998,179,44,49,100,71,167,357,546,0,0,96.12569787,23.00141135
2737,70,188.4005679,41,63,0,7,5,165,4,197,0,0,26.76416109,4.000245451
2738,352,944.4496001,118,66,12,1,39,151,122,533,0,0,70.2339052,19.00116589
2739,322,992.5692257,4,1,0,0,9,108,5,41,1.011401557,0,23.72500727,21.00128862
2740,489,1338.37806,0,0,0,0,0,0,0,0,0,0,22.79365368,30.00184089
2741,0,0,249,152,57,438,378,137,293,777,1.011401557,0,191.5759159,0
2742,92,250.3851703,72,17,76,180,41,33,40,605,0,0,55.44004797,6.000368177
2743,377,957.4989901,24,19,12,0,13,29,54,121,1.011401557,0,22.00935591,24.00147271
2744,126,298.5047959,520,121,93,265,72,98,86,716,0,0,110.9291146,8.000490903
2745,248,696.5111904,54,22,11,47,78,116,107,282,0,0,42.94030241,17.00104317
2746,518,1481.92135,0,0,0,5,6,3,0,14,0,0,32.1562082,32.00196361
2747,497,1415.858813,0,0,0,0,0,0,0,0,0,0,22.30346757,30.00184089
2748,26,66.0625368,176,62,127,415,738,65,145,605,0,0,114.5564917,2.000122726
2749,0,0,129,40,239,129,52,75,212,261,1.011401557,0,53.47930357,0
2750,114,278.115124,337,63,160,596,133,277,302,1090,1.011401557,0,147.4969977,7.00042954
2751,235,583.9602018,139,98,17,72,70,18,55,1266,0,0,95.48835416,16.00098181
2752,813,1900.317416,74,83,3,95,128,46,65,82,0,0,68.13586798,53.00325223
2753,744,2108.292069,24,7,5,36,20,180,21,398,0,0,71.35157021,45.00276133
2754,650,1882.374505,0,0,0,0,0,0,0,0,0,0,30.29350101,40.00245451
2755,371,1036.610917,9,56,213,28,524,75,39,110,0,0,69.06722157,24.00147271
2756,634,1632.804922,190,8,57,175,904,34,40,100,0,0,139.0657967,37.00227043
2757,610,1299.22989,91,36,34,90,150,72,105,279,0,0,65.48886303,41.00251588
2758,269,681.8306267,267,127,49,75,630,110,293,374,0,0,98.03722011,18.00110453
2759,676,1380.788578,1949,3,273,202,118,37,96,132,0,0,170.8788746,44.00269997
2760,725,2026.733382,0,0,0,0,0,0,0,0,0,0,35.19536202,47.00288405
2761,0,0,36,2,153,519,48,9,6,71,0,0,41.37170689,0
2762,183,270.7748422,56,22,5,106,25,35,100,264,0,0,38.96979499,12.00073635
2763,1877,3594.291354,124,373,104,168,1243,196,289,457,0,0,237.1520354,123.0075476
2764,499,963.2080982,63,6,6,18,359,24,29,56,0,0,51.12641029,33.00202497
2765,910,1976.982583,182,57,12,6,266,67,61,172,0,0,84.31200929,60.00368177
2766,657,1332.668952,240,138,22,44,350,63,115,162,0,0,86.17471648,43.0026386
2767,136,197.3720235,33,131,16,73,285,70,81,137,0,0,43.28343268,9.000552266
2768,55,113.3665755,47,3,49,58,238,19,79,105,0,0,32.00915237,4.000245451
2769,402,676.9371054,101,142,21,197,449,269,136,257,0,0,97.10586652,26.00159543
2770,594,1235.614114,69,252,23,12,452,58,205,72,0,0,84.94925122,39.00239315
2771,683,1882.374505,17,3,2,4,87,7,470,218,0,0,79.23380342,45.00276133
2772,506,1295.151956,54,13,14,17,109,85,62,120,0,0,49.97945623,33.00202497
2773,1105,2673.493773,7,12,39,21,254,209,20,15,0,0,89.54733933,72.00441813
2774,527,1314.726041,3,0,1,1,4,112,6,12,0,0,32.59737569,34.00208634
2775,721,1764.929995,0,0,0,0,0,0,33,0,0,0,35.93064117,46.00282269
2776,799,2429.633298,0,0,0,0,0,0,0,0,0,0,36.71493893,49.00300678
2777,521,1398.731489,0,0,0,0,0,148,0,0,0,0,31.91111515,33.00202497
2778,576,1602.628207,0,0,0,0,0,0,0,0,0,0,27.7935519,37.00227043
2779,833,2479.384097,31,1,14,3,113,42,81,100,0,33.2173913,64.55761122,54.00331359
2780,181,495.0612325,36,17,11,10,1330,164,1576,15,0,0,179.721954,12.00073635
2781,394,1136.112516,2,0,1,2,3,5,0,0,0,0,19.95057429,26.00159543
2782,368,994.2003994,0,0,0,0,0,36,0,0,0,0,19.80351846,24.00147271
2783,760,1786.950841,0,0,2,1,27,154,1,46,0,0,46.66571677,47.00288405
2784,478,1323.697497,0,0,0,0,18,3,19,9,0,0,25.29360279,31.00190225
2785,369,1304.123412,0,0,0,0,0,0,0,0,0,0,21.30356935,23.00141135
2786,374,1074.127913,0,0,0,0,0,0,0,0,0,0,19.06823931,22.00134998
2787,437,1184.232141,167,29,48,117,99,298,727,531,0,0,116.4191989,31.00190225
2788,705,2040.598359,1,3,3,5,2,377,3,3,1.011401557,0,53.92047106,46.00282269
2789,596,1522.700694,0,0,1,0,62,96,4,8,0,0,36.96003198,38.00233179
2790,0,0,594,104,584,371,95,236,204,1125,0,0,174.7222594,0
2791,66,155.7770929,312,247,6,0,1,554,1708,1476,3.37E-11,0,276.7465673,16.63605237
2792,1059,2959.764766,17,6,10,0,0,24,18,37,0,0,55.29299214,67.00411131
2793,0,0,647,153,158,0,0,355,468,1098,0,0,130.6836144,0
2794,0,0,262,54,55,1,0,84,166,450,0,0,15.88202966,0
2795,0,0,572,118,178,60,144,250,395,1616,1.011401557,0,147.3009232,0
2796,3009,7084.187588,0,0,0,0,0,0,0,0,0,0,116.395273,144.1967074
2797,3845,9796.829531,0,0,0,0,0,0,0,0,0,0,128.1006073,156.288999
2798,1202,3478.478018,240,131,167,1,0,501,388,907,0,0,170.3897002,0
2799,0,0,315,98,149,0,0,253,286,970,0,0,61.22424396,0
2800,0,0,182,4,678,67,297,39,31,248,0,0,75.83178975,0
2801,446,1048.84472,30,20,11,3,0,62,74,113,0,0,61.19915269,75.81679257
2802,847,1985.954038,60,35,9,0,0,262,291,260,0,0,84.19899898,102.726894
2803,1595,4205.981509,0,0,1,0,0,67,0,0,5.51E-11,0,93.29491855,91.37057473
2804,632,1668.690744,0,0,0,0,0,34,0,0,0,0,32.6463943,41.00251588
2805,862,2012.868405,0,0,0,0,0,9,0,0,0,0,0.44116749,0
2806,625,1471.318721,67,221,40,0,112,108,234,583,0,0,67.79273771,11.00067499
2807,1,1.631173748,200,36,156,464,224,441,236,965,0,0,135.4384196,0
2808,323,878.3870633,3,2,14,0,0,18,6,16,0,0,18.77412765,21.00128862
2809,757,2081.377703,0,0,0,0,0,0,0,0,1.011401557,0,37.10708781,50.00306814
2810,1171,2258.360054,14,2,1,0,0,65,61,139,0,0,71.22404041,77.00472494
2811,496,955.8678164,76,25,30,0,20,52,100,255,0,0,51.86168944,32.00196361
2812,1,1.631173748,231,44,951,104,49,69,84,372,0,0,89.16485169,0
2813,405,1269.053176,0,0,0,0,0,0,0,0,0,0,19.70548124,26.00159543
2814,203,636.1577617,0,0,0,0,0,39,0,0,1.011401557,0,12.25465251,14.00085908
2815,471,1306.570172,26,27,14,14,9,64,44,153,0,0,39.75409275,30.00184089
2816,324,624.7395455,53,32,6,0,10,25,45,131,0,0,30.58761267,21.00128862
2817,0,0,337,71,186,425,361,123,375,863,0,0,134.4580474,0
2818,954,2432.080058,1,0,0,0,0,0,0,269,0,0,59.85172288,62.0038045
2819,2,5.709108118,10,4,63,0,3,41,34,49,1.011401557,0,9.16648008,0
2820,221,658.1786073,58,1,245,46,23,9,6,152,1.011401557,0,37.0580692,14.00085908
2821,171,427.367522,15,1,0,0,7,23,13,90,0,0,15.73497383,11.00067499
2822,0,0,25,10,83,194,47,170,21,100,0,0,32.05817098,0
2823,58,163.9329617,107,22,1104,68,230,331,194,483,1.011401557,0,127.2523117,3.000184089
2824,72,149.2523979,836,60,345,136,1339,228,507,1038,0,0,225.1914946,2.000122726
2825,361,760.1269666,0,0,0,0,0,88,0,0,0,0,21.22505815,23.00141135
2826,259,641.8668699,37,63,11,2,20,97,89,294,0,0,50.58720558,16.00098181
2827,194,524.42236,77,107,13,0,13,26,291,146,0,0,56.32238295,10.00061363
2828,753,2349.705784,0,0,0,0,0,32,0,0,0,0,36.37180866,46.00282269
2829,707,2058.54127,0,0,7,0,0,0,0,0,0,0,33.23461762,44.00269997
2830,225,654.9162598,0,0,0,0,0,0,0,0,0,0,8.82334981,12.00073635
2831,337,575.8043331,65,9,18,7,299,24,182,117,0,0,51.86168944,22.00134998
2832,546,1751.065019,0,0,0,0,0,33,0,0,0,0,28.08766356,35.0021477
2833,481,1397.100315,49,33,37,2,21,52,106,199,0,0,67.05745855,29.00177952
2834,523,1309.83252,49,37,10,3,52,65,27,192,0,0,49.45977754,33.00202497
2835,348,878.3870633,0,0,0,0,0,253,0,0,0,0,28.52883105,22.00134998
2836,348,914.2728858,250,93,66,101,777,599,897,1261,0,0,202.5448967,17.00104317
2837,956,1964.74878,419,202,61,10,226,382,512,1287,0,0,194.1136958,63.00386586
2838,563,1536.565671,285,97,46,8,106,210,1439,760,0,0,208.5650334,35.0021477
2839,725,1609.152902,48,8,26,19,8,91,51,163,0,0,90.34129833,47.00288405
2840,607,1503.942196,4,0,1,6,0,3,0,12,0,0,30.04840796,38.00233179
2841,406,860.4441521,0,1,0,0,0,85,0,0,0,0,22.20543035,24.00147271
2842,832,2417.399495,19,46,10,12,124,63,303,131,0,55.36231883,70.39072404,51.00312951
2843,2223,5231.17421,118,80,41,18,23,82,64,252,0,0,143.2323786,147.0090203
2844,618,1649.116659,16,1,2,6,15,82,32,37,0,0,41.37170689,40.00245451
2845,367,832.7141984,49,18,11,2,48,43,128,167,0,0,66.8123655,26.00159543
2846,363,756.8646191,15,6,5,1,1,16,28,59,0,0,56.95962488,25.00153407
2847,871,2148.255826,0,1,0,0,0,23,0,0,0,0,61.56737423,55.00337496
2848,509,1406.887358,8,48,72,12,91,6,172,108,0,0,48.96959144,32.00196361
2849,445,1206.252987,219,22,8,2,64,54,165,344,0,0,64.94965832,29.00177952
2850,111,350.7023558,96,16,28,23,109,178,361,394,0,0,63.92026751,6.000368177
2851,475,1392.206794,46,13,8,2,50,150,559,430,0,0,110.9291146,27.0016568
2852,13,34.25464871,70,20,39,24,88,80,182,280,0,0,35.44045507,1.000061363
2853,842,2352.968132,23,39,7,79,9,26,63,86,0,0,57.74392264,54.00331359
2854,524,1317.172802,15,0,4,7,4,51,178,17,0,0,37.10708781,33.00202497
2855,852,1583.869709,187,92,36,40,128,172,452,552,0,0,169.8494838,50.00306814
2856,254,577.4355068,98,128,60,1,101,252,190,248,0,0,71.02796597,17.00104317
2857,397,890.6208664,9,2,8,0,2,34,31,48,0,0,30.53859406,25.00153407
2858,570,1485.183698,0,0,0,0,0,0,0,0,0,0,26.61710526,36.00220906
2859,520,1481.105763,0,0,0,0,0,55,0,0,0,0,26.71514248,32.00196361
2860,367,1169.551577,9,3,3,42,342,21,45,316,0,0,170.1926141,2.000122726
2861,167,403.7155026,223,306,50,18,88,117,222,551,0,0,65.68493747,7.00042954
2862,659,1671.953092,16,2,4,2,2,46,7,47,1.011401557,0,36.42082727,41.00251588
2863,677,1698.867459,7,0,6,3,58,5,62,182,0,0,48.62646117,44.00269997
2864,243,703.8514723,4,3,4,0,201,189,142,355,0,0,55.68514102,15.00092044
2865,629,1570.820319,54,12,8,4,35,72,106,268,0,0,97.84114567,36.00220906
2866,605,1484.368111,39,16,5,2,57,30,54,144,0,0,113.5664583,33.00202497
2867,405,962.3925114,121,42,10,1,68,165,154,572,0,0,129.0169817,19.00116589
2868,407,1006.434203,1,0,0,0,96,101,0,25,0,0,30.58761267,26.00159543
2869,405,1034.979743,0,0,0,0,0,0,0,0,0,22.14492754,20.14664873,25.00153407
2870,117,322.9724021,4,71,2,0,285,5,83,46,0,121.7971014,29.95037074,8.000490903
2871,693,1977.79817,0,0,0,0,0,0,0,0,0,0,32.84246874,44.00269997
2872,460,1329.406605,0,0,0,0,0,0,0,0,0,0,21.86230008,29.00177952
2873,489,1241.323222,0,0,0,0,0,0,0,0,0,0,26.51906804,31.00190225
2874,715,1498.233088,59,16,20,1,80,130,157,354,0,0,106.7135141,41.00251588
2875,123,307.4762515,37,16,5,15,113,102,71,126,0,0,58.18509013,6.000368177
2876,479,1087.99289,0,0,0,0,0,0,0,0,0,0,23.52893283,30.00184089
2877,358,1029.270635,0,0,0,0,0,0,0,0,0,11.07246377,15.0977319,20.00122726
2878,770,2108.292069,49,10,15,7,15,74,16,156,0,0,52.05776388,47.00288405
2879,145,385.7725914,36,7,10,0,49,170,136,335,0,0,43.23441407,9.000552266
2880,560,1557.770929,21,3,6,2,61,25,62,92,0,0,31.6660221,30.00184089
2881,644,1809.787273,0,0,0,0,0,0,0,0,0,0,26.76416109,36.00220906
2882,595,1560.21769,13,0,1,0,12,11,12,59,0,0,43.01901715,32.00196361
2883,410,1099.411106,2,0,2,2,2,109,3,8,0,0,26.22495638,27.0016568
2884,684,1313.910454,2,0,0,0,1,0,26,13,0,0,35.04830619,44.00269997
2885,55,150.0679848,143,41,22,4,151,114,274,291,0,0,78.33173887,1.000061363
2886,234,650.8383255,34,45,7,0,17,21,46,101,0,0,37.45021808,12.00073635
2887,748,1743.724737,474,192,21,1,35,53,87,467,0,0,102.2528206,49.00300678
2888,529,1413.412053,168,61,23,67,262,110,161,561,0,0,93.18437771,31.00190225
2889,526,1355.505385,2,5,4,4,277,50,190,982,0,0,97.0078293,33.00202497
2890,76,201.4499579,119,129,30,1,422,100,416,580,0,0,89.40994474,5.000306814
2891,588,1574.898254,160,28,14,12,155,137,114,189,0,0,66.27316079,35.0021477
2892,840,2208.609255,0,0,7,0,29,159,11,31,0,0,52.02847484,46.00282269
2893,385,1001.540681,40,1,0,1,161,142,20,108,0,0,45.09712125,24.00147271
2894,684,1920.707088,0,0,0,0,0,0,0,0,0,0,30.53859406,41.00251588
2895,429,999.0939207,0,0,0,0,0,0,0,0,0,0,18.23492294,24.00147271
2896,0,0,500,94,28,2,53,71,90,541,0,0,67.7437191,0
2897,78,176.1667648,163,42,4,1,5,15,24,160,0,0,62.20461616,2.000122726
2898,70,161.4862011,1045,848,7,23,255,54,135,672,0,0,151.4184865,5.000306814
2899,613,1378.341817,824,160,55,7,176,199,241,1076,0,0,164.3593976,40.00245406
2900,203,505.6638619,65,89,17,90,31,59,106,282,0,0,46.46964233,13.00079772
2901,7,16.31173748,86,95,4,2,42,29,152,168,0,0,28.7739241,0
2902,0,0,617,644,53,20,129,223,271,1504,0,0,169.9475211,0
2903,260,597.8251787,31,11,2,0,197,33,251,66,0,0,74.55730589,13.00079772
2904,531,1233.167354,15,1,17,13,13,74,12,87,0,0,36.02867839,32.00196361
2905,527,1375.895056,0,0,0,0,0,0,0,0,0,0,24.06813754,32.00196361
2906,847,1522.700694,7,3,4,0,0,8,9,25,0,0,48.62646117,55.00337496
2907,482,1310.648107,5,0,1,0,5,59,5,32,0,0,27.74453329,30.00184089
2908,602,1551.246234,79,77,16,1,28,137,156,322,0,0,68.7240913,39.00239315
2909,447,964.0236851,107,39,36,3,70,125,132,432,0,0,75.88080836,29.00177952
2910,348,924.8755152,0,0,3,0,4,0,95,23,0,0,22.84267229,22.00134998
2911,469,1184.232141,62,171,7,29,169,120,288,144,0,0,84.94925122,28.00171816
2912,263,608.427808,1,0,1,0,3,5,3,18,0,0,14.80362024,17.00104317
2913,378,967.2860326,0,0,0,0,0,57,0,0,0,0,20.58781622,24.00147271
2914,392,995.0159863,1,0,1,0,15,89,3,6,0,0,24.31323059,25.00153407
2915,478,771.5451828,23,12,14,1,56,66,223,175,0,0,51.32248473,31.00190225
2916,474,1415.858813,226,85,17,4,22,44,89,256,0,0,63.33204419,30.00184089
2917,458,1084.730542,0,0,0,0,0,0,0,0,0,0,44.21478627,23.00141135
2918,151,393.9284602,124,11,67,7,29,27,44,743,0,0,104.988405,4.000245451
2919,359,888.9896927,0,0,0,0,0,0,0,0,0,0,17.45062518,23.00141135
2920,353,1222.564724,0,0,0,0,0,0,0,0,0,0,16.86240186,23.00141135
2921,521,1311.463693,6,61,4,0,26,100,67,44,0,0,44.65595376,33.00202497
2922,287,717.7164491,7,0,19,2,8,2,3,19,0,0,16.81338325,19.00116589
2923,0,0,172,48,56,4,33,231,162,394,0,0,40.78348357,0
2924,139,344.9932477,46,10,75,2,444,179,63,87,0,0,51.12641029,8.000490903
2925,420,978.7042488,0,0,0,0,0,0,0,0,0,0,20.19566734,27.0016568
2926,0,0,73,7,92,0,10,26,46,112,0,0,16.27417854,0
2927,506,1264.975242,6,1,1,0,3,10,5,42,0,0,28.03864495,33.00202497
2928,186,428.9986957,15,6,6,0,0,15,26,51,0,0,17.69571823,11.00067499
2929,387,963.2080982,27,8,59,54,2,36,45,111,0,0,30.93074294,24.00147271
2930,969,2158.042869,168,134,57,3,87,552,304,889,0,0,155.87918,62.0038045
2931,214,492.6144719,8,2,6,1,3,5937,10,57,0,0,305.7780895,14.00085908
2932,613,1417.489987,0,0,0,0,0,7,0,0,0,0,31.61700349,39.00239315
2933,70,196.5564366,6,5,2,0,0,3,5,5,0.76121576,0,30.25234182,18.81701851
2934,639,1563.480038,0,0,0,0,0,0,0,0,0.006006107,0,33.16080597,42.15462442
2935,326,681.8306267,102,24,25,0,0,29,71,200,0.241094429,0,9.581608772,5.959780123
2936,161,424.1051745,34,5,25,2,5,57,17,61,0.003085262,0,23.37603634,10.07330244
2937,855,2240.417143,143,50,24,0,0,47,118,352,1.011401556,0,69.36133312,57.00349759
2938,611,1602.628207,42,4,38,35,8,10,10,58,2.022803115,0,39.21488804,38.00233179
2939,122,299.3203828,0,0,0,0,0,336,1,0,1.011401557,0,22.4505234,8.000490903
2940,405,978.7042488,0,0,0,0,0,68,0,0,1.011401557,0,23.13678395,26.00159543
2941,489,1408.518531,0,0,0,0,0,0,0,0,0,0,22.8916909,31.00190225
2942,10,30.17671434,0,0,0,0,0,0,0,0,7.07981083,0,0.441167533,1.000061415
2943,657,1604.259381,0,0,0,0,0,0,0,0,0,0,31.66602133,42.00257623
2944,155,385.7725914,0,0,0,0,0,0,0,0,0,0,7.303772898,10.00061363
2945,6,18.7584981,0,0,0,0,0,0,0,0,3.166475049,0,5.601525393,3.913714143
2946,633,1868.509528,55,41,30,0,6,33,13,42,0.879131325,0,32.97612189,36.08874147
2947,452,1235.614114,11,19,0,0,2,4,3,26,0,0,25.04850974,29.00177952
2948,2,5.709108118,2,0,3,323,0,15,1,9,3.034204672,0,17.45062518,0
2949,2,3,59,2,44,111,15,23,19,99,3.034204644,0,18.52903443,1.06E-10
2950,129,297.689209,18,1,24,2,5,101,11,74,3.034204452,0,18.18590301,9.000551612
2951,436,1141.006037,21,1,5,2,11,39,27,120,1.99E-10,0,30.93074288,27.00165674
2952,481,1102.673454,32,5,3,14,5,15,16,66,0,0,30.14644518,31.00190225
2953,320,847.3947621,0,0,0,0,0,65,0,0,0,0,18.43099738,20.00122726
2954,47,148.4368111,0,0,0,0,0,0,0,0,9.214017657,0,4.063616878,5.423580796
2955,6,12.23380311,125,26,106,252,18,51,118,569,0,0,56.17532712,0
2956,392,1050.475894,20,2,6,0,0,35,37,45,0.89999809,0,14.61247466,19.57795385
2957,652,1759.220887,5,0,2,0,20,10,26,22,0,0,29.2641102,34.00208634
2958,343,884.9117583,0,0,0,0,0,59,0,0,0,0,17.5486624,20.00122726
2959,573,1605.890555,41,8,8,0,0,26,18,63,0,0,86.67578511,33.00202497
2960,805,1890.530374,12,57,1,0,25,1,17,29,0,0,64.45947222,49.00300678
2961,322,1201.359465,0,0,0,0,0,25,0,0,0,0,16.96043908,21.00128862
2962,402,1122.247539,0,1,0,0,0,517,0,32,0,0,45.39123291,25.00153407
2963,826,1791.844362,0,0,0,0,0,17,0,0,0,0,41.32268828,54.00331359
2964,665,1789.397602,92,367,40,3,28,143,226,354,0,0,99.26268536,42.00257724
2965,180,663.8877155,42,195,4,0,13,135,35,153,0,0,38.67568333,11.00067499
2966,2,9.787042488,10,3,18,23,4,15658,16,39,0,0,772.9744619,0
2967,342,550.52114,2,1,1,0,6,181,20,30,0,0,30.7346685,23.00141135
2968,61,243.0448885,24,136,10,0,6,41,43,144,0,0,28.47981244,12.00073635
2969,540,987.6757045,44,26,4,1,23,43,205,251,0,0,51.46954056,29.00177952
2970,330,880.833824,12,3,4,0,0,25,27,37,0,0,24.11715615,31.00190225
2971,491,1122.247539,11,5,2,0,0,13,10,24,0,0,27.59747746,37.00227043
2972,611,1264.975242,174,134,40,2,75,647,212,1030,0,0,145.193123,55.00337496
2973,411,1125.509886,16,8,6,0,0,19,33,53,0,0,33.28363623,38.00233179
2974,466,1440.32642,19,6,6,1,6,13,9,97,0,0,30.58761267,31.00190225
2975,410,884.0961715,24,19,0,0,3,32,60,169,0,0,56.76355044,16.00098181
2976,416,1304.938998,0,0,0,0,0,0,0,0,0,0,20.39174178,27.0016568
2977,478,1125.509886,10,3,1,0,56,35,9,23,0,0,43.92067461,21.00128862
2978,286,955.8678164,6,10,0,2,6,7,77,9,0,0,20.09763012,19.00116589
2979,448,960.7613376,0,0,0,0,0,0,0,0,0,0,23.381877,29.00177952
2980,441,1345.718342,2,11,1,0,2,63,442,28,0,0,48.38136812,29.00177952
2981,250,518.7132519,351,235,51,6,130,128,244,648,0,0,103.0371183,15.00092044
2982,248,618.2148505,73,21,10,3,39,71,1239,377,0,0,103.4782858,16.00098181
2983,1,1,109,175,12,64,147,237,4789,537,0,0,297.3468886,0
2984,321,566.8328775,16,3,8,0,5,14,259,46,0,0,33.18559901,22.00134998
2985,107,166.3797223,125,39,51,6,64,533,132,941,0,0,97.89016428,7.00042954
2986,230,459.1754101,0,1,0,0,0,168,3,1,0,0,27.25434719,15.00092044
2987,809,1671.137505,6,7,2,0,0,3,12,22,0,0,42.00894882,36.00220906
2988,382,803.3530709,18,8,5,0,2,56,46,54,0,0,34.1169526,18.00110453
2989,450,946.0807739,46,27,5,0,30,59,34,332,0,0,45.8324004,15.00092044
2990,231,521.1600125,15,24,19,4,55,17,26,127,0,0,53.84206164,2.000122726
2991,461,964.0236851,12,11,2,0,7,66,29,116,0,0,94.99806629,14.00085908
2992,194,363.7517458,10,6,0,0,0,5,13,23,0,0,14.50950858,12.00073635
2993,111,224.2863904,1,0,0,0,0,67,0,0,0,0,8.72531259,7.00042954
2994,117,234.8890197,0,0,0,0,0,0,0,0,0,0,5.686158766,8.000490903
2995,225,499.1391669,19,7,10,0,0,27,36,73,0,0,22.84267229,18.00110453
2996,589,1332.668952,85,46,16,3,90,715,86,424,0,0,139.0167781,12.00073635
2997,227,526.0535338,119,49,16,833,70,233,376,500,0,0,130.1934283,7.00042954
2998,374,772.3607697,127,45,33,3,66,1177,132,686,0,0,125.3896045,15.00092044
2999,244,506.4794488,12,8,11,2,3,10,5,36,0,0,25.63673306,16.00098181
3000,334,650.8383255,80,12,5,3,18,38,58,240,0,0,39.65605553,22.00134998
3001,366,996.6471601,4,1,2,0,5,17,5,20,0,0,20.53879761,24.00147271
3002,0,0,180,43,61,7,90,279,1225,818,0,0,132.3992658,0
3003,455,1246.216744,0,0,0,0,0,0,0,0,0,0,22.00935591,29.00177952
3004,514,1269.053176,1,13,1,6,1,43,84,13,0,0,32.10718959,32.00196361
3005,408,997.4627469,0,0,0,0,0,0,0,0,0,0,19.36235097,26.00159543
3006,243,566.0172906,1,1,0,1,1,102,1,10,0,0,25.73477028,14.00085908
3007,409,924.8755152,2,2,1,0,0,1,7,13,0,0,32.25424542,17.00104317
3008,1467,3397.734917,37,35,3,2,0,62,141,154,0,0,121.1740041,83.00509312
3009,320,699.7735379,15,14,8,0,1,17,26,81,0,0,23.62697005,11.00067499
3010,133,280.5618847,9,1,0,0,1,29,12,16,0,0,11.2252617,8.000490903
3011,352,704.6670592,3,1,2,0,1,6,4,9,0,0,40.58740913,21.00128862
3012,283,535.8405762,31,3,2,0,6,47,192,28,0,0,38.57764611,18.00110453
3013,453,1249.479091,27,2,3,1,4,67,13,50,0,0,28.62686827,29.00177952
3014,231,517.0820781,0,0,0,0,0,0,0,0,0,0,11.12722448,15.00092044
3015,168,468.1468657,10,0,10,0,4,12,67,44,0,0,14.90165746,10.00061363
3016,763,1347.349516,0,0,0,0,0,0,0,0,0,0,37.15610642,50.00306814
3017,390,959.9457507,1,1,0,0,0,0,1,1,0,0,15.587918,15.00092044
3018,321,870.2311946,0,0,0,0,0,1,1,5,0,0,18.18590433,4.000245451
3019,468,1110.829322,20,9,22,7,8,22,95,68,0,0,49.36174032,1.000061363
3020,452,1073.312326,26,4,90,2,14,7,83,83,0,0,36.32279005,28.00171816
3021,1092,3044.585801,33,12,14,1,0,61,29,67,0,0,64.50849083,69.00423404
3022,168,471.4092132,110,23,36,0,0,32,52,200,1.011401557,0,24.31323059,11.00067499
3023,249,658.9941942,12,3,1,0,0,10,8,19,0,0,15.93104827,21.00128862
3024,0,0,672,271,135,9,296,334,471,2474,0,0,228.6718159,0
3025,1,1.631173748,364,371,40,2,56,125,140,665,0,0,84.45906512,0
3026,0,0,637,207,51,20,97,180,177,1034,0,0,117.8407386,0
3027,0,0,102,18,218,203,30,222,91,299,0,0,57.89097847,0
3028,0,0,109,81,46,1,898,43,1465,167,0,0,137.5952384,0
3029,590,1669.506331,73,11,27,10,177,42,62,140,0,0,56.76355044,38.00233179
3030,550,1228.273832,0,0,0,0,0,0,0,0,0,0,26.96023553,36.00220906
3031,194,536.6561631,43,11,39,8,49,39,29,128,0,0,27.3033658,13.00079772
3032,618,1749.433845,0,2,0,2,84,231,23,10,0,0,47.3029587,40.00245451
3033,0,0,79,9,293,56,111,62,81,447,0,0,55.78317824,0
3034,0,0,6,0,33,96,0,4,3,9,1.011401557,0,4.852842395,0
3035,858,2192.297517,8,1,30,0,2,97,14,25,0,0,54.80280604,56.00343632
3036,37,88.89896927,71,26,124,4,189,409,97,221,0,0,55.39102936,4.000245451
3037,0,0,6,2,9,0,5,19,11,22,4.045606229,0,3.284246874,0
3038,119,367.8296802,59,23,344,8,24,44,69,122,0,0,37.89138557,7.00042954
3039,0,0,322,19,798,147,84,68,70,332,1.011401557,0,88.03742366,0
3040,0,0,0,0,1188,69,0,0,3,244,1.011401557,0,73.72398952,0
3041,1,2.446760622,148,70,430,101,512,212,112,437,0,0,98.28231316,0
3042,130,326.2347496,182,70,34,0,0,84,81,201,0,0,26.17593777,9.000552266
3043,0,0,321,104,84,80,64,139,172,622,3.034204672,0,116.0869511,0
3044,0,0,43,2,386,79,46,11,9,52,0,0,30.58761267,0
3045,0,0,31,260,962,242,168,19,130,135,0,0,95.43923378,0
3046,250,750.3399241,15,15,209,17,5,110,9,65,1.011401557,0,33.67578511,16.00098181
3047,230,650.0227386,30,54,17,14,12,51,103,131,0,0,21.02898371,15.00092044
3048,0,0,207,44,53,11,17,177,182,425,3.034204672,0,108.6752762,0
3049,196,646.7603911,0,0,0,0,0,0,0,0,3.034204672,0,9.01942425,12.00073635
3050,0,0,2,1,10,5,0,0,1,5,3.034204672,0,1.225465251,0
3051,375,1074.9435,97,21,60,154,89,81,47,210,0,0,53.82243384,24.00147271
3052,460,1212.777682,94,25,30,90,45,111,148,209,0,0,58.28312735,30.00184089
3053,527,1567.557972,0,0,0,0,0,0,0,0,0,0,24.95047252,33.00202497
3054,0,0,153,24,110,42,21,100,97,197,3.034204672,0,27.7935519,0
3055,471,1506.388956,6,2,3,3,0,77,10,13,0,0,28.87196132,31.00190225
3056,486,1698.867459,0,0,0,0,0,44,0,0,0,0,26.02888194,32.00196361
3057,428,1144.268384,18,53,2,34,3,5,19,29,0,0,24.46028642,21.00128862
3058,535,1225.011485,24,10,10,94,18,26,12,92,0,0,36.17573422,30.00184089
3059,701,1827.730185,1,1,1,1,4,59,0,1,0,0,36.46984588,44.00269997
3060,377,1073.312326,0,0,0,0,0,0,0,0,0,0,17.84277406,24.00147271
3061,0,0,156,57,87,45,5,197,139,414,3.034204672,0,41.12661384,0
3062,550,1559.402103,89,70,17,40,206,134,126,401,0,0,39.45998109,38.00233179
3063,456,1020.299179,36,3,2,47,16,33,202,175,0,0,47.54805175,30.00184089
3064,449,1043.135612,148,180,1,71,28,112,52,182,0,0,59.41055539,27.0016568
3065,455,1153.23984,101,11,23,180,112,114,130,291,0,0,68.57703547,23.00141135
3066,339,798.4595497,135,2,5,29,13,214,35,118,0,0,39.41096248,17.00104317
3067,536,1410.149705,0,0,0,0,0,0,0,0,0,0,25.58771445,32.00196361
3068,354,977.888662,0,0,0,0,0,85,0,0,0,0,21.02898371,23.00141135
3069,126,331.1282709,770,331,127,50,88,245,284,1421,3.034204672,0,207.9676577,0
3070,1052,2591.119499,879,1056,23,0,0,1129,4441,5752,1.011401557,0,40.39133468,16.00098181
3071,120,330.312684,323,151,19,47,36,171,46,520,0,0,69.41035184,8.000490903
3072,544,1449.297875,51,20,56,115,74,116,120,171,0,0,61.37129979,34.00208634
3073,301,637.7889355,40,5,5,39,27,24,9,84,0,0,25.88182611,19.00116589
3074,405,887.3585189,46,44,8,50,14,235,245,132,0,0,59.31251817,22.00134998
3075,528,1198.912705,0,0,0,0,0,42,0,0,0,0,27.35238441,34.00208634
3076,399,1024.377114,10,7,5,14,4,384,14,31,0,0,40.63642774,24.00147271
3077,375,1028.455048,2,6,6,0,273,20,12,8,0,0,34.01891538,24.00147271
3078,482,1249.479091,0,0,0,0,0,0,0,0,0,0,76.15641174,30.00184089
3079,628,1500.679848,127,27,128,20,96,82,96,303,1.011401556,0,64.61639281,41.00251589
3080,614,1892.161548,0,0,0,0,0,0,0,0,0,0,21.27407668,28.00171805
3081,620,1764.114409,28,3,23,0,0,32,18,62,0,0,85.76405525,41.00251394
3082,1036,3044.585801,98,33,29,36,9,65,81,358,1.011125494,0,76.64400154,67.02756248
3083,259,657.3630205,5,0,27,40,7,8,3,28,0,0,33.00945769,16.00098181
3084,320,867.784434,3,3,2,6,2,5,3,20,0,0,20.32319715,20.00122726
3085,324,822.111569,0,0,0,0,0,43,0,0,0,0,16.86240186,20.00122726
3086,473,1194.019184,0,0,0,0,0,0,0,0,0,0,20.9799651,28.00171816
3087,251,698.1423642,0,0,0,0,0,0,0,0,0,0,28.66642919,16.00098181
3088,457,1301.676651,0,0,0,0,0,0,0,0,0,0,21.61720703,29.00177952
3089,270,633.7110011,0,0,0,0,0,0,0,0,0,0,11.96054085,16.00098181
3090,189,526.8691206,4,0,0,6,16,12,1,21,0,0,12.25465251,12.00073635
3091,156,461.6221707,0,0,0,0,0,0,0,0,0,0,6.568493747,9.000552266
3092,212,559.4925956,0,0,0,0,0,0,0,0,0,0,9.852740621,13.00079772
3093,0,0,92,22,24,0,0,71,77,256,1.062691264,0,32.57654756,9.456983954
3094,200,476.3027344,225,93,121,0,0,194,300,712,2.982914966,0,91.44053987,26.54522521
3095,627,1826.914598,73,24,37,0,0,42,41,193,0.633310935,0,50.52242639,43.8347031
3096,1214,3404.259612,8,0,3,0,0,9,3,17,0.393799724,0,55.41766366,48.07446548
3097,715,1922.338262,76,23,122,25,10,37,32,187,0.074943348,0,42.42638048,37.04508669
3098,359,1050.475894,7,0,6,4,13,5,2,28,9.17E-07,0,19.50959345,22.00152058
3099,175,472.2248001,23,2,23,19,7,2,8,53,0,0,12.74483849,10.00061353
3100,263,660.625368,41,8,14,46,7,41,19,101,0,0,23.67598866,18.00110453
3101,263,725.056731,1,0,0,3,5,1,0,9,0,0,14.55852719,17.00104317
3102,255,748.7087504,0,0,0,0,1,53,0,0,0,0,14.36245275,16.00098181
3103,0,0,198,51,270,18,72,169,590,742,0,0,104.1155278,0
3104,524,1302.492238,13,16,6,0,0,13,27,80,0.515498425,0,39.23015567,39.75804057
3105,533,1348.98069,25,13,13,0,1,32,24,101,0.405525845,0,30.86108766,31.27635756
3106,283,712.007341,1,2,4,0,0,5,4,8,0,0,14.26441553,17.00104317
3107,376,1166.28923,0,0,0,0,0,0,0,0,0,0,15.63693661,21.00128862
3108,604,1751.880605,3,1,2,0,0,7,1,4,0,0,30.16038282,39.31770538
3109,296,935.4781445,0,0,0,0,0,0,0,0,0,0,16.4023026,21.65917902
3110,609,1851.382204,12,3,7,0,0,12,11,64,0,0,29.56321612,39.02925199
3111,387,1045.582373,3,1,1,0,0,1,33,10,0,0,22.05837452,24.00147271
3112,220,558.6770087,20,9,1,11,1,161,11,76,0,0,21.66622564,14.00085908
3113,376,1126.325473,0,0,1,2,7,79,1,102,0,0,27.49944024,23.00141135
3114,435,1280.471392,0,0,0,0,0,0,0,0,0,0,20.04861151,27.0016568
3115,291,650.8383255,114,39,71,15,13,101,23,168,0,0,49.70507414,19.00116589
3116,187,517.0820781,52,5,17,0,0,105,26,104,0,0,15.98006688,15.00092044
3117,211,597.0095918,0,0,0,0,0,0,0,0,0,0,8.382182319,11.00067499
3118,457,1190.756836,0,0,0,0,0,0,0,0,1.011401557,33.2173913,21.22505815,28.00171816
3119,774,1884.005679,0,0,0,0,0,0,0,0,0,0,34.36204565,46.00282269
3120,242,681.0150398,50,2,3,9,16,40,74,175,0,0,27.3033658,15.00092044
3121,114,295.2424484,0,0,0,0,0,0,0,0,0,0,4.362656295,6.000368177
3122,196,500.7703407,17,4,2,0,9,16,9,81,0,0,21.21539692,10.00061363
3123,201,542.3652712,0,0,0,0,0,0,0,0,0,0,9.509610351,12.00073635
3124,120,357.2270508,0,0,0,0,0,0,0,0,0,0,5.882233207,8.000490903
3125,230,663.8877155,0,0,0,0,0,0,0,0,0,0,12.47708007,16.65301528
3126,247,680.1994529,0,0,0,0,0,0,0,0,0,0,11.37231754,15.00092045
3127,556,1592.025578,91,36,35,0,0,69,49,227,0,0,48.71669094,59.28705637
3128,1238,3591.029006,0,0,0,0,0,0,0,0,0,0,52.35968329,63.72049158
3129,1826,5565.564828,49,12,10,0,0,14,6,66,0,0,98.89320195,115.3550846
3130,20,43.22610432,0,0,0,0,0,0,0,0,32.36484983,0,7.205735678,10.00061363
3131,8,17.12732435,0,0,0,0,0,0,0,0,19.21662959,0,0.39214888,1.000061363
3132,0,0,0,0,0,0,0,0,0,0,4.744770608,0,25.04796672,0
3133,0,0,119,8,180,48,0,18,29,146,4.371622138,0,23.07809113,1.19E-08
3134,0,0,0,0,0,0,0,0,0,0,7.079810913,0,6.53E-08,0
3135,480,1330.222192,36,10,10,0,0,12,16,70,5.057007786,0,30.2444824,30.00184089
3136,223,628.001893,335,60,111,57,40,365,293,836,1.011401557,0,95.58628961,20.00122726
3137,0,0,232,48,140,52,42,57,48,198,5.057007786,0,39.31292526,0
3138,0,0,207,12,360,185,0,31,45,213,4.031829062,0,21.28429462,5.95E-08
3139,19,64.43136305,0,0,0,0,0,0,0,0,7.079810396,0,0.784297705,1.000061291
3140,25,80.74310053,107,23,40,0,0,54,48,266,1.011401557,0,45.3422143,32.00196361
3141,244,762.5737272,259,91,72,113,40,175,178,527,1.011401557,0,69.55740767,23.00141135
3142,5,8.971455614,0,0,0,0,0,0,0,0,12.13681869,0,2.450930503,3.000184089
3143,13,28.54554059,0,0,0,0,0,0,0,0,8.091212458,0,2.205837452,3.000184089
3144,12,28.54554059,17,5,10,0,0,52,11,48,3.034204672,0,11.42133614,6.000368177
3145,0,0,35,1,57,22,0,13,3,34,7.839732172,0,4.68618112,0
3146,1,1.631173748,22,1,37,5,17,7,1,19,2.322682061,0,4.474704064,0
3147,330,756.0490322,68,23,84,41,1,36,75,177,0,0,27.25434719,22.00134998
3148,403,946.8963608,320,136,171,357,120,160,150,692,0,0,122.6445624,21.00128862
3149,37,104.3951199,0,0,0,0,0,0,0,0,6.068409344,0,1.519576912,2.000122726
3150,106,311.5541859,26,2,10,0,7,42,9,79,4.045606229,0,10.19587089,2.000122726
3151,17,35.88582246,0,0,0,0,0,0,0,0,5.983890159,0,0.870046055,0.986132775
3152,4,7.340281866,716,27,1381,78,32,124,192,899,11.16153658,0,53.01756334,0.013928588
3153,0,0,323,61,243,39,90,1302,144,837,0,0,149.3981608,0
3154,0,0,646,24,318,18,151,69,109,450,1.011401557,0,78.25343122,0
3155,275,805.7998315,0,0,0,0,0,0,0,0,6.068409344,0,1.372521082,2.000122726
3156,89,202.2655448,0,0,0,0,0,0,0,0,5.057007786,0,1.813688572,2.000122726
3157,51,157.4082667,0,0,0,0,0,0,0,0,6.068409344,0,1.617614132,2.000122726
3158,0,0,197,10,510,56,56,35,45,243,0,0,57.74392004,0
3159,292,792.7504416,15,2,8,0,0,23,5,21,0,0,22.10739313,25.00153407
3160,23,62.8001893,0,0,0,0,0,0,0,0,6.068409344,0,1.666632742,2.000122726
3161,538,1577.345014,0,0,0,0,0,0,0,0,0,0,22.84267229,31.00190225
3162,4,7.340281866,0,0,0,0,0,0,0,0,5.057007786,0,0.19607444,0
3163,1,1.631173748,66,3,266,7,6,15,28,88,2.022803115,0,28.93094649,0
3164,1,4.07793437,381,18,462,68,64,85,82,480,0,0,94.89067315,0
3165,0,0,192,13,742,22,58,51,103,385,0,0,78.52781202,0
3166,482,1362.03008,0,0,0,0,0,0,0,0,0,0,28.96999854,39.00239315
3167,483,1184.232141,0,0,0,0,0,0,0,0,0,0,15.68595522,21.00128862
3168,947,2257.544467,0,0,0,0,0,0,0,0,5.057007786,0,2.450930503,3.000184089
3169,34,98.68601176,54,3,99,3,11,6,11,67,4.045606229,0,10.29390811,1.000061363
3170,191,511.37297,0,0,0,0,0,0,0,0,0,0,9.11746147,12.00073635
3171,1145,2865.972275,0,0,0,0,0,0,0,0,0,0,23.82304449,21.00128862
3172,760,1748.618258,16,4,5,0,0,14,5,55,0,0,24.26421198,15.00092044
3173,144,415.9493058,24,4,13,0,0,42,9,41,0,0,16.51927159,14.00085908
3174,3,8.15586874,8,1,0,0,3,6,2,18,0,0,20.24468595,17.00104317
3175,0,0,657,349,23,3,58,46,35,627,0,0,88.47859115,0
3176,700,1573.26708,35,14,20,0,0,21,34,158,0,0,23.92108171,20.00122726
3177,0,0,443,305,366,8,111,199,178,874,0,0,148.2525153,0
3178,0,0,849,461,67,2,78,209,216,1067,0,0,145.8794853,0
3179,611,1508.835717,55,19,50,4,14,50,98,195,1.011401541,0,43.08735756,41.00251523
3180,107,237.3357803,154,63,33,3,37,70,115,286,0,0,47.98921924,6.000368177
3181,39,75.03399241,120,161,11,3,9,28,35,142,0,0,22.59757924,3.000184089
3182,160,418.3960664,1,0,1,0,4,65,0,8,0,0,11.86250363,9.000552266
3183,301,772.3607697,97,115,22,2,52,64,206,405,0,5.536231883,55.93023407,18.00110453
3184,392,828.636264,28,11,6,1,2,20,30,63,0,0,29.16607298,19.00116589
3185,443,919.166407,14,4,5,1,7,14,19,61,0,0,24.90145391,21.00128862
3186,198,384.9570045,54,94,73,1,6,11,9,162,0,0,29.60724047,13.00079772
3187,585,1409.334118,34,85,16,3,19,84,48,202,0,0,60.50869438,39.00239315
3188,533,1670.321918,0,0,0,0,0,59,0,0,1.011401557,0,27.25434719,33.00202497
3189,299,1015.405658,0,0,0,0,0,0,0,0,0,0,14.75460163,20.00122726
3190,236,796.0127891,52,12,13,0,0,47,25,101,1.011401557,0,19.90155568,15.00092044
3191,404,1012.958898,44,26,24,2,19,87,25,184,0,0,26.56808665,27.0016568
3192,70,178.6135254,0,0,0,0,0,110,0,0,0,0,8.529238149,4.000245451
3193,277,685.0929742,145,21,11,44,33,75,51,266,0,0,49.36174032,13.00079772
3194,365,846.5791752,93,61,29,7,68,101,140,314,0,0,69.36133323,16.00098181
3195,298,763.3893141,0,0,0,0,0,40,0,0,0,0,15.0977319,18.00110453
3196,264,646.7603911,28,0,0,0,0,84,0,5,0,0,18.33296016,17.00104317
3197,432,1296.78313,0,0,0,0,0,48,0,0,0,5.536231883,23.33285839,28.00171816
3198,257,838.4233065,0,0,0,0,0,122,0,0,0,0,18.18590433,16.00098181
3199,347,1118.985191,0,0,0,0,0,0,0,0,0,0,15.98006688,21.00128862
3200,324,881.6494108,3,1,0,0,1,6,2,21,1.011401557,0,19.75449985,12.00073635
3201,704,1976.166996,0,0,0,0,0,0,0,0,0,0,34.16597121,46.00282269
3202,595,1700.498632,20,8,22,3,4,16,5,42,0,0,33.82284067,37.00227014
3203,369,1172.813925,0,0,1,0,0,48,0,0,0,0,20.53879761,24.00147271
3204,368,763.3893141,0,0,0,0,0,0,0,0,0,0,31.96013376,22.00134998
3205,198,418.3960664,32,41,8,5,35,209,75,178,0,0,51.27346612,10.00061363
3206,206,449.3883676,11,11,3,0,0,36,10,68,0,0,18.92118348,12.00073635
3207,311,789.4880941,47,32,8,131,8,33,18,151,0,0,35.78358534,21.00128862
3208,242,608.427808,6,7,0,0,2,12,13,21,0,0,12.74483861,14.00085908
3209,583,1579.791775,124,34,35,3,5,80,83,315,1.011401557,0,46.76375399,37.00227043
3210,325,816.4024609,1,0,1,0,1,1,0,22,0,0,14.95067607,18.00110453
3211,669,2023.471034,34,4,1,0,18,124,16,245,0,0,58.57723902,42.00257724
3212,559,1688.264829,5,0,1,0,10,9,3,21,0,0,28.57784966,35.0021477
3213,398,1043.135612,113,32,40,0,0,96,52,202,1.011401557,0,28.67588688,19.00116589
3214,231,490.1677113,74,54,16,3,29,122,91,424,0,0,57.10668071,10.00061363
3215,569,1491.708393,159,60,96,7,64,353,99,743,0,0,110.8800959,43.0026386
3216,315,758.4957928,7,2,2,0,0,96,4,23,0,0,18.5290346,18.00110453
3217,213,584.7757887,0,0,0,0,0,0,0,0,0,0,9.803722011,13.00079772
3218,482,1482.736937,1,1,1,0,0,13,2,6,0,0,24.3622492,31.00190225
3219,428,1314.726041,0,1,1,0,0,66,0,2,0,0,23.57795144,27.0016568
3220,391,1264.159655,0,0,0,0,0,0,0,0,0,0,18.72510904,25.00153407
3221,586,1866.878355,0,0,0,0,0,0,0,0,0,0,28.52883105,38.00233179
3222,593,1501.495435,97,52,64,0,0,86,100,388,1.011401557,0,115.802806,40.00245451
3223,285,774.8075303,0,0,0,0,0,0,0,0,0,0,70.59778278,17.00104317
3224,443,1415.043226,26,4,5,1,9,69,11,113,0,0,35.73456673,28.00171816
3225,529,1603.443794,0,0,0,0,0,0,0,0,0,0,25.53869584,34.00208634
3226,294,880.833824,0,0,0,0,0,68,0,0,0,0,17.64669962,19.00116589
3227,166,479.5650819,32,8,13,0,0,60,32,62,1.011401557,0,77.0781041,10.00061363
3228,78,252.0163441,0,0,0,0,0,0,0,0,2.022803115,0,3.578358534,5.000306814
3229,0,0,0,0,0,0,0,0,0,0,5.057007786,0,0,0
3230,224,654.100673,7,0,2,2,1,2,3,23,0,0,13.1860061,14.00085908
3231,194,622.2927849,0,0,0,2,0,1,0,0,0,0,9.558628961,13.00079772
3232,520,1439.510833,82,4,102,126,21,18,9,76,0,0,37.94040418,27.0016568
3233,483,1380.788578,0,0,0,0,0,0,0,0,0,0,19.65646263,26.00159543
3234,565,1521.885107,50,8,10,0,0,31,7,81,0,0,41.46974411,55.00337496
3235,442,1247.847917,0,0,0,0,0,0,0,0,0,0,19.75449985,26.00159543
3236,313,876.7558896,29,5,29,2,0,199,8,61,0,0,26.42103082,20.00122726
3237,377,1036.610917,0,0,0,0,0,0,0,0,0,0,18.23492294,23.00141135
3238,0,0,280,71,98,0,0,207,105,599,2.022802787,0,39.99917933,20.00122402
3239,1120,2761.577155,195,41,65,0,0,73,56,483,1.011401557,0,86.71422651,84.00515448
3240,368,947.7119476,50,6,11,0,0,25,14,97,1.011401557,0,24.75439808,24.00147271
3241,652,1720.888304,59,23,20,0,0,55,47,185,1.011401557,0,81.27336434,39.00239315
3242,326,878.3870633,48,19,15,0,0,42,20,175,1.011401557,0,24.55832364,20.00122726
3243,699,1596.103512,249,52,79,0,0,130,72,509,0.604077694,0,68.78450154,28.67061439
3244,486,1163.026882,83,17,16,0,0,48,15,144,0.407324316,0,46.38076537,19.33233555
3245,782,1863.616007,226,43,56,9,23,140,119,473,1.011401557,0,75.5866967,41.00251588
3246,48,125.6003786,112,10,150,139,28,35,17,143,0,0,28.52883105,5.000306814
3247,263,746.2619897,16,4,10,0,0,39,8,38,3.034204672,0,18.43099738,17.00104317
3248,333,891.4364533,17,1,2,0,0,20,3,22,2.022803115,0,19.95057429,22.00134998
3249,614,1613.230837,0,0,0,0,0,0,0,0,1.011401557,0,37.85233352,40.00245451
3250,240,626.3707193,0,0,0,0,0,0,0,0,0,0,19.61741058,16.00098181
3251,62,172.0888304,0,0,0,0,0,0,0,0,0,0,2.058781622,3.000184089
3252,31,88.0833824,0,0,0,0,0,0,0,0,0,0,1.568595522,2.000122726
3253,55,161.4862011,0,0,0,0,0,0,0,0,0,0,1.960744402,3.000184089
3254,101,306.6606646,0,0,0,0,0,0,0,0,0,0,4.70578654,6.000368145
3255,1141,3158.767963,227,45,45,0,0,128,61,395,1.011401557,0,77.44940389,85.00521584
3256,1393,3678.296802,7,2,1,0,0,2,2,17,1.011401543,0,77.89057023,50.00306741
3257,181,528.5002944,0,0,0,0,0,0,0,0,2.022803003,0,9.166479574,10.00061308
3258,939,2600.906541,28,10,7,0,0,9,12,59,2.022803115,0,39.0188136,50.00306814
3259,29,100.3171855,0,0,0,0,0,0,0,0,4.045606229,0,1.225465251,2.000122726
3260,458,1245.401157,7,1,18,1,0,3,0,9,1.011401557,0,43.47991422,29.00177952
3261,345,956.6834032,189,111,74,5,53,207,67,438,0,0,79.26309061,22.00134947
3262,212,574.1731593,11,2,3,0,5,17,6,61,0,0,29.41727131,17.41580746
3263,461,1180.154207,0,0,0,0,0,0,0,0,0,0,43.21905633,25.58683155
3264,241,618.2148505,0,0,0,0,0,0,0,0,5.70E-08,0,10.97252675,14.70934444
3265,257,697.3267773,0,0,0,0,0,0,0,0,9.34E-09,0,12.89953722,17.29262008
3266,336,876.7558896,0,0,0,0,0,0,0,0,1.415723578,0,15.0265735,17.2648167
3267,230,568.4640512,16,6,16,0,0,10,4,38,1.618481027,0,17.17865288,19.73745329
3268,229,645.9448042,0,0,0,0,0,0,0,0,0,0,13.4282255,18.05524074
3269,928,2808.881194,0,0,0,0,0,0,0,0,0,0,42.35495248,56.94936113
3270,182,458.3598232,140,66,25,39,20,34,30,267,0,0,34.85223175,15.00092044
3271,1017,2600.090954,125,16,50,0,5,92,38,179,1.011401557,0,106.7145318,69.00423404
3272,1389,3949.071644,248,46,75,0,0,174,75,478,2.022803115,0,101.2724484,91.00558402
3273,1257,3208.518762,80,23,17,0,0,37,15,151,2.022803115,0,73.52791508,81.00497039
3274,1110,3440.961022,18,5,12,0,0,22,5,28,1.011401557,0,57.64588542,71.00435676
3275,119,340.9153133,0,0,0,0,0,0,0,0,6.068409344,0,5.588121546,7.00042954
3276,118,336.837379,8,1,2,0,2,18,3,28,2.022803115,0,8.235126489,7.00042954
3277,135,374.3543752,12,4,5,0,3,121,2,38,1.011401557,0,22.49954201,7.00042954
3278,187,498.32358,4,0,1,1,1,7,1,8,0,0,20.9799651,10.00061363
3279,410,1111.644909,5,2,3,0,0,6,2,16,0,0,21.86230008,27.0016568
3280,508,1463.162852,3,0,0,0,0,2,0,10,0,0,22.84267229,30.00184089
3281,540,1622.202292,0,0,0,0,0,0,0,0,0,0,26.3229936,35.0021477
3282,678,1997.372255,21,73,21,24,3,11,1,25,0,0,66.47940534,59.00362041
3283,368,991.7536388,131,2,8,6,8,67,5,75,0,0,27.84257051,29.00177952
3284,785,2206.978081,0,0,0,0,0,0,0,0,2.022803115,0,60.76385577,56.00343632
3285,563,1657.272528,0,0,0,0,0,0,0,0,2.022803115,0,26.8131797,36.00220906
3286,309,683.4618004,56,30,2,23,13,18,22,89,0,0,29.27397499,28.00171816
3287,306,681.0150398,58,50,20,35,15,48,9,164,0,0,47.37180866,28.00171816
3288,493,1223.380311,91,26,30,1,8,79,88,227,0,0,37.5482553,36.00220906
3289,602,1446.851115,77,13,18,0,0,35,20,172,2.022803115,0,32.40130125,37.00227043
3290,222,579.8822674,8,3,2,0,7,14,6,70,0,0,18.5290346,14.00085908
3291,151,460.8065838,19,7,2,0,5,130,14,24,0,0,31.86209654,8.000490903
3292,348,772.3607697,24,7,10,18,74,21,27,105,0,0,31.51896626,25.00153407
3293,465,1091.255237,116,35,38,101,65,188,913,483,0,0,119.1152224,28.00171816
3294,620,1469.687547,30,5,11,0,0,32,17,77,0,0,59.08756179,35.0021477
3295,650,1691.527177,8,0,1,0,11,9,1,35,0,0,33.03854318,39.00239315
3296,237,713.6385148,0,0,5,0,24,1,3,4,0,0,12.94091305,15.00092044
3297,268,740.5528816,0,0,0,0,0,0,0,0,0,0,12.74483861,17.00104317
3298,438,1269.868763,0,0,0,0,0,50,0,0,0,0,22.84267229,27.0016568
3299,495,1434.617311,0,0,0,0,0,64,0,0,0,0,87.07790055,31.00190225
3300,827,2227.367753,0,0,0,0,0,0,0,0,0,0,62.79334835,50.00306814
3301,862,2369.279869,9,5,2,0,0,34,9,28,0,0,44.90104681,54.00331359
3302,578,1571.635906,10,5,19,0,0,17,5,44,1.011401557,0,26.27397499,35.0021477
3303,767,2256.72888,2,0,0,5,4,3,0,17,0,16.60869565,44.68544635,52.00319087
3304,462,1417.489987,10,0,1,12,4,9,1,44,0,0,27.20532858,31.00190225
3305,42,97.05483801,0,0,0,0,0,0,0,0,0,0,1.813688572,2.000122726
3306,717,1988.400799,3,1,1,0,2,69,1,11,0,0,68.74432974,45.00276133
3307,391,1076.574674,1,0,0,0,0,47,0,0,0,0,19.9995929,24.00147271
3308,364,972.9951407,0,0,0,0,0,0,0,0,0,0,17.98982989,23.00141135
3309,208,628.001893,0,0,0,0,0,0,0,0,0,0,9.46059174,13.00079772
3310,497,1478.659003,0,0,0,0,0,0,0,0,0,0,23.97010032,32.00196361
3311,275,804.9842447,28,5,0,0,0,13,6,44,1.011401557,0,18.77412765,18.00110453
3312,367,1065.972044,76,16,17,0,0,34,19,167,1.011401557,0,23.52893283,24.00147271
3313,346,1005.618616,0,0,0,0,0,0,0,0,0,0,20.78389066,22.00134998
3314,454,1435.432898,0,0,2,1,0,7,1,7,0,0,22.59757924,29.00177952
3315,1538,4220.662073,185,35,43,2,0,73,32,327,1.011401557,0,101.2724484,99.00607492
3316,846,2428.817711,2,1,1,3,0,3,9,9,0,0,47.25394009,50.00306814
3317,338,1024.377114,6,0,0,14,8,4,1,41,0,0,17.86484887,19.18277364
3318,699,2153.964934,59,15,23,0,2,40,33,162,0,0,61.4009957,45.00276116
3319,452,1413.412053,155,38,34,0,0,62,13,254,2.022803115,0,95.12651206,29.00177952
3320,803,2108.292069,0,0,0,0,0,0,0,0,0,0,38.72470194,52.00319087
3321,10,25.28319309,0,0,0,0,0,0,0,0,0,0,14.46048997,19.00116589
3322,5,7.340281866,0,0,0,0,0,0,0,0,0,0,14.95067607,20.00122726
3323,92,278.115124,0,0,0,0,0,0,0,0,0,0,17.25455074,23.00141135
3324,79,209.6058266,0,0,0,0,0,0,0,0,0,0,17.30356935,23.00141135
3325,104,258.5410391,0,0,0,0,0,0,0,0,0,0,21.27407676,28.00171816
3326,123,349.886769,0,0,0,0,0,0,0,0,0,0,17.00945769,23.00141135
3327,146,415.9493058,0,0,0,0,0,0,0,0,1.011401557,0,35.04830619,47.00288405
3328,273,808.2465922,0,0,0,0,0,0,0,0,0,0,36.96003198,49.00300678
3329,193,536.6561631,0,0,0,0,0,0,0,0,0,0,15.19576912,20.00122726
3330,188,513.0041438,0,0,0,0,0,0,0,0,0,0,19.75449985,26.00159543
3331,191,478.7494951,10,1,4,0,0,29,9,11,0,0,19.80351846,26.00159543
3332,306,920.7975808,0,0,0,0,0,0,0,0,0,0,22.10739313,30.00184089
3333,56,194.109676,0,0,0,0,0,0,0,0,32.36484983,0,2.745042163,4.000245451
3334,68,209.6058266,0,0,0,0,11,2,0,0,24.27363737,0,13.08796888,17.00104317
3335,73,216.9461085,0,0,0,0,0,0,0,0,0,0,15.34282495,20.00122726
3336,237,736.4749473,0,0,0,0,0,0,0,0,0,0,18.87216487,25.00153407
3337,273,869.4156077,0,0,0,0,0,0,0,0,0,0,22.64659785,30.00184089
3338,239,712.007341,0,0,0,0,0,0,0,0,0,0,18.23492294,24.00147271
3339,219,559.4925956,17,0,1,0,0,11,5,15,0,0,17.94081128,24.00147271
3340,376,1110.013736,0,0,0,0,0,0,0,0,0,0,30.04840796,40.00245451
3341,88,269.9592553,0,0,0,0,0,0,0,0,0,0,21.12702093,28.00171816
3342,239,738.9217079,0,0,0,0,0,0,0,0,0,0,22.8916909,31.00190225
3343,249,807.4310053,0,0,0,0,0,0,0,0,0,0,20.44076039,27.0016568
3344,273,750.3399241,84,15,20,0,4,67,22,148,0,0,57.489779,20.00122726
3345,199,537.47175,15,1,18,1,3,10,2,24,0,0,15.14675051,17.00104317
3346,184,543.996445,0,0,0,0,0,0,0,0,0,0,14.65656441,20.00122726
3347,254,747.8931635,17,2,2,1,5,17,6,65,0,0,70.86230008,22.00134998
3348,15,48.93521244,0,0,0,0,0,0,0,0,43.49026696,0,2.794060773,4.000245451
3349,352,978.7042488,0,0,0,0,0,0,0,0,0,0,31.27387321,42.00257724
3350,172,533.3938156,0,0,0,0,0,0,0,0,0,0,19.70548124,26.00159543
3351,253,773.1763566,0,0,0,0,0,0,0,0,0,0,19.85253707,27.0016568
3352,417,1300.045477,2,0,3,0,0,0,0,2,0,0,18.43099738,24.00147271
3353,452,1401.993836,0,0,1,0,0,0,0,3,0,0,21.81328147,28.00171816
3354,190,508.9262094,0,0,0,0,0,0,0,0,0,0,12.84287583,17.00104317
3355,449,1181.78538,0,0,0,0,0,0,0,0,0,0,65.68575167,34.00208634
3356,93,257.7254522,0,0,0,0,0,0,0,0,0,0,21.22505815,28.00171816
3357,232,682.6462136,0,0,0,0,0,0,0,0,0,0,19.70548124,26.00159543
3358,232,628.8174799,0,0,0,0,0,0,0,0,0,0,46.28394155,24.00147271
3359,536,1416.6744,1,0,2,0,1,1,0,4,0,0,26.12691916,34.00208634
3360,535,1513.729238,0,0,0,0,0,0,0,0,0,0,26.8131797,36.00220906
3361,444,1201.359465,11,6,11,0,0,27,7,22,0,0,29.01901715,33.00202497
3362,306,809.8777659,0,0,0,0,0,0,0,0,0,0,17.5486624,23.00141135
3363,891,2394.563062,0,0,0,0,0,0,0,0,1.011401557,0,29.90135213,40.00245451
3364,35,96.23925114,0,1,3,0,118,16,4,1,18.20522803,0,9.11746147,3.000184089
3365,163,501.5859275,4,0,0,5,2,3,1,15,4.045606229,0,24.3622492,31.00190225
3366,299,867.784434,0,0,0,0,0,0,0,0,0,0,24.70537947,33.00202497
3367,281,689.9864954,0,0,0,0,0,0,0,0,0,0,23.92108171,32.00196361
3368,97,246.307236,0,0,0,0,0,0,0,0,0,0,7.941014829,11.00067499
3369,263,675.3059317,9,1,1,0,0,2,1,10,0,0,9.705684791,13.00079772
3370,365,973.8107276,4,1,1,0,1,6,1,10,0,0,16.96043908,21.00128862
3371,256,623.9239586,0,0,0,0,0,0,0,0,0,0,20.14664873,27.0016568
3372,347,880.0182371,0,0,0,0,0,0,0,0,0,0,20.29370456,27.0016568
3373,371,982.7821832,46,10,51,2,1,112,11,87,0,0,64.08756179,25.00153407
3374,460,1176.076272,0,0,0,0,0,0,0,0,0,0,30.41126781,30.00184089
3375,347,921.6131677,0,0,0,0,0,0,0,0,0,0,25.44065862,26.00159543
3376,441,1136.112516,88,22,24,0,0,42,25,171,0,0,40.4893719,37.00227043
3377,281,737.2905341,136,31,37,0,5,112,68,260,2.022803115,0,36.81297615,23.00141135
3378,20,53.82873369,0,0,0,0,0,0,0,0,1.011401557,0,1.127428031,2.000122726
3379,169,536.6561631,0,0,0,0,0,0,0,0,0,0,13.03895027,17.00104317
3380,280,888.9896927,0,0,0,0,0,0,0,0,1.011401557,0,22.98972812,31.00190225
3381,204,558.6770087,0,0,0,0,0,0,0,0,1.011401557,0,16.86240186,23.00141135
3382,305,989.3068782,0,0,0,0,0,0,0,0,1.011401557,0,18.97020209,25.00153407
3383,229,725.056731,5,0,9,0,0,2,0,4,3.034204672,0,10.7350756,14.00085908
3384,33,96.23925114,0,0,0,0,0,0,0,0,4.045606229,0,1.666632742,2.000122726
3385,1062,2593.566259,37,4,11,0,0,32,19,62,3.034204672,0,82.8904696,82.00503176
3386,112,271.5904291,353,59,100,0,0,204,96,628,3.034204672,0,112.8908767,7.00042954
3387,166,453.466302,0,0,0,0,0,0,0,0,9.102614016,0,11.61741058,16.00098181
3388,30,73.40281866,0,0,0,0,0,0,0,0,0,0,1.421539692,2.000122726
3389,99,302.5827303,0,0,0,0,0,0,0,0,0,0,7.303772898,10.00061363
3390,237,720.1632098,0,0,0,0,0,0,0,0,0,0,44.13688572,24.00147271
3391,191,496.6924063,0,0,0,0,0,0,0,0,3.034204672,0,9.656666181,13.00079772
3392,454,1257.63496,8,2,8,0,0,44,4,20,2.022803115,0,28.08766356,32.00196361
3393,438,1299.22989,0,0,0,0,0,0,0,0,1.011401557,0,21.81328147,29.00177952
3394,551,1530.040976,59,17,34,0,0,114,42,177,1.011401557,0,77.93958999,59.00362041
3395,63,187.584981,0,0,0,0,0,0,0,0,0,0,4.411674905,6.000368177
3396,163,508.9262094,0,0,0,0,0,0,0,0,0,0,12.64680139,17.00104317
3397,291,964.0236851,0,0,0,0,0,0,0,0,0,0,42.79375545,24.00147271
3398,545,1449.297875,0,0,0,0,0,0,0,0,0,0,26.96023553,36.00220906
3399,307,765.0204878,0,0,0,0,0,0,0,0,3.034204672,0,15.04871329,20.00122726
3400,436,1231.53618,121,38,61,0,0,142,58,357,2.022803115,0,48.43038673,43.0026386
3401,262,805.7998315,0,0,0,0,0,0,0,0,0,0,22.25444896,30.00184089
3402,277,870.2311946,0,0,0,0,0,0,0,0,0,0,20.63683483,28.00171816
3403,245,759.3113797,7,1,5,0,0,16,2,14,0,0,14.99969468,17.00104317
3404,750,2039.782772,0,0,0,0,0,0,0,0,1.011401557,0,38.23451584,51.00312951
3405,64,163.9329617,194,21,125,2,30,116,57,515,7.079810901,0,108.1656659,8.000490903
3406,19,64.43136305,116,26,122,19,16,119,45,310,1.011401557,0,42.79324658,10.00061363
3407,360,1122.247539,0,0,0,0,0,0,0,0,0,0,23.47991422,31.00190225
3408,884,2772.995372,8,4,9,0,0,44,3,21,0,0,47.7931448,58.00355905
3409,501,1400.362663,0,0,0,0,0,0,0,0,0,0,24.46028642,33.00202497
3410,567,1372.632709,132,25,63,53,23,82,43,240,3.034204672,0,73.23380342,67.00411131
3411,31,74.21840554,71,3,50,212,55,21,8,95,0,0,46.42062372,37.00227043
3412,365,1039.057678,0,0,0,0,0,0,0,0,1.011401557,0,47.64608897,64.00392722
3413,396,1168.73599,4,0,1,0,0,3,0,6,1.011401557,0,28.18570078,38.00233179
3414,171,547.2587925,10,1,27,5,84,4,2,11,4.045606229,0,16.96043908,16.00098181
3415,811,2463.07236,0,0,17,0,70,0,0,2,0,0,101.2146845,60.00368177
3416,822,2401.903344,57,12,9,8,3,26,14,107,0,0,38.77372055,52.00319087
3417,325,1040.688851,24,12,158,9,0,70,29,63,3.034204672,0,30.68564989,32.00196361
3418,939,2891.255468,174,55,88,146,95,189,101,417,3.034204672,0,165.6068334,23.00141135
3419,0,0,116,26,554,154,87,128,90,246,1.011401557,0,40.53839051,0
3420,425,1043.135612,34,51,8,94,19,227,18,171,0,0,76.44981098,38.00233179
3421,280,621.477198,169,62,22,328,60,224,66,282,0,0,80.90043616,28.00171816
3422,7,22.0208456,596,50,99,30,98,20,12,23,1.011401557,0,44.31282349,0
3423,170,477.1183213,60,56,9,42,152,40,64,139,0,0,29.16607298,13.00079772
3424,576,1437.064072,3,30,1,8,14,78,1,8,0,0,49.07759523,46.00282269
3425,613,1395.469141,138,4,7,34,7,80,6,105,0,0,56.22434573,52.00319087
3426,812,2054.463336,16,39,1,56,7,67,53,59,0,0,81.05756033,65.00398859
3427,251,689.9864954,0,0,0,0,0,0,0,0,0,0,15.63693661,21.00128862
3428,492,1325.32867,84,42,44,92,104,57,22,276,3.034204672,0,56.91060627,30.00184089
3429,120,260.9877997,455,197,25,5,764,47,59,89,0,0,111.0181012,14.00085908
3430,466,959.9457507,0,4,0,1,53,6,33,17,0,0,28.47981244,32.00196361
3431,251,779.7010516,3,0,0,25,11,30,21,9,0,0,12.94091305,17.00104317
3432,327,1064.340871,16,0,32,0,0,0,0,0,0,0,18.18590433,23.00141135
3433,409,1244.58557,0,0,0,0,0,0,0,0,0,0,31.71504071,42.00257724
3434,1071,3008.699978,0,0,0,0,0,0,0,0,1.011401557,0,84.26299068,75.00460222
3435,642,1719.25713,0,0,0,0,0,0,0,0,1.011401557,0,22.20543035,27.0016568
3436,291,800.0907234,0,2,1,0,158,16,5,11,0,0,23.92108171,19.00116589
3437,384,1017.852419,0,0,0,0,0,0,0,0,0,0,18.82314626,25.00153407
3438,249,668.7812367,0,0,0,0,0,0,0,0,0,0,12.54876417,17.00104317
3439,373,1211.146508,0,0,0,0,0,0,0,0,1.011401557,0,62.44970921,51.00312951
3440,175,512.1885569,0,0,0,0,0,0,0,0,0,0,37.00905059,49.00300678
3441,242,635.3421749,3,4,5,10,22,7,0,9,0,0,28.08766356,38.00233179
3442,743,2115.632351,0,0,0,0,0,59,0,0,0,0,39.55801831,49.00300678
3443,760,2326.053765,0,0,0,0,0,0,0,0,0,0,37.30316225,50.00306814
3444,48,149.2523979,1,0,7,1,161,2,0,0,7.079810901,0,10.83311282,3.000184089
3445,413,1223.380311,0,0,0,0,0,0,0,0,0,0,21.20298357,27.82011058
3446,223,642.6824567,0,1,4,3,148,2,0,0,0,0,72.54845885,26.00159543
3447,35,101.1327724,0,0,0,0,0,0,0,0,1.011401557,0,69.65544489,67.00411131
3448,20,41.59493058,0,0,0,0,0,0,0,0,1.011401557,0,57.10668071,41.00251588
3449,38,88.89896927,0,0,0,0,0,0,0,0,0,0,68.66612387,36.00220906
3450,253,726.6879048,0,0,0,0,0,0,0,0,0,0,17.79375545,24.00147271
3451,19,44.85727807,0,0,0,0,0,0,0,0,5.057007786,0,0.931353591,1.000061363
3452,19,42.41051745,0,0,0,0,0,0,0,0,1.011401557,0,0.931353591,1.000061363
3453,35,81.5586874,0,0,0,0,0,0,0,0,0,0,1.715651352,2.000122726
3454,19,47.30403869,10,2,10,0,8,35,3,22,1.011401557,0,5.441065716,2.000122726
3455,4,14.68056373,0,0,0,0,0,0,0,0,0,0,0.588223321,1.000061363
3456,38,95.42366426,0,0,0,0,0,0,0,0,0,0,1.911725792,3.000184089
3457,948,2755.05246,19,6,4,19,104,12,7,42,0,0,54.21458272,62.0038045
3458,5,17.12732435,0,0,0,0,0,0,0,0,17.19382647,0,0.24509305,0
3459,44,149.2523979,0,0,0,0,0,0,0,0,28.3192436,0,2.156818842,3.000184089
3460,196,674.4903448,0,0,0,0,0,0,0,0,44.50166852,0,9.607647571,13.00079772
3461,145,473.0403869,0,0,32,0,17,24,0,0,60.68409344,0,11.02918726,10.00061363
3462,59,190.0317416,0,0,0,0,0,0,0,0,5.057007786,0,2.892097993,4.000245451
3463,80,247.1228228,0,1,3,0,104,9,1,0,2.022803115,0,9.754703401,5.000306814
3464,26,83.18986115,0,0,3,5,149,20,3,0,3.034204672,0,9.705684791,2.000122726
3465,30,84.00544803,0,0,0,0,0,0,0,0,1.011401557,0,1.470558302,2.000122726
3466,11,30.99230121,0,6,9,1,144,42,3,0,0,0,10.63703838,1.000061363
3467,927,2477.752923,0,0,0,0,0,0,0,0,0,0,45.58730735,61.00374314
3468,883,2197.191039,0,0,0,0,0,64,0,0,0,0,46.56767955,58.00355905
3469,32,75.03399241,0,0,0,0,0,0,0,0,0,0,1.568595522,2.000122726
3470,30,80.74310053,0,0,0,0,0,0,0,0,1.011401557,0,1.470558302,2.000122726
3471,23,62.8001893,0,0,0,0,1,0,0,0,1.011401557,0,1.176446641,2.000122726
3472,652,1638.51403,1,6,6,12,150,2,0,2,0,0,52.36194387,48.00294542
3473,272,708.7449935,32,20,0,21,45,6,43,2,0,0,28.67588688,27.0016568
3474,438,1101.857867,0,0,1,0,27,0,0,0,0,0,23.43089561,29.00177952
3475,564,1414.22764,12,38,2,0,44,3,12,7,0,0,34.31302704,42.00257724
3476,972,2465.51912,5,21,22,20,222,53,13,3,3.034204672,0,65.29278859,64.00392722
3477,210,535.8405762,172,61,8,5,376,38,8,17,0,0,40.53839051,14.00085908
3478,578,1492.523979,58,97,27,63,290,47,11,44,0,0,47.49903314,38.00233179
3479,442,1075.759087,0,0,0,0,0,0,0,0,0,0,28.96999854,39.00239315
3480,1064,2596.01302,0,0,0,0,0,0,0,0,0,0,52.30285693,70.0042954
3481,41,96.23925114,2,1,8,7,40,1,1,1,3.034204672,0,4.999898226,3.000184089
3482,955,2235.523622,0,3,1,0,367,24,11,0,0,0,28.82294271,23.00141135
3483,482,1049.660307,1,24,10,5,1026,332,46,8,0,0,102.448895,41.00251588
3484,454,1123.063126,33,54,2,0,116,8,9,15,0,38.75362319,61.28353445,36.00220906
3485,292,800.0907234,16,39,4,2,171,13,5,7,0,0,17.64669962,22.00134998
3486,827,2162.120803,0,0,0,0,0,0,0,0,0,0,40.44035329,54.00331359
3487,1188,2912.460727,0,0,0,0,0,0,0,0,0,0,78.23370165,104.0063817
3488,825,2116.447938,0,0,0,0,0,0,0,0,0,0,40.53839051,54.00331359
3489,27,63.61577617,0,0,0,0,0,0,0,0,0,0,1.323502471,2.000122726
3490,186,469.7780394,0,0,0,0,0,0,0,0,1.011401557,0,9.06844286,12.00073635
3491,452,1216.040029,0,0,0,0,0,0,0,0,0,0,37.94040418,51.00312951
3492,317,809.062179,0,0,0,0,0,0,0,0,0,0,17.00945769,23.00141135
3493,539,1470.503134,0,0,0,0,0,0,0,0,0,0,26.37201221,35.0021477
3494,414,1098.595519,0,0,3,4,8,4,1,1,0,0,21.32309537,27.0016568
3495,271,641.8668699,0,5,6,0,177,5,1,0,2.022803115,0,13.38208054,18.00110453
3496,65,163.9329617,0,5,9,22,580,67,11,0,2.022803115,0,37.30316225,4.000245451
3497,166,429.8142826,0,1,1,0,49,4,0,0,0,0,11.37231753,12.00073635
3498,2235,5576.167458,0,0,1,0,8,51,0,0,0,0,126.5761195,148.0090817
3499,429,1091.255237,0,22,29,0,1077,51,21,0,1.011401557,0,64.11634195,28.00171816
3500,13,35.07023558,23,51,57,3,2759,110,57,0,4.04560618,0,118.8211093,1.000061351
3501,907,2533.212831,0,2,0,0,14,7,0,0,1.82E-08,0,23.53670593,30.52919573
3502,1,1,0,85,57,0,2671,77,84,0,0,0,123.2818043,0
3503,16,53.82873369,0,0,1,1,75,7,0,0,334.7739155,0,4.901861005,1.000061363
3504,1,1.631173748,0,0,0,0,0,0,0,0,39.44466073,0,0.04901861,0
3505,0,0,0,0,0,0,0,0,0,0,86.98053393,0,0,0
3506,33,112.5509886,0,0,0,0,0,0,0,0,3.034204672,0,1.617614132,2.000122726
3507,25,85.63662177,0,1,1,2,80,10,1,4,89.00333704,0,6.127326257,2.000122726
3508,102,350.7023558,11,1,9,0,49,47,1,0,79.90072303,0,10.78409421,7.00042954
3509,48,129.678313,0,0,0,0,0,0,0,0,202.2803115,0,2.352893283,3.000184089
3510,16,44.85727807,0,1,3,1,189,14,1,0,63.71829811,0,11.07820587,1.000061363
3511,178,470.5936263,0,0,0,1,14,2,0,0,7.079810901,0,9.558628961,12.00073635
3512,79,245.4916491,0,0,0,0,0,0,0,0,11.12541713,0,3.872470194,5.000306814
3513,13,44.0416912,0,0,0,0,0,0,0,0,48.54727475,0,0.637241931,1.000061363
3514,1,4.07793437,0,0,0,0,0,0,0,0,52.59288098,0,0.04901861,0
3515,58,154.9615061,0,0,0,0,0,0,0,0,0,0,2.745042163,4.000245451
3516,5,8.971455614,0,0,0,0,0,0,0,0,0,0,0.24509305,0
3517,0,0,0,0,0,0,0,0,0,0,0,0,0,0
3518,1,1,0,0,0,0,0,5,0,0,0,0,0,0
3519,0,0,0,0,0,0,0,0,0,0,0,0,0,0
3520,0,0,0,0,0,0,0,0,0,0,0,0,0,0
3521,1,1.631173748,0,0,0,0,0,0,0,0,0,0,0.04901861,0
3522,0,0,0,0,0,0,0,0,0,0,0,0,0,0
3523,32,84.00544803,112.4,152.2,0,0,0,0,0,114.3,0,0,0,0
3524,0,0,0,0,0,0,0,0,0,0,0,0,0,0
3525,18,77.48075303,0,0,0,0,0,0,0,0,0,0,2,0
3526,0,0,0,0,0,0,0,0,0,0,0,0,0,0
3527,4,8.15586874,0,0,0,0,0,10.5,0,31.5,0,0,0,0
3528,34,67.69371054,0,0,0,0,0,0,0,0,0,0,0,0
3529,6,13.86497686,0,0,0,0,0,0,0,37,0,0,0,0
3530,2,3.262347496,0,0,0,0,0,0,0,0,0,0,0.09803722,0
3531,10,20.38967185,0,0,0,0,0,0,0,0,0,0,0.490186101,1.000061363
3532,41,70.95605804,2,0,0,0,0,0,0,0,0,0,0,0
3533,54,135.3874211,0,0,0,0,0,0,0,0,0,0,0,0
3534,2,3.262347496,0,0,0,0,0,0,0,0,0,0,0.09803722,0
3535,0,0,0,0,0,0,0,0,0,0,0,0,0,0
3536,0,0,0,0,0,0,0,0,0,0,0,0,0,0
3537,0,0,0,0,0,0,0,0,0,0,0,0,0,0
3538,0,0,0,0,0,0,0,0,0,0,0,0,0,0
3539,0,0,0,0,0,0,0,0,0,0,0,0,0,0
3540,65,201.4499579,7.2,0,0,0,0.8,0,0,0,0,0,8,0
3541,0,0,0,0,0,0,0,0,0,0,0,0,0,0
3542,1,4.893521244,0,0,0,0,0,0,0,0,0,0,0,0
3543,0,0,0,0,0,0,0,0,0,0,0,0,0,0
3544,31.8,77.80698778,0,0,0,0,0,0,22,0,0,0,0,0
3545,29.6,105.1291481,0,0,0,0,0,0,0,0,0,0,0,0
3546,0,0,0,0,0,0,0,0,0,0,0,0,0,0
3547,5,20.38967185,0,0,0,0,0,0,0,0,0,0,0,0
3548,2,4.07793437,0,0,0,0,0,0,0,0,0,0,0,0
3549,0,0,0,0,0,0,0,0,0,0,0,0,0,0
3550,0,0,0,0,0,0,0,0,0,0,0,0,0,0
3551,0,0,0,0,0,0,0,0,0,0,0,0,0,0
3552,1,4.07793437,22,10,20,24,35,18,2,49,0,88.57971011,8.774331197,0
3553,0,0,0,0,0,0,0,0,0,0,1.011401557,0,0,0
3554,0,0,0,0,0,0,0,0,0,0,0,0,0,0
3555,5,7.340281866,0,0,0,0,0,0,0,0,0,0,0,0
3556,0,0,0,0,0,0,0,0,0,0,6.068409343,0,0,0
3557,0,0,0,0,0,0,0,0,0,0,0,0,0,0
3558,0,0,0,0,0,0,0,0,0,0,0,0,0,0
3559,3,5.709108118,0,0,0,0,0,0,0,0,0,0,0.14705583,0
3560,0,0,0,0,0,0,0,0,0,0,3.05E-08,0,21.95256563,28.47442469
3561,0,0,0,0,0,0,0,0,0,0,0,0,0,0
3562,0,0,0,0,0,0,0,0,0,0,0,0,0,0
