;TAZID,TOTHH,HHPOP,RETL,FOOD,MANU,WSLE,OFFI,GVED,HLTH,OTHR,FM_AGRI,FM_MING,FM_CONS,HBJ
1,0,0,0,0,0,0,0,0,0,0,0,0,0,0
2,14,39,0,0,0,0,0,0,0,0,0,0,2,1
3,22,65,0,0,0,0,0,0,0,0,0,0,2,1
4,1,3,0,0,0,0,0,0,0,0,0,0,0,0
5,58,192,0,0,0,0,0,0,2,0,0,0,7,3
6,3,9,0,0,0,8,0,0,0,0,0,0,1,0
7,35.99999997,105.9999999,1.999999998,0,0,26.99999998,0,0,0,5.999999995,214.9999998,0,5.999999995,2.999999998
8,45,150,17,0,0,0,36,0,0,2,0,0,6,3
9,14,40,0,0,0,90,0,0,0,0,0,0,2,1
10,20,59,0,0,0,93,0,0,0,0,0,0,3,1
11,7,23,0,0,0,0,0,0,0,0,0,0,0,0
12,16,50,0,0,0,0,0,0,0,0,0,0,2,1
13,0,0,0,0,0,0,0,0,0,0,0,0,0,0
14,0,0,0,0,0,0,0,0,0,0,0,0,0,0
15,1,3,0,0,109,146,0,0,0,9,49,0,4,0
16,1,3,0,0,2,74,0,0,0,21,0,0,2,0
17,3,10,0,0,0,0,0,0,0,0,0,0,1,0
18,0,0,0,0,467,216,0,0,0,0,0,0,10,0
19,222,733,15,0,0,10,0,0,0,0,0,0,20,10
20,150,378,12,0,0,2,0,0,0,23,0,0,18,9
21,0,0,0,0,385,39,0,0,0,0,0,0,7,0
22,2,6,0,0,9,0,0,0,0,0,0,0,0,0
23,3,10,0,0,20,27,0,0,0,0,0,0,1,0
24,131,433,0,0,0,0,0,0,1,0,0,0,11,5
25,298,985,5,0,0,2,0,102,12,4,0,0,38,18
26,201,564,17,0,13,19,0,46,62,19,0,0,26,11
27,0,0,0,0,0,0,0,0,0,0,0,0,0,0
28,1,3,0,0,78,0,0,0,0,0,0,0,2,0
29,229,725,0,0,0,2,0,0,0,0,0,0,18,9
30,286,660,13,0,0,8,41,0,27,9,0,0,40,19
31,217,523,5,66,73,0,39,0,0,36,0,0,27,12
32,111,311,0,0,0,2,0,0,0,0,0,0,13,7
33,161,388,0,0,0,14,0,0,0,0,0,0,17,8
34,198,555,2,0,14,0,5,0,0,0,0,0,22,11
35,277,717,0,0,0,0,0,0,0,0,0,0,32,16
36,77,194,0,0,0,0,0,0,0,0,0,0,10,5
37,0,0,0,0,0,0,0,0,0,4,0,0,0,0
38,0,0,0,0,1426,0,0,21,3,0,0,0,24,0
39,59,187,17,0,0,0,0,0,3,109,0,0,10,3
40,288,665,37,0,0,21,58,79,24,53,0,0,48,21
41,107,247,211,0,0,0,0,0,22,102,0,0,20,7
42,64,149,0,0,0,0,3,0,0,72,0,0,9,4
43,190,493,0,0,0,2,0,38,37,0,0,0,24,11
44,98,296,0,0,0,0,0,0,0,0,0,0,15,7
45,89,267,0,0,0,0,36,0,0,0,0,0,7,3
46,0,0,0,0,0,0,0,0,0,0,0,0,0,0
47,2,6,0,0,0,0,0,0,0,0,0,0,0,0
48,8,26,0,0,0,0,0,0,0,0,0,0,1,0
49,0,0,74,29,0,0,0,0,0,0,0,0,2,0
50,3,10,0,0,12,41,33,94,43,4,0,0,5,0
51,5,14,0,0,11,39,16,0,11,0,0,0,2,0
52,50,112,0,0,169,0,0,0,22,1495,0,0,43,3
53,238,536,284,48,6,64,63,332,53,456,0,0,52,13
54,138,428,12,53,18,0,91,215,64,168,0,0,32,10
55,162,500,0,0,1,0,3,195,0,15,0,0,24,9
56,38,114,0,0,0,0,0,0,0,0,0,0,4,2
57,51,153,0,0,0,0,0,0,0,0,0,0,9,4
58,0,0,0,0,0,0,0,0,0,0,0,0,0,0
59,0,0,0,0,0,0,0,0,0,0,0,0,0,0
60,0,0,0,0,0,0,0,0,0,0,0,0,0,0
61,253,872,0,0,0,0,0,0,0,0,0,0,25,12
62,200,687,2,0,0,0,0,0,0,13,0,0,24,11
63,19,52,0,0,0,0,0,199,0,0,0,0,6,1
64,219,752,0,91,0,0,0,0,0,21,0,0,27,12
65,270,743,42,0,0,0,0,5,1,23,0,0,34,16
66,135,290,52,26,0,0,0,0,7,38,0,0,22,10
67,134,414,84,0,0,0,3,0,1,38,0,0,20,9
68,168,518,0,0,0,0,0,0,17,17,0,0,22,11
69,29,88,0,0,0,0,0,0,0,21,0,0,4,1
70,101,218,0,0,0,0,8,0,0,15,0,0,11,5
71,0,0,0,0,0,0,0,0,0,0,0,0,0,0
72,91,280,2,0,0,4,0,0,0,75,0,0,11,5
73,3,11,0,0,0,0,0,0,0,0,0,0,1,0
74,0,0,0,0,0,0,0,0,0,0,0,0,0,0
75,130,447,5,16,0,0,0,41,86,15,0,0,19,7
76,86,294,0,0,0,0,0,0,5,2,0,0,9,4
77,76,261,0,0,38,0,0,156,469,9,0,0,30,8
78,416,1110,66,22,0,2,0,0,9,66,0,0,56,26
79,40,107,61,116,0,0,14,57,87,21,0,0,14,4
80,158,422,20,101,0,0,22,118,0,0,0,0,22,9
81,23,49,0,0,0,0,0,57,0,102,0,0,13,4
82,333,715,51,83,4,8,47,0,64,130,0,0,55,23
83,0,0,76,134,0,0,0,0,0,11,0,0,4,0
84,0,0,84,26,0,0,5,64,12,15,0,0,4,0
85,41,135,3,0,0,21,5,0,10,43,0,0,7,2
86,1,3,22,4,0,0,0,0,0,0,0,0,0,0
87,0,0,0,0,0,0,0,0,0,0,0,0,0,0
88,3,10,0,0,0,0,0,0,0,0,29,0,0,0
89,67,218,3,334,0,8,0,0,0,38,0,0,10,2
90,53,173,514,80,20,0,166,52,0,9,0,0,20,3
91,201,659,0,0,0,4,121,0,2,23,0,0,26,12
92,209,687,0,0,8,2,11,0,18,30,0,0,22,11
93,0,0,0,0,0,0,0,0,0,0,0,0,0,0
94,21,73,0,0,0,0,0,0,0,0,0,0,3,1
95,246,854,0,53,0,2,5,0,18,32,0,0,31,14
96,244,801,0,0,0,0,0,0,9,4,0,0,34,17
97,0,0,0,0,0,0,0,0,0,0,0,0,0,0
98,0,0,0,0,0,0,0,0,0,0,0,0,0,0
99,0,0,0,0,0,0,0,0,0,0,0,0,0,0
100,20,58,0,0,0,0,0,0,2,0,0,0,2,1
101,447,1296,0,16,0,10,5,17,23,43,0,0,52,25
102,0,0,0,0,0,0,0,0,0,0,0,0,0,0
103,222,643,0,0,0,4,0,0,2,2,0,0,24,11
104,67,193,0,0,1,0,0,118,0,0,0,0,10,4
105,27,75,0,5,0,0,0,0,0,0,0,0,4,2
106,7,21,10,0,0,0,0,0,0,0,539,0,2,1
107,0,0,0,0,0,0,0,0,0,0,0,0,0,0
108,10,26,0,0,0,0,0,0,0,0,0,0,1,0
109,0,0,0,0,0,0,0,0,0,0,0,0,0,0
110,2,5,0,0,0,0,0,0,0,0,0,0,0,0
111,0,0,0,0,0,0,0,0,0,0,0,0,0,0
112,0,0,0,0,0,0,0,0,0,0,0,0,0,0
113,25,69,0,0,0,0,0,0,0,0,0,0,3,1
114,33,93,0,0,0,2,0,0,0,0,0,0,4,2
115,0,0,59,0,0,0,0,0,0,0,0,0,1,0
116,0,0,0,0,20,0,0,0,0,0,0,0,0,0
117,20,55,22,0,0,0,0,0,0,0,0,0,3,1
118,4,12,0,0,0,0,0,0,0,0,0,0,0,0
119,0,0,0,0,0,0,0,36,0,0,0,0,1,0
120,23,63,2,0,0,0,0,0,0,0,0,0,3,1
121,48,130,0,0,0,2,0,0,0,2,0,9,5,2
122,15,42,0,0,0,0,0,0,0,0,0,0,2,1
123,0,0,0,0,0,0,0,0,0,0,0,0,0,0
124,72,197,0,0,0,0,0,0,0,2,0,0,9,4
125,63,174,0,0,0,0,14,56,0,0,0,0,9,4
126,185,525,0,0,7,2,0,0,0,0,0,0,21,11
127,21,58,0,0,0,0,0,0,0,0,0,0,12,6
128,84,232,0,0,0,10,0,0,0,0,0,0,7,3
129,70,191,0,0,0,0,0,0,0,0,0,0,1,1
130,48,135,0,0,1,0,0,0,0,0,0,0,8,4
131,115,327,0,0,0,0,0,0,0,0,0,0,7,4
132,34,96,0,0,4,0,0,0,0,0,147,0,4,2
133,177,487,0,0,0,0,3,0,0,4,0,0,19,9
134,2,5,0,0,0,0,0,0,0,0,0,0,1,0
135,6,17,0,0,0,0,0,0,0,0,0,0,0,0
136,157,447,0,0,0,10,11,0,0,2,0,0,19,9
137,4,11,0,0,0,55,0,0,0,0,0,0,1,0
138,155,426,0,0,13,0,33,0,0,17,0,0,19,9
139,42,120,0,0,0,0,0,13,0,0,0,43,5,2
140,3,8,0,0,0,0,0,0,0,0,0,0,1,0
141,0,0,0,0,0,0,0,0,0,0,0,0,0,0
142,0,0,0,0,0,0,0,0,0,0,0,0,0,0
143,58,159,40,0,0,66,0,0,0,0,0,0,9,4
144,0,0,0,0,0,0,0,0,0,0,0,0,0,0
145,15,37,0,0,0,0,0,0,0,0,0,0,2,1
146,0,0,0,0,0,0,0,0,0,0,0,0,0,0
147,0,0,0,0,0,0,0,0,0,0,0,0,0,0
148,0,0,0,0,0,0,0,0,0,0,0,0,0,0
149,0,0,0,0,0,0,0,0,0,0,0,0,0,0
150,463,1724,29,0,0,4,5,48,8,23,0,0,44,21
151,34,126,0,0,26,0,0,0,0,0,0,0,3,1
152,3,9,0,0,0,0,0,0,0,0,0,0,0,0
153,0,0,0,0,0,0,0,0,0,0,0,0,0,0
154,0,0,0,0,0,0,0,0,0,0,9.052258065,0,0,0
155,14,41.47424128,0,0,0,0,0,0,0,0,6.03483871,0,0.549223712,1.002716838
156,5.5,17.76525537,0,0,0,0,0,0,0,0,7.040645161,0,0.215766458,0
157,50,144.1973987,0,0,0,0,0,0,0,0,74.42967742,0,2.961513257,2.005433676
158,95,268.6764538,0,0,0,0,0,0,0,0,9.052258065,0,3.726875189,4.010867352
159,0,0,0,0,280,0,0,0,0,0,11.06387097,84,10.98447424,0
160,2.5,5.934263959,0,0,0,0,0,0,0,0,816.7148387,0,0.098075663,0
161,24,61.28647031,0,0,5,0,0,0,0,0,1.005806452,0,1.137677689,1.002716838
162,56,159.0284048,0,0,0,0,0,0,0,0,90.52258065,0,9.196894848,2.005433676
163,8,22.71834354,0,0,0,0,0,0,0,0,1.005806452,0,0.313842121,0
164,1,1.981222903,0,0,0,0,0,0,0,0,8.046451613,0,0.039230265,0
165,0,0,0,3,435,0,0,0,0,18,2.011612903,0,17.88900091,0
166,28,80.98603676,0,0,0,0,0,0,0,0,40.23225806,0,1.098447424,1.002716838
167,14,36.56812677,0,0,0,0,0,0,0,0,4.023225806,0,0.549223712,1.002716838
168,50,132.4227239,0,0,0,0,0,0,0,0,1.005806452,0,1.961513257,2.005433676
169,20,52.3803558,0,0,0,0,0,0,0,0,3.017419355,0,0.784605303,1.002716838
170,27,76.06114515,0,11,0,0,0,0,0,0,32.18580645,0,1.490750076,1.002716838
171,40,112.6104948,0,0,0,0,0,0,0,0,4.023225806,0,1.569210606,2.005433676
172,84,219.4087606,0,0,0,0,0,79,0,0,3.017419355,0,8.394533219,3.008150514
173,79,208.5214232,0,0,0,0,0,0,0,0,8.046451613,0,11.09919095,3.008150514
174,27,70.17380773,0,0,0,0,0,0,0,0,7.040645161,0,1.059217159,1.002716838
175,33,88.92970547,9,0,1,1,1,2,1,4,2.011612903,0,2.039973788,1.002716838
176,10,25.69956645,0,0,0,0,0,0,0,0,2.011612903,0,0.392302651,0
177,26.5,75.56121287,0,0,0,0,0,0,0,0,2.011612903,0,1.039602026,1.002716838
178,32,91.85459708,0,0,0,0,0,9,0,4,11.06387097,0,1.765361932,1.002716838
179,5.25,16.28877459,0,0,0,0,0,0,0,0,7.040645161,0,0.205958892,0
180,29,81.00481386,0,0,0,0,0,0,0,0,10.05806452,0,1.137677689,1.002716838
181,39,107.6856032,0,0,0,0,0,0,0,0,2.011612903,0,1.529980341,2.005433676
182,43,116.5917177,0,0,1,1,1,2,1,2,5.029032258,0,2.000743523,2.005433676
183,20,54.3428016,0,0,0,0,0,5,1,4,9.052258065,0,1.176907954,1.002716838
184,91,248.9768874,0,0,0,0,0,0,0,0,10.05806452,0,3.569954128,4.010867352
185,45,122.5166093,0,0,0,0,0,0,0,0,4.023225806,0,1.765361932,2.005433676
186,9,27.64323516,0,0,0,0,0,0,0,0,1.005806452,0,0.353072386,0
187,14,41.47424128,0,4,0,0,1,0,0,0,1.005806452,0,0.745375038,1.002716838
188,3.5,9.632610011,0,0,0,0,0,0,0,0,21.12193548,0,0.137305928,0
189,65,175.878188,0,0,0,0,0,0,0,0,5.029032258,0,10.54996723,3.008150514
190,69,190.67164,0,0,4,0,0,0,0,0,4.023225806,0,2.863809356,3.008150514
191,140,385.3057257,0,0,0,0,0,0,0,0,3.017419355,0,26.49223712,5.01358419
192,3,8.887337418,0,0,0,0,0,0,0,0,4.023225806,0,0.117690795,0
193,197,544.3529077,0,0,0,0,0,0,0,0,1.005806452,0,12.72836223,8.021734705
194,0,0,0,0,0,0,0,0,0,0,74.42967742,0,0,0
195,72,251.5637912,0,0,0,0,0,0,0,0,3.017419355,0,9.824579091,3.008150514
196,90,315.6812677,0,0,0,0,0,0,0,0,3.017419355,0,3.530723863,4.010867352
197,138,480.4467931,0,0,0,0,0,0,0,0,2.011612903,0,6.41377659,5.01358419
198,25,87.79826579,0,0,0,0,0,0,0,0,4.023225806,0,0.980756629,1.002716838
199,0,0,0,0,0,0,0,0,0,0,3.017419355,0,0,0
200,52.25,152.5800087,0,0,0,0,0,0,0,0,6.03483871,0,2.049781354,2.005433676
201,23,76.96725966,0,0,0,0,0,0,0,0,4.023225806,0,0.902296098,1.002716838
202,29.5,94.01538599,0,0,0,0,0,0,0,0,4.023225806,0,2.157292822,1.002716838
203,69.25,190.92164,0,0,0,1,7,0,0,1,4.023225806,0,3.069768248,3.008150514
204,86.5,285.4428354,0,0,0,0,0,0,0,0,3.017419355,0,3.393417935,3.008150514
205,236.25,775.1866964,0,0,0,0,0,0,0,0,1.005806452,0,32.26815014,9.024451543
206,104,340.4747196,0,0,0,0,0,0,0,0,1.005806452,0,40.07994758,4.010867352
207,20.25,58.27230578,0,0,0,0,0,0,0,0,4.023225806,0,0.794412869,1.002716838
208,74.5,247.4405271,0,0,0,0,0,0,0,0,1.005806452,0,3.922654754,3.008150514
209,58.75,193.6681595,0,0,0,0,0,0,0,0,3.017419355,0,17.30477808,2.005433676
210,13,34.58690387,0,0,0,0,0,0,0,0,4.023225806,0,0.509993447,1.002716838
211,6,17.77467484,0,12,0,0,0,0,0,0,2.011612903,0,0.706144773,0
212,118.5,326.2738032,1,0,1,6,2,6,2,14,1.005806452,0,5.904154905,5.01358419
213,250,1002.597967,135,63,16,23,22,125,11,80,1.005806452,0,28.44194223,10.02716838
214,350,1402.852175,0,0,0,0,0,0,0,0,2.011612903,0,13.7305928,14.03803573
215,132.9999999,370.4559423,0.999999999,0,4.999999997,4.999999997,4.999999997,8.999999995,4.999999997,18.99999999,2.011612902,0,7.139908253,5.013584188
216,78,214.3899835,0,0,0,1,0,0,0,2,0,0,3.177651477,3.008150514
217,125,501.7895947,16,0,0,1,0,0,0,10,1.005806452,0,8.963000302,5.01358419
218,253,1014.428973,0,0,0,0,0,0,0,0,0,0,12.92525708,10.02716838
219,122,337.8690387,0,0,0,0,0,179,0,2,0,0,11.88677034,5.01358419
220,155,334.5637912,0,0,0,0,0,0,1,0,2.011612903,0,18.11992136,6.016301029
221,250,539.4607564,0,0,0,0,0,0,0,0,3.017419355,0,11.80756629,10.02716838
222,100.25,284.2293282,0,0,0,0,0,0,0,0,2.011612903,0,3.932834081,4.010867352
223,93,246.0707729,0,0,0,0,0,0,0,0,0,0,3.648414659,4.010867352
224,667,2009.312931,0,0,0,0,25,113,0,64,0,0,37.09110041,26.07063779
225,28,83.92970547,149,90,11,185,62,108,45,228,0,0,35.54262022,1.002716838
226,325,978.4944534,0,0,0,0,0,0,15,0,1.005806452,0,29.33829015,13.0353189
227,80,240.9205561,24,1,3,77,15,109,11,58,3.017419355,0,14.82904023,3.008150514
228,307,1178.325938,0,0,0,0,0,124,0,0,0,0,16.90824428,12.03260206
229,139,533.451607,1,0,0,0,2,5,1,26,1.005806452,0,6.826066136,5.01358419
230,0,0,9,156,0,1095,2,0,0,155,0,0,55.58928571,0
231,0,0,390,261,1968,200,54,43,38,528,0,0,136.5997832,0
232,101,386.5358648,0,0,0,0,0,0,0,0,1.005806452,0,3.96225678,4.010867352
233,56.25,215.6986673,8,0,6,8,22,28,22,87,0,0,29.30738041,2.005433676
234,155,531.7895947,0,0,1,1,1,3,2,16,1.005806452,0,7.022217461,6.016301029
235,81,176.1786216,12,0,507,30,43,62,52,157,3.017419355,0,37.0333703,3.008150514
236,255,873.1704289,12,0,11,0,0,0,0,13,3.017419355,0,11.41600716,10.02716838
237,20,68.07992225,7,0,4,8,22,69,20,99,1.005806452,0,9.768336022,1.002716838
238,414,891.8555538,47,0,4,116,17,94,14,77,1.005806452,0,30.71729761,16.04346941
239,9,30.58690387,0,0,0,1,0,0,0,0,1.005806452,0,0.392302651,0
240,21,56.32402451,0,0,0,0,0,0,0,0,0,0,0.823835568,1.002716838
241,1,1.981222903,0,0,0,0,0,0,0,0,0,0,0.039230265,0
242,7,21.71834354,0,0,0,0,0,0,0,0,1.005806452,0,0.274611856,0
243,133,365.549828,0,0,0,0,1,1,0,2,1.005806452,0,12.37454633,5.01358419
244,0,0,0,4,0,0,0,0,0,0,2.011612903,0,0.156921061,0
245,257.25,962.7492672,12,78,120,47,19,14,12,57,1.005806452,0,32.1756509,10.02716838
246,36,125.2912842,0,0,0,0,0,0,0,0,1.005806452,0,2.412289545,1.002716838
247,470.25,1612.393459,0,0,0,0,0,0,0,0,0,0,24.44803219,18.04890309
248,108,295.4135745,0,0,0,0,0,0,0,0,0,0,4.236868636,4.010867352
249,303,1133.114576,0,0,0,0,0,0,0,0,0,0,15.88677034,12.03260206
250,276,755.8179996,2,0,4,12,13,120,33,72,0,0,20.87050106,11.02988522
251,91,339.2493945,0,0,0,0,0,202,0,0,0,0,11.49446769,4.010867352
252,67.75,205.1211387,38,294,409,17,64,14,8,132,2.011612903,0,40.94658925,3.008150514
253,506.75,1903.520883,35,18,208,280,49,66,160,203,1.005806452,0,197.855577,20.05433676
254,330,1237.385886,1,23,17,7,5,91,5,28,1.005806452,0,24.88974443,13.0353189
255,239,577.5219015,0,0,1,0,19,28,14,76,0,0,14.78980996,9.024451543
256,78,189.8594109,1,0,0,5,2,3,2,15,0,0,8.158408106,3.008150514
257,375,1088.34905,74,68,10,61,19,18,16,95,0,0,28.87347515,15.04075257
258,1,3.943668709,6,0,4,31,22,22,17,51,0,0,6.041460833,0
259,138,331.3009119,7,0,9,6,28,55,34,107,0,0,50.06442182,5.01358419
260,0,0,0,0,0,0,0,0,0,0,0,0,0,0
261,78.5,277.9336397,0,0,0,0,0,0,0,0,0,0,10.07957581,3.008150514
262,50.25,176.0918101,0,0,0,0,0,0,0,0,0,0,2.971320824,2.005433676
263,349,1156.546449,2,0,0,1,3,0,0,2,0,0,22.00520466,14.03803573
264,745,2469.008641,0,0,0,0,0,0,0,0,0,0,38.22654754,29.0787883
265,346.25,1064.505138,0,0,0,0,0,87,0,0,0,0,16.99651238,14.03803573
266,213,705.5738973,0,0,0,0,0,0,0,0,0,0,8.356046476,8.021734705
267,289,1079.86566,0,0,0,0,0,0,0,0,0,0,11.33754663,11.02988522
268,149,458.0852144,0,0,0,0,0,0,0,0,0,0,5.845309507,6.016301029
269,108,259.1083271,2,0,11,5,29,12,74,41,1.005806452,0,11.06293477,4.010867352
270,66,158.2349529,170,112,1,10,2,2,2,47,0,0,16.16286924,3.008150514
271,366.25,1045.746894,6,0,1,2,4,68,25,24,0,0,22.46801908,14.03803573
272,208,606.3764986,0,0,7,0,0,92,0,13,0,0,13.55368485,8.021734705
273,307,908.4896395,0,0,0,0,0,0,0,0,0,0,12.0436914,12.03260206
274,605,1963.993721,0,0,0,0,0,0,0,0,0,0,35.73431041,24.06520411
275,15.25000009,31.93078954,0,0,0,1.000000006,1.000000006,3.000000018,1.000000006,5.000000029,0,0,2.029794472,1.002716844
276,767.25,2130.659258,50,30,3,6,9,85,18,65,0,0,69.53467146,30.08150514
277,12,28.68078935,33,0,1,2,4,3,5,33,0,0,3.648414659,0
278,486.75,1196.419549,268,172,21,7,22,153,139,109,1.005806452,0,55.04949781,19.05161992
279,103,254.1083271,2,0,3,2,8,23,8,33,2.011612903,0,8.139908257,4.010867352
280,147,418.7987441,0,0,0,0,0,0,0,0,0,0,10.76684898,6.016301029
281,303,743.8144473,0,0,0,0,0,1,0,0,1.005806452,0,14.9260006,12.03260206
282,487.25,1539.366136,55,15,13,13,53,44,40,177,1.005806452,0,35.1993554,19.05161992
283,462,1376.499746,19,77,3,5,15,100,14,56,0,0,29.46192913,18.04890309
284,373,1110.879623,0,0,0,0,3,0,4,1,0,0,16.94673102,15.04075257
285,46.25,130.3897822,0,0,0,0,0,0,1,7,2.011612903,0,2.128241884,2.005433676
286,205,573.9398115,2,7,1,2,48,3,41,29,0,0,15.25982962,8.021734705
287,126.5,362.2387988,0,0,0,0,0,0,0,0,0,0,4.962628541,5.01358419
288,983,2599.074121,20,1,12,58.25,9,223,7,69,0,0,90.226034,39.10595669
289,45,136.25373,53,4,14,2,16,15,14,100,1.005806452,0,10.31755973,2.005433676
290,119,403.5546419,0,0,0,0,0,0,0,0,0,0,4.668401553,5.01358419
291,425.5,1345.641763,0,0,0,0,0,2,0,0,0,0,16.77093835,17.04618625
292,127,393.8926296,58,15,8,8,24,18,34,103,3.017419355,0,15.49595473,5.01358419
293,373.25,1152.340958,19,0,6,12,24,43,18,76,1.005806452,0,24.41028897,15.04075257
294,191,588.3952757,476,115,23,30,68,99,81,284,1.005806452,0,58.62777246,8.021734705
295,8,14.86856032,0,0,0,0,0,0,0,0,1.005806452,0,0.313842121,0
296,10,25.69956645,0,0,0,0,0,0,0,0,2.011612903,0,0.392302651,0
297,43.25,118.0682633,0,0,0,0,0,0,0,0,4.023225806,0,1.696708968,2.005433676
298,29,63.3428016,0,0,0,0,0,0,0,0,2.011612903,0,1.137677689,1.002716838
299,18,39.58690387,51,21,5,63,22,22,14,67,1.005806452,0,11.10216504,1.002716838
300,5,16.77467484,92,9,19,2,23,154,16,186,1.005806452,0,19.85051416,0
301,12,41.43668709,0,0,0,0,0,0,0,0,1.005806452,0,0.470763182,0
302,80.25,219.5836522,0,0,0,0,3,5,1,5,3.017419355,0,5.69745249,3.008150514
303,55.75,153.3816685,17,40,2,4,9,6,8,56,1.005806452,0,8.757784933,2.005433676
304,72.25,195.8840858,1,0,0,0,2,55,1,6,1.005806452,0,9.384353892,3.008150514
305,1.25,2.47654556,0,0,0,0,0,0,0,0,3.017419355,0,0.049037831,0
306,27,75.07992225,0,0,0,0,0,0,0,0,2.011612903,0,1.059217159,1.002716838
307,92.25,254.1518467,0,0,0,0,0,0,0,0,2.011612903,0,3.61899196,4.010867352
308,45.25,123.9931549,86,3,10,18.25,40,59,38,156,1.005806452,0,17.86938577,2.005433676
309,181.5,492.7930506,40,10,74,8,22,30,16,76,2.011612903,0,18.94784631,7.019017867
310,0,0,59,1,18,25,7,0,4,64,0,0,6.982987196,0
311,23,62.24891612,280,162,150,39,121,220,86,453,1.005806452,0,64.17922674,1.002716838
312,414,1566.936911,1,0,2,3,7,49,230,180,2.011612903,0,34.75801492,16.04346941
313,713,1990.55222,0,19,0,1,1,44,1,8,0,0,30.87421867,28.07607147
314,589.75,1667.13273,0,0,0,1,0,1,1,10,0,0,23.64604232,23.06248728
315,0,0,182,2,311,274,71,4,43,530,0,0,55.58928571,0
316,1187,3702.855523,5,0,4,10,20,26,59,109,0,0,79.70697651,47.12769139
317,514.5,1298.006366,0,0,0,1,0,0,1,5,0,0,20.45858327,20.05433676
318,116,289.6764538,0,0,0,0,0,0,0,0,0,0,5.550710757,5.01358419
319,0,0,282,16,1569,495,124,248,38,348,0,0,122.3984273,0
320,615.75,1613.653495,0,0,0,1,0,27,0,19,0,0,25.99985823,24.06520411
321,518,1258.823292,0,0,0,2,4,116,0,14,0,0,25.65659341,20.05433676
322,333,686.2402451,40,0,11,17,44,26,37,160,0,0,26.20581712,13.0353189
323,367,829.1559873,45,0,2,67,6,5,6,55,0,0,21.69433663,14.03803573
324,392.75,888.2674306,162,22,35,16,44,65,40,184,0,0,37.69047724,15.04075257
325,465,1174.424159,0,0,0,0,0,0,0,0,0,0,18.24207329,18.04890309
326,0,0,157,1,1279,389,350,561,195,1380,1.005806452,0,169.1609033,0
327,510,1221.386605,0,0,1,31,3,76,2,48,1.005806452,0,26.32350791,20.05433676
328,328,673.3904618,58,58,1,3,7,6,7,334,0,0,31.46267265,13.0353189
329,871.75,2041.122469,65,3,18,11,15,123,15,91,0,0,47.57650406,34.0923725
330,440,1347.631185,28,0,2,5,10,81,6,27,0,0,23.49892882,17.04618625
331,315,652.5406786,0,0,0,0,0,413,0,0,0,0,28.55963303,12.03260206
332,352.0000001,858.3110181,3.000000001,0,4.000000001,3.000000001,7.000000001,46.00000001,8.000000001,39.00000001,0,0,18.1243825,14.03803574
333,630.25,1903.63187,95,32,150,36,79,102,63,335,0,0,59.71827112,25.06792095
334,314,655.4655702,265,309,10,27,47,39,89,231,0,0,68.21548291,12.03260206
335,465,1249.978322,25,466,6,44,18,16,18,135,0,0,46.80170632,18.04890309
336,214,656.5315292,2,0,2,3,7,93,9,24,0,0,13.88751386,8.021734705
337,328,1018.780924,1,0,2,8.999999999,8.999999999,296,68.99999999,30,0,0,29.18731727,13.03531889
338,495.9999997,1350.399934,0,0,0,0,0,1.999999999,0,4.999999997,0,0,21.73282335,19.30216295
339,2,4.943668709,38,12,16,20,46,340,74,168,0,0,28.08886985,0
340,402,840.6066376,232,114,1582,162,126,189,107,348,0,0,131.9691249,16.04346941
341,84,173.2912842,87,69,8,11,44,143,22,69,0,0,21.06665238,3.008150514
342,233.25,699.5762016,0,71,0,0,1,0,0,1,0,0,12.0142687,9.024451543
343,144.25,431.9936332,9,142,0,2,2,1,1,38,0,0,13.30886745,6.016301029
344,354.75,751.6544596,65,6,24,21,43,22,39,131,0,0,27.68675963,14.03803573
345,221.75,448.1671856,0,0,0,1,2,8,25,9,0,0,10.46467323,9.024451543
346,403.25,653.461908,2,47,1,0,1,67,1,8,0,0,20.80184809,16.04346941
347,696,1139.512752,164,0,4,4,18,11,26,67,0,0,38.8379625,27.07335463
348,193.2500004,424.3280285,1.000000002,103.0000002,2.000000005,2.000000005,17.00000004,19.00000004,14.00000003,120.0000003,0,0,18.48726249,8.021734723
349,199,414.8690387,0,0,0,0,0,0,0,0,0,0,7.806822764,8.021734705
350,259,552.385648,6,0,0,1,1.25,1,1,8,0,0,29.87659101,10.02716838
351,3,9.868560321,16,0,10,34,10,12,5,32,0,0,4.786092348,0
352,32.25,64.6303558,2,0,1,214,1,0,1,56,0,0,12.05349897,1.002716838
353,99.99999759,202.2924496,328.9999921,9.999999759,8.999999783,19.99999952,46.99999887,6.999999831,37.99999908,132.9999968,0,0,27.18657309,4.010867256
354,0,0,44,0,3,6,9,0,8,47,0,0,4.589941022,0
355,19.5,57.03179297,40,0,18,18,5,1,5,17,0,0,4.844937746,1.002716838
356,236,478.6072266,9,11,3,4,8,0,5,27,0,0,11.88677034,9.024451543
357,49,145.1598445,0,0,0,0,0,0,0,2,0,0,2.000743523,2.005433676
358,97.5,199.5471642,25,136,29,0,0,0,0,0,0,0,15.27870123,4.010867352
359,78,234.9956645,12,0,2,2,7,1,4,28,0,0,7.25685553,3.008150514
360,345.75,596.2071188,0,34,0,0,0,0,9,128,0,0,20.27223952,14.03803573
361,159.25,446.0124103,0,0,0,0,0,300,0,0,0,0,18.01649927,6.016301029
362,306,677.8834802,103,29,3,6,14,6,14,74,0,0,21.77279716,12.03260206
363,244,688.4940192,0,0,0,0,0,0,0,0,0,0,9.572184696,10.02716838
364,1.25,1.985967971,147,81,83,281,14,3,7,64,0,0,26.72561813,0
365,0,0,4,0,4,99,11,70,11,27,0,0,8.866039923,0
366,60,188.5402003,123,1,193,83,43,43,33,186,0,0,66.01115284,2.005433676
367,0,0,3,0,1,2,2,2,3,9,0,0,0.863065833,0
368,31.00000048,62.39913386,15.00000023,0,3.000000046,42.00000065,7.000000108,1.000000015,9.000000139,19.00000029,0,0,4.98224375,1.002716854
369,0,0,67,2,46,78,169,3,147,361,0,0,34.24802147,0
370,8,15.84978322,23,12,21,67,48,6,36,331,0,0,21.65510636,0
371,0,0,23,3,69,50,97.25,54,97,291,0,0,26.84330893,0
372,269.25,547.4265296,195,38,4,15,77,451,13,240,0,0,51.08761279,11.02988522
373,156.25,315.4533623,56,217,52,57,354,6,114,997,0,0,78.82341025,6.016301029
374,120.25,244.1294084,6,0,2,3,7,0,7,22,0,0,6.561261846,5.01358419
375,164.5,336.9499524,39,5,30,40,198,296,220,313,0,0,51.21511115,6.266912109
376,93.5,189.4145189,10,0,6,12,21,2,24,60,0,0,8.964115586,4.010867352
377,597.75,999.8061117,5,0,5,9,42,20,149,72,0,0,35.29743107,23.31303031
378,303.5,525.5014985,3,0,0,0,0,54,0,1,0,0,14.18174085,12.03260206
379,697,1802.838212,1,0,2,2,6,3,5,17,0,0,29.75578435,27.07335463
380,460.75,1291.845843,1,0,2,4,3,5,5,14,0,0,19.40917368,18.04890309
381,388,1004.207983,16,0,1,0,2,3,2,11,0,0,16.59440216,15.04075257
382,156,443.9888882,0,0,0,0,1,0,0,0,0,0,6.159151628,6.016301029
383,0,0,83,13,1034,263,282,59,36,103,0,0,73.47828662,0
384,6,16.79345193,124,16,300,241.25,93,31,26,167,0,0,39.39699377,0
385,8,25.66201225,54,5,166,29,21,21,19,89,0,0,16.16286924,0
386,6,16.79345193,40,7,143,509,7,13,5,57,0,0,30.87421867,0
387,293,929.0776961,7,13,177,29,46,7,5,71,0,0,25.42121182,11.78178662
388,0,0,0,0,0,12,0,0,0,0,0,0,0.470763182,0
389,90,137.0986993,8,3,47,14,26,2,24,100,0,0,12.31830326,4.010867352
390,69.75,105.0740245,38,201,26,32,117,37,75,304,0,0,35.29743107,3.008150514
391,28.5,89.33581998,2,0,10,4,33,394,10,59,0,0,21.20395831,1.002716838
392,0,0,59,285,42,46,156,63,153,294,0,0,43.07483113,0
393,114.5,173.1279867,53,2,15,21,110,3,89,273,0,0,26.69619543,4.512157671
394,0,0,65,131,92,143,1139.25,5424,294,827,0,0,318.3634092,0
395,153.75,233.229011,27,4,23,31,104,60,100,248,0,0,29.45212156,6.016301029
396,365.75,555.1261292,42,141,43,43,187,279,131,436,0,0,65.4262747,14.03803573
397,559.25,1457.068956,28,0,4,17,17,19,92,51,0,0,30.88402624,22.05977044
398,690.75,1271.388612,20,3,5,7,157,58,25,96,0,0,41.65273402,27.07335463
399,546,1228.93114,58,0,1,1,5,5,3,25,0,0,25.26429076,21.0570536
400,486,870.639378,43,1,43,28,168,317,90,378,0,0,60.96383204,19.05161992
401,322,825.3673492,0,15,0,2,1,37,1,18,0,0,15.535185,13.0353189
402,357,843.6865599,2,0,0,1,2,8,56,12,0,0,17.18285613,14.03803573
403,217.5000012,485.1286679,0,0,0,0,4.000000022,0,2.000000011,13.00000007,0,0,9.277957758,9.024451592
404,181.75,403.7517429,0,0,0,0,0,37,1,0,0,0,8.620850767,7.019017867
405,9,25.68078935,574,139,183,68,96,5,50,530,0,0,64.88685855,0
406,1.25,1.25,53,29,5,1,7,2,4,57,0,0,6.247419725,0
407,0,0,131,37,69,33,4,0,5,118,0,0,15.57441526,0
408,0,0,168,12,28,366,25,0,14,123,0,0,28.87347515,0
409,17,51.3428016,60,2,337,355,34,16,29,103,0,0,37.38644269,1.002716838
410,88,287.1882493,42,0,4,10,16,1,12,44,0,0,8.512967537,3.008150514
411,314,1010.668261,6,0,10,5,12,1,8,32,0,0,15.22134288,12.03260206
412,96,213.7467484,32,5,2,3,1,0,1,604,0,0,29.18731727,4.010867352
413,165,374.0004783,32,14,16,23,55,4,42,144,0,0,19.41898125,6.016301029
414,68,150.4227239,20,5,2,64,13,35,13,33,0,0,9.925257082,3.008150514
415,415,1273.57004,3,0,5,6,7,5,9,38,0,0,19.14436939,16.04346941
416,425,996.0717295,6,0,1,1,2,1,2,9,0,0,17.53592852,17.04618625
417,360,910.4660486,50,24,7,10,34,56,62,129,0,0,28.71655409,14.03803573
418,411,1194.015877,2,0,0,1,1,34,10,85,0,0,21.34126424,16.04346941
419,521,1114.639856,0,0,0,0,9,1,13,6,0,0,21.57664583,20.05433676
420,149,377.6249364,0,0,0,0,0,157,0,0,0,0,12.00446114,6.016301029
421,106.25,268.3970575,0,0,1,0,8,36,5,11,0,0,6.561261846,4.010867352
422,0,0,1,0,3257,70,478,48,47,22,0,0,153.9003302,0
423,36.25,87.02826535,123,1,24,111,51,8,38,182,0,0,22.52797976,1.002716838
424,0,0,160,2,108,13,23,10,52,98,0,0,18.28130356,0
425,142,399.0804006,191,16,17,26,54,13,56,260,0,0,31.40345549,6.016301029
426,179,505.7472267,78,0,15,31,78,5,170,144,0,0,27.4611856,7.019017867
427,75.25,198.1481855,35,38,10,17,51,61,61,125,0,0,18.56572298,3.008150514
428,58,155.1410674,28,0,12,23,43,6,34,128,0,0,13.02444803,2.005433676
429,120,319.1882493,65,0,17,25,57,16,55,183,0,0,21.10588265,5.01358419
430,384,1118.935954,0,0,0,0,0,0,0,0,0,0,15.06442182,15.04075257
431,241,735.5363431,0,0,0,4,3,6,3,26,0,0,11.10216504,9.024451543
432,786,1523.879623,21,47,19,14,41,65,32,171,0,0,46.91939712,31.08422198
433,367.9999999,926.5609804,5.999999998,0,7.999999997,4.999999998,15.99999999,167.9999999,52.99999998,89.99999996,0,0,28.0104093,14.03803573
434,0,0,476,271,17,122,110,43,62,301,0,0,55.00083174,0
435,77,204.5589774,11,0,7,12,32,8,38,170,0,0,13.92674413,3.008150514
436,478,992.1608012,36,27,18,19,63,53,58,234,0,0,38.68104144,19.05161992
437,221.0000001,714.5550321,1,44.00000001,1,15,16,3271.000001,22.00000001,61.00000002,0,0,145.2689284,9.024451545
438,178,442.9301838,0,0,0,0,0,0,0,0,0,0,6.982987196,7.019017867
439,262.25,630.4539113,12,1,23,19,206,48,388,970,0,0,75.68498904,10.02716838
440,163.25,389.4218894,174,66,8,16,29,15,3568,416,0,0,174.7806388,6.016301029
441,247.25,589.6967284,33,134,3,14,8,103,9,69,0,0,24.33257196,10.02716838
442,254.5,611.4197493,2,31,0,49,1,0,1,522,0,0,35.75764316,10.02716838
443,422.5,1028.650367,11,105,20,3,11,180,253,114,0,0,45.91828183,17.04618625
444,459,1321.494932,0,0,0,0,0,0,0,0,0,0,18.0066917,18.04890309
445,178.75,501.8176371,0,0,0,0,0,0,0,0,0,0,7.012409895,7.019017867
446,239.25,667.3085084,3,53,10,3,9,20,9,86,0,0,16.95728211,9.024451543
447,408.75,1243.034926,77,7,19,3,17,1,8,99,1.005806452,0,119.0975621,16.04346941
448,591.25,1803.06005,78,14,28,114,51.25,74,49,203,0,0,47.17439384,23.06248728
449,274,753.8179996,0,0,0,0,0,0,0,0,2.011612903,0,13.74909265,11.02988522
450,209,636.8131857,0,0,0,116,0,53,0,0,1.005806452,0,22.82904023,8.021734705
451,0,0,56,91,19,56,54,86,53,167,0,0,22.83201432,0
452,66,177.8594109,0,0,0,0,0,0,0,0,3.017419355,0,5.5891975,3.008150514
453,351.25,1071.222356,128,64,163,44,40,12,11,153,1.005806452,0,37.9062437,14.03803573
454,178,543.0149199,2,13,215,14,1,30,9,42,1.005806452,0,19.77205363,7.019017867
455,527.5,1606.599938,62,88,30,48.5,70,67,64,284,0,0,48.68475905,21.0570536
456,153,532.7332635,0,0,0,0,0,0,0,0,2.011612903,0,9.002230568,6.016301029
457,139.25,424.0499645,93,36,30,13,37,56,29,145,4.023225806,0,23.68490082,5.01358419
458,184,642.2310957,1,0,1,0,8,119,15,14,3.017419355,0,21.41675068,7.019017867
459,432.25,1314.369369,52,132,87,189,25,3,9,175,3.017419355,21,47.32002029,17.04618625
460,365.5,1117.116679,0,50,0,5,0,170,0,47,0,0,26.00929403,14.03803573
461,252.5,772.7934406,0,0,0,0,0,0,0,0,4.023225806,0,27.90564195,10.02716838
462,309,941.8887724,0,0,0,0,0,1,0,35,2.011612903,0,13.53444148,12.03260206
463,93,283.3572432,0,0,0,1,6,0,0,22,8.046451613,0,4.786092348,4.010867352
464,414.5,1264.484357,6,9,4,15,13,9,10,43,1.005806452,0,107.5370438,16.04346941
465,785,2055.683659,6,44,8,3,5,0,1,9,2.011612903,0,33.77725829,31.08422198
466,292,888.583525,1,0,0,1,2,3,1,10,1.005806452,0,61.1613822,11.02988522
467,718,2215.34615,2,0,1,0,7,1,4,12,0,0,60.22654754,28.07607147
468,261,799.6913737,0,0,0,1,1,0,1,2,0,0,10.43525053,10.02716838
469,311,884.0341753,0,0,0,0,0,0,0,0,0,0,12.20061246,12.03260206
470,217,620.2826131,0,0,1,5,0,188,0,3,0,0,16.24132977,9.024451543
471,148,457.0852144,0,0,0,0,0,96,0,0,0,0,9.572184696,6.016301029
472,306,942.813664,1,0,1,13,5,14,3,19,0,0,17.20135598,12.03260206
473,332,1023.762164,8,30,7,6,34,19,18,129,1.005806452,0,22.87124458,13.0353189
474,146,448.2166541,0,0,0,0,0,0,0,0,0,0,5.727618712,6.016301029
475,281.25,1015.450054,0,0,0,0,0,0,0,0,5.029032258,0,27.03351207,11.02988522
476,45,162.7467484,0,0,0,0,0,0,0,0,8.046451613,0,2.765361932,2.005433676
477,109.25,394.5404773,0,0,0,0,0,0,0,0,4.023225806,0,5.285906467,4.010867352
478,29,105.5353864,0,0,0,0,0,0,0,0,2.011612903,0,1.137677689,1.002716838
479,111,399.4795335,4,0,0,0,6,21,1,6,1.005806452,0,11.84530951,4.010867352
480,126,452.7472267,2,3,1,11,7,5,17,26,1.005806452,0,20.7675925,5.01358419
481,93.5,334.390233,0,0,7,0,1,0,0,1,1.005806452,0,4.021102178,4.010867352
482,60,213.0707729,0,0,0,0,0,0,0,0,1.005806452,0,2.353815909,2.005433676
483,109.25,391.8421961,0,0,0,0,0,0,0,0,1.005806452,0,4.285906467,4.010867352
484,215,819.4333082,0,0,0,0,0,0,0,0,6.03483871,0,8.434507007,8.021734705
485,239,913.1001343,1,0,0,1,2,1,1,17,1.005806452,0,26.27832947,9.024451543
486,81,235.0519958,0,0,0,0,0,0,0,0,6.03483871,0,3.177651477,3.008150514
487,111,322.944147,0,0,0,0,0,0,0,0,6.03483871,0,4.354559431,4.010867352
488,99,287.3947974,0,0,0,0,0,0,0,0,3.017419355,0,3.88379625,4.010867352
489,162.25,521.622752,12,10,0,5,0,0,0,3,0,0,7.542018475,6.016301029
490,101,324.7188219,5,3,26,7,4,97,1,16,0,0,10.19986894,4.010867352
491,56,178.6528629,17,0,0,0,0,1,0,1,1.005806452,0,2.942269886,2.005433676
492,165,480.9537748,0,0,0,0,0,0,0,0,1.005806452,0,6.472993749,6.016301029
493,82,238.0144416,0,0,0,16,3,5,3,14,3.017419355,0,6.825322613,3.008150514
494,65,189.6153087,0,0,0,0,0,0,0,0,2.011612903,0,2.549967235,3.008150514
495,49,185.3899835,0,0,0,0,0,0,0,0,1.005806452,0,1.922282992,2.005433676
496,426,1627.016833,0,0,0,0,5,95,0,0,0,0,20.63511947,17.04618625
497,630.75,1693.414404,22,0,1,28,5,2,4,33,0,0,83.47136493,25.06792095
498,725,1616.931619,10,6,2,2,2,3,2,23,0,0,86.40345549,28.07607147
499,483,1396.518523,83,71,2,1,5,87,2,23,0,0,30.69731072,19.05161992
500,632,1629.903692,42,80,2,5,21,11,9,75,0,0,34.40494253,25.06792095
501,363,899.7289279,0,0,0,0,0,51,0,0,0,0,16.24132977,14.03803573
502,434,1330.837733,41,49,48,71,46,129,19,298,0,0,44.52635094,17.04618625
503,660,1772.952274,36,0,6,3,17,9,12,96,0,0,35.91419246,26.07063779
504,482,1278.752997,5,0,3,4,19,312,8,57,0,0,34.91493598,19.05161992
505,650,1654.281743,24,27,19,8,24,27,19,91,0,0,34.87570572,25.81989051
506,623,2423.544051,1,2,0,2,0,0,0,4,0,0,24.79352757,24.3158152
507,86,314.6249364,11,7,1,0,4,94,3,42,0,0,11.72910576,3.008150514
508,407.5,1278.335272,0,0,1,0,2,1,1,50,0,0,18.14399763,16.04346941
509,418.5,1291.297874,13,0,10,3,6,4,6,41,0,0,19.67397797,16.04346941
510,477,1256.090985,0,0,0,0,0,0,0,0,0,0,18.71283648,19.05161992
511,392.25,1053.839559,9,0,0,5,0,193,26,60,0,0,26.88253919,15.04075257
512,387.2500001,1038.291386,11,25,7.000000001,8.000000002,26,18,39.00000001,173,0,0,27.23561158,15.04075257
513,550,1423.533774,0,0,0,0,0,0,0,0,0,0,21.57664583,22.05977044
514,208,756.5036028,16,108,5,3,24,24,20,124,0,0,25.87050106,8.021734705
515,304.25,956.7632305,2,0,1,2,6,11,36,32,0,0,15.46653203,12.03260206
516,413,1156.76696,13,0,9,7,34,169,107,292,0,0,40.95639681,16.04346941
517,605,1747.143459,0,0,0,1,3,117,2,11,0,0,28.99116594,24.06520411
518,204,468.9301838,40,137,8,16,29,17,30,236,0,0,28.12810011,8.021734705
519,2,7.887337418,310,76,21,69,105,32,63,247,0,0,36.28799526,0
520,680,1729.908506,0,0,0,0,0,0,0,0,0,0,26.6765803,27.07335463
521,435,1107.137689,143,23,3,2,13,14,60,101,0,0,31.14883053,17.04618625
522,302,1101.696666,152,20,11,8,46,29,82,193,0,0,33.07111352,12.03260206
523,611,1581.429451,7,0,3,0,4,0,5,20,0,0,25.49967235,24.06520411
524,477,1515.133831,1,0,0,1,0,0,0,1,0,0,18.83052727,19.05161992
525,339,1003.287905,0,0,0,0,0,57,0,0,0,0,15.535185,13.0353189
526,352,991.7573327,161,114,22,32,92,29,244,504,0,0,60.80691098,14.03803573
527,0,0,0,0,69,0,61,10,0,0,0,0,5.492237121,0
528,348,946.5459708,0,0,0,0,0,0,0,0,0,0,13.65213227,14.03803573
529,306,738.7193002,0,0,2,30,5,26,4,21,0,0,15.45672447,12.03260206
530,662,1796.293676,5,0,2,7,14,106,5,26,0,0,32.44342928,26.07063779
531,308,748.5690834,22,0,1,1.25,3,7,5,18,0,0,14.32885435,12.03260206
532,0,0,568,538,42,53,141,200,133,590,0,0,88.85655056,0
533,123,321.2070264,159,311,34,30,70,42,64,208,0,0,42.83870602,5.01358419
534,3,5.943668709,23,16,0,0,51,0,92,1990,0,0,85.3258267,0
535,302.25,813.9577307,489,119,40,175,139,206,132,526,0,0,83.4918118,12.03260206
536,0,0,631,250,15,38,64,97,53,206,0,0,53.11777901,0
537,618,1412.790551,189,0,9,36.25,34,88,135,284,0,0,54.65756692,24.06520411
538,234,612.7520406,860,302,37,117,129,122,116,500,0,0,94.81955086,9.024451543
539,225,514.4607564,0,0,0,0,0,0,1,43,2.011612903,0,10.55294132,9.024451543
540,0,0,0,0,2,0,0,87,0,1,0,0,3.530723863,0
541,0,0,0,0,1048,0,210,1642,0,0,0,0,113.7677689,0
542,328.25,883.6222308,9,28,1,4,7,12,4,24,0,0,16.36882813,13.0353189
543,851,2605.426551,7,0,4,5,15,113,15,82,0,0,42.83944954,33.08965566
544,523,1364.889251,0,0,0,0,0,0,0,0,0,0,20.51742867,21.0570536
545,393,841.4188667,0,0,0,0,1,167,1,28,0,0,23.14585644,15.04075257
546,439,1297.57004,0,0,1,0,0,2,2,5,0,0,17.61438905,17.04618625
547,426,1254.15213,0,0,0,0,0,125,0,0,0,0,21.6158761,17.04618625
548,331,799.0433247,32,1,11,11,76,12,87,329,0,0,72.91493598,13.0353189
549,2,6.906114515,7,6,3,7,15,7,1964,103,0,0,82.93278052,0
550,108,274.8078935,16,0,26,26,54,340,81,257,0,0,35.62108075,4.010867352
551,357,894.7101508,0,0,0,0,0,16,0,0,2.011612903,0,15.6328889,14.03803573
552,14.5,33.87927085,2,0,2,27,7,15,12,26,1.005806452,0,4.138792973,1.002716838
553,0,0,377,51,21,45.25,85,12,80,284,0,0,37.47471078,0
554,268,723.287427,349,162,32,51,121,22,139,469,0,0,67.27841768,11.02988522
555,133,296.8642248,19,39,10,11,36,7,40,133,0,0,16.79055348,5.01358419
556,313,701.5642696,1,8,1,1,4,37,7,24,0,0,15.535185,12.03260206
557,326,607.6109732,0,0,1,0,10,1,5,5,0,0,13.65213227,13.0353189
558,157,421.9301838,0,0,0,0,0,1,0,152,0,0,12.1613822,6.016301029
559,0,0,31,24,3,5,10,5,61,55,0,0,7.610671439,0
560,459,1197.860846,0,0,0,0,0,0,0,9,0,0,20.35976409,18.04890309
561,552,1392.908028,6,0,6,13,24,104,25,106,0,0,76.79650166,22.05977044
562,148,365.8314845,5,0,4,7,15,5,15,88,0,0,11.2590861,6.016301029
563,494,1249.541635,1,0,1,2,12,24,5,30,0,0,22.32202087,19.05161992
564,367,1001.851218,0,0,0,0,2,0,1,5,0,0,14.71134943,14.03803573
565,288,728.5690834,0,0,2,0,1,169,2,21,0,0,18.94821807,11.02988522
566,366,995.9451037,33,20,131,2,3,1,105,122,0,0,30.71729761,14.03803573
567,167,470.197877,0,0,0,0,0,0,0,0,0,0,6.55145428,7.019017867
568,938.25,2559.230165,16,66,8,10,24,69,54,271,0,105,57.12907362,37.10052301
569,207,565.1463596,117,92,14,17,134,39,306,372,0,0,53.92088416,8.021734705
570,1175,2787.14923,51,25,21,12,167,31,332,370,0,0,116.6788991,46.12497455
571,377,1190.433787,5,0,7,30,21,148,33,130,0,0,32.46192913,15.04075257
572,850.75,1917.339519,193,112,7,58,28,31,366,465,0,0,82.80528216,33.08965566
573,300.25,788.408381,0,0,0,0,0,0,0,0,0,0,11.77888711,12.03260206
574,97,289.319689,0,0,0,0,0,0,0,0,2.011612903,0,3.805335719,4.010867352
575,306,921.2267602,44,30,76,17,39,31,18,131,1.005806452,0,28.14734348,12.03260206
576,8,19.77467484,8,23,90,25,27,37,24,161,0,0,20.80979685,0
577,0,0,0,0,0,0,0,0,0,0,0,0,0,0
578,3.25,6.684314023,0,0,0,0,0,0,0,0,0,0,0.127498362,0
579,32.7,63.1,0,0,0,0,0,0,0,0,0,0,0.137305928,0
580,1,1.981222903,0,0,0,0,1,6,1,4,0,0,0.509993447,0
581,8,19.77467484,0,0,0,0,0,0,0,0,0,0,0.313842121,0
582,12,28.88922982,0,0,0,0,0,0,0,0,33.19031142,0,0.49908143,1.001446662
583,63,160.3614425,0,0,0,0,0,0,0,0,42.24221453,0,2.620177507,3.004339985
584,31,113.4591809,0,0,0,0,0,0,0,0,11.06343714,0,1.289293694,1.001446662
585,34,123.4135696,0,0,0,0,0,0,0,0,7.040369089,0,6.414064052,1.001446662
586,74,190.2376405,0,0,0,0,0,0,0,0,11.06343714,0,24.07766882,3.004339985
587,136,501.6021513,0,0,0,0,3,0,0,1,8.046136101,0,5.822616683,6.00867997
588,184,677.7616011,0,0,0,31,37,0,0,4,5.028835063,0,11.64707051,8.011573294
589,55,201.0421637,0,0,0,0,0,0,0,0,7.040369089,0,2.287456554,2.002893323
590,145,521.5304765,0,0,0,0,0,0,0,0,6.034602076,0,15.03056728,6.00867997
591,193,695.7029581,0,0,0,0,0,0,0,0,3.017301038,0,8.026892999,8.011573294
592,151,388.4427015,0,0,0,0,0,0,0,0,3.017301038,0,6.280107994,7.010126632
593,163,538.5369924,0,0,0,0,0,101,0,0,5.028835063,0,10.97979146,7.010126632
594,310,1028.289009,8,2,1,19,52,79,69,228,1.005767013,0,32.94121152,14.02025326
595,526,1713.213508,0,0,0,6,1,176,1,7,1.005767013,0,29.82011544,23.03327322
596,400,1198.761222,9,0,0,1,1,1,3,19,1.005767013,0,18.05011172,18.02603991
597,219,562.745501,0,0,0,0,0,0,0,0,6.034602076,0,25.1082361,10.01446662
598,196,499.0126526,0,0,0,0,4,0,0,2,11.06343714,0,28.40120407,9.013019956
599,260,787.5400607,1,0,0,6,7,3,10,79,8.046136101,0,18.22198361,11.01591328
600,346,1051.373716,241,147,10,37,43,11,24,176,8.046136101,0,44.04577334,15.02169993
601,398,1233.520134,0,0,0,0,0,0,0,0,1.005767013,0,16.55286743,17.02459325
602,404,1747.190512,0,0,0,0,0,0,0,0,12.06920415,0,59.80240814,18.02603991
603,377,1392.340757,0,0,0,0,44,1,1,5,1.005767013,0,33.800571,17.02459325
604,349.25,866.3584532,0,0,3,2,2,0,0,1,2.011534025,0,14.85807007,15.02169993
605,18,60.71981659,4,1,1,11,15,4,5,161,4.023068051,0,9.149826216,1.001446662
606,323.75,1096.432223,0,0,0,0,0,0,0,0,0,0,13.46480108,14.02025326
607,307,903.0904641,1,0,0,5,0,0,0,3,0,0,13.14247766,13.0188066
608,257,947.4714542,0,0,0,0,0,0,0,0,3.017301038,0,20.68866063,11.01591328
609,897,4264.911122,96,101,15,37,62,111,18,406,0,0,73.49157771,39.05641981
610,184,624.1134593,381,204,3,64,126,270,89,696,0,0,88.88727036,8.011573294
611,376.75,1279.3303,27,0,0,6,16,66,5,58,0,0,23.07211861,16.77417316
612,468,1487.314694,5,0,0,7,7,4,2,47,0,0,22.45866435,21.0303799
613,174,625.0417845,0,0,0,0,0,0,0,0,0,0,8.236680735,8.011573294
614,862,3047.665035,33,75,4,6,17,5,127,78,0,0,50.19927383,38.05497315
615,180,601.2372613,673,169,2,55,117,36,95,695,0,0,93.09522095,8.011573294
616,396,1322.920672,1,0,0,2,4,57,2,13,0,0,19.7553066,17.02459325
617,504,1538.216955,1,0,0,7,0,0,1,9,0,0,21.7100422,22.03182656
618,400,1414.347273,4,3,23,32,49,40,20,294,1.005767013,0,50.97545308,18.02603991
619,1,1,0,15,0,2,20,0,0,12,6.034602076,0,2.079505958,0
620,367,1096.217334,0,0,0,0,0,0,0,0,0,0,15.26357373,16.02314659
621,551,1640.852065,0,0,3,1,0,0,2,3,0,0,23.29046673,24.03471988
622,514,1487.614425,177,4,1,45,95,70,57,308,0,0,52.86104146,23.03327322
623,0,0,0,3,46,0,49,152,0,0,0,0,10.39752979,0
624,542,1664.637041,37,1,1,21,16,61,43,112,0,0,34.68615938,24.03471988
625,510,1534.282114,1,0,0,17,6,112,9,58,0,0,29.65375497,22.03182656
626,0,0,0,0,0,0,329,464,0,37,0,0,34.51979891,0
627,389,1148.021858,16,6,20,21,28,45,14,220,0,0,31.56690045,17.02459325
628,0,0,0,0,0,1,1453,2353,262,131,0,0,174.6785005,0
629,0,0,0,0,450.0000013,0,0,1081.000003,0,49.00000015,0,0,65.71238848,0
630,0,0,0,0,0,0,338,3044,2,76,0,0,143.9018123,0
631,0,0,0,0,0,0,1229,5920,0,191,0,0,305.2714747,0
632,393,1053.666931,0,0,0,0,0,1,0,44,0,0,18.21647219,17.02459325
633,0,0,0,0,0,0,374.999995,20.99999972,0,53.99999929,0,0,18.71555338,0
634,46.00000143,171.1790028,217.0000067,46.00000143,0,1.000000031,806.000025,12600.00039,240.0000074,290.000009,0,0,592.492856,2.002893386
635,251,903.7190582,6,1,0,12,25,6,5,221,10.05767013,0,21.9179928,11.01591328
636,500,1801.46418,4,3,4,18,53,125,53,292,14.08073818,0,50.75280536,22.03182656
637,580,1789.070158,0,0,0,5,6,49,2,31,4.023068051,0,27.9901502,25.03616654
638,681,2065.916845,37,1,1,11,32,76,15,185,1.005767013,0,45.21213381,30.04339985
639,4,10.95438875,0,46,0,0,4,1,9,36,0,89.496,6.159011917,0
640,0,0,0,0,0,0,0,0,0,0,0,0,0,0
641,57.00000076,192.1138411,0,1.000000013,0,6.00000008,8.000000106,1.000000013,1.000000013,20.00000027,6.034602156,0,3.909471254,2.00289335
642,437,1462.275598,0,0,0,0,10,0,1,7,0,0,18.92350422,19.02748657
643,625,1874.803006,75,21,5,36,22,72,9,154,0,0,42.38033143,27.03905987
644,440,1252.669999,0,0,0,0,0,0,0,0,0,0,18.29965243,19.02748657
645,830,2963.010377,38,88,9,13,53,11,23,210,0,0,53.02740194,36.05207982
646,870,1994.624009,103,56,3,144,201,208,160,1018,0,0,114.9134993,38.05497315
647,0,0,30,0,0,0,167,2,0,31,0,0,9.565727408,0
648,539,1325.839413,0,0,0,0,0,0,0,0,1.005767013,0,22.41707423,24.03471988
649,224.5,602.5206851,16,0,1,0,0,0,0,6,2.011534025,0,12.29355449,10.01446662
650,390.25,1049.675035,0,0,0,3,0,0,0,2,0,0,16.4384946,17.02459325
651,0,0,8,0,26,157,3,0,5,105,0,0,12.64339623,0
652,36,97.59601462,6,0,163,102,11,13,189,86,0,0,32.20361221,2.002893323
653,799,1713.998862,107,3,2,42,85,6,85,389,0,0,91.13380089,35.05063316
654,590.7499995,1474.950878,82.99999992,90.99999992,1.999999998,26.99999997,102.9999999,10.99999999,93.99999991,234.9999998,0,0,51.43657983,26.03761318
655,678.499999,2410.888408,0,0,0,0,0,58.99999992,3.999999994,16.99999998,0,0,31.54610534,30.04339981
656,410,1651.855134,0,0,0,0,0,0,0,0,1.005767013,0,29.05194886,18.02603991
657,0,0,38,3,2698,374,210,63,61,497,0,0,164.03143,0
658,541,1158.947114,21,17,0,5,21,1,3,40,0,0,26.99198734,24.03471988
659,220.25,489.484193,13,27,9.000000001,8.000000001,46,153,21,255,0,0,31.28616714,10.01446662
660,347.25,766.5002931,43,6,6,42,155,479,439,862,0,0,98.95329103,15.02169993
661,1026.25,2470.278837,244,94,5,54,957,47,297,1095,1.005767013,0,158.8430626,45.06509978
662,850.75,2002.694378,113,2,1,75,76,22,36,946,0,0,88.24383534,37.05352648
663,148,422.946709,21,50,3504,346,62,368,50,349,1.005767013,0,216.7084037,6.00867997
664,751.0000003,1608.376785,33.00000001,84.00000003,3.000000001,45.00000002,38.00000001,48.00000002,60.00000002,392.0000002,0,0,60.47203329,33.04773985
665,792,2603.121527,40,2,4,28,22,76,19,131,4.023068051,0,46.33139275,35.05063316
666,1131,4114.432773,76,26,1,20,38,58,151,144,1.005767013,0,68.41574603,50.07233309
667,265,802.4749018,0,0,0,0,0,0,0,0,5.028835063,0,11.02138158,12.01735994
668,94,286.7359167,0,0,0,0,2,1,0,1,23.13264129,0,4.075831678,4.005786647
669,195,604.315452,18,42,55,177,43,340,13,140,1.005767013,0,80.54669191,9.013019956
670,911,3139.384852,0,0,0,1,2,0,0,29,2.011534025,0,41.21948237,40.05786647
671,348,1056.354168,3,44,1,27,15,2,116,52,5.028835063,0,25.28679245,15.02169993
672,374,1506.571882,4,50,0,4,14,1,18,24,1.005767013,0,20.33756827,16.02314659
673,274,1184.031442,0,0,0,0,5,0,0,7,3.017301038,0,11.89477408,12.01735994
674,398,1366.647004,450,190,3,73,67,148,23,313,1.005767013,0,82.24754841,17.02459325
675,766,2574.141074,37,9,0,5,27,264,95,56,0,0,52.36196003,34.0491865
676,4,12.94135696,2,1,0,45,10,5,4,46,10.05767013,0,4.866043942,0
677,432,1491.054058,0,1,4,3,0,62,0,6,19.10957324,0,22.12778054,19.02748657
678,360,1202.474523,3.25,1,1,3,36,255,84,205,6.034602076,0,39.4378305,16.02314659
679,684,2490.154106,20,19,0,19,35,6,111,145,0,0,45.21213381,30.04339985
680,1317,4155.384093,111,61,2,72,140,175,71,377,0,0,168.7386172,58.08390638
681,721,2423.831759,216,169,3,63,23,99,4,161,0,5.424,125.6799839,32.04629318
682,692,2182.22616,0,0,0,10,3,0,0,4,1.005767013,0,31.48739449,30.04339985
683,29,101.5243398,0,0,0,0,0,0,0,0,71.4094579,0,1.206113456,1.001446662
684,751,2511.453837,0,0,0,1,4,4,0,3,9.051903114,0,225.7332609,33.04773984
685,407,1358.757774,0,0,0,0,1,0,0,0,2.011534025,0,77.96876862,18.02603991
686,407,1630.97242,0,0,0,0,4,0,7,0,0,0,17.38466981,18.02603991
687,587.25,2260.277236,0,0,4,0,8,0,0,1,5.028835063,0,24.96446903,26.0376132
688,511,1708.148349,0,0,0,0,0,0,0,0,0,0,35.25255089,22.03182656
689,0,0,0,0,0,0,0,0,0,0,31.17877739,0,0,0
690,630,1679.119217,48,1,1,18,153,157,263,314,10.05767013,0,65.92033888,28.04050653
691,521,1386.324657,50,2,300,93,115,12,113,272,9.051903114,0,61.47019613,23.03327322
692,616,1874.744363,6,3,1,20,205,22,39,442,0,0,56.31302135,27.03905987
693,1362,3898.364925,42,18,24,48,273,391,304,845,2.011534025,0,138.5385241,60.0867997
694,597.9999905,1470.279023,64.99999897,37.9999994,2.999999953,88.99999859,97.99999845,160.9999975,22.99999964,409.9999935,1.005766997,0,68.76132587,26.03761279
695,30,101.5308557,2,0,49.00000001,18,0,0,0,139,11.06343714,0,9.898448363,1.001446662
696,557,1842.568434,177,141,7,49,101,33,19,295,1.005767013,0,60.35277433,24.03471988
697,666,1934.679204,1,1,16,11,59,10,208,189,2.011534025,0,48.28612835,29.04195319
698,941,2987.57726,0,0,0,0,0,52,0,0,0,0,41.29898833,41.05931313
699,223.2499982,604.7480171,0,9.999999919,0,0.999999992,10.99999991,2.999999976,4.999999959,41.99999966,2.011534009,0,12.27948258,10.01446654
700,544.5,1315.940452,184,374,34,27,21,103,18,220,0,0,63.44572679,24.03471988
701,751.7500065,1953.120468,35.0000003,22.00000019,3.000000026,47.00000041,39.00000034,162.0000014,262.0000023,187.0000016,1.005767021,0,62.74909284,33.04774012
702,996,2251.763911,106,26,8,107,40,60,13,357,0,0,98.24387413,44.06365312
703,987.5,2762.6077,383,126,33,95,79,15,2289,404,0,0,184.4748107,43.06220645
704,1071,2136.014963,752,1077,120,31,379,105,506,1040,0,0,211.3193955,47.0679931
705,1669.5,5015.554191,194,70,12,113,248,30,253,835,2.011534025,0,145.4253631,73.10560631
706,113,338.5208922,9,1,0,14,11,7,4,78,3.017301038,0,9.856858242,5.007233309
707,984,2942.157175,0,0,0,0,4,0,12,0,9.051903114,0,41.59011917,43.06220645
708,1106,3624.482211,0,0,0,0,4,0,4,0,0,0,46.33139275,49.07088642
709,143,388.3905744,5,1,46,93,66,14,11,123,3.017301038,0,20.87823982,6.00867997
710,505.25,1418.758587,448,213,1,141,55,21,87,430,0,0,79.07321406,22.03182656
711,0,0,483,629,2,52,15,6,7,201,0,0,58.01821624,0
712,77.75,231.9884525,47,25,5,108,184,149,204,615,4.023068051,0,58.83962109,3.004339985
713,806,2392.594119,3,0,0,1,3,0,16,23,1.005767013,0,35.43478153,35.05063316
714,643,2276.287872,22,0,1,1,9,58,22,9,1.005767013,0,31.81644116,28.04050653
715,340,923.1751707,0,0,0,0,4,0,0,10,0,0,14.72290218,15.02169993
716,221.25,849.8770276,14,6,0,2,5,0,105,11,1.005767013,0,15.14920091,10.01446662
717,315.25,1140.586881,3,0,7,11,3,1,1,21,6.034602076,0,15.06602067,14.02025326
718,256,983.2303662,2,0,1,4,17,73,3,40,2.011534025,0,16.46968719,11.01591328
719,0,0,23,0,270,529,96,7,4,151,0,18.984,44.9173287,0
720,467,1279.173247,1734,426,36,93,102,45,96,404,0,0,275.5311755,20.27925985
721,563.75,1534.135591,24,6,3,27,39,140,26,193,0,0,42.49470426,25.03616654
722,146,274.1594497,54.99999999,73.99999999,1,33.99999999,139,385.9999999,79.99999998,434.9999999,1.005767012,0,56.14666086,6.008679969
723,1284,2836.815659,1,81.00000001,0,0,12,69.00000001,9.000000001,95.00000001,0,0,64.50627484,56.08101306
724,1368,3262.574192,106,71,1,30,58,20,74,294,2.011534025,0,118.095221,60.0867997
725,212,813.0578846,0,0,0,0,0,112,0,0,1.005767013,0,13.47519861,9.013019956
726,192,694.7029581,0,0,0,0,0,91,0,0,2.011534025,0,11.77000372,8.011573294
727,42,148.3027994,0,0,0,0,0,0,0,0,1.005767013,0,1.746785005,2.002893323
728,233,891.6799628,4,15,5,19,29,150,11,112,13.07497116,0,35.03908888,10.01446662
729,349.9999995,943.1100105,78.9999999,0,504.9999993,929.9999988,126.9999998,4.999999993,69.99999991,190.9999997,2.011534023,0,93.86889883,15.02169991
730,923,2719.219265,111,6,1,17,8,6,4,85,3.017301038,0,78.28612835,40.05786647
731,221,758.4749018,0,0,0,0,12,0,0,0,7.040369089,0,10.69049777,10.01446662
732,286,981.4388748,3,0,0,2,30,64,0,39,6.034602076,0,17.63421053,13.0188066
733,141,540.3806109,30,3,2,40,29,23,9,175,8.046136101,0,20.79873386,6.00867997
734,276,1060.852444,39,3,4,52,47,28,15,239,10.05767013,0,29.23785377,12.01735994
735,431.25,1700.922689,0,0,0,0,0,0,0,0,1.005767013,0,17.93573889,19.02748657
736,266.9999973,719.0352612,0,0,0,2.999999969,4.999999949,0,0,1.99999998,3.017301007,0,11.52046289,12.01735982
737,640,1729.852065,31,28,72,36,62,98,89,371,0,0,100.3491,28.04050653
738,166,308.0682273,222,160,2,60,81,15,72,463,0,0,76.61333788,7.010126632
739,1528.25,4209.911982,83,52,12,39,99,45,128,390,1.005767013,0,98.82852067,67.09692634
740,2,6.967420534,0,0,0,0,0,0,0,0,19.10957324,0,0.083180238,0
741,175,613.1264911,0,0,0,0,0,0,0,0,0,0,7.278270854,8.011573294
742,353,1141.826381,8,2,1,9,27,3,814,68,0,0,53.44330313,15.02169993
743,669,2567.548128,9,0,0,15,20,146,7,77,3.017301038,2.712,53.21948237,29.04195319
744,938,2729.251845,0,0,0,0,3,58,6,0,8.046136101,0,44.79806976,41.05931313
745,161,494.8106599,2,0,0,3,2,0,0,1,1.005767013,0,45.02873014,7.010126632
746,138,544.3349997,4,1,2,11,35,22,13,128,1.005767013,0,47.72290218,6.00867997
747,813.25,2127.132745,368.25,78,12,76,204,215,281,703,0,0,114.3936228,36.05207982
748,431,1517.871613,0,0,0,0,11,0,3,0,1.005767013,0,23.50760303,19.02748657
749,213,790.2142661,0,0,0,0,0,0,0,0,4.023068051,0,20.85869538,9.013019956
750,469,1639.324278,252,123,1,28,26,15,8,194,0,0,46.41457299,21.0303799
751,17,62.70026891,284,11,318,361,653,2,173,261,0,0,86.50744786,1.001446662
752,59,154.3744743,186,180,91,147,237,81,779,1024,2.011534025,0,119.7868918,3.004339985
753,1,2.986968214,0,0,0,0,0,0,0,0,9.051903114,0,0.041590119,0
754,460,2015.796111,7,0,0,7,18,47,2,34,4.023068051,0,26.91431852,20.02893323
755,512,2154.229229,0,0,0,0,0,0,0,0,3.017301038,0,51.29414101,22.03182656
756,452.25,1691.373039,28,3,2,94,37,116,105,483,0,0,102.9093548,20.02893323
757,662.25,1440.396293,57,183,10,32,55,17,78,258,0,0,58.24023864,29.04195319
758,612,1606.726105,60,49,6,54,122,326,83,583,0,0,79.81327582,27.03905987
759,276,1208.881576,0,0,1,1,13,0,0,0,8.046136101,0,17.10272468,12.01735994
760,601,2318.734021,1,0,0,2,16,129,3,50,14.08073818,0,33.35527557,26.0376132
761,316,1250.868545,3,1,1,5,50,1072,60,135,2.011534025,0,68.33256579,14.02025326
762,393,1654.724816,3,1,1,6,41,235,11,90,4.023068051,0,36.48188307,17.02459325
763,395,1664.672689,0,0,0,0,0,0,0,0,1.005767013,0,19.42809707,17.02459325
764,1099.5,3492.803226,4,0,1,9,20,76,4,26,4.023068051,0,51.55095271,48.06943976
765,338,1421.891161,2,1,1,45,15,80,7,74,1.005767013,0,23.41523709,15.02169993
766,189.75,460.4744123,0,0,0,42,4,2,7,12,5.028835063,0,10.6782631,8.011573294
767,221,677.009205,41,0,0,7,14,1,4,54,2.011534025,0,15.22382075,10.01446662
768,514,1600.871613,0,0,11,0,2,0,3,3,0,0,22.16753352,23.03327322
769,589.25,1600.120141,2,20,0,9,8,1,3,383,0,0,42.22436848,26.0376132
770,658,2022.053679,0,0,8,0,20,90,2,0,0,0,32.35711271,29.04195319
771,543,1850.425085,88,20,5,74,230,42,169,920,0,0,86.96493918,24.03471988
772,292.25,1041.833677,0,0,0,0,0,0,0,0,0,0,12.15471233,13.0188066
773,453,1545.832518,12,0,1,0,0,2,6,13,0,0,30.25438803,20.02893323
774,255,910.6995105,185,52,2,43,83,15,143,447,1.005767013,0,50.94789598,11.01591328
775,814,1990.53351,126,246,6,31,121,100,200,487,13.07497116,0,104.6285439,36.05207982
776,873.75,2143.174286,23,0,0,3,40,40,53,104,0,0,47.27756796,38.05497315
777,74,249.8466869,102,95,23,47,85,88,156,409,3.017301038,0,72.87573858,3.004339985
778,813.5,3914.660591,0,0,10,4,1,0,0,0,2.011534025,0,34.45741373,36.05207982
779,261.25,890.3738175,0,0,0,1,12,0,0,0,0,0,15.40609018,11.01591328
780,300.25,1129.312341,1338.25,678,7,79,138,80,485,1196,0,0,185.8998976,13.0188066
781,6.25,18.42018714,13,0,0,1,19,42,2,2299,0,0,99.07806138,0
782,278.25,925.0081535,0,0,15,1,2,6,1,24,0,0,14.6103665,12.01735994
783,6.5,27.11477764,6,1,1,7,5,8,1,59,15.08650519,0,3.930266261,0
784,313.25,1506.424412,21,2,2,24,18,73,8,200,6.034602076,0,38.5014663,14.02025326
785,473.75,1781.92058,0,0,0,0,0,18,0,0,14.08073818,0,28.4519411,21.0303799
786,279.2499999,1050.193624,1.999999999,0,1.999999999,30.99999999,39.99999998,763.9999997,8.999999996,59.99999998,4.023068049,0,51.37786896,12.01735994
787,312.25,899.6474644,28,13,83.99999999,27,148,820.9999999,211,789.9999999,0,0,102.2407476,14.02025326
788,231,700.9179825,3,1,0,25,4,125,63,30,0,0,20.04643744,10.01446662
789,499,1447.777322,0,0,0,0,0,3,0,0,0,0,20.87823982,22.03182656
790,351,1060.347652,0,0,0,4,3,4,1,19,0,0,16.88742552,15.02169993
791,0,0,6,1,2,43,3,0,3,69,7.040369089,0,5.281945134,0
792,40.75,113.0259824,1,0,0,9,0,0,0,11,1.005767013,0,2.568189858,2.002893323
793,619,1941.327346,0,0,0,0,0,0,2,0,1.005767013,0,28.827464,27.03905987
794,0,0,3,2,38,19,12,28,3,79,48.27681661,0,7.652581927,0
795,377,1369.490623,0,0,0,0,0,46,0,0,2.011534025,0,20.59262041,17.02459325
796,306,1002.432359,0,0,0,0,0,0,0,0,2.011534025,0,12.72657646,13.0188066
797,442,1134.458422,0,0,0,0,0,0,0,0,0,0,18.38283267,19.02748657
798,393,1006.973178,0,0,0,0,0,58,0,0,0,0,22.75714374,17.02459325
799,488,1403.992346,11,0,3,3,1,3,3,15,0,0,21.9179928,21.0303799
800,0,0,0,0,0,0,1,2,0,5,4.023068051,0,0.332720953,0
801,0,0,50,3,195,171,61,17,0,100,0,0,24.82930114,0
802,254,620.5956354,21,252,2,13,262,19,143,626,0,0,68.21146971,11.01591328
803,559,1364.715611,252,148,2,17,31,3,3,143,0,0,48.16135799,25.03616654
804,261,636.5369924,0,0,0,0,0,0,0,0,0,0,13.8550211,11.01591328
805,731,2366.523148,0,0,0,0,0,0,0,0,0,0,32.40237711,32.04629318
806,366.25,1025.426767,105,22,176,73,400,20,58,772,1.005767013,0,82.85791491,16.02314659
807,58.75,159.3401867,794,237,19,111,263,101,72,1212,0,0,122.2700642,3.004339985
808,547.25,1476.654123,494,229,7,57,81,41,72,438,0,0,82.77657181,24.03471988
809,257.75,694.883132,34,38,4,39,45,100,61,101,0,0,28.2708835,11.01591328
810,307,767.9766256,122,10,4,43,50,37,15,238,0,0,71.35343843,13.0188066
811,441,1098.686479,0,0,0,0,0,0,0,0,0,0,18.34124255,19.02748657
812,293,732.1199752,0,1,0,1,0,119,0,0,0,0,17.21830933,13.0188066
813,0,0,0,0,0,1,1,2,1,17,2.011534025,0,0.914982622,0
814,222.75,628.8364138,0,0,4,0,0,0,9,0,1.005767013,0,12.80487059,10.01446662
815,426,1196.446714,0,0,0,2,0,0,0,1,0,0,17.84216112,19.02748657
816,2,4.98045232,0,0,0,56,2,1,0,49,1.005767013,0,4.574913108,0
817,92,254.9313935,11,4,1,9,8,5,2,40,10.05767013,0,19.1535005,4.005786647
818,382,1274.148787,0,0,0,3,0,0,0,22,0,0,18.9271785,17.02459325
819,482.5,1612.339643,1,1,1,1,11,99,4,31,0,0,26.26416025,21.0303799
820,4,10.95438875,1,16,1,5,0,0,0,4,7.040369089,0,1.289293694,0
821,77,209.1333862,41,25,4,29,15,7,3,58,4.023068051,0,16.77184086,3.004339985
822,72,194.1985451,4,55,1,10,5,0,1,28,0,8.136,7.319860973,3.004339985
823,104,286.8010757,17,37,7,9,34,2,9,58,0,0,11.52046301,5.007233309
824,0,0,934,435,37,102,198,58,51,854,0,0,111.0040281,0
825,778,1927.461112,208,115,45,70,189,162,181,726,0,0,103.8939548,34.0491865
826,762.4999997,2001.374056,57.99999998,46.99999998,8.999999997,26.99999999,173.9999999,270.9999999,355.9999999,870.9999997,0,0,107.1153519,33.29806644
827,616.5,1939.820803,177,98,13,65,103,150,113,707,0,0,84.9478184,27.03905987
828,690.75,2159.119887,0,0,0,0,0,0,0,0,1.005767013,0,29.72837481,30.04339985
829,364,1159.78077,0,0,0,0,0,0,0,0,0,0,15.13880338,16.02314659
830,758.25,2351.05337,283,216,11,67,250,67,102,574,0,0,96.83219495,33.04773984
831,349.25,1079.212468,241,166,21,105,190,280,182,725,0,21.696,93.96247673,15.02169993
832,522.9999938,1726.109423,189.9999978,49.99999941,38.99999954,75.9999991,155.9999982,94.99999888,553.9999935,804.9999905,0,0,103.4762153,23.03327295
833,350.5000084,1167.640501,164.0000039,6.000000144,21.0000005,51.00000123,286.0000069,121.0000029,1670.00004,856.0000206,0,0,147.6259687,15.02170029
834,344,1063.282493,0,0,0,0,0,62,0,0,0,0,16.88558838,15.02169993
835,529.5,2008.549635,0,1,0,6,19,52,3,16,0,0,28.05620966,23.03327322
836,235,632.3934493,197,425,7,91,95,49,23,389,0,0,62.84267006,10.01446662
837,319.5,694.540136,537,123,17,77,115,83,169,923,0,0,98.29824665,14.02025326
838,502.7500075,1175.338724,23.00000034,18.00000027,3.000000045,11.00000016,54.0000008,198.0000029,57.00000085,109.0000016,0,0,40.58155938,22.03182689
839,312.9999778,658.7324223,0,0,0,0,0,123.9999912,0,0,0,0,18.17488078,14.02025227
840,472.25,1457.289533,12,0,2,20,18,54,15,46,0,0,26.58648368,21.0303799
841,366,1149.85896,37,0,0,1,2,68,0,7,0,0,20.00484732,16.02314659
842,503,1419.985831,0,4,4,0,8,0,6,5,0,0,22.04276316,22.03182656
843,159,482.379191,0,0,0,0,0,0,0,0,0,0,6.612828947,7.010126632
844,463.5,1048.662101,189,89,4,33,24,89,84,319,0,0,53.83840926,20.02893323
845,159,345.526687,191,3,6,21,123,27,317,295,0,0,47.49591609,7.010126632
846,424,1145.269462,128,22,3,51,8,6,5,77,1.005767013,0,30.11124628,19.02748657
847,543.25,1857.629421,128,27,10,46,68,23,20,328,0,0,49.62740969,24.03471988
848,957,2969.7988,0,0,0,0,0,0,0,0,0,0,39.80174404,42.06075979
849,181,567.4653176,0,0,0,0,0,85,0,0,0,0,11.0629717,8.011573294
850,354,1189.520134,0,0,0,0,0,69,0,0,0,0,17.59262041,16.02314659
851,208,697.7876647,0,0,0,0,0,0,3,0,0,0,8.775515144,9.013019956
852,518,1714.154865,1,0,1,3,15,81,3,64,0,0,28.53082175,23.03327322
853,345.25,1048.884997,0,0,0,0,0,0,0,0,0,0,14.35898864,15.02169993
854,308,800.768117,12,0,0,3,44,3,2,36,0,0,16.96876862,14.02025326
855,358,996.5619204,114,99,11,13,33,4,8,165,0,0,33.48004593,16.02314659
856,509.5,1497.519819,29,7,5,20,26,33,11,169,0,0,33.66720146,22.03182656
857,691,2322.300903,0,0,0,0,0,0,0,0,0,0,30.73877234,30.04339985
858,399,1477.92374,0,0,0,0,0,5,0,0,0,0,16.80240814,17.02459325
859,0,0,0,0,0,0,0,0,0,0,3.017301038,0,0,0
860,95.5,264.8891301,1,0,1,1,29,18,1,14,2.011534025,0,6.675214126,4.005786647
861,1,1,0,0,0,54,0,0,0,0,3.017301038,0,2.287456554,0
862,294,1035.139144,130,138,16,64,10,5,6,73,12.06920415,0,40.61032771,13.0188066
863,250,851.0578846,7,141,72,80,3,2,3,34,0,0,24.62135055,11.01591328
864,346.75,939.8597412,52,40,397,28,164,75,17,149,0,0,52.76746369,15.02169993
865,193,327.1203544,333.25,176,21,133,458,29,494,964,0,0,117.5043213,8.011573294
866,601,1857.757395,3,8,192,140,9,0,0,84,0,0,43.12895357,26.0376132
867,3,11.94135696,129,205,142,451,86,10,118,359,1.005767013,0,115.5099491,0
868,820,3057.326209,26,39,20,103,61,182,15,298,0,0,148.0469464,36.05207982
869,12,38.82407088,16,50,138,87,11,5,4,53,0,0,15.63788481,1.001446662
870,324,1099.911087,42,15,22,57,32,13,8,87,0,0,24.9540715,14.02025326
871,331,1010.543129,51,68,4,22,30,66,9,117,0,0,29.02990318,15.02169993
872,94,157.5829828,660,276,25,28,111,136,60,288,0,0,69.78821996,4.005786647
873,289.5,783.758432,19,7,1,4,2,0,1,41,0,0,15.15959844,13.0188066
874,1184,3661.749362,2,4,0,5,8,1,3,57,0,0,52.56991063,52.07522641
875,0,0,0,0,0,0,0,0,0,0,0,0,0,0
876,1498,4695.031856,431,84,294,480,286,820,150,943,0,0,207.3683342,66.09547967
877,0,0,347,62,551,787,114,80,29,457,0,5.424,100.9392192,0
878,0,0,2,1,120,1050,3,3,1,116,0,0,53.90079444,0
879,138,290.9965525,47,25,409,217,33,47,10,220,0,108.48,47.66227656,6.00867997
880,447.25,945.978924,215,179,43,39,114,20,49,442,0,0,64.391902,20.02893323
881,0,0,135,42,600,351,91,9,5,952,0,0,90.87441038,0
882,0,0,2,0,182,155,8,7,0,248,0,0,25.03725174,0
883,624.25,2015.624554,58,25,4,18,57,13,12,117,0,0,38.60602812,27.03905987
884,586.25,1522.112154,13,0,13,2,60,88,2,35,0,0,33.24090274,26.0376132
885,230,596.5956354,42,0,6,12,16,74,7,127,0,0,21.37732125,10.01446662
886,395,1176.871992,0,0,0,0,4,0,0,2,0,0,16.67763779,17.02459325
887,332,983.7255741,0,0,0,0,0,0,0,0,0,0,13.80791956,15.02169993
888,0,0,53,14,98,117,107,116,14,187,0,0,29.36262413,0
889,0,0,0,0,0,250,2,0,0,0,0,0,10.48071003,0
890,0,0,60,0,359,168,3,0,0,145,0,0,30.56873759,0
891,505.5,1121.460271,72,25,16,17,23,91,14,197,0,0,39.94730946,22.03182656
892,674.25,1768.076127,1,0,0,3,37,2,1,63,0,0,32.4922806,30.04339985
893,0,0,67,39,405,108,70,47,37,174,0,0,39.38584285,0
894,1014,2972.157175,10,0,4,1,0,0,0,30,0,78.648,63.0439362,44.06365312
895,268,785.6052197,5,0,3,1,1,1,0,55,0,0,13.8910998,12.01735994
896,261,971.3411364,0,0,0,0,15,0,0,71,0,0,14.43177135,11.01591328
897,0,0,0,0,0,0,0,0,0,0,0,0,0,0
898,0,0,0,0,0,0,0,0,0,0,4.023068051,0,0,0
899,0,0,0,0,0,0,0,0,0,0,15.08650519,0,0,0
900,0,0,0,0,0,0,0,5,0,0,0,0,0,0
901,0,0,0,0,0,0,0,0,0,0,0,0,0,0
902,0,0,0,0,0,0,0,0,0,0,0,0,0,0
903,5.999999992,17.92180926,0,0,0,0,0,0,0,0,0,0,0.249540715,0
904,15,44.8045232,0,0,0,0,0,0,0,0,0,0,5.623851787,1.001446662
905,0,0,0,0,0,0,0,0,0,0,0,0,0,0
906,0,0,0,0,0,0,0,0,0,0,0,0,0,0
907,0,0,4,21,530,77,5,318,0,69,0,0,42.99772587,0
908,0,0,0,7,157,0,0,89,0,0,0,0,10.37639125,0
909,0,0,0,3,55,0,0,30,0,0,0,0,3.609179567,0
910,0,0,0,0,0,0,0,0,0,0,0,0,0,0
911,0,0,0,21,553,0,0,343,0,0,0,0,37.60929162,0
912,0,0,0,0,0,0,0,0,0,0,0,0,0,0
913,0,0,0,0,0,0,0,0,0,0,0,0,0,0
914,0,0,0,0,13,0,0,0,0,0,0,0,0.533174254,0
915,0,0,0,0,0,0,0,0,0,0,0,0,0,0
916,0,0,0,0,0,0,0,0,0,0,0,0,0,0
917,0,0,0,0,0,0,0,0,0,0,0,0,0,0
918,0,0,0,0,0,0,0,0,0,0,0,0,0,0
919,0,0,0,0,0,0,0,0,0,0,0,0,0,0
920,0,0,0,0,0,0,0,0,0,0,0,0,0,0
921,0,0,0,0,0,0,0,0,0,0,2.025785657,0,0,0
922,0,0,0,0,0,0,0,0,0,0,0,0,0,0
923,0,0,0,0,0,0,0,0,0,0,0,0,0,0
924,0,0,0,0,0,0,0,0,0,0,0,2006.462353,0,0
925,0,0,0,3,546,0,0,55,0,0,0,496.0181613,24.77209612,0
926,307,900.8881793,0,35,48,26,1,10,10,6,0,0,18.16893805,19.99892915
927,0,0,0,0,2,35,0,0,0,0,0,0,1.517495954,0
928,0,0,0,0,18,0,0,1,0,0,0,0,0.779254679,0
929,0,0,0,0,24,0,0,3,0,0,95.21192587,0,1.107361913,0
930,0,0,0,10,419,0,0,213,0,0,0,0,26.33060548,0
931,0,0,0,0,285,0,0,0,0,0,4.051571313,0,11.68882019,0
932,0,0,0,0,0,0,0,0,0,0,25.32232071,0,0,0
933,220,699.9096399,0,0,0,0,0,0,0,0,6.07735697,0,11.02294892,13.9992504
934,167,528.9318534,0,0,0,0,0,0,0,0,1.012892828,0,8.849238496,10.99941103
935,0,0,0,0,0,0,0,0,0,0,0,0,0,0
936,73.5,263.714185,0,0,0,0,0,0,0,0,0,0,7.014485206,4.999732286
937,0,0,0,0,0,0,0,0,0,0,0,0,0,0
938,46.5,165.2276244,0,0,0,0,0,0,0,0,0,0,1.907123294,2.999839372
939,54,145.982681,42,12,0,193,71,244,0,585,4.051571313,0,765.2570984,2.999839372
940,0,0,13,2,0,73,24,77,0,161,0,0,14.35469146,0
941,237,650.9220644,0,0,0,0,0,152,0,0,0,0,15.95421422,14.99919686
942,0,0,0,1,275,0,0,926,0,0,0,0,49.29811181,0
943,0,0,0,0,5,0,0,2,0,0,8.103142627,0,0.287093829,0
944,0,0,73,16,7,267,99,219,0,413,0,0,44.86866416,0
945,0,0,34,5,106,135,19,75,0,211,0,0,23.99284144,0
946,0,0,46,10,6,222,26,100,0,177,0,10.33371169,24.07486825,0
947,0,0,4,2,0,1845,18,72,0,1422,2.025785657,0,137.9280782,0
948,6,10.99905875,17,5,3,134,67,58,0,316,0,0,24.85412293,0
949,38,66.99454074,53,13,0,108,133,80,0,194,0,0,25.38729718,1.999892915
950,0,0,12,4,0,102,13,42,0,142,2.025785657,0,12.91922231,0
951,1362,5066.302533,18,0,0,0,0,57,0,0,0,0,58.93626179,86.99534178
952,148,476.9380657,3,4,0,3,14,35,0,66,0,0,11.19665934,9.999464573
953,0,0,9,2,0,39,9,162,0,63,0,0,11.64780678,0
954,0,0,0,0,0,0,0,0,0,0,0,0,0,0
955,0,0,0,1,26,0,0,12,0,0,0,0,1.599522763,0
956,0,0,0,3,483,0,0,41,0,0,5.064464142,0,21.614064,0
957,0,0,45,22,1837.5,462,198,388,0,595,7.090249799,0,640.4950513,0
958,0,0,16,5,0,5750,15,53,0,166,4.051571313,0,246.285492,0
959,0,0,25,18,552,452,125,222,53,523,0,0,80.79640621,0
960,652,2196.709153,130,34,0,42,40,159,6,177,0,0,50.85662117,41.9977512
961,720,2258.710283,1,0,0,0,6,156,8,22,0,0,38.445238,45.99753703
962,481,1322.841493,19,7,0,1,3,9,0,54,0,0,23.54169399,30.99834017
963,24,44.99604675,70.00000001,81.00000001,440.0000001,782.0000001,555.0000001,307,0,437,0,0,110.5721376,1.999892915
964,543,1366.844882,0,0,0,0,0,0,0,0,0,0,28.27027846,34.998126
965,0,0,19.00000001,123.0000001,0,7916.000005,166.0000001,713.0000004,14.00000001,798.0000005,0,0,399.8396775,0
966,201,641.9169816,12,14,1,0,13,0,9,0,0,0,10.25335104,12.99930394
967,322,925.8862968,2,12,0,1,2,48,22,11,0,0,17.22562975,20.9988756
968,456,809.9333594,6,15,0,0,1,1,0,3,0,0,19.76846081,28.99844726
969,367,1284.827186,0,0,0,0,0,55,0,0,0,0,17.30765656,23.99871497
970,653,881.9568907,9,15,0,0,1,3,0,35,0,0,29.36559738,41.9977512
971,495,864.9303474,22,5,5,17,32,33,0,114,0,0,29.65269121,31.99828663
972,217,391.9670562,42,42,136,26,114,19,90,165,0,0,43.90240695,13.9992504
973,699,1550.839611,0,0,0,0,0,0,0,0,0,0,28.66836951,44.99759058
974,898.9999989,2108.772215,19.99999998,4.999999994,0.999999999,12.99999998,49.99999994,121.9999999,8.999999989,107.9999999,0,0,54.32344685,57.99689445
975,0,0,0,1,174,0,0,21,0,0,0,0,8.038627217,0
976,0,0,0,0,0,2,0,1,0,2,897.4230459,0,0.205067021,0
977,0,0,128,10,2224,276,185,18,0,163,0,0,123.2042661,0
978,0,0,707.0000404,776.0000443,2216.000127,1664.000095,1884.000108,1945.000111,0,5507.000315,0,0,630.8560639,0
979,0,0,3,54,1846,312,1614,101,316,374,0,80.94740825,189.4819273,0
980,698,2614.639124,18,126,20,6,1,0,24,23,0,0,37.56827822,44.99759058
981,501,1094.888179,23,30,0,12,55,197,3,128,0,0,38.92172055,31.99828663
982,277,807.9000391,137,3,3,7,11,14,0,50,0,0,20.58872889,17.99903623
983,246,642.9252646,0,0,0,0,0,0,0,0,0,0,12.08929743,15.99914332
984,1744,4011.573048,82,112,3,35,214,2388,0,363,0,0,212.64723,111.9940032
985,800,1385.889685,73,73,0,16,90,1105,12,386,0,0,179.7892476,50.99726932
986,296.25,648.1837343,59,57,0,32,141,307,0,323,0,0,59.84153941,18.99898269
987,516,1476.819091,0,0,0,0,0,0,0,0,0,0,21.16291655,32.99823309
988,429,1028.88705,131,118,0,1,23,57,0,183,0,0,38.63462673,27.9985008
989,405,1526.788783,0,0,0,2,1,11,65,7,0,0,20.13758145,25.99860789
990,336,590.9519962,25,36,0,49,75,50,59,161,0,0,32.4416027,21.99882206
991,376,660.9463487,2,1,3,253,18,6,18,47,0,0,29.69370462,23.99871497
992,1093,1922.843752,93,26,9,58,356,38,9,295,0,0,129.0835,69.99625201
993,371,648.9476664,3,1,40,102,9,2,2,29,0,0,22.92649293,23.99871497
994,323,567.9538787,26,55,0,5,39,357,17,159,0,0,41.23414949,20.9988756
995,1055,1737.871425,15,71,1,3,10,2,9,20,0,0,49.64189734,67.99635909
996,599,1115.902675,26,10,0,5,56,85,1,142,0,0,37.89638545,37.99796538
997,527,843.9403247,5,2,0,4,7,8,6,21,0,0,23.78777442,33.99817955
998,514.25,855.4357697,14,4,0,12,63,40,0,127,0,0,31.75462818,32.99823309
999,0,0,142,45,0,95,174,808,0,413,0,0,68.77947879,0
1000,289,641.9335477,111,77,24,77,394,330,1759,710,0,0,154.6615471,18.99898269
1001,514,933.9209349,117,26,4,2,12,9,0,85,0,0,31.5393078,32.99823309
1002,464,1028.893639,0,0,0,0,0,0,0,0,0,0,19.03021953,29.99839372
1003,645,1095.915099,5,0,0,0,1,0,0,16,0,0,27.35594058,40.99780475
1004,389,779.9263941,0,1,1,0,1,1,0,9,0,0,17.48738848,24.99866143
1005,45,78.99359949,0,0,0,0,0,0,0,0,0,0,1.845603188,2.999839372
1006,441.0000004,1567.787843,25.00000002,11.00000001,0,19.00000002,45.00000004,34.00000003,9.000000008,110.0000001,0,0,31.46330252,27.99850083
1007,0,0,1,1,0,0,957,6,13279,25,0,0,585.2202641,0
1008,0,0,0,0,0,3,0,0,0,0,0,0,0.123040213,0
1009,0,0,18,5,0.25,153,19,65,0,185,0,0,313.2612182,0
1010,0,0,32,8,434,308,38,129,0,387,0,0,54.79390797,0
1011,0,0,73,20,89,1244,228,265,0,671,0,0,354.2247168,0
1012,0,0,16,3,37,177,52,39,0,248,0,0,23.45966718,0
1013,0,0,0,0,0,0,0,0,0,0,0,0,0,0
1014,0,0,0,0,0,0,0,0,0,0,0,0,0,0
1015,0,0,0,0,0,0,0,0,0,21,0,0,0.861281488,0
1016,1155,2657.71706,46.25,53,40,40,47,57,10,146,0,0,352.3856196,73.99603784
1017,0,0,79,23,0,272,261,206,0,818,0,0,68.04123751,0
1018,3,5.999435249,7,3,61,19,6,12,0,60,0,0,7.013292113,0
1019,147,482.9367479,98,41,18,142,669,278,0,383,0,0,94.8398058,8.999518115
1020,197,645.9154756,27,9,132,23,18,27,0,65,0,0,20.42467528,12.99930394
1021,501,1642.785018,10,3,16,4,12,11,51,42,0,0,42.65871271,31.99828663
1022,548,1798.764499,43,120,2,18,52,35,14,143,0,0,135.9880691,34.998126
1023,0,0,5,1,55,409,5,5,0,11,0,0,20.13758145,0
1024,5,5.99981175,17,59,0,227,91,34,0,104,0,0,22.02419804,0
1025,467.5,786.689904,0,0,0,0,1,0,0,8,0,0,19.54288709,29.99839372
1026,1137.75,1473.936682,15,72,0,16,25,29,0,98,0,0,259.1214187,72.99609138
1027,407,528.7270584,89,775,4,86,1466,26,17,2441,0,24.11199395,217.8221895,25.99860789
1028,0,0,59,25,0,38,141,25,2,1262,0,0,63.65280327,0
1029,0,0,181,7,0,2,869,40,442,61,0,0,65.70347348,0
1030,0,0,64,87,0,10,89,11,0,472,0,0,30.06282525,0
1031,0,0,0,0,0,0,0,0,0,0,0,0,0,0
1032,0,0,69,36,0,15,189,11,1,1217,0,0,63.07861561,0
1033,0,0,102,83,0,51,222,33,0,553,0,0,42.81799395,0
1034,395.75,717.9394266,1081,452,139,147,1089,13,36,2845,0,0,254.1908257,25.24865251
1035,0,0,0,0,0,5,3005,0,1050,2986,0,0,288.9804458,0
1036,119,210.982681,298,450,3,25,3725,88,127,739,0,0,228.6087148,7.999571658
1037,111,198.983434,246,11,10,80,406,62,127,891,0,0,79.7300577,6.999625201
1038,827,1435.885356,26,7,0,22,150,15,5,137,0,0,48.76493755,52.99716223
1039,601,921.9395717,4,8,1,4,110,47,27,79,0,0,36.13280907,38.99791183
1040,0,0,27,5,1,17,213,8,13,410,0,0,28.46330249,0
1041,365,490.9762805,15,7,0,10,85,8,69,169,0,0,29.85775823,22.99876852
1042,327,679.9335477,25,9,0,33,193,16,134,439,0,0,48.2317633,20.9988756
1043,616,1010.925641,36,155,8,17,226,77,34,215,0,0,56.76255137,39.99785829
1044,247,480.9559494,110,60,0,95,681,112,39,1155,0,0,102.492497,15.99914332
1045,636,1008.929783,22,3,3,6,75,12,70,128,0,0,39.16780098,40.99780475
1046,451,749.9437132,45,14,0,5,71,69,199,56,0,0,37.32219779,28.99844726
1047,499,1018.90211,3,47,0,4,27,2,19,27,0,0,32.75641782,31.99828663
1048,439,917.9098281,92,42,0,52,222,123,736,450,0,0,88.42489938,27.9985008
1049,396,682.9459722,1,0,4,0,0,40,0,57,0,0,20.42467528,24.99866143
1050,393,631.9550082,0,0,0,0,7,0,0,20,0,0,17.22562975,24.99866143
1051,532.25,821.1955246,174,159,0,26,132,23098,592,233,0,0,1073.130634,33.99817955
1052,0,0,107.0000001,76.00000004,0,104.0000001,379.0000002,715.0000004,0,670.0000003,0,0,84.11849199,0
1053,0,0,0,0,0,0,0,0,0,0,0,0,0,0
1054,0,0,1,0,3,2542,121,5,0,16,2.025785657,0,116.2440304,0
1055,0,0,58,14,49,1607,54,120,0,320,0,0,91.13178406,0
1056,0,0,52,11,377,388,82,130,0,584,0,8.61142641,149.6057684,0
1057,0,0,28,8,112,309,49,60,0,152,0,0,29.44762419,0
1058,0,0,50,25,129,66,140,171,0,377,0,0,39.29084119,0
1059,4,8.999058749,20,7,12,134,54,25,325,379,0,0,39.372868,0
1060,442,1058.88385,0,0,0,1,0,0,0,0,0,0,18.16893805,27.9985008
1061,419,1276.838481,25,1,0,2,6,98,68,26,0,0,26.45364569,26.99855435
1062,247,754.9043689,6,10,0,1,3,4,0,15,0,0,11.72983359,15.99914332
1063,237,832.8878028,3,18,0,1,9,12,14,15,0,0,12.67314189,14.99919686
1064,277,556.9472899,2,1,0,34,9,70,0,19,0,0,16.89752252,17.99903623
1065,207,417.9602792,11,5,21,10,22,34,0,183,0,0,20.21960825,12.99930394
1066,569.75,1154.889769,112,48,0,49,379,65,30,897,0,0,169.1685656,36.74801892
1067,153,198.991333,46,328,0,5,143,14,5,330,0,0,41.99772587,9.999464573
1068,0,0,0,0,0,0,0,0,0,0,0,0,0,0
1069,445.25,905.6633001,83,94,7,63,205,2,170,80,0,1.722285282,47.13465474,28.99844726
1070,310.25,402.4826345,80,151,0,21,248,29,15,723,0,0,107.6883917,19.99892915
1071,219.75,387.9683167,80,61,0,19,196,14,4,598,0,0,48.87772442,13.9992504
1072,254.25,450.4630565,34,233,1,12,325,7,0,237,0,0,45.24803815,15.99914332
1073,450,581.975151,10,39,0,16,129,2,83,190,0,0,37.69131843,28.99844726
1074,52.25,94.74200051,13,166,2,7,33,1,10,212,0,0,20.35290182,2.999839372
1075,34,58.99529374,106,394,0,108,207,9,0,576,0,0,58.81322158,1.999892915
1076,0,0,108,229,0,88,726,447,73,747,0,0,99.17041128,0
1077,294,477.9653619,57,379,24,49,976,6,63,1366,0,0,131.817081,18.99898269
1078,0,0,16,215,2,12,427,6,52,384,0,0,45.68893224,0
1079,66,107.9920935,143,612,0,144,1142,90,0,909,0,0,127.3876333,3.999785829
1080,0,0,33,306,14,73,1288,4,13,2215,0,0,161.8388928,0
1081,0,0,28,171,0,48,1002,7,460,812,0,0,103.6818857,0
1082,99,158.988705,56,27,2,160,1271,1477,0,721,0,48.2239879,156.3841101,5.999678744
1083,218,354.9742097,68,153,0,10,721,4,8,700,0,0,84.18722664,13.9992504
1084,370,660.9452192,555,114,0,13,468,502,16,233,0,0,93.14144086,23.99871497
1085,147,205.9888932,54,61,5,29,214,376,45,377,0,0,53.64553265,8.999518115
1086,306,427.9770335,82,179,0,59,429,23,17,719,0,0,74.39831516,19.99892915
1087,186,250.9877637,44,21,2,50,1045,14,15,927,0,0,94.4948832,11.99935749
1088,267,377.9791042,19,9,11,5,67,5,200,103,0,0,28.13519526,16.99908977
1089,338,473.974398,34,8,8,8,79,3,8,169,0,0,26.86377973,21.99882206
1090,393,529.9742097,44,93,0,46,174,27,36,379,0,0,48.88797777,24.99866143
1091,491,665.9670562,42,64,0,20,18,1,28,55,0,0,62.4886376,31.99828663
1092,246,374.9757157,174,68,2,21,145,11,51,182,0,0,36.91206375,15.99914332
1093,196,406.9602792,23,13,0,11,108,210,144,232,0,0,83.4295597,12.99930394
1094,528.25,722.2134798,72,349,0,22,43,2,10,136,0,0,47.66782899,33.99817955
1095,103.25,160.2392697,182,94,5,26,189,54,55,773,0,0,60.75110492,6.999625201
1096,231,446.9593379,65,79,0,49,408,69,125,526,0,0,63.65280327,14.99919686
1097,473,703.7065299,37,31,0,7,72,23,526,135,0,3.444570564,53.48147903,30.24839372
1098,561.25,1030.161639,4,18,0,3,20,3,90,58,0,0,31.05740031,35.99807246
1099,594,930.9365597,30,4,3,4,40,14,114,66,0,0,62.64064822,37.99796538
1100,418,829.9224409,8,4,0,6,23,11,12,43,0,0,21.53203719,26.99855435
1101,273,670.9250764,123,279,0,0,6,0,0,12,0,0,28.42228909,17.99903623
1102,372,925.8957093,18,47,454,62,1601,224,4784,297,0,0,322.3243433,23.99871497
1103,0,0,0,0,0,0,0,0,0,0,0,0,0,0
1104,0,0,10,3,0,127,10,35,0,88,0,0,11.19665934,0
1105,0,0,3,0,288,1342,1814,6,0,22,0,0,142.5215795,0
1106,0,0,90,0,446,1021,14,0,0,0,0,0,88.43205795,0
1107,0,0,4,1,311,363,6,7,0,113,0,0,33.01579035,0
1108,707,1335.881591,0,8,0,0,1,0,1,27,0,0,30.5139727,44.99759058
1109,340,1194.839046,0,0,0,0,1,1,0,10,0,0,14.43671827,21.99882206
1110,241,483.9542552,16,6,0,8,34,48,80,62,0,0,21.30163506,14.99919686
1111,256,528.9486077,6,1,0,0,2,203,0,9,0,0,19.56339379,15.99914332
1112,126,258.9749627,17,3,4,1,7,7,93,48,0,0,12.55010168,7.999571658
1113,89,182.9823045,1,0,0,0,1,1,0,3,0,0,3.896273396,5.999678744
1114,87,145.9888932,60,10,89,142,293,34,0,125,0,0,34.4512595,5.999678744
1115,41,67.99491724,20,117,195,160,215,2,0,618,0,0,56.1063369,2.999839372
1116,148,246.9813632,26,2,18,45,30,20,175,55,0,0,21.28595676,9.999464573
1117,0,0,2,0,0,5,32,0,0,59,0,0,4.019313608,0
1118,156,261.9800455,3,0,7,33,1,1,0,16,0,0,8.899908704,9.999464573
1119,0,0,33,2,84,20,28,9,0,65,0,0,9.884230404,0
1120,1,1,35,6,54,19,56,6,0,101,0,0,11.40172636,0
1121,0,0,3,91,0,8,5,2,0,31,0,0,5.741876583,0
1122,497.25,829.1875032,16,36,4,8,4,1,0,31,0,0,24.49525564,31.99828663
1123,0,0,89,17,17,41,28,100,75,104,0,0,19.31731336,0
1124,202.5,340.9739298,15,27,0,43,150,9,59,302,0,0,33.11832386,12.99930394
1125,139,231.2326335,32,52,2,61,51,3,0,297,0,0,26.12553845,8.999518115
1126,1,3.999435249,66,102,0,19,197,8,0,365,0,0,31.08816036,0
1127,104.5,178.7360544,85,187,0,9,86,7,0,399,0,0,48.98926216,6.999625201
1128,322.75,550.2069251,216,21,1,4,49,3,0,168,0,0,45.18526892,20.7488756
1129,10,15.9988705,51,11,0,4,44,4,0,207,0,0,13.57543678,0.999946457
1130,236.25,393.7203576,119,149,0,18,137,10,0,650,0,0,54.10693345,14.99919686
1131,0,0,170,231,0,38,279,18,60,927,0,0,70.66609538,0
1132,208.5,346.723954,194,10,10,22,31,5,0,207,0,0,28.19671536,12.99930394
1133,0,0,33,38,0,91,252,22,0,437,0,0,35.80470184,0
1134,0,0,0,216,0,0,1,0,0,6,0,0,9.145989129,0
1135,0,0,0,0,0,0,0,0,0,0,0,0,0,0
1136,0,0,75,162,17,4,28,6,36,114,0,0,18.12792464,0
1137,389.5,647.701346,103,14,0,9,24,3,0,133,0,0,27.70455451,24.99866143
1138,0,0,2,632,0,0,3,0,0,15,0,0,26.74073952,0
1139,0,0,130,59,0,87,703,509.25,0,932,0,0,99.26269144,0
1140,146,255.9792925,157,71,37,30,165,136,32,436,0,0,49.62621904,8.999518115
1141,0,0,65,48,0,31,186,63,41,370,0,0,32.97477695,0
1142,0,0,193,12,0,6,51,5,0,180,0,0,34.33299166,0
1143,0,0,10,2,1,7,15,500,0,25,0,0,22.96750633,0
1144,180,318.9738332,19,4,0,30,28,10,0,65,0,0,13.7805038,11.99935749
1145,151,264.9785395,25,7,0,17,79,159,66,204,0,0,29.03749015,9.999464573
1146,312,381.2369642,16,10,1,9,82,369,71,118,0,0,40.52124332,19.99892915
1147,0,0,0,1,0,0,230,0,0,66,0,0,12.18098104,0
1148,413,791.6786001,2,7,0,3,7,2,0,24,0,0,18.78413911,26.74856327
1149,81.75,156.2359238,0,0,0,0,1,0,0,0,0,0,3.393859195,4.999732286
1150,339.25,417.4852363,6,1,2,6,215,5,0,56,0,0,25.84869798,21.99882206
1151,398.75,488.4830739,14,47,2,329,95,471,8,225,0,0,65.20105927,25.99860789
1152,267.5,394.9760375,5,20,0,0,2,1,6,12,0,0,12.85770221,16.99908977
1153,397.5,671.9482328,30,8,0,3,24,12,0,74,0,0,22.49585219,25.49864358
1154,142.5,236.732257,1,14,0,2,3,0,4,52,0,0,8.961428811,8.999518115
1155,263.75,440.9666316,29,16,0,17,157,17,22,423,0,0,38.74741359,16.99908977
1156,530,855.9386304,3,69,0,0,0,0,0,0,0,0,25.69006931,33.99817955
1157,157.75,263.2301407,315,243,0,12,202,24,26,281,0,0,51.7076493,9.999464573
1158,48.75,77.74454074,627,173,0,44,181,26,0,441,0,0,63.19140247,2.999839372
1159,622,1114.907193,170,109,38,6,101,26,81,183,0,0,55.79390797,39.99785829
1160,530,982.9147226,4,21,0,0,15,1,692,36,0,0,53.27641201,33.99817955
1161,446.75,824.9288037,186,226,0,9,15,49,180,90,0,0,49.28785846,28.99844726
1162,421,871.9150991,87,166,7,3,20,178,2,38,0,0,40.81435864,26.99855435
1163,542,946.9237586,0,0,0,0,0,0,0,10,0,0,22.6393991,34.998126
1164,365,637.9486077,2,26,2,0,0,0,0,3,0,1.722285282,17.32333486,22.99876852
1165,382,791.9228174,8,0,0,1,10,229,1,14,0,0,26.45364569,24.99866143
1166,187,476.9454074,6,2,0,5,9,533,3,38,0,0,32.11349546,11.99935749
1167,0,0,2,2,0,1,99,554,2804,123,0,0,147.0330539,0
1168,534.5,1360.844412,0,0,0,0,0,0,0,0,0,0,21.92166453,33.99817955
1169,0,0,4,2,0,2,17,31,0,195,1.012892828,0,10.29436445,0
1170,0,0,3,2,0,5,10,23,0,19,0,0,2.542831058,0
1171,0,0,54,9,185,158,54,58,0,180,0,0,28.62735611,0
1172,0,0,0,0,0,0,0,0,0,0,0,0,0,0
1173,0,0,132,1,553,890,66,7,12,116,0,0,72.88081921,0
1174,0,0,30,7,716,914,246,43,0,341,0,0,94.20778937,0
1175,0,0,63,21,288,459,110,84,0,253,0,0,52.41513053,0
1176,0,0,64,0,354,3,0,0,0,3,0,0,17.38968337,0
1177,83,261.9663032,88,79,88,273,114,151,9,495,0,0,178.5984978,4.999732286
1178,466,1480.808926,25,14,26,44,112,96,2,126,0,0,37.3632112,29.99839372
1179,402,1274.835658,11,1,0,24,4,7,1,10,0,0,18.86616592,25.99860789
1180,502,1575.797819,0,0,0,0,0,0,0,0,0,0,20.58872889,31.99828663
1181,168,593.9198054,0,0,0,0,0,92,0,0,0,0,10.66348508,10.99941103
1182,63,221.9700682,82,1,11,0,4,5,0,26,0,0,7.8745736,3.999785829
1183,128,444.9403247,1,0,118,17,74,2,0,7,0,0,14.23165125,7.999571658
1184,94,191.9815515,16,25,42,8,22,21,0,49,0,0,11.36071295,5.999678744
1185,0,0,1,0,308,123,1,1,0,10,0,0,18.20995145,0
1186,16,30.99717625,204,7,104,35,47,13,0,134,0,0,30.96750633,0.999946457
1187,0,0,54,11,94,16,122,76,0,213,0,0,24.03385484,0
1188,178,358.9659267,287,81,26,28,237,85,52,595,0,0,64.35003114,10.99941103
1189,49.99999308,100.9903853,23.99999668,6.999999031,4.999999308,34.99999515,22.99999682,18.99999737,0,324.999955,0,6.889140174,20.01453846,2.999838956
1190,648.2500019,1304.626419,14.00000004,183.0000005,60.00000018,2.000000006,12.00000004,2.000000006,0,61.00000018,0,0,48.28541638,41.99775133
1191,277.9999793,558.9470601,11.99999911,0,0,0.999999926,6.99999948,1.999999851,40.99999695,6.99999948,0,0,14.27266359,17.99903489
1192,160,321.9695035,231,72,0,133,267,347,16,359,0,0,65.0062456,9.999464573
1193,206,413.9608439,375,88,34,13,96,45,0,414,0,0,52.1280367,12.99930394
1194,594.25,1351.357406,224,120,1,7,72,86,19,419,0,0,63.25292258,37.99796538
1195,640.25,1303.625169,21,74,0,1,18,4,99,117,0,0,39.95730901,40.99780475
1196,0,0,0,0,0,0,0,44,0,31,0,0,3.076005313,0
1197,592,1149.894956,19,124,1,3,17,3,2,91,0,0,36.94342035,37.99796538
1198,597,1436.84187,60,18,1,3,9,9,34,59,0,0,32.40058929,37.99796538
1199,229,547.9399482,6,0,0,0,0,0,0,6,0,0,12.8842304,14.99919686
1200,330,881.8960858,3,0,0,0,0,0,0,6,0,0,13.90354401,20.9988756
1201,306,710.9237586,0,10,0,0,0,49,0,0,0,0,14.96989252,19.99892915
1202,140,325.9649854,0,0,0,0,0,0,0,0,0,0,5.741876583,8.999518115
1203,508,1404.83114,0,61,0,0,0,0,0,0,0,0,25.33662697,32.99823309
1204,576,1150.891756,17,7,0,22,30,51,5,47,0,0,36.96512015,36.99801892
1205,212,567.9329829,0,165,0,1,0,15,1,247,0,0,26.28959207,13.9992504
1206,926,2228.75471,0,0,0,0,0,0,0,0,0,0,41.97841226,58.99684098
1207,0,0,5,2,3,105,14,42,0,53,0,0,9.187002533,0
1208,0,0,0,0,0,0,0,0,0,0,0,0,0,0
1209,0,0,2,1,0,2,6,17,0,11,0,0,1.599522763,0
1210,0,0,27,6,0,152,20,46,0,211,0,0,18.94819273,0
1211,0,0,448,7,1582,2953,274,106,0,398,0,0,236.5653152,0
1212,0,0,246,36,836,2550,414,169,105,1028,0,0,238.816168,0
1213,0,0,505,680,1810,1688,882,839,28,3647,0,0,413.3741006,0
1214,0,0,83,13,1301,831,74,320,26,223,0,0,117.7494834,0
1215,0,0,35,2,401,331,14,16,0,194,0,886.9769202,40.72631034,0
1216,65,209.9727037,277,23,939,378,246,98,36,369,0,0,99.70358553,3.999785829
1217,274,1052.853353,171,151,13,126,335,268,254,685,0,5.166855847,93.38752129,17.99903623
1218,277.25,1160.333728,1,0,0,0,2,154,0,8,0,0,18.13817799,17.99903623
1219,341,1426.79556,13,1,0,2,17,7,0,9,0,0,15.99522763,21.99882206
1220,272,896.8823436,16,24,0,0,11,16,0,17,0,0,17.60077188,16.99908977
1221,53,164.978916,1,0,0,0,0,0,0,3,0,0,2.337764038,2.999839372
1222,29,94.98757548,73,23,150,153,84,222,84,427,0,0,51.06168819,1.999892915
1223,218,757.8983449,2,0,0,2,60,6,1,14,0,0,12.42706146,13.9992504
1224,0,0,7,2,150,105,4,10,0,38,0,0,12.96023572,0
1225,0,0,228,17,0,37,70,61,0,838,0,0,51.30776861,0
1226,63,127.9877637,426,107,41,157,91,92,0,569,0,0,85.40672284,3.999785829
1227,458,926.9117106,210,43,39,218,74,57,100,271,0,0,66.28970413,28.99844726
1228,392,789.9250764,41,65,4,310,126,80,1,292,0,0,53.76857286,24.99866143
1229,229,460.9563259,6,151,4,5,55,46,68,88,0,0,35.74073952,14.99919686
1230,122,246.9764687,169,187,32,52,125,104,312,520,0,0,66.56475496,7.999571658
1231,476.25,1370.581613,35,83,1,22,91,780,85,239,0,0,74.3265417,30.7483491
1232,717.25,1564.590476,5,15,6,0,18,3,3,21,0,0,33.32881583,45.99753703
1233,557,1218.875378,6,53,6,0,26,108,32,0,0,0,32.31856248,35.99807246
1234,569,1283.865401,98,33,0,8,87,40,16,106,0,0,41.24982779,36.99801892
1235,616,1361.859565,23,95,0,21,51,107,58,99,0,0,45.88434246,39.99785829
1236,502,1111.885167,39,18,0,19,114,71,53,135,0,0,43.00374736,31.99828663
1237,190,455.9499254,0,20,0,1,2,1,0,8,0,0,12.10497573,11.99935749
1238,586,1359.854294,4,46,0,0,2,2,0,25,0,0,27.27391377,37.99796538
1239,213,567.9331712,0,0,0,0,0,0,0,0,0,0,8.735855088,13.9992504
1240,454,1178.863519,89,52,5,8,2,2,0,31,0,0,26.37161888,28.99844726
1241,328,963.8802728,46,8,0,0,0,63,0,0,0,0,20.25096485,20.9988756
1242,396,1441.80309,20,3,0,17,17,6,13,63,0,0,23.94217123,24.99866143
1243,403,889.9083221,298,160,19,18,65,64,30,416,0,0,60.41274434,25.99860789
1244,275,693.9211231,41,54,0,5,48,43,21,248,0,0,30.14485206,17.99903623
1245,502,1351.839987,0,0,0,0,0,29,0,0,0,0,23.77811761,31.99828663
1246,0,0,249,7,230,193,39,29,0,370,0,0,45.81197245,0
1247,0,0,73,76,75,2389,444,137,7,182,0,0,138.7483463,0
1248,0,0,0,0,0,0,0,0,0,0,0,0,0,0
1249,10,31.99585849,124.25,19,567,220,189,103.25,0,695,0,0,79.05333653,0.999946457
1250,0,0,346,38,1,458,60,42,0,270,0,0,49.83128606,0
1251,0,0,55,7,0,134,53,48,0,114,0,0,16.85650911,0
1252,0,0,9,26,15,135,3,5,0,109,0,0,12.38604806,0
1253,48,74.99491724,929,270,2,103,188,145,9,609,0,0,123.4538698,2.999839372
1254,288,450.9693152,307,38,265,44,90,77,0,392,0,0,61.56111965,17.99903623
1255,382,597.9593379,21,8,13,54,92,134,10,161,0,0,35.88672865,24.99866143
1256,423,662.9548199,33,36,1,15,52,31,23,160,0,0,31.74437483,26.99855435
1257,102,158.9892697,87,212,0,70,1424,143,11,509,0,0,104.9122879,6.999625201
1258,860.75,1444.640028,160,51,0,21,129,6299,7,465,0,0,327.8098862,54.99705515
1259,714,1401.870484,117,64,1,86,288,284,111,541,0,0,92.47556959,45.99753703
1260,764,1669.829445,42,146,0,6,38,33,48,191,0,0,52.00499648,48.99737641
1261,530,1216.870672,55,134,13,17,93,68,108,247,0,0,56.88195627,33.99817955
1262,443,794.9337359,31,20,0,1,44,14,24,94,0,0,27.5199942,27.9985008
1263,237,365.9757157,19,30,0,10,46,420,3,112,0,0,35.96875545,14.99919686
1264,475,884.9228174,23,164,1,5,47,22,108,102,0,0,38.83969375,29.99839372
1265,511.25,1370.088333,8,1,0,2,4,4,0,32,0,0,23.05978649,32.99823309
1266,469,1055.889497,11,0,0,1,0,0,0,10,0,0,20.13758145,29.99839372
1267,463,1178.865213,26,2,2,3,16,3,8,27,0,0,23.55737229,29.99839372
1268,599,1536.823421,105,9,0,2,22,76,1,83,0,0,36.78902354,37.99796538
1269,456,1052.887615,0,42,0,0,0,139,0,5,0,0,26.33060548,28.99844726
1270,433,1089.87632,0,9,0,0,0,0,0,0,0,0,23.12792464,27.9985008
1271,278.5,494.4593101,86,79,0,6,31,29,58,155,0,0,29.63218451,17.99903623
1272,249.5,392.4730796,93,124,0,16,82,38,12,152,0,0,48.43677429,15.99914332
1273,1160,1823.874995,160,261,2,8,116,34,24,260,0,0,115.0521434,74.24600214
1274,260,467.7108397,124,201,4,8,45,26,9,206,0,0,36.21483588,16.99908977
1275,138.5,216.9852543,484,252,0,6,837,4,28,776,0,15.50056753,103.5793522,8.999518115
1276,608.5,940.43746,95,63,3,74,109,28,21,348,0,0,55.34758892,38.99791183
1277,0,0,0,0,0,0,0,134.9999957,0,0,0,0,5.536809387,0
1278,484.0000019,1095.884795,1.000000004,4.000000016,0,0,16.00000006,27.00000011,20.00000008,37.00000014,0,0,27.15689516,30.9983403
1279,250,707.9137814,27,1,28,0,28,2,0,18,0,0,15.51874508,15.99914332
1280,699,1584.83321,36,41,0,5,184,33,31,249,0,0,52.41513053,44.99759058
1281,492,1233.860318,3,1,0,17,106,0,182,8,0,5.166855847,37.17984397,31.99828663
1282,348,710.9316651,31,5,0,31,2,2,0,9,0,0,17.55373698,21.99882206
1283,250,444.9632912,6,2,0,7,6,5,0,28,0,0,12.46807487,15.99914332
1284,457,868.9224409,5,2,0,3,6,4,0,12,0,0,20.05555464,28.99844726
1285,197,307.9791042,0,0,0,1,0,1,0,0,0,0,8.161667429,12.99930394
1286,516,899.9277119,13,8,0,3,19,2,0,68,0,0,26.79743122,32.99823309
1287,143,228.2338992,62,15,3,6,35,16,23,100,0,0,21.52840188,8.999518115
1288,220,345.9762805,298,279,0,25,326,15,210,186,0,0,63.9398971,13.9992504
1289,177,309.9749627,2,0,0,0,8,0,0,54,0,0,9.884230404,10.99941103
1290,744,1733.813632,0,14,33,0,22,0,9,49,0,0,36.72267503,47.99742995
1291,429,1362.824174,19,2,0,4,13,17,9,216,0,0,29.07850355,27.9985008
1292,338,935.8874263,17,34,0,14,15,28,4,197,0,0,29.5356725,21.99882206
1293,215,483.9493607,329,95,0,19,146,130,105,553,0,0,65.29333943,13.9992504
1294,0,0,0,0,0,0,0,0,0,30,0,0,1.230402125,0
1295,173,352.966115,0,0,0,0,0,45,0,0,0,0,11.94092211,10.99941103
1296,382,773.9262059,0,0,18,0,0,0,0,7,0,0,16.6924555,24.99866143
1297,507,892.9273354,38,12,0,9,121,40,61,169,0,0,39.24982779,32.99823309
1298,734,1952.770523,60,48,4,2,16,16,0,70,0,0,42.96273396,46.99748349
1299,343,748.9235704,16,1,3,2,13,87,0,23,0,0,20.01454123,21.99882206
1300,169,534.9311004,53,27,0,0,141,0,83,0,0,0,19.39934017,10.99941103
1301,593,993.9245116,641,98,0,10,145,72,32,984,0,0,105.6095157,37.99796538
1302,3,11.99830575,11,8,141,42,26,45,0,120,2.025785657,0,35.24130805,0
1303,354,1087.861824,35,18,0,72,66,146,9,209,2.025785657,0,45.28118439,22.99876852
1304,285,801.9026746,2,1,0,3,4,7,0,11,1.012892828,0,12.8371955,17.99903623
1305,1,1,17,1,0,599,1,2,0,11,1.012892828,0,25.92047143,0
1306,1207.999976,4045.465666,39.99999921,57.99999885,0,22.99999955,71.99999858,423.9999916,10.99999978,203.999996,0,0,87.66734277,77.99582213
1307,414,1159.859565,4,0,0,0,1,45,0,4,0,0,31.19427315,26.99855435
1308,625,1802.778241,0,0,0,0,0,0,0,0,0,0,37.6333776,39.99785829
1309,964,3484.525421,2,0,0,2,2,44,0,11,0,0,170.0387393,61.99668035
1310,979.999992,3765.475504,8.999999927,0,0,0,0,0,0,6.999999943,0,0,40.84935022,62.99662629
1311,757,2534.665291,6,35,0,18,13,15,11,41,0,0,36.74801013,48.99737641
1312,976,2758.66435,25,7,0,6,14,86,4,32,0,0,47.16541479,62.99662681
1313,949,3389.540481,1,0,0,15,2,4,0,14,1.012892828,0,281.3982031,60.99673389
1314,649,1717.79876,13,78,21,11,5,85,0,51,0,0,37.445238,41.9977512
1315,477,1610.786524,360,182,0,0,7,1,84,541,0,0,105.7541437,30.99834017
1316,1004,3700.492289,64,7,8.25,10,24,164,58,101,0,0,59.06955535,63.99657326
1317,82,273.9638559,5,1,0,45,9,21,0,51,1.012892828,0,8.776868492,4.999732286
1318,328,1108.852977,0,0,0,0,0,0,0,0,0,0,13.45239657,20.9988756
1319,0,0,14,2,181,128,11,46,0,122,0,0,20.6707557,0
1320,484,1657.778994,0,0,0,0,0,0,0,0,1.012892828,0,19.85048762,30.99834017
1321,0,0,12,2,8,317,204,29,0,117,0,0,28.25823547,0
1322,0,0,11,3,0,222,15,31,0,133,0,0,24.02056273,0
1323,0,0,35,1,0,21,10,4,0,31,0,0,4.183367225,0
1324,0,0,221,26,15,1199,105,130,0,1130,0,0,115.9038802,0
1325,0,0,63,7,273,1954,456,15,0,113,0,6.889141128,118.1596174,0
1326,0,0,340,0,1796,792,171,2,149,248,0,0,143.4648878,0
1327,338,1542.773158,53,42,1305,690,178,108,4,650,0,0,138.1331452,21.99882206
1328,0,0,173,18,296,2083,359,86,3,489,0,0,143.8340084,0
1329,0,0,18,1,366,335,6,23,0,92,0,0,34.4922729,0
1330,0,0,217,201,1190,1259,396,519,179,1398,0,0,219.7908329,0
1331,815,2183.742285,57,47,110,228,559,140,344,1461,0,0,156.2514131,51.99721578
1332,47,183.9742097,43,4,297.25,517,28,68,0,300,0,0,53.49173238,2.999839372
1333,0,0,0,0,0,1,3,57,0,7,0,0,2.788911483,0
1334,272,1075.848647,188,58,0,26,69,62,16,333,0,0,44.99772587,16.99908977
1335,0,0,313,375,170,1050,179,192,0,697,0,0,122.0558908,0
1336,0,0,3,1,54,2,1863,30,39,56,0,0,83.99545173,0
1337,0,0,23,52,0,19,890,197,4,3224,0,0,180.828099,0
1338,499,2036.710471,0,0,0,0,0,64,0,0,0,0,23.09054655,31.99828663
1339,244,965.8640833,1,0,0,2,2,2,0,10,0,0,10.70449849,15.99914332
1340,358,1198.841682,0,0,0,0,0,0,0,0,0,0,14.68279869,22.99876852
1341,196,657.9130284,70,144,0,19,88,78,42,312,0,0,38.92172055,12.99930394
1342,944,3013.610322,219,536,0,8,73,236,76,333,0,0,101.4575051,60.99673389
1343,0,0,52,30,0,60,628,452,0,890,0,0,105.6203096,0
1344,0,0,6,0,0,172,1108,1,56,154,0,0,127.397066,0
1345,264,840.8913796,0,0,0,0,0,0,0,0,0,0,10.8275387,16.99908977
1346,0,0,17,11,10,125,67,231,0,181,0,0,49.33060548,0
1347,620,2217.699176,34,36,73,66,59,46,0,165,0,0,47.07373118,39.99785829
1348,590,1951.743603,18,24,0,3,3,132,0,13,0,0,32.11349546,37.99796538
1349,345,1331.814197,0,2,0,0,0,0,0,6,0,0,14.47773167,21.99882206
1350,487,2059.703882,69,121,32,34,202,279,34,555,0,0,216.3573018,30.99834017
1351,272,744.9109576,33,15,116,125,425,119,298,510,0,0,78.45864217,16.99908977
1352,191,522.9375009,79,1,12,70,55,213,44,210,0,0,35.88672865,11.99935749
1353,227,506.9472899,14,15,0,11,50,65,13,102,0,0,20.38366187,14.99919686
1354,1003,3207.584908,1,34,0,5,0,1,0,17,0,0,44.51522182,63.99657326
1355,598,2575.627641,0,0,0,0,0,79,0,0,0,0,27.76607462,37.99796538
1356,1,5.999058749,525,304,0,26,46,209,68,273,0,0,106.5514629,0
1357,220.25,826.8858093,58,181,0,2,5,9,26,32,0,0,22.87039777,13.9992504
1358,524.5,1975.476831,35,58,9,10,46,110,22,236,0,0,43.08458108,33.99817955
1359,347,1119.854483,0,0,0,0,0,0,0,0,0,0,14.23165125,21.99882206
1360,405,1586.777488,25,12,0,83,32,37,4,35,0,0,27.96148484,25.99860789
1361,293,943.8774491,0,0,0,0,0,44,0,0,0,0,13.8215172,18.99898269
1362,313,1612.755275,0,0,0,0,0,0,0,0,0,0,12.8371955,19.99892915
1363,651,2454.660397,130,19,0,25,114,201,480,347,0,0,80.673366,41.9977512
1364,718.0000246,2609.64392,90.00000308,69.00000236,0,13.00000045,68.00000233,64.00000219,9.000000308,288.0000099,0,0,54.09668195,45.99753861
1365,161.0000092,583.9204036,32.00000183,59.00000338,0,0,0,1.000000057,45.00000258,97.00000556,0,0,16.20029557,9.999465146
1366,675,2362.682234,46,159,27,11,38,271,23,209,0,0,59.83855668,42.99769766
1367,536,1570.805161,74,31,0,5,45,30,0,175,0,0,36.74801013,33.99817955
1368,350,1212.83754,23,2,0,1,5,5,6,35,0,0,17.51272358,21.99882206
1369,0,0,7,631,0,30,173,0,1,1179,0,0,82.88808982,0
1370,393,1413.807796,140,233,0,43,61,64,0,309,0,0,61.97966138,24.99866143
1371,554,1234.871802,90,90,15,25,127,119,0,372,0,0,57.0906586,35.99807246
1372,791,2646.650607,29,4,18,7,18,90,1,119,0,0,48.17143629,50.99726932
1373,982,3092.602604,10,2,0,3,4,80,56,26,0,0,47.69858905,62.99662681
1374,138,499.9318534,0,0,0,0,0,51,0,0,0,0,7.751533388,8.999518115
1375,226,821.8878028,324,12,0,22,16,57,14,63,0,0,30.10383866,14.99919686
1376,801,2984.588861,33,28,0,16,0,58,0,181,0,0,47.81197245,50.99726932
1377,965,3342.552341,25,9,14,14,16,25,0,82,0,0,53.16541479,61.99668035
1378,481,1802.751133,84,37,0,16,35,106,12,181,0,0,39.04476077,30.99834017
1379,436,1240.848459,358,33,7,21,258,200,51,313,0,0,68.77947879,27.9985008
1380,222.0000024,842.8831057,152.0000016,30.00000033,0,6.000000065,33.00000036,40.00000043,0,167.0000018,0,0,26.658713,13.99925055
1381,83.00000167,313.9565205,1.00000002,1.00000002,0,1.00000002,3.00000006,205.0000041,2.00000004,22.00000044,0,0,13.04226279,4.999732387
1382,681,2329.689575,194,143,0,17,106,126,2,414,0,0,88.02555921,43.99764412
1383,647,1595.82135,79,145,0,70,370,1017,244,937,0,0,143.9160352,41.9977512
1384,20,44.99529374,685,599,0,13,166,50,0,381,0,0,78.49965558,0.999946457
1385,490,1114.882344,18,15,0,4,21,12,0,109,0,0,27.43796739,30.99834017
1386,443,1102.875755,150,83,26,61,158,209,74,593,0,0,86.70108729,27.9985008
1387,679,3022.558741,252,106,33,49,116,145,3,510,0,0,77.63837409,43.99764412
1388,879,2567.682045,0,0,0,0,0,0,0,0,0,0,36.05078226,55.99700161
1389,1184,3863.495489,0,0,0,3,4,0,6,5,0,1.722285282,49.29811181,75.99593075
1390,485,1684.7741,5,17,0,12,20,32,0,56,0,0,27.71540441,30.99834017
1391,515,1879.743038,47,2,0,2,17,26,20,38,0,0,27.35594058,32.99823309
1392,238,841.8862968,4,1,0,5,19,17,23,23,0,0,13.53442338,14.99919686
1393,261,919.8759431,5,2,0,6,4,9,1,14,0,0,12.38604806,16.99908977
1394,433,1153.864272,0,0,0,0,0,72,0,0,0,0,20.7117691,27.9985008
1395,418,1504.795372,3,1,0,2,7,57,19,15,0,0,21.40899698,26.99855435
1396,318,980.8751901,0,0,0,0,0,0,0,0,0,0,13.04226253,19.99892915
1397,366,815.9152874,0,0,0,0,0,0,0,0,0,0,17.01090593,22.99876852
1398,122,555.9182994,1,0,0,0,1,1,0,1,0,0,5.167688925,7.999571658
1399,2588,9425.712556,36,113,0,4,13,13,10,98,0,0,121.913537,165.9911119
1400,752,1671.82681,184,16,0,27,54,75,0,306,0,0,57.99295349,47.99742995
1401,0,0,9,2,4,114,8,36,0,82,0,0,10.45841806,0
1402,1,2.999623499,0,0,0,0,11,0,0,0,0,0,0.49216085,0
1403,0,0,21,12,0,63,51,120,0,131,0,0,61.32333486,0
1404,208,814.8857321,2,0,0,0,5,19,31,21,0,0,18.72983359,12.99930394
1405,528.4999972,1752.769477,5.999999968,0,0,0,0,49.99999973,0,0,0,0,23.97233461,33.99817936
1406,251.0000002,833.8902508,2.000000002,1.000000001,0,3.000000003,4.000000004,366.0000003,0,15.00000001,0,0,26.3306055,15.99914333
1407,380.0000002,1968.700871,28.00000001,19.00000001,0,89.00000004,26.00000001,35.00000001,29.00000001,83.00000004,0,0,28.25823548,23.99871498
1408,488,1619.786901,14,0,0,0,0,0,0,1,0,0,20.6297423,30.99834017
1409,533,1830.755651,0,0,0,0,1,0,1,8,0,0,22.27027846,33.99817955
1410,363,1374.809491,14,56,0,0,3,1,0,29,0,0,19.11224634,22.99876852
1411,349,1183.842811,0,0,0,0,0,0,0,0,0,0,14.31367805,21.99882206
1412,241,815.8917561,17,8,0,24,110,105,79,175,0,0,31.12917376,14.99919686
1413,534,1958.731743,14,1,0,2,6,75,0,10,0,0,26.33060548,33.99817955
1414,539,1635.793489,0,0,0,0,0,130,0,0,0,0,27.43796739,34.998126
1415,627.999999,2309.683359,0,0,0,0,0,0,0,0,0,0,28.75641777,39.99785823
1416,886,3533.501513,20,3,0,9,16,73,1,39,0,0,42.94103416,56.99694806
1417,367,1520.782759,8,4,0,9,28,127,6,49,0,0,24.52601569,23.99871497
1418,484,2047.705577,18,3,4,8,6,167,0,45,0,0,30.14485206,30.99834017
1419,589,1842.763934,290,8,0,7,26,37,0,136,0,0,44.82765075,37.99796538
1420,435,1419.814573,369,69,0,17,60,75,11,283,0,0,55.0966801,27.9985008
1421,112,367.9518079,16,4,0,3,16,14,98,68,0,0,13.57543678,6.999625201
1422,504,1696.775417,0,0,1,0,0,0,0,23,0,0,21.6550774,31.99828663
1423,637,1720.795937,16,46,3,12,71,98,61,182,0,0,46.18109309,40.99780475
1424,0,0,0,0,501,0,0,0,0,0,0,0,20.54771549,0
1425,0,0,1,0,1012,11,1,3,0,8,0,0,42.48988672,0
1426,307,1127.845447,23,1,0,67,15,225,0,350,0,0,40.52124332,19.99892915
1427,0,0,6,3,733,251,35,21,2,33,0,0,44.45853012,0
1428,0,0,2.000001149,1.000000574,0,12.00000689,2.000001149,4.000002297,0,21.00001206,0,0,1.722563964,0
1429,0,0,0,0,0,4,0,2,0,3,2.025785657,0,0.369120638,0
1430,2,8.998682248,0,0,0,0,0,0,0,0,0,0,0.082026808,0
1431,2,3.999623499,0,0,0,0,0,0,0,0,0,0,0.082026808,0
1432,0,0,1,1,17,8,1,2,0,9,0,172.2285282,1.599522763,0
1433,781,2776.624252,1,0,263,5,2,1,1,4,0,0,43.39218161,49.99732286
1434,544,1942.736638,0,0,0,0,2,0,0,1,2.025785657,0,110.4343321,34.998126
1435,96,382.9459722,0,0,0,0,0,0,0,0,0,0,41.9372868,5.999678744
1436,622,2498.646654,0,0,0,13,3,82,2,5,0,0,29.81674483,39.99785829
1437,122,429.9420189,467,127,0,12,49,68,7,210,1.012892828,0,43.55623523,7.999571658
1438,687,2884.586226,0,0,0,0,0,0,0,0,0,0,28.17620866,43.99764412
1439,0,0,9,4,783,367,230,95,0,349,0,0,75.34162346,0
1440,0,0,153,9,334,344,38,86,0,147,0,0,45.56589203,0
1441,0,0,12,2,65,89,13,29,0,91,0,0,12.34503465,0
1442,0,0,43,30,0,102,11,10,0,91,0,0,11.770847,0
1443,0,0,140,22,0,112,42,30,0,184,0,0,21.73710421,0
1444,98,211.9785395,28,24,20,41,59,31,0,158,0,0,18.82515251,5.999678744
1445,391,847.9139696,159,88,43,72,261,134,1,544,0,0,69.43569325,24.99866143
1446,231,462.7063836,40,86,8,3,64,41,99,53,0,0,25.6333776,14.99919686
1447,64.5,127.4881595,10,2,0,60,13,16,15,43,0,0,9.166495831,3.999785829
1448,0,0,28,15,281,116,99,0,0,47,0,0,24.03385484,0
1449,0,0,18,6,11,36,320,68,0,511,0,0,39.78300204,0
1450,0,0,23,3,183,195,10,16,0,56,0,0,19.93251443,0
1451,0,0,453,41,109,50,126,108.25,0,510,0,0,57.30597897,0
1452,23,48.99510549,59,3,80,138,34,52,0,295,0,0,28.05316845,0.999946457
1453,1,1,31,1,32,181,12,4,48,139,0,0,18.41501847,0
1454,176,381.9612204,24,10,22,26,82,76,7,168,0,0,24.23892186,10.99941103
1455,179,386.9608439,192.25,22,45,62,117,71,0,325,0,0,44.55683177,10.99941103
1456,0,0,30,2,4,43,6,268,1,49,0,0,16.52840188,0
1457,294,872.8910031,109,69,0,38,235,210,68,504,0,0,62.62746816,18.99898269
1458,538,1079.897968,145,10,0,6,26,17,0,87,0,0,34.00011205,34.998126
1459,418,1287.836222,13,5,1,11,22,33,54,54,0,0,25.05918995,26.99855435
1460,413,822.6728832,0,0,0,0,0,0,0,0,0,0,16.93853592,26.74856327
1461,0,0,46,6,37,168,103,32,0,57,0,0,18.41501847,0
1462,0,0,85,23,78,186,80,102,14,343,0,0,37.3632112,0
1463,0,0,69,5,65,81,56,23,0,144,0,0,18.16893805,0
1464,203,440.9551964,40,1,46,263,44,9,2,97,0,0,28.91444994,12.99930394
1465,114,246.9749627,97,17,63,42,245,110,11,296,0,0,40.80833715,6.999625201
1466,86,185.981175,129,29,25,10,115,173,64,511,0,0,46.83730756,5.999678744
1467,574,1300.863142,102,24,38,7,43,48,48,184,0,0,43.80231565,36.99801892
1468,512,1555.803467,0,0,0,0,4,0,1,5,0,0,21.40899698,32.99823309
1469,262,567.9423954,29,5,143,588,34,59,204,459,0,0,73.12689963,16.99908977
1470,0,0,12,8,47,43,35,142,0,121,0,0,16.7334689,0
1471,5,10.9988705,167,2,43,67,19,504,0,55,0,0,35.35355439,0
1472,71,142.986446,33,15,44,155,104,42,0,256,0,0,29.529651,4.999732286
1473,72,146.9858812,47,10,5,93,60,57,0,198,0,0,22.22926506,4.999732286
1474,146,328.9655502,148,63,21,200,313,112,41,464,0,0,61.84821348,8.999518115
1475,31,69.99265824,91,78,8,89,85,89,44,371,0,0,36.33787609,1.999892915
1476,435,1419.814573,151,122,0,9,72,185,0,273,0,0,51.143715,27.9985008
1477,380,877.9062514,42,10,13,13,36,27,1,182,0,0,29.87343653,23.99871497
1478,500,1249.858812,54,8,0,4,26,37,2,145,0,0,31.82640163,31.99828663
1479,40,114.9858812,199,104,0,323,582,2973,120,998,0,0,279.9705648,2.999839372
1480,0,0,37,2,897,354,19,4,0,365,0,0,68.82049219,0
1481,14,26.99755275,149,16,298,156,72,66,0,255,0,0,42.07975268,0.999946457
1482,80,161.9845635,145,1,9,69,65,6,2,139,0,0,21.16291655,4.999732286
1483,69,153.9839987,83,102,33,53,103,57,190,251,0,0,38.59361332,3.999785829
1484,1,1,252,199,25,31,83,108,17,661,0,0,56.47545754,0
1485,742,1849.791419,86,98,1,14,44,49,3,302,0,0,54.91694818,47.99742995
1486,749,1745.812314,13,17,0,85,13,0,5,16,0,0,36.83003694,47.99742995
1487,361,823.9128401,4,2,0,2,14,19,32,45,0,0,19.6454206,22.99876852
1488,1085,2953.64816,0,0,0,0,0,51,0,0,0,0,46.59122713,69.99625201
1489,319,809.9075691,39,0,45,95,48,5,0,76,0,0,25.71540441,19.99892915
1490,0,0,0,0,23,0,0,0,0,0,0,0,0.943308296,0
1491,5,10.9988705,110,57,141,244,123,147,0,296,0,0,46.05805288,0
1492,486.0000004,985.9058756,23.00000002,4.000000003,9.000000007,32.00000002,34.00000003,38.00000003,7.000000005,106.0000001,0,0,30.3089057,30.9983402
1493,295,662.9307239,32,28,470,163,289,79,6,230,0,0,65.29333943,18.99898269
1494,1,1,174,95,16,48,105,135,216,529,0,0,54.0966801,0
1495,434,854.9207466,244,42,34,51,86,103,44,387,0,0,58.44410094,27.9985008
1496,360,847.9081339,13,5,7,9,74,191,67,89,0,0,33.4259244,22.99876852
1497,260,593.9371244,4,13,0,5,225,80,318,38,0,0,38.67564013,16.99908977
1498,214,479.9499254,10,0,0,0,0,0,0,0,0,0,9.187002533,13.9992504
1499,383,1134.858436,1,10,0,1,37,85,0,20,0,0,22.02419804,24.99866143
1500,307,943.8800846,0,0,0,0,0,0,0,0,0,0,12.59111508,19.99892915
1501,451,1146.868978,2,0,1,1,20,149,3,123,0,0,30.76005313,28.99844726
1502,473,1422.821162,55,87,2,6,30,72,15,146,0,0,40.33787609,29.99839372
1503,408,1108.868037,577,161,6,19,155,213,23,711,0,0,93.22346767,25.99860789
1504,641,1412.854671,0,0,0,0,0,53,3,0,0,0,28.5863427,40.99780475
1505,309,695.9271471,40,23,1,5,26,67,0,70,0,0,22.18825165,19.99892915
1506,299,499.9621617,52,7,5,20,188,58,3,150,0,0,32.07248206,18.99898269
1507,367,614.9533139,141,166,0,54,130,143,15,556,0,0,64.47307135,23.99871497
1508,462,1145.871237,87,5,5,19,38,34,41,113,0,0,33.97477695,29.99839372
1509,345,809.9124636,0,0,0,2,11,2,1,3,0,0,14.92887912,21.99882206
1510,294,665.9299709,5,19,1,3,20,20,13,36,0,0,16.85650911,18.99898269
1511,367,1070.867472,67,19,0,13,89,51,6,174,0,0,32.23653568,23.99871497
1512,309,852.8975919,25,19,0,4,38,29,53,131,0,0,28.93614973,19.99892915
1513,537,788.9525609,198,9,0,36,63,57,4,157,0,0,46.51522182,33.99817955
1514,283,642.9322299,21,8,6,14,55,69,6,166,0,0,25.75641782,17.99903623
1515,384,943.8945798,85,27,0,9,61,54,35,233,0,0,36.4199029,24.99866143
1516,257,595.9361832,245,8,20,21,53,54,236,279,0,0,48.10872309,16.99908977
1517,225,614.9265824,24,75,1,10,55,64,27,163,0,0,28.41263228,13.9992504
1518,242,665.9201819,0,1,0,1,0,1,0,48,0,0,15.01692742,15.99914332
1519,453,1523.798384,62,223,0,26,118,349,92,283,0,0,67.86752709,28.99844726
1520,374,993.8832848,49,7,0,4,22,31,20,76,0,0,25.91081463,23.99871497
1521,696,2366.685434,23,57,5,47,68,117,91,163,0,0,53.96398308,44.99759058
1522,430,761.9375009,44,49,7,45,178,215,269,412,0,0,67.63110347,27.9985008
1523,428,976.8966506,15,61,1,4,120,30,43,113,0,0,33.4259244,26.99855435
1524,260,639.9284649,20,45,0,16,78,157,751,156,0,0,60.82287838,16.99908977
1525,581,1279.868413,106,36,2,55,193,377,262,402,0,0,82.60099599,36.99801892
1526,179,480.9431484,7,43,1,1,19,83,10,65,0,0,16.7334689,10.99941103
1527,229,628.9246999,0,0,0,0,0,0,0,0,0,0,9.392069554,14.99919686
1528,369,1300.824551,28,9,0,4,32,28,10,191,0,0,30.5199942,23.99871497
1529,380,1072.869543,65,1,0,4,28,16,0,65,0,0,38.92649293,23.99871497
1530,657,2059.735885,0,0,0,0,0,533,0,0,0,0,48.80595096,41.9977512
1531,735.0000062,2318.701831,163.0000014,218.0000018,7.000000059,7.000000059,66.00000056,36.0000003,11.00000009,178.0000015,0,0,58.28004781,46.99748389
1532,487,979.9071926,60,22,28,154,92,26,1,201,0,0,43.92535586,30.99834017
1533,0,0,12,1,149,160,23,9,0,49,0,0,16.52840188,0
1534,505,1135.881214,132,21,76,132,83,64,25,442,0,0,60.69983817,31.99828663
1535,514,1156.878955,84,21,10,76,58,70,3,435,0,0,52.1280367,32.99823309
1536,483,1087.886109,189,20,38,119,137,126,4,471,0,0,72.08827241,30.99834017
1537,520,1169.877637,3,1,1,5,16,23,24,109,0,0,28.79140973,32.99823309
1538,825,1826.811373,36,7,0,31,35,39,111,103,0,0,48.68291075,52.99716223
1539,673,1512.84187,264,1,16,19,83,83,231,314,0,1.722285282,69.06657262,42.99769766
1540,564,1215.877261,33,4,48,37,85,71,281,117,0,1.722285282,50.85662117,35.99807246
1541,489,1014.90098,241,38,0,8,80,43,17,139,0,0,45.2691414,30.99834017
1542,272,563.9450309,28,54,8,8,395,2289,162,814,0,0,165.2840188,16.99908977
1543,303,614.9412659,14,55,0,8,40,54,54,103,0,0,25.87945803,18.99898269
1544,369,746.9288414,11,2,0,10,51,21,10,54,0,0,21.6550774,23.99871497
1545,233,484.9525609,0,0,0,1,16,0,2445,148,0,0,119.601108,14.99919686
1546,326,909.8900618,0,0,0,0,4,0,10,10,0,0,14.35469146,20.9988756
1547,268,591.9390069,38,137,21,8,36,48,83,90,0,0,33.89877164,16.99908977
1548,697,1631.823986,53,73,0,84,224,66,187,410,0,0,77.57804708,44.99759058
1549,1135,1925.851094,495,63,0,76,411,314,237,646,0,0,138.5022659,72.99609138
1550,110,231.9770335,3,2,0,5,22,30,81,50,0,0,12.42706146,6.999625201
1551,693,1532.84187,174,90,1,37,167,73,303,241,0,0,72.96284601,43.99764412
1552,652,1821.779747,0,0,0,0,0,0,1,0,0,0,38.78175292,41.9977512
1553,365,805.9169816,11,4,25,9,88,77,107,139,0,0,33.83605844,22.99876852
1554,639.0000085,1829.775818,0,0,0,0,0,225.000003,0,0,0,0,40.43558174,40.99780529
1555,441.0000036,1110.873881,0,0,24.0000002,14.00000011,131.0000011,0,116.0000009,72.00000059,0,0,32.72869679,27.99850103
1556,252,556.9425837,1,0,0,12,15,4,6,32,0,0,17.20631614,15.99914332
1557,897,2786.644207,0,0,0,13,0,2,0,5,0,0,37.60929162,57.99689452
1558,241,631.9263941,50,19,214,90,70,109,0,217,0,0,64.42353821,14.99919686
1559,1008,3183.590367,0,0,0,0,0,133,0,0,0,0,46.79629415,64.99651972
1560,956,2842.644772,0,0,0,0,0,85,0,0,0,0,42.69495374,60.99673389
1561,417,1121.867284,18,8,0,3,15,237,6,42,0,0,30.59599951,26.99855435
1562,721,3952.391575,8,0,2,0,3,244,0,83,0,0,50.51522182,45.99753703
1563,897,2732.654372,51,65,0,14,73,100,1,161,0,0,55.86025648,57.99689452
1564,629,2170.709718,3,1,0,37,8,84,0,37,0,0,32.76970993,39.99785829
1565,654,1948.756216,0,0,0,0,0,0,0,0,0,0,26.82276633,41.9977512
1566,368.0000001,1206.842058,0,37.00000001,0,0,0,311,0,21,0,0,30.22687888,23.99871498
1567,486,1602.789724,2,19,0,6,1,65,0,9,0,0,24.11588165,30.99834017
1568,260,757.9062514,58,49,15,23,71,98,71,218,0,0,36.3945678,16.99908977
1569,346,999.8768843,131,61,1,8,25,27,0,127,0,0,29.77573143,21.99882206
1570,494,2152.687693,150,64,0,25,15,74.99999999,0,476,0,0,60.27641201,31.99828663
1571,832.9999998,3040.584343,2,0,0,14,2,51.99999999,0,12,0,0,37.52726481,52.99716222
1572,442,1468.806667,0,0,0,0,0,0,0,0,0,0,18.12792464,27.9985008
1573,275,742.9118989,170,158,0,84,450,1986,49,743,0,0,188.5674773,17.99903623
1574,270,772.9053101,0,0,0,0,0,0,0,0,0,0,11.07361913,16.99908977
1575,382,1067.87086,155,94,4,22,105,157,67,353,0,0,54.91694818,24.99866143
1576,508,1418.828504,96,55,0,7,27,99,0,129,0,0,37.77334524,32.99823309
1577,1245.25,2639.98741,440,4,598,208,976,84,42,445,0,0,165.786433,79.99571658
1578,590,1250.875567,26,13,0,25,77,137,0,154,0,0,41.91569906,37.99796538
1579,311,893.8902501,0,0,0,0,0,0,0,0,0,0,12.7551687,19.99892915
1580,147,530.9277119,35,25,0,33,2,1799,6,6,0,0,84.20051876,8.999518115
1581,742,2261.71386,37,104,4,19,1,121,2,32,0,0,43.55623523,47.99742995
1582,1065,2259.775041,7,22,0,31,80,27,5,55,0,0,52.98931818,67.99635909
1583,274,1187.827939,45,81,0,13,66,77,120,253,0,0,38.10145247,17.99903623
1584,205,887.8714251,0,0,0,0,0,0,0,0,0,0,8.407747854,12.99930394
1585,743,2702.631029,7,10,0,0,0,54,9,39,0,0,35.35355439,47.99742995
1586,272,756.9086986,26,8,6,6,31,34,66,105,0,0,22.72142591,16.99908977
1587,504,1447.822292,10,4,0,9,29,188,2,95,0,0,34.4922729,31.99828663
1588,460,1273.846764,12,18,0,2,9,11,11,62,0,0,23.99284144,29.99839372
1589,820,2282.72459,353,434,55,70,241,358,136,893,0,0,137.805038,52.99716223
1590,473,1205.862013,15,10,0,9,47,55,1,100,0,0,32.11951696,29.99839372
1591,786,2243.725531,0,7,0,0,13,0,2,2,0,1.722285282,51.22085738,49.99732286
1592,327,873.8970271,8,4,0,18,51,62,77,176,0,0,29.65269121,20.9988756
1593,245,697.9147226,0,0,0,0,0,0,0,0,0,0,12.04828402,15.99914332
1594,75,241.9685622,35,129,0,12,64,188,72,263,0,0,34.36923269,4.999732286
1595,366,1180.846576,27,6,0,4,15,17,0,94,0,0,21.6960908,22.99876852
1596,332,1285.820409,1,31,0,0,0,0,0,0,0,0,14.92887912,20.9988756
1597,261,725.9124636,11,1,1,6,2,5,0,10,0,0,12.18098104,16.99908977
1598,510,1069.89458,32,9,0,14,31,387,22,76,0,0,44.3354899,32.99823309
1599,385,1072.870484,37,46,0,55,25,30,13,145,0,0,30.18586547,24.99866143
1600,843,2177.748686,108,24,0,19,235,121,192,262,0,0,73.98818112,53.99710869
1601,1027,2944.638936,13,35,2,17,8,55,19,71,0,0,51.143715,65.99646618
1602,622,1824.773535,0,0,0,0,0,104,0,0,0,0,29.77573143,39.99785829
1603,297,786.9077574,2,1,0,1,18,12,40,18,0,0,15.95421422,18.99898269
1604,564,1494.824739,725,869,0,35,178,190,56,1055,0,0,150.6012201,35.99807246
1605,766,2476.677904,526,149,0,21,209,155,472,421,0,0,111.5154459,48.99737641
1606,409,1382.816644,0,0,0,0,0,114,0,0,0,0,21.45001038,25.99860789
1607,125,365.9546317,5,1,26,19,15,96,24,36,0,0,14.23165125,7.999571658
1608,518,1856.747933,0,0,0,0,0,0,0,0,0,0,21.24494336,32.99823309
1609,633,1485.839423,5,2,0,5,15,65,30,33,0,0,32.31856248,40.99780475
1610,400.5,1286.583163,0,0,0,0,1,0,0,0,0,0,16.46688177,25.99860789
1611,565,1682.789536,0,0,0,0,1,0,38,0,0,0,26.77209612,35.99807246
1612,225,764.8983449,3,0,0,4,620,1,149,16,0,0,41.75164544,13.9992504
1613,479,1036.894956,26,18,19,41,151,179,147,253,0,0,53.85059967,30.99834017
1614,309,924.8840378,23,38,8,40,164,74,116,168,0,0,38.55259992,19.99892915
1615,6,13.998494,175,148,671,437,138,42,21,502,0,1.722285282,87.76868492,0
1616,1,1,58,71,7,42,144,39,0,144,0,0,20.75278251,0
1617,225,602.9288434,277,12,61,211,41,49,0,395,0,0,52.1280367,14.2492504
1618,225,423.9625382,112,15,81,151,41,40,32,340,0,0,43.53090012,13.9992504
1619,1440,2662.76977,16,10,3,57,67,59,3,147,0,0,85.90615431,91.99507407
1620,290,743.9145344,364,106,8,36,323,81,6,492,0,0,69.96886751,18.99898269
1621,308,569.9506784,145,25,0,22,63,66,0,224,0,0,34.98443375,19.99892915
1622,300,736.9177346,317,19,0,43,95,74,0,298,0,0,47.00136118,18.99898269
1623,431,646.9593379,112,116,2,12,35,46,6,301,0,0,43.51522182,27.9985008
1624,259,636.9288414,21,71,0,22,288,76,204,295,0,0,54.69256755,16.99908977
1625,715,1734.807985,18,7,0,22,254,103,162,219,0,0,61.52010625,45.99753703
1626,733,1956.769582,41,4,0,12,92,167,18,93,0,0,51.57554883,46.99748349
1627,264,492.9568907,68,33,40,133,146,85,146,393,0,70.61369657,53.64553265,16.99908977
1628,308,787.9096399,49,13,0,36,78,131,29,217,0,0,35.31254099,19.99892915
1629,341,625.9463487,106,85,1,34,168,488,68,456,0,0,71.65041708,21.99882206
1630,927,2211.758098,33,9,0,25,178,96,37,200,0,0,73.72517327,59.99678744
1631,694,1695.811373,0,0,0,1,10,52,94,60,0,0,37.3632112,44.99759058
1632,321,799.9098281,99,50,23,127,970,315,1200,1360,0,0,183.1248496,20.9988756
1633,0,0,95,58,15,119,525,203,229,994,0,0,91.78799853,0
1634,0,0,324,3,0,30,130,46,7046,143,0,0,316.705507,0
1635,25,58.99359949,141,393,0,9,78,90,0,368,0,0,45.2787982,1.999892915
1636,218,520.9429602,0,65,0,1,34,42,68,93,0,0,21.36798357,13.9992504
1637,849,1359.903804,18,8,0,57,136,121,167,293,0,0,67.63110347,54.99705515
1638,322,1039.864836,0,0,0,0,0,0,0,0,0,0,13.20631614,20.9988756
1639,494,1492.811938,0,0,0,0,0,0,0,0,0,0,44.26062166,31.99828663
1640,521,1761.766381,228,30,3,40,333,52,784,1663,0,0,149.8629788,32.99823309
1641,0,0,66,54,47,40,120,272,12,364,0,0,39.98806906,0
1642,4,7.999246999,11,2,6,79,11,19,0,59,0,0,7.833560196,0
1643,541,1320.853165,511,116,48,92,219,316,189,582,0,0,107.2090385,34.998126
1644,594,1395.849023,83,106,1,24,252,380,153,314,0,0,78.21256175,37.99796538
1645,1093,1875.8526,203,91,0,64,215,175,90,602,0,1.722285282,103.8869528,69.99625201
1646,445,1236.850906,57,58,0,60,263,266,101,652,0,0,78.00749473,28.99844726
1647,441,916.9103929,78,17,0,14,49,80,0,347,0,0,42.07975268,27.9985008
1648,625,2066.728543,1,0,0,0,15,92,1,1,0,0,57.14485206,39.99785829
1649,209,586.9288414,125,69,0,59,167,260,888,392,0,0,88.95807364,12.99930394
1650,344,960.8838496,7,1,0,26,43,64,50,50,0,0,23.99284144,21.99882206
1651,416,1291.835093,256,132,0,66,257,123,190,479,0,0,78.7047226,26.99855435
1652,595,1584.813632,7,22,0,9,39,23,107,174,0,0,40.02908247,37.99796538
1653,667.9999998,1133.912275,13,5.999999998,8.999999997,24.99999999,136,429.9999999,35.99999999,141,0,0,60.04362368,42.99769765
1654,496,1487.813256,0,0,2,8,3,0,0,3,0,0,20.99886293,31.99828663
1655,11,22.997741,0,0,0,0,1,1,0,37,0,0,2.050670208,0.999946457
1656,233,788.8953328,4,0,0,4,0,26,0,5,0,0,11.15564593,14.99919686
1657,12,32.99604674,21,1,118,72,18,4,0,148,0,0,16.15928124,0.999946457
1658,2,6.999058749,26,23,147,90,17,10,27,55,0,0,16.28232145,0
1659,553,1480.825304,475,111,0,48,180,203,51,668,0,0,98.87968214,35.99807246
1660,32,62.99416424,2223,975,8,34,150,81,193,353,0,0,166.0632735,1.999892915
1661,799,1564.8558,11,125,31,55,524,118,223,305,0,0,89.86036853,50.99726932
1662,254,778.9011686,11,3,0,7,26,30,262,87,0,0,27.88911483,15.99914332
1663,350,1227.834716,162,131,24,80,619,339,275,1062,0,0,124.7627755,21.99882206
1664,590.9999834,1286.868942,39.99999887,66.99999812,3.999999887,16.99999952,171.9999952,60.99999828,190.9999946,531.999985,0,1.722285233,69.69745002,37.99796431
1665,766.9999978,1802.804967,31.99999991,3.999999988,0,11.99999997,121.9999996,16.99999995,63.99999981,117.9999997,0,0,49.59122699,48.99737626
1666,371,777.9233821,0,0,0,0,0,0,0,0,0,0,15.21597295,23.99871497
1667,245,514.9491724,0,0,0,0,0,0,0,0,0,0,10.04828402,15.99914332
1668,2,2,57,2,182,167,74,17,0,98,0,0,24.5670291,0
1669,492,1012.901922,61,21,6,12,51,64,12,279,0,0,40.93137736,31.99828663
1670,527.0000008,1217.869921,2.000000003,0,0,2.000000003,110.0000002,7.00000001,13.00000002,39.00000006,0,0,28.70938296,33.9981796
1671,389,945.8951446,37,10,0,8,66,50,93,140,0,0,41.5236295,24.99866143
1672,470,1204.861636,29,6,9,17,29,33,148,59,0,0,35.81072333,29.99839372
1673,498,1556.800643,0,0,0,0,0,72,0,0,0,0,23.37764038,31.99828663
1674,343,1256.827939,42,29,259,16,41,25,52,83,0,0,36.50192971,21.99882206
1675,331,1020.870107,0,0,0,0,0,34,0,0,0,0,19.96989252,20.9988756
1676,266,634.9305356,7,2,0,2,8,314,18,41,0,1.722285282,26.98681994,16.99908977
1677,443,1421.815703,16,1,0,2,2,5,0,47,0,0,21.16291655,27.9985008
1678,501,1136.880273,0,0,0,0,0,18,0,18,0,0,22.02419804,31.99828663
1679,207,605.9248881,0,0,0,0,9,0,0,11,0,0,9.310042746,12.99930394
1680,449,979.9000391,114,45,40,21,132,52,18,113,0,0,43.3571897,28.99844726
1681,554,1428.835281,28,49,14,15,87,9,14,146,0,0,41.56827822,35.99807246
1682,213,625.9222526,0,0,0,0,0,0,0,0,0,0,8.735855088,13.9992504
1683,476,1450.816456,0,0,0,0,11,43,0,28,0,0,22.88547953,30.99834017
1684,503,1449.821727,65,117,3,11,142,56,99,278,0,0,59.25107691,31.99828663
1685,631.75,1191.394657,82,39,12.25,61,65,64,144,175,0,0,87.25107691,40.74781367
1686,389.25,751.9317424,118,90,2,17,193,333,179,327,0,0,67.60034342,24.99866143
1687,349,1062.865589,0,0,0,0,0,0,0,0,0,0,21.31367805,21.99882206
1688,897,2178.758663,30,38,1,26,177,458,65,447,0,0,95.72767151,57.99689452
1689,934,1957.807232,76,29,1,6,60,64,63,188,0,5.166855847,58.28004732,59.99678744
1690,108,201.9823045,12,17,0,13,62,64,29,115,0,0,30.22562975,6.999625201
1691,172,508.9365597,4,2,1,2,25,23,8,46,0,0,20.60679338,10.99941103
1692,281,932.8772608,0,0,0,0,0,0,0,0,0,0,14.52476657,17.99903623
1693,329,979.8774491,0,5,0,0,0,0,7,0,0,0,25.98557082,20.9988756
1694,504,1502.811938,0,0,0,0,6,52,0,26,0,0,26.11588165,31.99828663
1695,273.7500029,687.4221279,0,12.00000013,205.0000021,8.000000084,15.00000016,73.00000077,10.0000001,78.00000082,0,0,33.67379481,17.99903642
1696,526.9999968,1104.891185,13.99999991,2.999999982,0,20.99999987,4.999999969,5.999999963,137.9999992,46.99999971,0,0,31.21120038,33.99817934
1697,231,680.9152874,171,73,12,31,51,132,51,423,0,0,52.1907499,14.99919686
1698,238,704.9120871,12,10,2,4,46,33,1,138,0,0,19.85048762,14.99919686
1699,99,294.9631029,0,82,0,1,0,0,0,12,0,0,7.956600408,5.999678744
1700,0,0,31,261,320,70,1116,195,227,2034,0,0,174.4710213,0
1701,1164,3385.581708,15,0,0,7,4,46,1,9,0,0,51.10270159,74.99598429
1702,0,0,10,38,101,165,92,146,18,422,0,0,40.68529693,0
1703,369,1247.834528,44,25,0,9,31,56,1,126,0,0,27.10986015,23.99871497
1704,607,2139.711412,0,0,0,0,0,0,0,0,0,0,24.89513633,38.99791183
1705,1691,5237.332276,4,23,0,18,0,2,0,27,0,0,72.38865835,108.9941638
1706,1283,2707.731743,20,13,0,34,342,130,17,437,0,0,93.34650788,81.99560949
1707,446,1601.782383,0,0,0,0,0,0,0,0,0,0,18.29197826,28.99844726
1708,407,1466.800455,0,0,0,0,0,0,0,0,0,0,16.6924555,25.99860789
1709,330.25,1060.862438,0,0,0,0,0,1,19,0,0,0,16.36494481,20.9988756
1710,344,1239.831328,0,0,0,0,0,0,0,0,0,0,14.10861103,21.99882206
1711,209,711.9053101,182,107,0,51,113,175,8,566,0,0,57.86991328,12.99930394
1712,822,2085.762052,66,5,0,18,52,53,74,100,0,0,48.80595096,52.99716223
1713,315,823.9041806,12,0,0,0,0,1,29,21,0,0,15.50306678,19.99892915
1714,141,502.9318534,0,0,0,0,0,0,0,0,2.025785657,0,39.78288999,8.999518115
1715,0,0,0,0,0,0,0,0,0,0,0,0,0,0
1716,198,665.9118989,0,0,0,0,0,64,0,0,3.038678485,0,39.74551189,12.99930394
1717,14,50.99303474,5,156,0,11,1,3,0,20,1.012892828,0,8.612814875,0.999946457
1718,465,1733.76111,0,0,0,0,0,62,0,0,0,0,21.614064,29.99839372
1719,688,2569.645713,0,0,0,0,0,0,0,0,0,0,28.21722207,43.99764412
1720,535,1504.817397,17,8,0,12,14,16,0,51,0,0,26.78175292,33.99817955
1721,0,0,1839,1307,39,40,633,209,309,1360,0,0,267.2528863,0
1722,720,2612.643642,14,1,1,4,5,89,165,11,0,0,41.42353821,45.99753703
1723,688,2491.660397,39,39,0,8,31,79,20,134,0,0,44.57191353,43.99764412
1724,740,1766.806667,26,9,1,1,5,75,50,27,0,0,38.30651949,47.99742995
1725,965,2626.687128,167,157,0,49,118,325,136,510,0,0,100.5395319,61.99668035
1726,1169,2949.664726,299,119,9,62,104,190,191,402,0,0,130.3791136,74.99598429
1727,736.9999981,1925.776165,117.9999997,147.9999996,4.999999987,45.99999988,128.9999997,261.9999993,1.999999995,326.9999992,0,0,73.7577788,46.99748337
1728,807,2888.608063,15,0,0,3,1,2,0,12,5.064464142,0,50.4512595,51.99721578
1729,790,2650.649666,0,0,0,0,0,0,0,0,1.012892828,0,32.40058929,50.99726932
1730,315,1055.860507,262,241,0,51,20,21,17,98,1.012892828,0,47.03873927,19.99892915
1731,770.5,2374.697923,0,0,0,0,0,0,0,0,0,0,41.60082791,49.49733179
1732,593,1824.768076,0,0,0,0,0,81,0,0,0,0,27.64303441,37.99796538
1733,482,1452.817209,53,21,7,34,64,143,0,253,0,0,93.3511682,30.99834017
1734,863,2102.76657,36,67,6,6,29,125,7,81,0,0,50.03635308,54.99705515
1735,508,2426.638748,18,0,0,0,0,64,0,0,0,0,24.19790846,32.99823309
1736,136,377.9544434,10,0,0,0,2,3,7,10,0,0,6.8902519,8.999518115
1737,1,1,69,33,287,603,137,166,7,414,0,0,80.42001495,0
1738,453.25,1532.546785,25,41,0,18,41,41,145,94,0,0,35.19975413,28.99844726
1739,684,1768.795748,11,38,8,90,4,150,43,55,0,0,44.41751671,43.99764412
1740,479,1141.87519,65,4,118,39,18,19,0,165,0,0,37.19915758,30.99834017
1741,713,2189.721954,171,44,0,102,118,294,25,154,0,0,66.48272815,45.99753703
1742,476,1344.836411,32,33,7,27,75,118,6,264,0,0,42.57191353,30.99834017
1743,55,154.981175,37,48,0,61,22,436,8,173,0,0,34.4512595,3.999785829
1744,10.00000005,40.99416446,134.0000007,47.00000025,57.00000031,144.0000008,32.00000017,320.0000017,0,300.0000016,0,0,42.81799418,0.999946463
1745,29.99999979,90.98851608,0.999999993,0,0,5.999999957,1.999999986,9.999999929,0,6.99999995,1.012892821,0,2.296750617,1.9998929
1746,841,3188.557988,0,0,0,0,0,170,0,0,0,0,41.46455161,53.99710869
1747,512,1994.720825,0,0,0,0,0,0,0,0,1.012892828,0,20.99886293,32.99823309
1748,237,715.9098281,0,0,0,0,0,0,0,0,0,0,9.720176788,14.99919686
1749,762.9999991,2672.640439,0,0,0,0,0.999999999,64.99999992,3.999999995,0,0,0,34.16416563,48.99737635
1750,793.0000007,2921.599218,0,0,0,0,0,0,0,0,0,0,32.52362953,50.99726936
1751,664.25,2245.202319,0,0,3,1,0,0,0,0,0,0,42.40720733,42.99769766
1752,224,635.9224409,3,2,0,4,12,82,0,20,0,0,14.23165125,13.9992504
1753,366,1037.873496,3,1,0,9,39,80,0,22,0,0,23.32697017,22.99876852
1754,672.0000019,2822.595082,63.00000018,8.000000023,144.0000004,155.0000004,94.00000027,110.0000003,130.0000004,444.0000013,0,0,74.6443958,42.99769778
1755,18,65.99096399,0,0,0,0,0,61,0,0,3.038678485,0,40.24005893,0.999946457
1756,265,1032.855424,6,2,0,14,36,29,202,48,1.012892828,0,24.69006931,16.99908977
1757,0,0,1,0,0,2,0,1,0,2,0,0,0.246080425,0
1758,383,1282.830575,0,29,0,0,1,280,0,8,0,0,28.75039632,24.99866143
1759,5,14.9981175,73,4,41,285,15,59,0,255,1.012892828,0,30.22687887,0
1760,1260,4046.475346,101,83,0,81,209,219,956,431,0,0,365.9847699,80.99566304
1761,319,871.8958976,31,6,242,16,34,44,36,98,0,0,33.87707184,19.99892915
1762,56,162.9798572,91,35,0,11,30,85,12,159,0,0,19.6454206,3.999785829
1763,228,647.9209349,334,83,0,61,211,295,199,552,0,0,80.50931238,14.99919686
1764,478,1357.83434,268,283,3,84,401,338,68,678,0,0,106.6758642,30.99834017
1765,441.9999978,1360.826991,6.999999966,0,0,13.99999993,118.9999994,85.99999958,0,142.9999993,1.012892823,0,33.26187062,27.99850067
1766,0,0,0,0,8,0,0,5,0,0,7.090249799,0,0.533174254,0
1767,390,1270.834152,28,6,438,1100,114,130,2,334,1.012892828,0,196.2560734,24.99866143
1768,0,0,0,0,0,0,0,0,0,0,3.038678485,0,0,0
1769,0,0,72,4,893,230,49,68,0,186,0,1.722285282,276.6021331,0
1770,0,0,116.9999999,1,901.9999996,280.9999999,1,9.999999995,0,101,3.038678484,0,57.95194006,0
1771,771.0000043,2419.689589,1.000000006,1.000000006,1.000000006,37.0000002,3.000000017,8.000000044,0,20.00000011,0,0,34.5332865,49.99732314
1772,314.0000001,1021.866719,0,0,0,0,0,0,0,0,0,0,12.87820891,19.99892915
1773,493,1628.786148,0,0,0,0,0,0,0,0,0,0,20.21960825,31.99828663
1774,152,487.9367479,113,33,0,161,46,53,122,119,0,0,32.76970993,9.999464573
1775,330,1060.862389,61,116,0,26,20,19,0,119,0,0,28.34026228,20.9988756
1776,9,28.99623499,3,1,0,45,58,82,0,20,0,0,8.940922108,0.999946457
1777,320,965.8783903,2,36,0,2,12,1,212,25,0,0,25.01817654,20.9988756
1778,183,529.9346772,0,0,0,0,1,90,74,10,0,0,14.68279869,11.99935749
1779,994,2249.763558,107,18,0,11,52,44,26,338,0,0,80.21131263,63.99657326
1780,547,1553.810432,184,157,1,213,349,233,168,738,0,0,106.2247168,34.998126
1781,305,942.8798963,119,73,15,33,150,139,137,245,0,0,57.87229947,19.99892915
1782,9,25.99679975,26,7,574,314,41,65,58,272,0,0,211.0243101,0.999946457
1783,0,0,0,0,0,0,0,0,0,0,2.025785657,18.9451381,0,0
1784,0,0,0,0,0,1,1,1,0,1,0,0,0.164053617,0
1785,0,0,0,0,175,2,0,1,0,1,0,0,7.341399346,0
1786,1,5.999058749,140,30,9,386,332,206,0,477,0,0,64.84219199,0
1787,588,1770.7773,392,106,2,138,190,262,55,579,0,0,94.82299043,37.99796538
1788,555,1228.873119,0,0,0,0,0,0,0,0,0,0,22.76243931,35.99807246
1789,673.75,1579.079519,155,293,0,6,21,16,163,518,0,0,75.70049074,42.99769766
1790,0,0,107.0000001,60.00000004,0,840.0000006,1360.000001,846.0000006,0,1283.000001,0,0,184.3962653,0
1791,0,0,63,91,211,131,107,39,0,272,0,0,37.48625141,0
1792,926,1418.907193,259,87,52,108,416,59,24,421,0,0,96.4635266,58.99684098
1793,327,583.9516197,35,27,0,18,83,91,8,212,0,0,32.85173674,20.9988756
1794,571,1114.897592,51,205,0,30,175,137,88,405,0,0,100.1642777,36.99801892
1795,357,621.9501137,720,539,0,26,330,32,16,507,0,0,103.6408723,22.99876852
1796,678,1293.884038,14,200,9,16,75,57,44,167,0,0,51.67688925,43.99764412
1797,1049,2465.233349,0,0,0,0,0,0,0,0,0,0,43.02306097,66.99641263
1798,0,0,510,165,0,13,81,67,18,329,0,0,48.51885713,0
1799,578.5,1356.353582,51,1,30,39,7,3,2,24,0,0,30.16535876,36.99801892
1800,206,386.9659267,72,16,262,51,18,16,567,381,0,0,68.17029922,12.99930394
1801,911,1728.846011,66,208,0,54,125,82,35,331,0,0,94.31628835,57.99689452
1802,480,913.9182994,258,138,90,68,215,270,231,741,0,0,102.1643898,30.99834017
1803,500,1084.889874,60,16,10,21,61,82,181,177,0,0,80.44285182,31.99828663
1804,354,868.903051,21,1,3,3,27,7,14,17,0,0,36.33299166,22.99876852
1805,212,539.9382539,44,241,0,18,28,177,91,225,0,0,42.48988672,13.9992504
1806,976,2286.753204,239,56,21,18,46,52,40,232,0,0,68.902519,62.99662681
1807,387,910.9013569,21,19,0,3,205,95,28,157,0,0,37.52726481,24.99866143
1808,0,0,21.00000003,20.00000003,0,40.00000005,262.0000003,228.0000003,0,360.0000005,0,0,38.18347933,0
1809,1088,2806.676398,16,4,0,41,31,32,4,111,0,0,54.42478733,69.99625201
1810,281,385.9802337,4,8,0,74,17,28,0,23,0,0,17.84083081,17.99903623
1811,262,636.9294061,1,0,0,7,2,250,8,4,0,0,21.90115783,16.99908977
1812,210.9999999,511.9433363,40.99999997,27.99999998,0,45.99999997,23.99999998,49.99999997,13.99999999,111.9999999,0,0,21.57305058,13.99925039
1813,759,1711.820597,36,6,0,29,54,64,0,133,0,0,44.3354899,48.99737641
1814,412,1358.821727,66,17,9,45,58,126,0,171,0,0,37.07611737,25.99860789
1815,542,1213.873496,33,1,93,25,25,28,3,83,0,0,34.16416567,34.998126
1816,455.9999999,1160.867283,1,1,0,1,4.999999999,6.999999999,79.99999999,14,0,0,23.17257335,28.99844726
1817,284,851.8930738,67,16,0,17,56,49,0,176,0,0,27.27391377,17.99903623
1818,207,566.9322299,17,5,23,92,50,78,0,133,0,0,24.81310952,12.99930394
1819,195.25,533.4363239,0,0,0,0,0,0,0,0,0,0,16.00786716,12.99930394
1820,347,885.8985331,1,1,0,4,18,3,0,33,0,0,16.6924555,21.99882206
1821,148,441.9446544,26,3,14,3,0,46,1,303,0,0,22.31129187,9.999464573
1822,313,590.9476664,19,4,0,16,60,27,98,141,0,0,27.80708803,19.99892915
1823,406,1095.870107,210,64,1,178,114,138,101,271,0,0,60.82287838,25.99860789
1824,759,1983.769393,159,48,32,90,151,252,131,368,0,0,81.61667429,48.99737641
1825,1075,2601.712557,31,94,21,13,71,46,40,210,0,0,67.66246007,68.99630555
1826,0,0,88,139,0,728,3366,590,270,3654,0,0,362.3534258,0
1827,241,630.9265824,0,39,11,0,9,10,2,8,0,0,16.12428933,14.99919686
1828,14.5,31.74680301,0,6,257,7,0,36,0,0,0,0,17.14479604,0.999946457
1829,596.9999997,1124.900603,26.99999999,4.999999998,1,37.99999998,268.9999999,82.99999996,99.99999995,290.9999999,0,0,57.86991325,37.99796536
1830,0,0,104,37,2,139,1034,389,42,1513,0,0,133.7036976,0
1831,1015.25,2741.424965,0,0,1,3,34,0,8,0,0,0,43.52547517,64.99651972
1832,0,0,978,362,13,26,147,165,0,750,0,0,100.1137196,0
1833,541,1687.784077,100,75,6,3,322,103,267,166,0,0,64.9242188,34.998126
1834,721,2260.960037,84,91,7,27,109,36,79,165,0,0,54.0966801,45.99753703
1835,653,1802.033627,98.25,58,66,29,74,520,102,342,0,0,79.65828424,41.9977512
1836,765.5,1896.537052,0,0,0,0,21,0,0,0,0,0,32.25704238,48.99737641
1837,373,875.9053101,12,17,0,13,47,37,96,102,0,0,28.5863427,23.99871497
1838,175,410.9555729,1,1,0,10,8,8,62,16,0,0,15.52476657,10.99941103
1839,117,268.971386,1,0,21,1,5,6,10,8,0,0,9.931265304,7.999571658
1840,684.9999989,1544.838102,0,2.999999995,0,0,13.99999998,137.9999998,0.999999998,12.99999998,0,0,35.0254471,43.99764405
1841,977,2749.666232,17,305,244,13,61,55,8,98,0,0,72.92183261,62.99662681
1842,813.25,1970.282147,0,0,11,4,20,5,5,21,0,0,38.06103561,51.99721578
1843,341,1129.851471,5,2,0,7,33,7,172,104,0,0,32.5199942,21.99882206
1844,346.9999994,876.9002259,7.999999987,0,8.999999985,0,18.99999997,1.999999997,28.99999995,29.99999995,0,0,25.20995141,21.99882202
1845,518,1799.758663,6,0,2,0,0,0,0,1,0,0,21.614064,32.99823309
1846,810.5,2050.26656,167,7,163,8,31,77,24,50,0,0,56.85542807,51.99721578
1847,567.5,1500.324391,0,0,0,42,22,0,55,24,0,0,31.14002366,35.99807246
1848,82.75,182.9811282,0,0,0,0,0,0,0,0,0,0,3.393859195,4.999732286
1849,248.75,584.1867086,22,150,1,13,320,16,200,486,0,0,59.74627652,15.99914332
1850,476,1120.878579,10,2,0,6,24,24,6,39,0,0,24.07486825,30.99834017
1851,187,421.9557612,3,44,0,1,3,74,0,12,0,0,30.28834295,11.99935749
1852,1099,3003.641383,53,32,0,32,119,200,80,243,0,0,76.20290494,70.99619847
1853,1306,2870.705388,108,256,1,51,345,249,278,866,0,0,161.9063784,83.99550241
1854,630,1844.771276,0,0,1,0,6,0,1,0,0,0,26.16655186,39.99785829
1855,266,729.9126519,0,0,0,0,0,0,0,0,0,0,10.90956551,16.99908977
1856,399,1060.875378,21,28,12,37,117,103,82,189,0,0,40.52124332,25.99860789
1857,644,1707.799702,0,0,2,0,0,97,0,6,0,0,30.71903972,40.99780475
1858,381,1312.824551,37,1,9,2,51,55,33,37,0,0,24.85412293,23.99871497
1859,564,1709.784265,75,56,15,34,98,173,38,336,0,0,56.96761839,35.99807246
1860,624.25,2064.978731,5,0,24,4,17,8,26,219,0,0,41.02967901,39.99785829
1861,0,0,217,44,336,387,1358,433,11,1254,0,0,210.6941528,0
1862,618,1498.834152,37,32,37,133,50,57,1,431,0,0,57.25471222,39.99785829
1863,490,1186.86879,43,66,7,13,30,33,0,166,0,0,34.77936673,30.99834017
1864,553,1514.818903,19,7,0,29,26,37,0,111,0,0,32.07248206,35.99807246
1865,420,850.9188641,21,4,0,6,40,30,0,63,0,0,27.95182803,26.99855435
1866,990,2111.788783,45,56,26,57,150,98,87,323,0,0,75.13655643,63.99657326
1867,241,669.9192406,9,3,1,7,51,34,8,69,0,0,17.34866996,14.99919686
1868,437,1533.793489,16,0,0,0,7,60,9,84,0,0,25.14121675,27.9985008
1869,350,1243.831704,0,0,0,0,0,0,0,0,0,0,14.35469146,21.99882206
1870,503,1291.851471,160,6,221,227,328,358,53,315,0,0,92.04010045,31.99828663
1871,0,0,219,5,182,124,80,10,0,119,0,0,30.30890568,0
1872,53,106.9898345,211,168,13,178,414,214,191,1263,0,0,110.9412583,2.999839372
1873,65,169.9802337,149,88,59,100,575,272,109,1452,0,0,117.6674566,3.999785829
1874,184,519.9367479,48,4,3,23,87,9,3,31,0,0,16.07725443,11.99935749
1875,140,371.9563259,0,0,0,52,0,79,0,9,0,0,11.48375317,8.999518115
1876,147,419.9486077,16,1,20,3,6,10,6,16,0,0,9.228015938,8.999518115
1877,390,1216.844317,67,31,0,49,91,151,44,279,0,0,45.19677139,24.99866143
1878,614,1617.810997,47,140,0,62,133,254,1,381,0,0,66.9338756,38.99791183
1879,541,1153.884603,128,106,8,49,160,224,94,614,0,0,78.90978962,34.998126
1880,438,1213.853918,672,237,0,38,206,267,13,875,0,0,112.6228078,27.9985008
1881,400,942.8977801,45,65,0,10,93,52,175,229,0,0,43.84332905,25.99860789
1882,454,1295.841493,0,0,0,0,0,0,0,0,0,0,18.62008549,28.99844726
1883,1450,4119.497372,194,100,30,125,62,117,84,266,0,0,99.58054532,92.99502052
1884,393,1189.849965,0,0,0,0,0,73,0,0,0,0,19.11224634,24.99866143
1885,620,1166.897027,116,14,85,153,197,25,47,341,0,0,65.53941986,39.99785829
1886,0,0,34,17,57,60,563,430,69,1463,0,0,110.4490974,0
1887,216,433.9589614,64,67,1378,72,263,245,0,965,0,0,137.1138316,13.9992504
1888,0,0,65,31,0,77,280,463,0,970,0,36.16799092,77.35128026,0
1889,242,692.9150991,0,0,0,0,0,0,0,0,0,0,9.925243808,15.99914332
1890,474,1368.831516,129,51,37,37,147,142,65,438,0,0,63.34037433,29.99839372
1891,326,932.8857321,125,139,2,103,220,288,162,787,0,0,88.26084577,20.9988756
1892,343,962.8832848,13,1,1,0,3,52,922,12,0,0,55.24505541,21.99882206
1893,274,814.8981566,14,25,0,28,135,595,49,153,0,0,52.2100635,17.99903623
1894,457.75,1192.611636,239,234,12,18,85,102,0,446,0,0,65.36511289,28.99844726
1895,511,1663.782947,53,13,0,22,84,95,10,325,0,0,45.64791884,32.99823309
1896,310,937.8817788,0,0,0,0,0,0,0,0,0,0,15.71415529,19.99892915
1897,494,989.9066279,44,154,51,348,3015,680,31,3579,0,0,344.3485414,31.99828663
1898,1000,2002.811185,1,0,0,1,3,0,343,30,0,0,56.51647094,63.99657326
1899,300.0000005,719.920936,58.00000009,16.00000002,8.000000012,13.00000002,39.00000006,58.00000009,20.00000003,153.0000002,0,0,27.27391381,18.99898272
1900,196,629.9182994,0,0,0,0,7,1,15,6,0,0,9.228015938,12.99930394
1901,455,1438.814762,3,7,0,9,24,100,104,100,0,0,32.89275014,28.99844726
1902,75,222.972139,38,4,15,11,44,67,166,47,0,0,19.15325975,4.999732286
1903,741.5,2371.943041,0,0,4,0,0,0,0,0,0,0,30.57549281,47.99742995
1904,996,2552.706894,0,0,0,0,0,0,0,0,0,0,40.84935055,63.99657326
1905,507,1546.80422,0,0,0,0,0,93,0,0,0,0,29.6080425,32.99823309
1906,150.25,414.4502466,0,0,0,0,0,0,0,0,0,0,13.16226398,9.999464573
1907,189.5,565.6791842,0,79,0,0,0,0,0,0,0,0,14.01209902,11.99935749
1908,0,0,475,384,20,136,665,375,137,1683,0,186.0068104,158.9269411,0
1909,345,978.8806493,295,223,20,45,104,119,0,498,0,0,67.63110347,21.99882206
1910,671,1916.76544,9,71,2,3,4,4,2,61,0,0,33.91808525,42.99769766
1911,667,1582.827563,7,47,0,4,6,66,0,78,0,0,35.88672865,42.99769766
1912,225,725.9056866,0,0,0,0,0,0,0,0,0,0,9.228015938,13.9992504
1913,262,789.9006039,19,67,0,4,18,22,4,47,0,0,18.16893805,16.99908977
1914,193,616.9201819,145,62,0,57,51,67,5,285,0,0,35.4765946,11.99935749
1915,329,1031.86766,0,0,0,0,0,0,0,0,0,0,16.49340997,20.9988756
1916,263.25,723.4133361,2,5,39,3,14,35,0,36,0,0,23.29257481,16.99908977
1917,123.9999922,323.2125089,0,0,0,0,0,0,0,0,0,0,5.085661795,7.999571152
1918,0,0,641,401,48,11,31,31,0,365,0,0,62.66848157,0
1919,0,0,871,428,0,12,39,29,0,194,0,0,64.51408475,0
1920,290,828.8985331,108,141,4,17,65,60,41,225,0,0,42.00374736,18.99898269
1921,217,677.9132166,28,3,0,12,12,66,0,59,0,0,18.28232145,13.9992504
1922,496,1523.806479,43,14,0,22,88,93,30,203,0,0,40.56225672,31.99828663
1923,367,1096.862577,4,2,0,9,37,87,41,152,0,0,28.66836951,23.99871497
1924,294,990.8687896,3,15,2,0,2,1,4,85,0,0,73.65144209,18.99898269
1925,20,57.99284649,39,2,15,4,20,29,0,29,0,0,9.480117858,0.999946457
1926,132,413.9469134,0,0,0,0,0,0,0,0,0,0,5.41376935,7.999571658
1927,479,1323.840929,0,0,0,0,0,0,0,0,0,0,19.6454206,30.99834017
1928,0,0,871,405,261,5,25,23,0,161,0,0,71.8144707,0
1929,669,2063.737391,269,89,9,143,190,198,54,390,0,0,84.47795578,42.99769766
1930,455,1422.817774,5,4,0,5,26,29,0,44,0,0,119.2956136,28.99844726
1931,486,1586.792736,25,1,0,12,52,72,7,41,0,0,28.5453293,30.99834017
1932,393,1355.818715,2,1,0,4,17,165,64.00000001,39,0,0,28.09418186,24.99866143
1933,420.0000001,1410.813444,0,0,0,0,0,42.00000001,0,0,0,0,18.94819273,26.99855435
1934,383,1088.867095,0,0,0,5,5,8,4,11,0,0,17.06157613,24.99866143
1935,382,1167.852035,0,0,0,0,0,0,0,0,0,0,35.66712039,24.99866143
1936,92.75,242.2218672,0,0,0,0,0,0,0,0,0,0,3.803993237,5.999678744
1937,220.9999999,714.907004,17.99999999,0.999999999,1.999999999,34.99999998,9.999999995,8.999999995,10.99999999,34.99999998,0,0,14.02658422,13.99925039
1938,929,3355.543117,1,18,1,7,38,138,63,42,0,0,50.73358096,59.99678744
1939,719.0000004,2276.706707,0,0,4.000000002,3.000000002,10.00000001,0,6.000000003,21.00000001,0,0,36.2932274,45.99753706
1940,206,640.9181111,0,0,0,0,0,0,0,0,0,0,8.448761258,12.99930394
1941,511,1563.801772,0,0,2,4,18,46,19,45,0,0,26.45364569,32.99823309
1942,286,904.8834731,1,0,0,0,6,3,0,228,0,0,21.49102378,17.99903623
1943,258,824.8932621,0,0,0,0,0,0,0,0,0,0,10.58145828,16.99908977
1944,250,719.9115224,1,0,0,30,6,3,1,9,0,0,12.30402125,15.99914332
1945,700,2302.698235,0,1,0,1,8,74,0,42,0,0,33.87707184,44.99759058
1946,213,808.8878028,7,14,0,14,17,18,0,73,0,0,14.60077188,13.9992504
1947,284,964.8718016,0,0,0,0,0,71,114,0,0,0,19.23528655,17.99903623
1948,345,1031.870672,0,0,0,0,0,0,0,0,0,0,14.14962444,21.99882206
1949,295,823.9004156,0,0,0,0,0,74,0,0,0,0,15.13394614,18.99898269
1950,436,1280.840929,9,8,0,15,57,68,122,94,0,0,36.17984397,27.9985008
1951,379,965.8894971,0,0,0,0,0,0,0,0,0,0,15.54408018,23.99871497
1952,358,1152.850341,0,0,0,0,0,0,0,0,0,0,14.68279869,22.99876852
1953,0,0,0,0,0,0,0,0,0,0,0,0,0,0
1954,746,2602.650419,0,0,0,0,0,0,0,0,0,0,30.59599951,47.99742995
1955,276,1042.855612,0,0,0,0,0,98,0,0,0,0,15.33901316,17.99903623
1956,426,1450.807043,411,116,13,7,48,33,1,257,0,0,53.80958627,26.99855435
1957,364,953.8889323,0,0,0,0,0,0,0,0,0,0,14.92887912,22.99876852
1958,367,1274.829069,9,0,0,3,5,101,0,17,0,0,24.58872889,23.99871497
1959,274,804.9000391,14,0,0,0,4,0,3,50,0,0,14.14962444,17.99903623
1960,494,834.9358067,230,142,2250.25,83,270,582,144,505,0,0,196.7732529,31.99828663
1961,268,744.9102046,65,36,8,70,314,286,344,771,1.012892828,3.444570564,100.6709798,16.99908977
1962,287,795.9041806,41,42,2,26,292,128,91,468,2.025785657,1.722285282,56.47545754,17.99903623
1963,335,553.9587732,26,1,76,165,841,8,46,540,0,0,83.58531769,21.99882206
1964,0,0,20,11,0,175,231,194,0,331,0,0,64.45489481,0
1965,0,0,8,2,0,135,10,24,0,86,0,0,10.8685521,0
1966,0,0,0,0,0,0,0,0,0,0,9.116035455,0,0,0
1967,1205.999904,3477.572018,0,0,0,0,0,135.9999892,0,0,0,0,91.03998114,76.99587107
1968,679.9999695,2339.6874,0,0,0,0,0,0,0,0,0,0,27.88911358,43.99764215
1969,150,577.9194289,0,0,0,0,0,0,0,0,0,0,6.152010625,9.999464573
1970,120,432.9410777,15,8,0,22,91,89,63,139,0,0,22.43433208,7.999571658
1971,193,565.9297826,48,20,4,139,119,285,12,252,0,0,43.96636927,11.99935749
1972,541,892.9337359,20,9,1201,45,169,85,88,229,3.038678485,0,103.8989957,34.998126
1973,0,0,300,114,0,163,358,288,51,1082,0,0,96.62758022,0
1974,539.25,1691.283037,0,0,0,0,0,74,0,0,1.012892828,0,52.15147011,34.998126
1975,796.0000137,2298.717099,0,0,0,0,0,0,0,0,0,0,32.64667028,50.9972702
1976,486.999958,1405.826877,0,0,0,0,0,0,0,0,0,0,19.97352611,30.9983375
1977,896.2499994,2537.69094,104.9999999,23.99999998,0,23.99999998,0,0,0,253.9999998,0,0,64.45071894,57.99689448
1978,685.25,2624.63484,0,0,0,0,0,76,0,0,0,0,31.22145392,43.99764412
1979,248,954.8669071,8,1,0,2,13,15,8,24,0,0,14.08327593,15.99914332
1980,700,2513.658514,38,123,0,10,17,16,0,213,0,0,45.81197245,44.99759058
1981,400,1159.85693,357,38,2,85,207,153,125,523,0,0,119.5153339,25.99860789
1982,614,2387.666044,0,0,0,0,0,0,6,0,0,0,53.42831058,38.99791183
1983,642,2140.717813,23,2,1,6,34,89,53,38,0,0,40.4199029,40.99780475
1984,225,772.8968388,76,40,0,29,81,130,24,221,0,0,36.87707184,13.9992504
1985,555,1331.85373,310,381,0,63,204,550,324,521,0,0,119.2669793,35.99807246
1986,359,860.9054984,2,3,0,6,107,116,56,38,0,0,28.17620866,22.99876852
1987,365,1159.850341,165,380,22,211,2790,1056,215,2134,0,1.722285282,302.9563598,22.99876852
1988,856,1785.824927,17,37,1,41,424,99,57,1307,0,0,116.4370544,54.99705515
1989,0,0,895,171,0,87,208,214,7,482,0,0,84.6516662,0
1990,0,0,0,0,14,0,0,6,0,0,14.1804996,0,0.820268083,0
1991,0,0,0,0,0,0,0,0,0,0,0,0,0,0
1992,359.25,1126.10556,0,0,0,0,0,0,0,0,1.012892828,0,191.7340654,22.99876852
1993,0,0,0,0,0,0,0,0,0,0,1.012892828,0,0,0
1994,0,0,0,0,0,0,0,0,0,0,1.012892828,0,0,0
1995,0,0,0,0,0,0,0,0,0,0,1.012892828,0,0,0
1996,1200.249987,3463.323905,31.99999966,112.9999988,0,61.99999935,587.9999938,313.9999967,201.9999979,650.9999932,0,0,129.694636,76.9958764
1997,550,2106.706894,1,1,4,18,43,8,3,23,0,0,29.69972611,34.998126
1998,470,1688.770523,0,0,0,0,0,0,0,0,0,0,33.27629996,29.99839372
1999,756,1725.817397,8,457,0,51,131,37,1,126,0,0,64.26800433,48.99737641
2000,432,1516.795748,2,1,0,2,12,10,0,31,0,0,26.09656804,27.9985008
2001,51,174.976657,5,22,0,11,48,85,0,149,0,0,15.21597295,2.999839372
2002,299,950.8772608,0,0,0,0,14,0,0,1,0,0,25.87820891,18.99898269
2003,161,534.9295944,0,9,0,2,8,0,1,1,0,0,7.464439558,9.999464573
2004,240.25,752.4035684,0,0,0,0,0,0,0,0,0,0,77.85347035,14.99919686
2005,24.25,76.49015369,0,0,0,0,0,0,0,0,0,0,39.99457505,1.999892915
2006,1034.25,3240.58458,0,3,0,0,0,0,0,0,0,0,65.54115347,65.99646618
2007,440.25,1378.823282,7,1,0,5,7,4,0,24,0,0,29.02479458,27.9985008
2008,0,0,224,196,0,154,76,52,0,336,0,0,80.57191353,0
2009,0,0,12.99999991,8.999999938,0,32.99999977,107.9999993,109.9999992,14.9999999,178.9999988,1.012892821,0,19.15325961,0
2010,476.0000068,1394.827018,0,0,0,0,0,0,0,0,0,0,19.52238066,30.99834061
2011,483,2033.708024,0,0,2,0,0,81,0,20,0,0,24.03385484,30.99834017
2012,457,1719.76224,0,0,0,0,20,0,4,0,0,0,19.7274474,28.99844726
2013,125,467.9354302,117,186,0,21,85,160,20,289,0,0,41.13644438,7.999571658
2014,423,962.8983449,742,694,0,73,248,250,19,1266,0,0,152.3647965,26.99855435
2015,254,891.8798963,0,238,13,0,5,72,1,16,0,0,34.5670291,15.99914332
2016,345,1341.812314,0,0,0,0,0,0,0,0,0,0,14.14962444,21.99882206
2017,123,423.9433367,0,0,0,0,8,0,20,0,0,0,6.193024029,7.999571658
2018,181,618.9175464,16,11,0,38,173,146,55,189,0,0,38.17984397,11.99935749
2019,227,545.9399482,45,53,0,29,134,185,26,398,0,0,56.99170437,14.99919686
2020,282.25,1104.095299,0,0,0,0,0,0,0,0,0,0,14.57603333,17.99903623
2021,276,808.8996626,8,5,0,7,32,150,1,48,0,0,21.614064,17.99903623
2022,209.25,661.914739,0,0,0,0,0,0,0,0,71.91539081,0,147.5820548,12.99930394
2023,250,603.9333594,0,0,0,0,0,35,0,0,4.051571313,0,125.6888202,15.99914332
2024,162,392.9565142,0,0,0,0,0,340,0,0,0,0,59.58872889,9.999464573
2025,782,1894.790477,1,3,0,5,22,98,19,46,0,0,40.02908247,49.99732286
2026,414,1001.889309,42,55,0,25,14,13,0,75,0,0,26.16655186,26.99855435
2027,0,0,148,170,0,12,51,46,0,234,1.012892828,0,43.10986015,0
2028,769,2427.687693,16,0,0,0,0,0,0,2,0,0,32.27754908,48.99737641
2029,1474.5,3575.604412,0,0,3,10,0,0,0,22,0,0,61.90973359,94.99491344
2030,275,1186.828316,0,2,25,0,2,12,0,4,1.012892828,0,13.12428933,17.99903623
2031,217,937.8642716,1,3,32,3,3,15,0,6,1.012892828,0,11.48375317,13.9992504
2032,472,2038.705012,15,17,75,18,12,110,61,44,0,0,33.79504503,29.99839372
2033,586,2060.722331,0,0,3,2,6,237,0,8,0,0,34.53328631,37.99796538
2034,13,39.99491724,0,0,0,0,0,0,0,0,0,0,11.53317425,0.999946457
2035,337,1391.3015,0,0,0,0,0,0,1,0,1.012892828,0,61.86253061,21.99882206
2036,226.25,715.6578507,0,0,0,0,0,61,0,0,0,0,62.78110035,14.99919686
2037,111,386.9480429,17,0,0,6,0,70,1,0,0,0,10.40774785,6.999625201
2038,179,630.9149109,48,132,393,15,0,76,77,168,0,0,44.62258373,10.99941103
2039,1146,4025.457839,334,308,13,28,10,8,4,110,0,0,80.42728557,73.99603784
2040,663,2328.686375,22,1,15,1,0,2,0,23,0,0,29.81674483,42.99769766
2041,412.5,1704.756677,0,0,0,12,7,0,0,0,0,0,37.6972839,26.49856327
2042,256,1135.83434,2,0,30,0,3,14,0,18,0,0,13.24732955,15.99914332
2043,372,1648.759604,27,1,10,2,0,2,0,23,0,0,17.92285762,23.99871497
2044,734.75,3039.066171,0,0,1,0,3,75,36,6,0,0,47.09722062,46.99748349
2045,298,903.8859203,0,1,41,0,5,28,2,6,0,0,15.62610699,18.99898269
2046,258,1009.858436,0,0,0,0,0,0,0,0,0,0,10.58145828,16.99908977
2047,613,1694.796313,0,0,0,0,0,367,0,0,0,0,118.1931361,38.99791183
2048,794.5,2859.861063,0,0,0,0,0,0,0,0,0,0,57.58514961,50.99726932
2049,14,42.99454074,0,0,0,0,0,95,0,0,0,0,4.470461054,0.999946457
2050,325.25,1409.295952,0,0,0,0,0,0,0,0,0,0,18.33960971,20.9988756
2051,339,1626.757534,0,0,0,0,0,0,0,0,0,0,13.90354401,21.99882206
2052,613,2523.640254,0,0,0,0,0,92,0,0,0,0,28.91444994,38.99791183
2053,1744,4827.419436,102,9,1,26,65,188,3,146,0,0,156.6746151,111.9940032
2054,491,1419.825115,0,0,0,0,0,0,0,0,0,0,20.13758145,31.99828663
2055,718,2242.712918,4,35,0,0,0,0,0,0,0,0,31.04714695,45.99753703
2056,701,2025.750568,0,0,0,0,0,0,0,0,0,0,28.75039632,44.99759058
2057,457,1320.837352,0,0,0,4,10,303,56,27,0,0,35.14848737,28.99844726
2058,1521,4208.493983,25,63,0,1,16,5,6,64,0,0,69.76380049,97.99475281
2059,0,0,0,0,0,0,0,0,0,0,0,0,0,0
2060,0,0,9,6,0,67,34,70,0,58,0,0,10.00727062,0
2061,1,2.999623501,16.00000001,51.00000002,0,132,42.00000002,51.00000002,0,163.0000001,0,0,18.70211231,0
2062,574,2302.674515,0,0,0,0,0,74,0,0,0,0,26.5766859,36.99801892
2063,160,592.9184876,18,145,0,37,149,55,354,205,1.012892828,0,50.05805288,9.999464573
2064,390,1448.800643,274,266,7,71,105,78,24,191,0,0,81.66484626,24.99866143
2065,242,865.8825318,0,0,0,0,0,29,0,0,0,0,11.11463253,15.99914332
2066,691,2425.673386,14,73,3,16,33,209,18,85,0,0,50.83730756,43.99764412
2067,455,1314.838105,23,50,0,21,54,52,85,154,0,0,36.66598333,28.99844726
2068,163,472.9416424,0,0,0,0,0,0,0,0,0,0,6.685184879,9.999464573
2069,907,2784.646466,259,159,3,40,70,156,64,334,0,0,83.6987011,57.99689452
2070,935,2366.730426,19,2,5,7,53,9,24,82,0,0,97.59122713,59.99678744
2071,684,1946.76224,151,80,1,1,24,0,1,54,0,0,40.84935055,43.99764412
2072,567.5,1646.54679,0,0,0,0,0,0,0,0,0,0,23.27510686,36.24806354
2073,250.5,726.6603454,24,5,0,18,3,3,0,16,0,0,18.10378263,15.99914332
2074,346.5,1288.322668,12,4,0,70,35,28,28,104,1.012892828,0,55.73591111,21.99882206
2075,103,381.9474782,0,0,0,2,19,68,1058,1,0,0,51.30776861,6.999625201
2076,106,392.9459722,55,17,2,151,529,299,120,382,0,0,77.12326432,6.999625201
2077,351,1285.823986,17,8,2,26,53,47,36,80,0,0,25.42831058,22.99876852
2078,279,1045.855612,9,1,0,7,11,188,3,44,0,0,22.22926506,17.99903623
2079,630,1358.862766,80,143,0,143,74,328,69,303,0,0,114.5937254,39.99785829
2080,322,797.9103929,95,4,3,6,13,17,32,120,0,0,25.10020335,20.9988756
2081,127,315.9644207,3,2,0,4,61,30,90,48,0,0,43.96989252,7.999571658
2082,336.75,975.6297405,725,530,539,234,0,68,0,114,0,0,311.4508871,21.99882206
2083,0,0,13,7,1,17,30,30,8,112,4.051571313,0,8.940922108,0
2084,0,0,325,176,0.25,58,75,87,21,305,0,0,42.95128751,0
2085,121,448.9382539,0,0,0,0,16,0,0,0,0,0,5.618836371,7.999571658
2086,373,1363.813444,0,0,0,0,0,0,0,0,0,0,15.29799975,23.99871497
2087,351,1130.853165,0,0,0,0,0,0,0,0,0,0,14.39570486,22.99876852
2088,329,1061.862013,0,0,0,14,2,69,1,13,0,0,17.55373698,20.9988756
2089,116,354.9549918,0,0,29,0,2,9,44,5,0,0,8.407747854,7.249589507
2090,500,1958.725343,0,0,0,0,0,87,0,0,0,1.722285282,24.07486825,31.99828663
2091,469,1425.070089,1,95,35,0,2,4,11,21,0,0,26.16655186,29.99839372
2092,403,1115.865778,0,3,125,0,0,28,0,10,2.025785657,0,194.336627,25.99860789
2093,155,576.9205584,37,77,0,3,11,95,28,18,0,0,19.38968337,9.999464573
2094,504.75,1876.491689,406,197,11,29,77,67,78,306,0,0,70.72821203,31.99828663
2095,315,1285.817209,0,0,0,0,0,194,0,0,0,0,20.87582272,19.99892915
2096,35,98.98795198,0,0,0,0,0,0,0,0,1.012892828,0,1.435469146,1.999892915
2097,532,1489.819656,3,27,0,16,15,8,0,34,0,0,28.04351165,33.99817955
2098,202,499.9439014,1,1,1,2,9,8,187,56,0,0,22.15325975,12.99930394
2099,119,294.966868,3,2,0,40,33,45,27,38,1.012892828,0,18.59111508,7.999571658
2100,474,1921.727414,0,0,0,0,0,0,0,0,0,0,19.44035358,29.99839372
2101,362,1090.862766,18,6,3,21,62,97,4,117,1.012892828,0,48.29924888,22.99876852
2102,308,926.8834731,59,1,0,7,82,8,56,40,0,0,53.00851974,19.99892915
2103,339,821.9090751,250,20,1,31,175,165,0,350,0,0,54.58884095,21.99882206
2104,0,0,653,100,211,629,1194,495,24,2489,0,0,237.6726771,0
2105,491,1137.878202,210,96,14,143,387,259,344,690,0,0,108.0293066,31.99828663
2106,301,771.9113341,0,0,0,0,0,0,0,0,0,0,12.34503465,18.99898269
2107,284,729.9160404,177,13,3,9,40,45,154,213,0,0,38.47057311,17.99903623
2108,643,1367.863519,351,538,75,232,186,81,786,711,0,0,147.7712952,40.99780475
2109,595,1266.873496,70,188,0,32,137,436,34,377,0,0,132.6540524,37.99796538
2110,347.25,1127.103165,7,0,25,0,132,18,311,74,0,0,37.49650476,21.99882206
2111,0,0,154.9999997,34.99999994,1635.999997,0,73.99999988,80.99999986,0,487.9999992,0,0,101.2620947,0
2112,76,158.9843752,66,162,0,43,209,138,70,548,0,0,53.80958627,4.999732286
2113,45,148.980422,231,305,2,57,118,92,117,641,0,0,65.9495539,2.999839372
2114,13,41.99454074,182,103,0,9,32,26,69,153,0,0,24.07486825,0.999946457
2115,213,682.9115224,0,0,0,0,0,0,0,0,0,0,12.73585509,13.9992504
2116,233.25,611.1788005,0,0,0,0,9,0,6,1,0,0,10.22259099,14.99919686
2117,348.9999999,849.9056865,1810,66.99999999,0,219,1110,557.9999999,3.999999999,1606,0,0,234.719712,21.99882206
2118,0,0,334,57,163,1397,264,18,29,234,0,0,102.3694568,0
2119,429,1043.884226,39,10,0,103,184,188,13,235,0,0,49.2570984,27.9985008
2120,189,499.9414542,407,505,151,299,422,674,326,980,0,0,162.1259867,11.99935749
2121,285,967.8714251,81,177,0,85,166,150,134,393,0,3.444570564,62.33071753,17.99903623
2122,135,439.9425837,246,20,4,93,159,110,218,282,0,0,51.96398308,8.999518115
2123,109,356.9533139,12,9,74,68,140,454,38,90,0,0,40.76732374,6.999625201
2124,297,1150.839234,0,0,0,0,0,60,0,5,0,0,18.84685231,18.99898269
2125,90.99999331,352.9506525,0,0,0,0,0,0,0,0,0,0,3.732219505,5.999678303
2126,423,1637.771276,0,0,0,0,0,0,2,0,0,0,20.43069677,26.99855435
2127,474,1153.122152,1143,0,4,0,267,0,0,758,0,0,108.5214674,29.99839372
2128,1,1,510,97,80,260,848,698,36,1652,0,0,171.5180562,0
2129,1046.25,2765.176361,158,0,14,150,93,60,33,407,0,0,80.43753892,66.99641264
2130,329,1115.851847,0,0,0,0,0,0,0,0,0,0,13.49340997,20.9988756
2131,19,64.99134049,0,0,0,0,0,147,0,0,0,0,6.808225092,0.999946457
2132,263,857.8879911,0,0,0,0,0,181,0,0,0,0,26.20995145,16.99908977
2133,0,0,0,0,0,0,0,0,0,0,0,0,0,0
2134,980,2388.734735,99,16,0,35,154,102,3,611,0,0,157.0268083,62.99662681
2135,631,2759.599215,0,0,0,0,0,64,0,0,0,0,28.5043159,40.99780475
2136,492.25,1530.554522,0,0,1,0,0,1,1,0,0,0,28.31188841,31.99828663
2137,208,806.8872381,0,0,0,0,0,0,0,0,0,0,8.530788067,12.99930394
2138,0,0,0,0,0,0,0,0,0,0,2.025785657,0,0,0
2139,0,0,186,108,17,216,1029,292.25,0,750,0,0,106.5630774,0
2140,0,0,0,0,0,0,0,0,0,0,2.025785657,0,0,0
2141,0,0,69,49,0,156,318,314,0,517,0,0,58.36207413,0
2142,1,1,88,41,0,193,1595,281,35,980,0,0,131.817081,0
2143,0,0,220,107,2,32,155,57,17,626,0,0,49.87229947,0
2144,393.25,996.3864386,3,1,0,11,75,14,24,103,0,0,25.60261755,24.99866143
2145,259.25,657.1750764,0,0,0,0,0,0,0,0,0,0,10.63272503,16.99908977
2146,835.9999998,2233.736826,2,1,13,8.999999998,42.99999999,60.99999999,1,41.99999999,0,0,41.34151139,53.99710868
2147,453.25,1149.36893,0,0,0,0,0,0,0,0,0,0,18.58932544,28.99844726
2148,262.9999992,727.9124613,0,0,0,0,0,0,0,0,0,0,10.78652526,16.99908972
2149,0,0,0,0,0,0,0,0,0,0,0,0,0,0
2150,377,949.8921326,49,9,0,44,80,32,87,292,0,0,39.78300204,23.99871497
2151,388,980.8883676,7,1,0,0,0,0,0,14,0,0,16.81549571,24.99866143
2152,446,1125.87199,8,0,0,0,7,1,30,3,0,0,20.30163506,28.99844726
2153,0,0,89,2,0,34,8,295,0,30,0,0,18.78413911,0
2154,312,790.9098281,38,44,0,130,775,362,2,694,0,0,182.6685936,19.99892915
2155,717,2135.732873,0,0,0,0,0,0,0,0,0,0,29.40661079,45.99753703
2156,456,1580.788218,0,7,0,2,14,1,3,65,0,0,33.47534548,28.99844726
2157,0,0,3,1,0,41,1,5,0,15,0,0,2.706884675,0
2158,569,1563.812691,80,25,0,101,465,291,24,1348,0,0,119.0619123,36.99801892
2159,0,0,0,0,0,11,0,2.999999999,0,5.999999998,0,0,0.820268083,0
2160,0,0,0,0,0,0,0,0,0,0,0,0,0,0
2161,0,0,2,1,0,23,2,3,0,14,0,0,1.845603188,0
2162,191,618.9194289,0,0,0,0,0,0,0,0,0,0,12.8335602,11.99935749
2163,86,280.9632912,0,0,0,0,0,0,0,0,1.012892828,0,10.52715276,5.999678744
2164,77,248.967621,0,0,0,0,0,81,0,1,0,0,31.52113126,4.999732286
2165,113,367.9519962,3,1,2,33,6,178,2,36,0,0,15.33901316,6.999625201
2166,139,505.9309121,37,1,6,9,2,42,7,18,0,0,10.70449849,8.999518115
2167,583,1779.774664,12,85,0,21,141,64,68,387,1.012892828,0,93.81924307,36.99801892
2168,18,54.99303474,8,4,13,67,27,55,0,48,0,0,9.843217,0.999946457
2169,222,769.8968388,0,0,0,0,0,0,0,0,0,0,9.104975725,13.9992504
2170,0,0,64,4,26,406,77,59,70,181,1.012892828,0,90.3788895,0
2171,150,488.9361832,0,0,0,0,0,0,0,0,0,0,6.152010625,9.999464573
2172,174,751.8911913,0,0,0,0,0,0,0,0,0,0,7.136332325,10.99941103
2173,176,758.8902501,0,0,0,0,0,0,0,0,0,0,7.218359133,10.99941103
2174,102,371.9491724,0,0,0,0,0,0,0,0,0,0,9.183367225,6.999625201
2175,110,332.9580202,0,0,0,0,0,0,0,7,0,0,8.798568288,6.999625201
2176,5,12.998494,0,0,0,0,0,0,0,0,4.051571313,0,0.205067021,0
2177,298,909.8847908,0,0,0,6,0,1,0,4,0,0,12.67314189,18.99898269
2178,377,1150.854294,86,45,119,563,158,105,0,577,0,6.889141128,83.25721046,23.99871497
2179,1,2.999623499,64,85,0,123,236,158,8,464,0,0,51.71426735,0
2180,187,806.8832848,0,0,0,0,0,0,0,0,0,6.889141128,20.66950658,11.99935749
2181,321,978.8761313,2,2,1,21,10,11,0,59,0,0,26.51272358,20.9988756
2182,1125,3433.56533,0,0,0,0,0,237,0,0,0,0,55.86025648,71.99614492
2183,1072,3270.586038,0,0,0,3,0,88,0,0,0,0,47.69858905,68.99630555
2184,59,177.9775982,12,2,0,192,10,27,0,101,0,0,16.52840188,3.999785829
2185,0,0,10.99999994,3.999999979,199.9999989,231.9999988,71.99999961,48.99999974,0,127.9999993,0,413.3484655,28.54532915,0
2186,351.9999999,1072.864271,38.99999999,31.99999999,2.999999999,164.9999999,219.9999999,405.9999999,1,391.9999999,1.012892828,0,119.0315807,22.99876851
2187,25.6,50.8,0,0,0,0,0,0,0,0,0,0,0,0
2188,382.3,992.1,0,0,0,0,0,0,0,0,0,0,0,0
2189,172.2,447.2,0,0,0,0,0,10,0,0,0,0,0,0
2190,7.000000014,12.30000003,0,53.90000011,0,0,0,1.100000002,0,0,0,0,0,0
2191,0,0,0,0,0,0,0,0,0,0,0,0,0,0
2192,60.40000012,91.50000018,0,51.0000001,0,0,0,0,0,0,0,0,0,0
2193,12.4,23.4,0,0,0,0,0,0,0,0,0,0,0,0
2194,20.40000007,38.70000013,29.5000001,41.30000014,0,0,0,0,0,31.4000001,0,0,0,0
2195,70.8,132.2,9,12.5,0,0,0,9.4,0,31.9,0,0,0,0
2196,175.3,253.2,0,103.3,0,0,0,37.2,0,47.6,0,0,0,0
2197,27.80000434,41.70000651,31.10000486,456.8000714,0,0,0,32.20000503,0,132.3000207,0,0,0,0
2198,0,0,0,0,0,0,0,0,0,0,0,0,0,0
2199,17.4,49.8,0,0,0,0,9.1,0,0,80,0,0,0,0
2200,0,0,0,0,0,0,0,162,0,0,0,0,6.644171475,0
2201,0,0,0,0,0,0,0,0,0,0,0,0,0,0
2202,0,0,0,0,0,0,0,5.000000002,0,0,0,0,0,0
2203,0,0,0,0,0,0,0,0,0,0,0,0,0,0
2204,0,0,0,0,0,0,0,0,0,0,0,0,0,0
2205,0,0,0,0,0,0,0,0,0,0,0,0,10,0
2206,4,15.3,0,4.5,0,0,0,0,0,10.5,0,0,0,0
2207,26.6,56.9,0,0,0,0,0,0,0,0,0,0,0,0
2208,0,0,0,0,0,0,0,0,0,0,0,0,0,0
2209,0,0,0,0,0,0,0,0,0,0,0,0,0,0
2210,0,0,0,0,0,0,0,0,0,0,0,0,0,0
2211,0,0,0,0,0,0,0,0,0,0,0,0,0,0
2212,1.000000028,1.999811806,0,0,0,0,0,0,0,0,0,0,0.041013405,0
2213,0,0,0,0,0,0,0,0,0,0,0,0,0,0
2214,0,0,0,0,0,0,0,0,0,0,0,0,0,0
2215,0,0,0,0,0,0,0,0,0,0,0,0,0,0
2216,0,0,0,0,0,0,0,0,0,0,0,0,0,0
2217,0,0,0,0,0,0,0,0,0,0,1453.676148,0,0,0
2218,0,0,0,0,0,0,0,0,0,0,3.032704069,0,0,0
2219,0,0,0,0,0,0,0,0,0,0,0,0,0,0
2220,8,24,0,0,0,0,0,0,0,0,0,0,0.294697524,1.001079215
2221,0,0,0,0,0,0,0,0,0,0,43.46875803,0,0,0
2222,5,21,0,2,2,0,89,12,1,0,6.065408136,0,14.09813735,0
2223,8,33,0,2,2,0,182,33,2,0,5.05450678,0,8.444925984,1.001079213
2224,0,0,0,0,0,0,0,0,0,0,0,0,0,0
2225,0,0,0,0,0,0,0,0,0,0,0,0,0,0
2226,0,0,0,0,0,0,0,0,0,0,0,0,0,0
2227,0,0,0,0,0,0,0,0,0,0,0,0,0,0
2228,3,14,0,0,0,0,0,0,0,0,12.13081625,0,0.11972094,0
2229,28,115,0,1,0,0,27,14,0,0,0,0,4.578603332,2.002158425
2230,3,14,0,0,0,0,0,0,0,0,0,0,0.110511571,0
2231,0,0,0,0,0,0,0,0,0,0,0,0,0,0
2232,2,6,0,0,0,0,0,0,0,0,0.310678822,0,0.042497751,0
2233,0,0,0,0,0,0,0,0,0,0,1.711123952,0,0.031176632,0
2234,0,0,0,0,0,0,0,0,0,0,2.021802712,0,0,0
2235,0,0,0,0,0,0,0,0,0,0,0,0,11.12483152,0
2236,0,0,0,0,0,0,0,0,0,0,4.043605424,0,0,0
2237,3,10,0,0,0,0,0,0,0,0,0,0,0.110511571,0
2238,8,33,0,0,1,0,29,3,1,0,0,0,9.547161999,1.001079213
2239,2,7,0,0,0,0,0,0,0,0,0,0,0.073674381,0
2240,0,0,0,0,0,0,0,0,0,0,0,0,0,0
2241,0,0,0,0,0,0,0,0,0,0,0.557426802,0,0.121875614,0
2242,1,2,0,0,0,0,0,0,0,0,1.316843676,0,0.287914272,0
2243,1,2,0,0,0,0,39,8,1,0,0,0,1.805022333,0
2244,0,0,0,0,0,0,0,0,0,0,5.05450678,0,0,0
2245,0,0,0,0,0,0,0,0,0,0,0,0,0,0
2246,0,0,0,0,0,0,0,0,0,0,5.054506767,0,0,0
2247,0,0,0,0,0,0,0,0,0,0,3.032707212,0,0,0
2248,0,0,0,0,0,0,0,0,0,0,1.010901356,0,0,0
2249,1,6,0,0,0,0,9,1,0,0,4.191137997,0,0.032256473,0
2250,0,0,0,0,0,0,0,0,0,0,3.03270403,0,1.32613884,0
2251,13,52,0,0,0,0,0,0,0,0,2.021802712,0,2.488092845,1.001079213
2252,1,4,0,0,0,0,0,0,0,0,1.657871219,0,0.020137509,0
2253,0,0,0,0,0,0,0,0,0,0,2.628667,0,0.016699496,0
2254,0,0,0,0,0,0,0,0,0,0,5.822462689,0,0,0
2255,0,0,0,0,0,0,0,0,0,0,7.076309492,0,0,0
2256,0,0,0,0,0,0,0,0,0,0,1.207860462,0,0,0
2257,27,106,0,0,0,0,0,0,0,0,0,0,0.994604142,2.002158425
2258,1,2,0,1,1,0,106,20,3,0,1.010901356,0,4.862509141,0
2259,0,0,0,0,0,0,0,0,0,0,1.010901355,0,8.030507513,0
2260,0,0,0,0,0,0,0,0,0,0,4.043605424,0,0,0
2261,0,0,0,0,0,0,0,0,0,0,2.021802712,0,0.073674381,0
2262,0,0,0,0,0,0,0,0,0,0,1.010901356,0,0,0
2263,0,0,0,0,0,0,0,0,0,0,1.824843755,0,0,0
2264,6,21,0,0,0,0,0,0,0,0,1.010901356,0,0.221023143,0
2265,0,0,0,0,0,0,0,0,0,0,0,0,0,0
2266,0,0,0,0,0,0,0,0,0,0,0,0,0.331534714,0
2267,0,0,0,0,0,0,0,0,0,0,3.032704068,0,0,0
2268,0,0,0,0,0,0,0,0,0,0,3.032704068,0,0,0
2269,7,21,0,0,0,0,0,43,0,0,1.010901356,0,41.84185952,0
2270,0,0,0,0,0,0,0,0,0,0,0,0,0,0
2271,135,570,0,0,0,0,0,0,0,0,1.010901356,0,5.973020711,9.009712912
2272,0,0,0,0,0,0,0,0,0,0,1.010901356,0,0,0
2273,0,0,0,0,0,0,0,0,0,0,2.02181222,0,1.85E-07,0
2274,0,0,0,0,0,0,0,0,0,0,2.021802712,0,31.2747747,0
2275,0,0,0,0,0,0,0,0,0,0,6.065408136,0,0,0
2276,0,0,0,0,0,0,0,0,0,0,5.05450678,0,0,0
2277,0,0,0,0,0,0,0,0,0,0,4.043605424,0,0,0
2278,0,0,0,0,0,0,0,0,0,0,6.065408136,0,0,0
2279,0,0,0,0,0,0,0,0,0,0,5.05450678,0,0,0
2280,0,0,0,0,0,0,0,0,0,0,1.010901356,0,0,0
2281,0,0,0,0,0,0,0,0,0,0,0,0,1.694510753,0
2282,0,0,0,0,0,0,0,0,0,0,0,0,0,0
2283,0,0,0,0,0,0,0,0,0,0,1.010901351,0,0,0
2284,0,0,0,0,0,0,0,0,0,0,1.010901356,0,0,0
2285,0,0,0,0,0,0,0,0,0,0,0,0,0,0
2286,0,0,0,0,0,0,0,0,0,0,4.043605424,0,0,0
2287,0,0,0,0,0,0,0,0,0,0,2.021802712,0,0,0
2288,1,4,0,0,0,0,0,0,0,0,0,0,0.03683719,0
2289,0,0,0,0,0,0,0,0,0,0,1.010901356,0,0,0
2290,0,0,0,0,0,0,0,0,0,0,2.021802712,0,0,0
2291,0,0,0,0,0,0,0,0,0,0,0,0,0,0
2292,0,0,0,0,0,0,0,0,0,0,3.032704068,0,0,0
2293,0,0,0,0,0,0,0,0,0,0,3.032704068,0,0,0
2294,0,0,0,0,0,0,0,0,0,0,6.065408136,0,0,0
2295,0,0,0,0,0,0,0,0,0,0,1.010901356,0,0,0
2296,0,0,0,0,0,0,0,0,0,0,2.021802712,0,0,0
2297,0,0,0,0,0,0,0,0,0,0,0,0,0,0
2298,0,0,0,0,0,0,0,0,0,0,0.942065008,0,0,0
2299,0,0,0,0,0,0,0,0,0,0,0,0,0,0
2300,0,0,0,0,0,0,0,0,0,0,0,0,0,0
2301,0,0,0,0,0,0,0,0,0,0,5.05450678,0,0,0
2302,0,0,0,0,0,0,0,0,0,0,0,0,2.347057714,0
2303,0,0,0,0,0,0,0,0,0,0,0,0,6.83221476,0
2304,171,687,0,0,0,0,0,0,0,0,0,0,7.649690211,10.70967423
2305,759,2654,0,0,0,0,0,0,0,0,0,0,188.9594255,49.05288087
2306,354,1076,0,0,0,0,0,0,0,0,0.068836405,0,45.04036526,23.02482181
2307,76,231,0,0,0,0,0,0,0,0,0,0,2.799626475,5.005396063
2308,0,0,0,0,0,0,0,0,0,0,0,0,0,0
2309,0,0,0,0,0,0,0,0,0,0,1.010901356,0,0,0
2310,85,339,0,11,0,0,1,0,0,0,0,0,7.573207475,5.005396063
2311,169,666,22,0,0,0,9,26,0,0,0,0,34.30033895,11.31407112
2312,550,1836,0,0,0,0,0,0,0,0,0,0,22.29729187,35.28807324
2313,165,677,0,0,0,0,0,0,0,0,0,0,43.07813643,11.01187134
2314,321,1316,19,89,5,0,306,21,7,9,0,0,36.63170619,21.02266347
2315,263,1054,0,2,1,1,71,137,2,0,0,0,17.57133985,17.01834662
2316,442,1767,0,0,0,0,0,0,0,0,0,0,16.29124739,28.03021795
2317,295,1122,0,0,0,0,0,39,0,0,0,0,12.30362161,19.02050504
2318,556,2117,0,0,0,0,0,0,0,0,0,0,20.49068726,36.03885166
2319,245,979,0,0,0,0,0,0,0,0,0,0,32.03432103,16.0172674
2320,0,0,0,0,0,0,0,0,0,0,0,0,0,0
2321,14,46,0,1,6,1,34,5,0,0,0,0,2.247068618,1.001079213
2322,2,5,0,0,0,0,0,0,0,0,0,0,0.073674381,0
2323,0,0,0,0,0,0,0,0,0,0,1.010901356,0,0,0
2324,0,0,0,0,0,0,0,0,0,0,1.010901356,0,0,0
2325,0,0,0,0,0,0,0,0,0,0,2.021802712,0,0,0
2326,0,0,0,0,0,0,0,0,0,0,4.102230147,0,2.156983769,0.522497758
2327,5,15,0,0,0,0,0,0,0,0,0,0,0.184185952,0
2328,1,4,0,0,0,0,0,0,0,0,0,0,0.045086245,0.00048459
2329,0,0,0,0,0,0,0,0,0,0,0,0,0,0
2330,0,0,0,0,0,0,0,0,0,0,0,0,0,0
2331,0,0,0,0,0,0,0,0,0,0,1.415588009,0,0,0
2332,0,0,0,0,0,0,0,0,0,0,1.615037097,0,0,0
2333,0,0,0,0,0,0,0,0,0,0,0,0,0.002085969,0
2334,0,0,0,0,0,0,0,0,0,0,0,0,0,0
2335,0,0,0,0,0,0,0,0,0,0,2.021802712,0,0,0
2336,0,0,0,0,0,0,0,0,0,0,2.021802712,0,0,0
2337,0,0,0,0,0,0,0,0,0,0,0,0,0,0
2338,0,0,0,0,0,0,0,0,0,0,0,0,0,0
2339,0,0,0,0,0,0,0,0,0,0,1.010901353,0,0,0
2340,0,0,0,0,0,0,0,0,0,0,2.021802712,0,0,0
2341,0,0,0,0,0,0,0,0,0,0,1.010901356,0,0,0
2342,0,0,0,0,0,0,0,0,0,0,0,0,0,0
2343,0,0,0,0,0,0,0,0,0,0,0,0,0,0
2344,141,472,0,0,0,0,0,0,0,0,0.95227648,0,35.03706168,8.487215542
2345,226,754,0,0,0,0,0,0,0,0,0,0,54.49775555,13.56354514
2346,103,422,0,0,0,0,0,152,0,0,0,0,15.40269294,7.007554489
2347,0,0,0,0,0,0,0,0,0,0,1.010901356,0,0,0
2348,1,4,0,0,0,0,0,0,0,0,2.021802712,0,0.03683719,0
2349,7,29,0,0,0,0,0,0,0,0,0,0,0.276278981,0.500513039
2350,0,0,0,0,0,0,0,0,0,0,1.83416898,0,0,0
2351,0,0,0,0,0,0,0,0,0,0,1.200614141,0,5.836659573,1.452643229
2352,0,0,0,0,0,0,0,0,0,0,0,0,0,0
2353,0,0,0,0,0,0,0,0,0,0,1.010901356,0,0,0
2354,0,0,0,0,0,0,0,0,0,0,0,0,0,0
2355,0,0,0,0,0,0,0,0,0,0,0,0,0,0
2356,0,0,0,0,0,0,0,0,0,0,8.087210848,0,0,0
2357,0,0,0,0,0,0,0,0,0,0,7.076309492,0,0,0
2358,555,2647,0,0,1,0,30,105,1,10,0,0,58.88733556,36.03885166
2359,0,0,0,0,0,0,0,0,0,0,1.010901356,0,0,0
2360,20,75,0,0,0,0,0,0,0,0,0.033378546,0,0.790270065,1.034133446
2361,0,0,0,0,0,0,0,0,0,0,3.032704068,0,0,0
2362,0,0,0,0,0,0,0,0,0,0,3.986957457,0,0,0
2363,0,0,0,0,0,0,0,0,0,0,1.19409624,0,0,0
2364,21,96,0,0,0,0,0,40,0,0,0.684542543,0,40.17590458,0.847349228
2365,19,96,0,0,0,0,0,0,0,0,0.977522813,0,2.646380373,0.968024983
2366,0,0,0,0,0,0,0,0,0,0,2.021802712,0,0,0
2367,0,0,0,0,0,0,0,0,0,0,1.473279143,0,0,0
2368,0,0,0,0,0,0,0,0,0,0,2.331396829,0,9.355456321,0.681588441
2369,78,377,0,0,0,0,0,0,0,0,0.438742041,0,22.95088485,7.047082947
2370,460,2201,0,0,0,0,2,0,3,0,0,0,49.28298126,27.44637778
2371,200,916,0,0,0,0,0,49,0,0,1.010901356,0,70.17246042,13.01402976
2372,0,0,0,0,0,0,0,0,0,0,2.5755038,0,0,0
2373,0,0,0,0,0,0,0,0,0,0,1.468101634,0,0,0
2374,0,0,0,0,0,0,0,0,0,0,2.021802712,0,0,0
2375,0,0,0,0,0,0,0,0,0,0,0,0,0,0
2376,21,90,0,1,1,0,95,17,3,0,1.094703831,0,4.610060338,1.267781032
2377,149,711,0,0,0,0,0,0,0,0,0,0,5.488741379,10.01079213
2378,361,1244,25,0,0,1,1,29,0,14,0,0,15.87682909,23.02482189
2379,327,1520,0,0,0,0,0,0,0,0,0,0,12.04576128,21.02266347
2380,0,0,0,0,0,0,0,0,0,0,1.010901356,0,0,0
2381,0,0,0,0,0,0,0,0,0,0,0.014084169,0,0,0
2382,99,472,0,0,0,0,0,0,0,0,2.96542268,0,5.787884925,6.137359512
2383,245,1169,0,0,0,0,0,0,0,0,2.005281644,0,18.86964884,15.88638304
2384,456,1822,24,0,0,2,55,0,26,2,0,0,20.81301261,29.03129717
2385,265,1058,0,0,0,0,0,37,0,0,0,0,24.12483152,17.01834662
2386,87,290,0,0,2,0,5,32,1,1,0,0,4.715160337,6.006475222
2387,46,191,0,0,0,0,5,8,0,0,0,0,1.864654923,2.565743917
2388,1,4,0,0,0,0,0,0,0,0,0,0,0.344450868,0.437009185
2389,0,0,0,0,0,0,0,0,0,0,0,0,0,0
2390,7,23,0,0,0,0,0,0,0,0,1.010901356,0,0.257860333,0
2391,0,0,0,0,0,0,0,0,0,0,5.05450678,0,0,0
2392,0,0,0,0,0,0,0,0,0,0,4.043605424,0,0,0
2393,0,0,0,0,0,0,0,0,0,0,0,0,0,0
2394,0,0,0,0,0,0,0,0,0,0,11.11991488,0,0,0
2395,0,0,0,0,0,0,0,0,0,0,5.05450678,0,0,0
2396,0,0,0,0,0,0,0,0,0,0,14.15261898,0,0,0
2397,0,0,0,0,0,0,0,0,0,0,0,0,0,0
2398,0,0,0,0,0,0,0,0,0,0,1.010901356,0,0,0
2399,0,0,0,0,0,0,0,0,0,0,14.15261898,0,0,0
2400,0,0,0,0,0,0,0,0,0,0,14.15261898,0,0,0
2401,0,0,0,0,0,0,0,0,0,0,4.043605424,0,0,0
2402,0,0,0,0,0,0,0,0,0,0,0,0,0,0
2403,0,0,0,0,0,0,0,0,0,0,2.021802712,0,0,0
2404,0,0,0,0,0,0,0,0,0,0,0.996817191,0,0,0
2405,0,0,0,0,0,0,0,0,0,0,7.076309492,0,0,0
2406,0,0,0,0,0,0,0,0,0,0,4.043605424,0,0,0
2407,0,0,0,0,0,0,0,0,0,0,4.043605424,0,0,0
2408,0,0,0,0,0,0,0,0,0,0,2.021802712,0,0.773581,0
2409,0,0,0,0,0,0,0,0,0,0,2.021802712,0,0,0
2410,0,0,0,0,0,0,0,0,0,0,0,0,0,0
2411,6,19,0,0,0,0,0,0,0,0,3.032704068,0,0.221023143,0
2412,0,0,0,0,0,0,0,0,0,0,4.043605424,0,0,0
2413,0,0,0,0,0,0,0,0,0,0,5.05450678,0,0,0
2414,0,0,0,0,0,0,0,0,0,0,4.043605424,0,0,0
2415,0,0,0,0,0,0,0,0,0,0,3.032704068,0,0,0
2416,1,4,0,0,0,0,0,0,0,0,0,0,0.03683719,0
2417,432,1415,0,0,0,0,0,0,0,0,0,0,40.92287556,28.03021795
2418,375,1583,0,13,5,0,61,136,0,16,0,0,23.32333742,24.02590111
2419,328,1383,0,0,0,0,0,0,0,0,0,0,47.09180783,21.02266346
2420,0,0,0,0,0,0,0,0,0,0,24.26163242,0,0,0
2421,0,0,0,0,0,0,0,0,0,0,17.1853233,0,0,0
2422,0,0,0,0,0,0,0,0,0,0,49.53416642,0,0,0
2423,0,0,0,0,0,0,0,0,0,0,52.56687046,0,0,0
2424,0,0,0,0,0,0,0,0,0,0,41.4469556,0,0.009209369,0
2425,0,0,0,0,0,0,0,0,0,0,0,0,0,0
2426,0,0,0,0,0,0,0,0,0,0,0,0,0,0
2427,0,0,0,0,0,0,0,0,0,0,0,0,0,0
2428,0,0,0,0,0,0,0,0,0,0,0,0,1.547161999,0
2429,1,2,0,0,0,0,0,0,0,0,0,0,0.03683719,0
2430,0,0,0,0,0,0,0,0,0,0,0,0,1.362976047,0
2431,0,0,0,0,0,0,0,0,0,0,0,0,0,0
2432,0,0,0,0,0,0,0,0,0,0,0,0,0,0
2433,0,0,0,0,0,0,0,0,0,0,0,0,0,0
2434,0,0,0,0,0,0,0,0,0,0,2.021802712,0,0,0
2435,0,0,0,0,0,0,0,0,0,0,0,0,0,0
2436,0,0,0,0,0,0,0,0,0,0,0,0,0,0
2437,0,0,0,0,0,0,0,0,0,0,0,0,0,0
2438,98,383,0,0,0,0,0,35,0,0,0,0,4.899346339,6.006475285
2439,0,0,0,0,0,0,0,0,0,0,0,0,0,0
2440,315,1340,0,0,0,0,0,0,0,0,0,0,11.61292436,20.02158425
2441,417,1644,0,0,0,0,0,0,0,0,0,0,23.37031776,27.02913874
2442,344,1336,0,0,0,0,21,4,0,1,0,0,69.63896984,22.02374268
2443,0,0,0,0,0,0,0,0,0,0,0,0,0,0
2444,589,2115,0,0,0,0,0,0,0,0,0,0,21.17842745,33.95818088
2445,376,1348,0,0,0,0,0,49,0,0,0,0,71.6926433,24.0259011
2446,503,1801,0,0,1,0,20,3,0,5,0,0,36.65264145,32.53506555
2447,0,0,0,0,0,0,0,0,0,0,0,0,0,0
2448,345,1473,0,0,0,0,0,0,0,0,0,0,71.2551366,26.10657256
2449,429,1832,22,1,0,1,9,0,0,10,0,0,17.41478166,28.03021795
2450,330,1182,0,0,0,0,25,33,0,31,0,0,35.4347828,21.02266347
2451,0,0,0,0,0,0,0,0,0,0,0,0,0,0
2452,116,415,0,0,0,0,3,0,0,0,0,0,19.38362566,7.007554489
2453,112,402,0,0,0,0,0,45,0,0,0,0,5.792648181,7.007554489
2454,0,0,0,0,0,0,0,0,0,0,0,0,0,0
2455,0,0,0,0,0,0,0,0,0,0,1.010901348,0,0,0
2456,0,0,0,0,0,0,0,0,0,0,0,0,0,0
2457,384,1659,0,0,0,0,0,0,0,0,0,0,93.15469051,25.02698032
2458,245,1058,0,0,0,0,0,59,0,0,0,0,11.2077151,16.0172674
2459,414,1209,0,0,0,0,0,0,0,0,0,0,19.25059685,27.02913874
2460,0,0,0,0,0,0,0,0,0,0,3.249384818,0,0,0
2461,0,0,0,0,0,0,0,0,0,0,0.794220628,0,0,0
2462,38,165,0,0,0,0,0,0,0,0,0,0,450.3998132,2.002158425
2463,41,174,0,0,0,0,0,0,0,0,1.010901356,0,3.510324809,3.003237638
2464,0,0,0,0,0,0,0,0,0,0,0,0,0,0
2465,981,3490,0,0,0,0,0,42,0,0,0,0,37.69365503,63.06799037
2466,421,1761,0,0,0,0,0,0,0,0,0,0,27.50845718,27.02913874
2467,1234,5285,0,0,0,0,0,49,0,0,0,0,85.26211536,79.0852578
2468,90,381,0,0,0,0,0,39,0,0,1.010901356,0,106.7612068,6.006475276
2469,0,0,0,0,0,0,0,0,0,0,1.010901356,0,0,0
2470,0,0,0,0,0,0,0,0,0,0,3.032704068,0,0,0
2471,588,1910,9,79,1,6,92,61,50,71,0,0,86.25319127,38.04101008
2472,456,1951,54,2,1,7,5,6,3,80,0,0,33.63645356,29.03129717
2473,728,3117,0,0,0,0,0,0,0,0,0,0,29.82668386,47.05072299
2474,0,0,0,0,0,0,0,0,0,0,1.010901356,0,0,0
2475,0,0,0,0,0,0,0,0,0,0,0.329889252,0,0.012021146,0
2476,1,6,0,0,0,0,0,0,0,0,0.681012179,0,0.024816047,0
2477,487,2063,11,2,2,0,5,4,2,46,0,0,165.5919895,31.03345559
2478,98,417,40,11,12,0,14,99,13,149,0,0,53.07022425,6.006475276
2479,503,1925,0,0,0,0,0,0,0,0,0,0,29.53831614,32.0345348
2480,696,2860,218,137,4,26,10,16,48,125,0,0,50.15160379,45.04856457
2481,696,2859,0,0,0,0,0,0,0,0,0,0,25.66631241,45.04856457
2482,178,731,6,1,1,0,5,5,1,28,0,0,20.28836785,11.01187134
2483,137,579,0,0,0,0,0,410,0,0,0,0,70.15915255,9.009712914
2484,5,18,0,0,0,0,0,178,0,0,0,0,6.741205854,0
2485,72,305,0,0,0,0,0,0,0,0,0,0,78.65227771,5.005396063
2486,0,0,0,0,0,0,0,0,0,0,2.021802712,0,0,0
2487,909,3476,18,2,1,23,137,7,66,100,0,0,69.54379017,58.56310737
2488,191,786,0,0,0,0,0,0,0,0,0,0,66.04511249,12.01295052
2489,30,124,0,0,0,0,0,0,0,0,0,0,1.114324918,2.002158425
2490,260,1067,0,0,0,0,0,0,0,0,0,0,9.57766952,17.01834662
2491,324,1333,0,0,0,0,0,0,0,0,0,0,11.93524971,21.02266347
2492,164,695,0,0,0,0,0,0,0,0,0.580402291,0,3.473859225,6.322392696
2493,28,119,32,2,3,0,14,23,10,145,0,0,6.956325744,1.471155998
2494,2,8,0,0,0,0,0,0,0,0,0,0,0.073674381,0
2495,8,33,0,0,0,0,0,0,0,0,0,0,13.29469751,1.001079211
2496,96,393,2,0,1,0,0,38,0,6,0,0,115.2677182,6.006475276
2497,0,0,0,0,0,0,0,0,0,0,0.936254111,0,0,0
2498,0,0,0,0,0,0,0,0,0,0,1.085548603,0,0,0
2499,0,0,0,0,0,0,0,0,0,0,0.430499087,0,5.087481756,5.220481339
2500,0,0,0,0,0,0,0,0,0,0,0,0,11.3458546,0
2501,0,0,0,0,0,0,0,0,0,0,0,0,0,0
2502,0,0,0,0,0,0,0,0,0,0,4.043605279,0,0,0
2503,0,0,0,0,0,0,0,0,0,0,0.774539641,0,0,0
2504,0,0,0,0,0,0,0,0,0,0,0.23636174,0,0,0
2505,209,882,17,5,2,0,8,10,4,65,0,0,261.3757489,15.29559383
2506,108,422,10,2,2,0,3,22,3,36,0,0,26.5170348,7.00755449
2507,0,0,0,0,0,0,0,0,0,0,0,0,91.6047269,0
2508,0,0,0,0,0,0,0,0,0,0,0,0,62.4256517,0
2509,0,0,0,0,0,0,0,0,0,0,0,0,71.01447628,0
2510,112,333,55,10,6,0,24,55,43,210,0,0,22.97115309,7.007554489
2511,496,1476,96,246,9,27,82,324,151,354,0,0,76.75438497,32.0345348
2512,2,8,521,104,13,0,69,82,51,495,0,0,48.62284439,0
2513,459,1465,132,240,2,22,19,3,53,62,0,0,119.7968989,30.72344548
2514,895,3488,10,2,1,1,16,11,5,50,0,0,36.71186022,58.31746846
2515,127,497,0,31,0,0,3,67,125,79,0,0,34.92287562,8.008633701
2516,685,1758,3,18,0,10,1,2,1,15,0,0,206.8393491,43.3564166
2517,390,1002,11,2,3,0,7,23,4,37,0,0,127.5713398,25.02698032
2518,268,1128,0,0,0,0,0,0,0,0,0,0,63.29372883,14.98704801
2519,1138,4422,6,5,1,10,47,43,6,23,0,0,58.91777183,72.82390881
2520,480,1233,41,3,5,0,17,21,6,142,0,0,238.3385912,31.03345559
2521,0,0,0,0,0,0,0,0,0,0,0,0,0,0
2522,340,1434,1,0,0,2,1,0,0,1,0,0,327.7180399,22.02374268
2523,1141,2933,19,3,2,3,20,7,6,62,0,0,54.57141798,73.5793487
2524,382,982,0,0,0,0,0,0,0,0,0,0,186.0810161,25.02698032
2525,202,686,45,2,2,0,10,33,5,80,0,0,88.96129518,13.01402976
2526,0,0,0,0,0,0,0,0,0,0,0,0,173.7250183,0
2527,0,0,0,0,0,0,0,0,0,0,0,0,0,0
2528,95,246,53,83,4,0,22,79,16,255,0,0,78.36017461,6.006475276
2529,3,10,0,0,0,0,0,0,0,0,0,0,0.110511571,0
2530,740,1905,0,0,0,0,0,0,0,0,0,0,76.25952094,48.05180221
2531,0,0,0,0,0,0,0,0,0,0,0,0,10.31441334,0
2532,0,0,0,0,0,0,0,0,0,0,0,0,0,0
2533,0,0,0,0,0,0,0,0,0,0,0,0,23.72315066,0
2534,335,1140,0,0,0,0,0,0,0,0,0,0,240.3404588,22.02374268
2535,427,1451,0,0,0,0,0,45,0,0,0,0,43.3871539,27.02913874
2536,0,0,0,0,0,0,0,0,0,0,0,0,72.97447634,0
2537,181,727,0,0,0,0,0,0,0,0,0,0,31.68595009,12.01295055
2538,229,947,0,0,0,0,0,13,0,0,0,0,15.91460009,15.01618819
2539,43,178,0,0,0,0,0,0,0,0,0,0,17.58399919,3.003237638
2540,315,868,23,10,3,1,27,114,37,101,0,0,27.24426718,20.02158425
2541,264,1179,0,0,0,0,0,49,0,0,0,0,12.53924995,17.01834662
2542,199,536,1,0,0,0,0,0,0,1,0,0,7.404275283,13.01402976
2543,271,868,93,5,107,90,53,32,29,291,0,221.5652174,35.76891194,17.01834662
2544,421,1435,3,0,1,2,2,1,0,17,0,0,16.46622414,27.02913874
2545,0,0,0,0,0,0,0,0,0,0,0,0,10.46176209,0
2546,230,815,28,0,0,1,0,0,0,5,0,0,9.725018282,15.01618819
2547,0,0,0,0,0,0,0,0,0,0,0,0,12.67199352,0
2548,0,0,0,0,0,0,0,0,0,0,0,0,16.42938695,0
2549,0,0,0,0,0,0,0,0,0,0,0,0,92.20348778,0
2550,0,0,0,0,0,0,0,0,0,0,0,0,127.2264464,0
2551,0,0,0,0,0,0,0,0,0,0,0,0,19.3026878,0
2552,0,0,0,0,0,0,0,0,0,0,0,0,52.55746158,0
2553,0,0,0,0,0,0,0,0,0,0,0,0,168.7880067,0
2554,146,496,37,6,4,0,41,39,28,174,0,0,17.50687484,9.009712914
2555,329,1143,85,132,9,4,295,48,99,361,0,0,50.17225341,21.02266347
2556,0,0,0,0,0,0,0,0,0,0,0,0,32.02072771,0
2557,664,2307,279,24,55,74,490,40,96,193,0,0,70.55242901,43.04640614
2558,2,5,6,0,1,0,4,6,2,17,0,0,1.399813212,0
2559,250,955,0,0,0,0,0,0,0,0,0,0,9.209297615,16.0172674
2560,1,5,0,0,0,0,0,0,0,0,1.010901356,0,0.03683719,0
2561,330,1102,0,0,0,0,0,0,0,0,0,0,12.16548219,21.02266347
2562,229,719,0,0,0,0,0,0,0,0,0,0,8.44492582,15.01618819
2563,119,374,0,0,0,0,0,0,0,0,0,0,175.3836121,8.008633083
2564,183,590,0,0,0,0,0,0,0,0,0.645743157,0,49.95850331,10.23150356
2565,3,6,0,0,0,0,0,0,0,0,1.010901356,0,0.110511571,0
2566,4,11,27,3,134,381,137,59,11,41,0,0,152.3592408,0
2567,67,195,0,0,0,0,0,0,0,0,0.365158232,0,28.27993246,5.801537187
2568,374,1175,0,0,0,0,0,0,0,0,0,0,55.22556182,24.74936638
2569,3,8,0,0,63,166,123,2,1,0,0,0,122.1877142,0
2570,26,63,111,13,7,187,364,238,80,520,1.010901356,0,56.95029645,2.002158425
2571,0,0,0,0,0,0,0,0,0,0,0,0,63.38788069,0
2572,0,0,0,0,0,0,0,0,0,0,3.032704068,0,0,0
2573,1043,3978,24,4,2,0,9,10,3,80,1.010901356,0,787.2929081,67.07230725
2574,324,1355,0,0,0,0,0,0,0,0,0,0,13.94445905,21.02266347
2575,66,276,0,0,0,0,0,49,0,0,0,0,10.2362769,4.004316851
2576,427,1546,46,0,11,0,8,0,0,8,0,0,76.41859523,27.02913874
2577,257,1223,0,0,0,0,0,0,0,0,0,0,9.467157948,17.01834662
2578,327,1028,0,0,0,0,0,0,0,0,0,0,12.04576128,21.02266347
2579,2,8,0,0,0,0,0,0,0,0,0,0,74.47754569,24.44151403
2580,526,1651,0,0,0,0,0,0,0,0,0,0,37.2556755,12.22630401
2581,265,789,0,0,0,0,0,0,0,0,0,0,52.3283732,21.85262769
2582,85,271,3,0,1,29,2,0,0,3,0,0,75.23719319,31.41948184
2583,462,1451,1,0,0,6,9,0,0,1,0,0,18.19505594,29.29313932
2584,175,528,0,0,0,0,0,0,0,0,0,0,48.70851895,15.98481715
2585,249,805,0,0,0,0,0,0,0,0,0,0,25.63648129,8.413197818
2586,665,2131,0,0,0,0,0,0,0,0,0,0,28.25165633,11.79805314
2587,2,4,2,1,1,0,1,2,2,6,0,0,0.626278945,1.66E-05
2588,3,6,0,0,0,0,0,0,0,0,0,0,0.110511571,0
2589,661,2906,0,0,0,0,0,0,0,0,0,0,26.35859223,43.04640614
2590,110,419,5,0,1,0,4,5,2,16,0,0,5.267718236,7.007554489
2591,56,233,0,0,0,0,0,31,0,0,0,0,3.20483557,4.004316851
2592,137,571,1,0,0,0,2,0,71,1,0,0,10.80948438,9.009712914
2593,274,1225,0,0,44,1,0,0,0,0,0,0,11.75106376,18.01942583
2594,158,704,4,0,0,1,6,2,1,23,0,0,7.192461344,10.01079213
2595,126,397,0,0,0,0,0,0,0,0,0,0,15.641486,8.008633701
2596,599,1900,117,144,1,0,105,131,334,887,0,0,120.4162352,39.04208929
2597,445,1407,1,0,21,0,0,0,0,0,0,0,17.20296795,29.03129717
2598,370,1447,7,0,0,0,0,35,20,27,0,0,20.90827042,24.0259011
2599,177,434,24,24,2,0,14,46,5,68,0,0,15.26138857,11.01187134
2600,134,331,140,25,9,1,90,49,64,342,0,0,31.47737921,9.009712914
2601,294,911,93,3,297,32,114,44,31,260,0,0,44.044257,19.02050504
2602,17,52,184,147,7,1,75,26,196,332,0,0,36.2846326,1.001079213
2603,0,0,0,0,0,0,0,0,0,0,0,0,28.18965991,0
2604,214,660,60,7,6,0,16,17,11,188,0,0,19.11850185,14.01510898
2605,344,1376,6,1,2,2,13,9,6,31,0,0,33.25059685,22.02374268
2606,142,572,27,23,1,8,1,82,2,16,0,0,11.13404072,9.009712914
2607,107,429,7,0,9,0,3,3,1,12,0,0,5.230881045,7.007554489
2608,53,131,57,2,3,0,18,35,14,155,0,0,12.41413319,3.003237638
2609,200,497,47,75,42,0,34,288,111,580,0,0,51.72481126,13.01402976
2610,219,580,17,2,6,129,75,186,41,59,0,0,27.0384978,14.01510898
2611,98,303,101,106,33,0,49,232,68,275,0,0,35.43737722,6.006475276
2612,149,601,0,0,0,0,5,73,0,0,0,0,10.36204223,10.01079213
2613,212,852,0,0,0,0,0,48,0,0,0,0,11.58687889,14.01510898
2614,131,345,24,5,17,0,14,69,9,87,0,0,13.1140398,8.008633701
2615,247,710,6,1,2,1,4,16,2,23,0,0,20.13404086,16.0172674
2616,203,582,142,23,164,0,469,258,59,327,0,0,76.59717831,13.01402976
2617,459,1623,0,0,3,0,0,0,0,0,0,0,17.01878199,30.03237638
2618,268,755,216,23,13,434,1333,129,142,522,0,0,113.4769652,17.01834662
2619,3,9,32,0,23,0,17,5,3,64,0,0,7.415066998,0
2620,322,1036,0,0,0,0,0,0,0,0,0,0,13.86157533,21.02266347
2621,290,1212,0,0,0,0,0,0,0,0,0,55.39130434,13.68278523,19.02050504
2622,215,863,0,0,0,0,0,0,0,0,0,0,17.91999592,14.01510896
2623,0,0,0,0,0,0,0,0,0,0,0,0,38.56853841,0
2624,648,1987,0,0,0,0,0,0,0,0,0,0,23.87049942,42.04532693
2625,303,1296,12,1,0,0,14,11,5,72,0,0,38.40715482,19.02050504
2626,453,1937,1,0,0,0,37,34,1,48,0,0,31.16296606,29.03129717
2627,131,522,0,0,0,0,0,147,0,0,0,0,14.24073895,8.008633701
2628,234,849,0,0,0,0,0,0,0,0,0,8.521739123,8.619902562,15.01618818
2629,0,0,0,0,0,0,0,0,0,0,0,0,33.5955177,0
2630,0,0,0,0,0,0,0,0,0,0,0,0,122.6770535,0
2631,1,1,100,220,3,0,212,86,114,709,0,0,53.24815886,0
2632,153,653,4,0,0,52,12,0,0,154,0,0,13.81394642,10.01079213
2633,362,1548,12,31,0,9,14,3,74,54,0,0,20.59198947,23.02482189
2634,313,799,0,0,0,0,13,0,0,71,0,0,99.63357389,20.02158425
2635,161,587,54,2,2,0,32,90,82,187,0,0,24.47068618,10.01079213
2636,67,241,395,131,16,0,74,70,147,481,0,0,79.8813694,4.004316851
2637,0,0,0,0,0,0,0,0,0,0,0,0,78.99735503,0
2638,0,0,0,0,0,0,0,0,0,0,0,0,69.32759245,0
2639,0,0,0,0,0,0,0,0,0,0,0,0,46.26751122,0
2640,0,0,0,0,0,0,0,0,0,0,0,0,89.21046605,0
2641,699,2017,0,0,0,0,0,0,0,0,0,0,83.74919613,45.04856457
2642,519,1499,4,1,0,0,4,5,3,34,0,0,369.9971986,33.03561402
2643,0,0,0,0,0,0,0,0,0,0,0,0,5.194043855,0
2644,0,0,0,0,0,0,0,0,0,0,1.010901356,0,0,0
2645,0,0,0,0,0,0,0,0,0,0,0,0,42.1049087,0
2646,0,0,0,0,0,0,0,0,0,0,0,0,59.27103945,0
2647,631,2042,0,0,0,0,0,0,0,0,0,0,23.2626858,41.04424773
2648,300,867,66,2,4,0,12,62,30,28,0,0,18.56594399,19.02050504
2649,106,304,0,0,0,0,0,0,0,0,0,0,5.904742189,7.007554489
2650,0,0,0,0,0,0,0,0,0,0,1.010901356,0,0.184185952,0
2651,230,745,0,0,0,0,0,0,0,0,0,0,8.472553803,15.01618818
2652,351,1012,0,0,0,0,0,34,0,0,0,0,51.18231833,23.02482189
2653,0,0,0,0,0,0,0,0,0,0,0,0,5.184834442,0
2654,843,2930,0,0,0,0,0,0,0,0,0,0,180.0537512,54.05827738
2655,245,706,0,0,0,0,0,0,0,0,0,0,9.025111663,16.0172674
2656,0,0,0,0,0,0,0,0,0,0,0,0,0,0
2657,112,294,295,151,6,83,21,22,18,226,0,0,37.40593589,7.007554489
2658,362,945,27,1,9,83,16,114,27,80,0,0,26.48593994,23.02482189
2659,76,201,111,12,13,394,89,83,88,318,0,0,43.61523351,5.005396063
2660,598,1954,39,257,6,22,306,33,186,56,0,0,57.3755066,38.29127545
2661,301,722,191,468,127,52,86,39,71,431,0,0,65.05447835,19.02050504
2662,0,0,0,0,0,0,0,0,0,0,0,0,86.05167692,0
2663,141,339,679,570,2,5,91,8,12,138,0,0,60.6340155,9.009712914
2664,355,854,223,203,35,187,160,78,139,607,0,0,74.19549745,23.02482189
2665,16,42,283,31,15,511,129,242,207,441,0,0,69.06973211,1.001079213
2666,172,324,152,122,84,141,47,9,84,256,0,0,39.30528222,11.01187134
2667,251,734,23,0,0,7,19,42,167,46,0,0,20.44464071,16.0172674
2668,221,412,28,2,23,177,23,77,125,167,0,0,32.05375156,14.01510898
2669,530,2070,81,60,5,0,20,24,95,231,0,0,38.54091043,34.03669323
2670,433,1296,2,1,20,4,4,386,3,300,0,0,43.4732806,28.03021795
2671,459,1588,12,1,1,65,22,10,20,41,0,0,23.24426718,30.03237638
2672,341,1022,28,4,2,0,26,34,29,251,0,0,26.33859118,22.02374268
2673,384,1602,669,256,29,12,243,64,151,575,0,0,87.78302487,25.02698032
2674,546,2017,0,0,3,0,8,0,0,0,0,0,34.51831509,35.03777244
2675,286,969,0,0,0,0,0,0,0,0,0,0,10.53543647,18.01942583
2676,259,875,0,0,0,0,0,0,0,0,0,0,9.540832329,17.01834662
2677,323,1174,1,0,0,2,6,1,0,99,0,0,15.92287562,21.02266347
2678,257,840,0,0,0,0,0,48,0,0,0,0,11.23534309,17.01834662
2679,230,693,0,0,0,0,0,96,0,0,0,0,13.00892409,15.01618819
2680,199,791,0,0,0,0,0,0,0,0,0,0,7.330600902,13.01402976
2681,468,1900,0,0,0,0,0,0,0,0,0,0,17.23980514,30.03237638
2682,363,1359,0,0,0,0,0,208,0,0,0,0,21.03403575,23.02482189
2683,182,788,0,0,0,0,0,0,0,0,0,0,6.704368664,12.01295055
2684,269,682,0,0,0,0,0,0,0,0,0,0,12.90920423,17.01834662
2685,255,864,0,0,0,0,0,0,0,0,0,0,630.4026536,16.0172664
2686,348,1430,0,0,0,0,0,0,0,0,0,0,18.81934228,22.02374268
2687,272,1061,0,0,0,0,0,35,0,0,0,0,73.30901747,17.01834662
2688,278,1078,0,0,0,0,0,0,0,0,0,0,21.24073895,18.01942583
2689,148,538,0,0,0,0,0,0,0,0,0,0,5.451904188,10.01079213
2690,344,1252,0,0,0,0,0,61,0,0,0,0,21.91906214,22.02374268
2691,217,730,15,2,2,24,4,7,3,39,0,0,21.53004061,14.01510898
2692,347,1171,0,47,0,0,0,123,0,0,0,0,278.0448275,22.02374268
2693,611,2005,52,110,8,64,172,124,116,91,0,0,49.68416052,39.04208929
2694,347,1389,0,1,8,1,44,4,11,18,0,0,18.99654994,22.02374268
2695,423,1451,0,0,0,0,0,0,0,0,0,0,36.62817826,27.02913874
2696,226,1010,295,58,21,35,343,66,70,136,0,0,76.04648808,15.01618819
2697,426,1696,0,0,0,0,0,0,0,0,0,0,15.71106168,27.02913874
2698,377,1351,0,0,13,0,18,49,1,23,0,0,22.73710702,24.0259011
2699,344,1449,0,0,0,0,0,0,0,0,0,0,12.67199352,22.02374268
2700,206,739,3,0,0,0,12,36,1,14,0,0,14.01971581,13.01402976
2701,260,807,5,0,0,7,12,27,4,34,0,0,12.87459812,17.01834662
2702,422,1308,248,234,6,72,44,213,73,363,0,0,70.70229402,27.02913874
2703,240,808,30,49,1,108,57,22,49,253,0,0,29.80128708,15.01618819
2704,220,984,0,0,0,0,0,0,0,0,0,0,8.122600385,14.01510898
2705,339,1325,0,0,0,0,31,2,0,55,0,0,15.72948033,22.02374268
2706,20,60,0,0,0,0,0,0,0,0,0,0,0.736743809,1.001079213
2707,327,1073,71,29,2,24,12,13,54,184,0,0,37.37542837,21.02266347
2708,104,390,16,0,0,3,0,0,0,39,0,0,9.967624855,7.007554489
2709,75,279,0,0,0,0,0,0,0,0,0,0,6.762789285,5.005396063
2710,120,445,0,0,1,0,5,4,2,2,0,0,4.954602139,8.008633701
2711,465,1450,17,1,6,36,78,36,18,46,0,0,57.89654489,30.03237638
2712,75,256,0,0,0,0,0,0,0,0,0,0,2.771998564,5.005396063
2713,269,917,31,23,67,132,117,113,124,158,0,0,42.09886414,17.01834662
2714,198,575,0,0,0,0,0,0,0,0,0,0,18.30297308,13.01402976
2715,234,679,0,0,0,0,0,0,0,0,0,0,33.61990257,15.01618819
2716,360,1269,0,0,0,0,108,16,4,12,0,0,18.44622328,23.02482189
2717,143,404,20,3,16,51,402,135,85,52,0,0,33.41133175,9.009712914
2718,257,727,0,0,0,0,23,46,0,4,0,0,12.15627285,17.01834662
2719,1140,4142,0,0,0,0,0,0,0,0,0,0,62.00360648,73.07878251
2720,491,2222,0,0,0,0,0,0,0,0,2.021802712,0,29.08706052,32.0345348
2721,435,1874,0,0,0,0,0,0,0,0,0,0,23.04259647,28.03021795
2722,328,962,0,0,0,0,0,0,0,0,0,0,70.09180782,21.02266349
2723,335,1088,0,0,61,3,217,13,0,33,0,0,29.38622009,22.02374268
2724,215,827,0,0,0,0,0,0,0,0,0,0,7.947623831,14.01510898
2725,252,970,0,0,0,0,0,0,0,0,0,0,63.31059985,16.0172674
2726,0,0,0,0,0,0,0,0,0,0,0,0,7.514786854,0
2727,0,0,0,0,0,0,0,0,0,0,0,0,104.0650631,0
2728,0,0,0,0,0,0,0,0,0,0,0,264.173913,92.53502244,0
2729,0,0,0,0,0,0,0,0,0,0,0,0,120.6049616,0
2730,0,0,0,0,0,0,0,0,0,0,0,0,49.54602117,0
2731,413,1387,7,0,1,100,14,1,0,12,0,0,20.19598965,27.02913874
2732,2,3,45,1,835,136,45,76,16,145,0,0,47.92518479,0
2733,29,96,124,4,704,190,25,67,21,180,0,0,49.51839332,2.002158425
2734,184,467,0,0,0,0,0,0,0,0,0,0,6.778043045,12.01295055
2735,171,573,22,32,4,41,34,25,9,109,0,0,33.47543342,11.01187134
2736,320,814,111,10,23,66,76,122,219,403,0,0,54.73020712,21.02266347
2737,38,138,44,70,0,9,40,163,0,230,0,0,21.88129113,2.002158425
2738,214,767,99,58,13,1,48,135,70,484,0,0,41.3313277,14.01510898
2739,289,1107,0,0,0,0,11,103,1,30,0,0,21.98734066,19.02050504
2740,419,1373,0,0,0,0,0,0,0,0,0,0,15.4347828,27.02913874
2741,0,0,0,0,0,0,0,0,0,0,0,0,55.43997164,0
2742,91,305,29,2,63,147,39,13,10,490,0,0,32.56407637,6.006475276
2743,82,273,0,0,0,0,0,0,0,0,0,0,18.02064962,5.005396063
2744,44,149,513,122,109,275,67,102,72,685,0,0,73.26917183,3.003237638
2745,172,607,44,16,2,43,83,89,94,253,0,0,74.33161281,11.01187134
2746,439,1559,5,0,1,34,25,18,3,72,0,0,27.99180271,28.03021795
2747,395,1344,0,0,0,0,0,0,0,0,0,0,14.5598996,25.02698032
2748,0,0,0,0,0,0,0,0,0,0,0,0,147.2780959,0
2749,0,0,0,0,0,0,0,0,0,0,0,0,34.48593994,0
2750,0,0,0,0,0,0,0,0,0,0,0,0,200.2501828,0
2751,70,235,149,110,4,33,48,2,35,1422,0,0,71.00526701,5.005396063
2752,670,1820,90,124,1,102,134,64,73,135,0,0,51.31420631,43.04640614
2753,570,1866,23,8,4,33,19,196,16,392,0,0,46.46090654,37.03993087
2754,587,2077,0,0,0,0,0,0,0,0,0,0,23.6234308,38.04101008
2755,32,76,5,55,212,22,537,58,21,99,0,0,78.34751527,2.002158425
2756,0,0,0,0,0,0,0,0,0,0,0,0,82.58898101,0
2757,469,1131,21,17,1,0,184,24,6,134,0,0,31.53263503,30.03237638
2758,34,91,167,110,8,74,595,38,196,179,0,0,63.60890384,2.002158425
2759,673,1681,1973,5,272,202,113,33,83,129,0,0,128.3039344,43.04640614
2760,438,1625,0,0,0,0,0,0,0,0,0,0,21.15310791,28.03021795
2761,0,0,0,0,0,0,0,0,0,0,0,0,31.09058875,0
2762,176,311,49,27,3,111,27,44,102,278,0,0,49.09598461,11.01187134
2763,1754,4052,114,376,95,164,1276,183,276,440,0,0,211.3888422,113.121951
2764,414,888,64,6,7,0,349,20,14,38,0,0,33.61393611,27.02913874
2765,897,2374,147,50,2,3,258,45,25,82,0,0,73.59652974,58.06259433
2766,635,1553,183,114,4,22,330,23,57,34,0,0,51.64574103,41.04424772
2767,136,242,16,122,5,58,297,46,44,86,0,0,29.83812427,9.009712914
2768,23,39,44,3,49,63,266,18,94,117,0,0,24.93877794,1.001079213
2769,322,570,113,154,17,209,479,247,145,304,0,0,79.30600902,21.02266347
2770,480,1179,64,261,19,0,441,58,203,67,0,0,79.69085368,31.03345559
2771,588,2071,17,3,0,4,86,8,470,221,0,0,51.47076435,38.04101008
2772,427,1350,0,1,0,0,86,59,3,15,0,0,21.77077956,27.02913874
2773,741,2132,4,19,39,22,368,215,29,20,0,0,56.6717865,48.05180221
2774,388,1186,4,0,0,1,3,112,6,13,0,0,19.41319937,25.02698032
2775,503,1360,0,0,0,0,0,0,33,0,0,0,19.75394343,32.0345348
2776,533,2065,0,0,0,0,0,0,0,0,0,0,21.65264119,34.03669327
2777,391,1286,0,0,0,0,0,148,0,0,0,0,19.85524566,25.02698032
2778,539,1847,0,0,0,0,0,0,0,0,0,0,19.85524566,35.03777244
2779,767,2846,31,0,14,3,114,42,80,101,0,25.56521738,42.43644341,49.05288142
2780,137,458,36,17,10,1,1344,181,1566,14,0,0,134.7837517,9.009712914
2781,296,1103,0,0,0,0,0,0,0,0,0,0,10.92222693,19.02050504
2782,304,1044,0,0,0,0,0,36,0,0,0,0,12.52464476,20.02158425
2783,569,1577,0,0,2,1,27,153,1,47,0,0,29.46975237,37.03993087
2784,377,1294,0,1,0,0,18,2,19,9,0,0,15.7018525,24.0259011
2785,281,1363,0,0,0,0,0,0,0,0,0,0,10.3604598,18.01942583
2786,232,913,0,0,0,0,14,1,0,33,0,0,10.31441333,15.01618819
2787,0,0,0,0,0,0,0,0,0,0,2.021802712,0,69.9169875,0
2788,585,2086,0,0,0,0,0,374,0,0,0,0,73.32686565,38.04101008
2789,344,1133,0,1,2,0,132,114,6,23,0,0,22.92194181,22.02374268
2790,0,0,0,0,0,0,0,0,0,0,0,0,77.70805333,0
2791,0,0,0,0,0,0,0,0,0,0,0,0,8.034329322,12.9523212
2792,0,0,0,0,0,0,0,0,0,0,0,0,0,0
2793,0,0,0,0,0,0,0,0,0,0,0,0,0,0
2794,0,0,0,0,0,0,0,0,0,0,0,0,0,0
2795,0,0,0,0,0,0,0,0,0,0,0,0,82.30349286,0
2796,0,0,0,0,0,0,0,0,0,0,0,0,0,0
2797,0,0,0,0,0,0,0,0,0,0,0,0,0,0
2798,0,0,0,0,0,0,0,0,0,0,0,0,0,0
2799,0,0,0,0,0,0,0,0,0,0,0,0,0,0
2800,0,0,0,0,0,0,0,0,0,0,0,0,60.76164846,0
2801,0,0,0,0,0,0,0,0,0,0,0,0,0,0
2802,0,0,0,0,0,0,0,0,0,0,0,0,0,0
2803,1561,5040,0,0,0,0,0,68,0,0,0,0,55.67336062,87.15560016
2804,629,2033,0,0,0,0,0,34,0,0,0,0,24.42305728,40.04316851
2805,0,0,0,0,0,0,0,0,0,0,0,0,0.331534714,0
2806,0,0,0,0,0,0,0,0,0,0,0,0,74.21189204,0
2807,1,2,159,24,130,464,225,428,109,860,0,0,88.42767568,0
2808,249,841,0,0,0,0,0,0,0,0,0,0,17.190879,16.0172674
2809,746,2518,0,0,0,0,0,0,0,0,0,0,27.48975329,48.05180221
2810,1168,2762,0,0,0,0,0,0,0,0,0,0,43.03504766,75.08094095
2811,495,1168,38,10,4,0,20,14,18,132,0,0,35.92798623,32.0345348
2812,1,2,206,35,917,103,52,26,43,301,0,0,62.03382874,0
2813,294,1202,0,0,0,0,0,0,0,0,0,0,54.830134,19.02050504
2814,137,557,0,0,0,0,0,39,0,0,0,0,6.483345521,9.009712914
2815,156,641,22,27,3,13,10,58,34,138,0,0,26.9819448,10.01079213
2816,323,764,47,26,1,0,12,12,31,116,0,0,20.92352418,21.02266347
2817,0,0,0,0,0,0,0,0,0,0,0,0,86.67790915,0
2818,864,2698,0,0,0,0,0,0,0,271,0,0,41.81942054,56.06043591
2819,2,7,2,0,57,0,2,34,2,16,0,0,4.236276903,0
2820,221,807,49,0,208,46,24,4,3,128,0,0,25.15980108,14.01510898
2821,157,491,7,1,1,0,8,17,5,78,0,0,10.09339019,10.01079213
2822,0,0,0,0,0,0,0,0,0,0,0,0,22.3970118,0
2823,2,5,91,8,1083,66,236,287,84,407,0,0,83.3993992,0
2824,24,61,781,33,313,134,1366,128,128,812,0,0,136.9975112,2.002158423
2825,323,821,0,0,0,0,0,88,0,0,0,0,15.14008528,21.02266347
2826,231,699,55,190,7,0,24,85,108,284,0,0,36.24779541,15.01618819
2827,149,495,139,198,6,8,32,20,283,194,0,0,37.90546898,10.01079213
2828,604,2322,0,0,0,0,0,32,0,0,0,0,24.42845313,39.04208929
2829,658,2305,0,0,7,0,0,0,0,0,0,0,24.49673166,42.04532693
2830,136,476,0,0,0,0,0,0,0,0,0,0,5.009857903,9.009712914
2831,334,696,58,3,4,5,307,16,129,76,0,0,34.34147088,21.27292884
2832,533,2116,0,0,0,0,0,33,0,0,0,0,20.8498498,34.03669323
2833,434,1561,81,152,264,4,48,22,50,225,0,0,48.15160379,28.03021795
2834,472,1443,99,86,5,2,65,62,16,197,0,0,40.98453922,30.03237638
2835,277,821,0,0,0,0,0,253,0,0,0,0,19.52371094,18.01942583
2836,124,318,169,31,40,80,793,335,204,828,0,0,100.9424626,8.008633701
2837,953,2403,376,171,20,9,221,298,336,1047,0,0,166.4160285,61.06583197
2838,533,1774,276,70,12,6,120,128,1173,652,0,0,109.4248742,34.03669323
2839,700,1846,195,81,24,17,37,133,54,421,0,0,61.2418291,45.04856457
2840,578,1733,5,0,1,7,0,0,0,9,0,0,22.10231428,37.03993087
2841,326,777,4,0,0,0,11,91,3,25,0,0,16.95431689,21.02266347
2842,546,1940,14,42,4,12,127,33,288,116,0,42.60869564,43.54155912,35.03777244
2843,706,2202,102,78,32,18,37,63,34,221,0,0,50.56602209,45.04856457
2844,576,1943,16,1,0,6,32,84,27,39,0,0,28.76984575,37.03993087
2845,363,908,222,71,4,68,75,42,113,291,0,0,46.00965089,23.02482189
2846,367,859,155,44,6,27,71,38,32,275,0,0,37.3989576,24.0259011
2847,821,2465,19,3,5,0,20,65,18,198,0,0,42.32593184,53.05719827
2848,466,1557,8,45,69,12,94,2,164,142,0,0,36.91086484,30.03237638
2849,425,1416,216,8,5,1,66,44,76,284,0,0,49.44183927,27.02913874
2850,84,311,64,9,6,18,102,151,268,289,0,0,36.51486495,5.005396063
2851,0,0,0,0,0,0,0,0,0,0,0,0,63.54415355,0
2852,2,4,37,4,16,21,93,33,31,177,0,0,15.25059685,0
2853,829,2847,16,34,2,81,9,27,55,90,0,0,42.1049087,53.05719827
2854,383,1198,5,0,1,22,12,48,550,8,0,0,37.90546898,25.02698032
2855,757,1578,361,239,14,62,164,115,304,897,0,0,107.3251543,49.05288142
2856,251,681,101,146,74,0,125,236,182,238,0,0,49.84071869,16.0172674
2857,379,1030,17,3,4,0,12,32,30,92,0,0,20.96036137,24.0259011
2858,515,1616,0,0,0,0,0,0,0,0,0,0,18.97115309,33.03561402
2859,415,1449,0,0,0,0,0,55,0,0,0,0,22.31347952,27.02913874
2860,0,0,0,0,0,0,0,0,0,0,0,0,122.3363095,0
2861,108,271,109,282,21,0,74,38,13,208,0,0,31.42212346,7.007554489
2862,392,1008,17,1,1,2,7,54,6,65,0,0,26.08547808,25.02698032
2863,640,1949,4,0,3,3,60,0,58,181,0,0,34.95849375,41.04424772
2864,222,794,3,1,1,0,206,190,140,352,0,0,41.07346736,14.01510898
2865,513,1516,389,90,11,0,66,74,105,496,0,0,65.24406016,33.03561402
2866,480,1418,175,167,33,1,150,60,80,833,0,0,72.90079992,31.03345559
2867,285,774,394,173,20,3,124,189,140,930,0,0,83.17837606,18.01942583
2868,392,1182,0,0,0,0,98,101,0,25,0,0,27.69170932,25.02698032
2869,347,1033,1,0,0,0,6,2,1,15,0,17.04347826,13.70343485,22.02374268
2870,105,346,3,70,0,0,289,3,71,42,0,93.73913043,21.47608204,7.007554489
2871,576,2041,0,0,0,0,0,0,0,0,0,0,21.21822171,37.03993087
2872,431,1533,0,0,0,0,0,0,0,0,0,0,16.87682909,28.03021795
2873,450,1430,2,0,0,0,11,29,1,26,0,0,24.11850185,29.03129717
2874,604,1465,152,47,13,4,145,108,137,695,0,0,70.18405711,39.04208929
2875,84,218,50,5,3,32,244,139,32,339,0,0,34.18491275,5.005396063
2876,459,1220,0,0,0,0,6,0,13,0,0,0,18.60817704,30.03237638
2877,242,825,0,0,0,0,0,0,0,0,0,8.521739129,8.914600092,16.0172674
2878,551,1824,40,3,9,7,13,74,8,123,0,0,30.51961226,35.28802011
2879,100,312,36,4,3,0,55,147,101,292,0,0,29.18584656,6.006475276
2880,352,1098,18,0,3,2,63,0,32,74,0,0,23.03943161,23.02482189
2881,361,1170,0,0,0,0,0,0,0,0,0,0,13.29822576,23.02482189
2882,248,637,9,2,2,0,13,15,8,51,0,0,16.81934228,16.0172674
2883,405,1336,1,0,2,2,1,108,1,7,0,0,19.41319937,26.02805953
2884,665,1543,2,0,0,0,1,0,26,13,0,0,26.04389366,43.04640614
2885,13,30,219,44,23,33,225,81,222,409,0,0,46.75560406,1.001079213
2886,183,628,58,93,4,0,32,14,42,150,0,0,21.21822171,12.01295055
2887,610,1724,456,183,7,0,38,36,35,396,0,0,64.8702924,39.04208929
2888,283,795,146,48,11,63,284,85,60,468,0,0,61.34025179,18.01942583
2889,394,1187,0,0,3,3,284,48,182,958,0,0,68.95922054,25.02698032
2890,70,228,100,120,7,0,427,73,310,463,0,0,57.84359823,5.005396063
2891,491,1613,156,18,5,7,166,117,45,164,0,0,44.07188502,32.0345348
2892,573,1709,0,0,6,0,30,160,10,31,0,0,34.83812427,37.03993087
2893,319,992,49,0,0,1,205,134,13,128,0,0,31.2747747,21.02266347
2894,520,1754,0,0,0,0,0,0,0,0,0,0,22.15533904,33.03561402
2895,330,886,0,0,0,0,0,0,0,0,0,0,12.15627285,21.02266347
2896,0,0,0,0,0,0,0,0,0,0,0,0,43.06267565,0
2897,21,49,473,106,7,0,33,28,33,448,0,0,42.32593184,1.001079213
2898,70,198,1055,884,2,22,259,28,95,612,0,0,111.5061755,5.005396063
2899,533,1433,798,132,33,0,190,82,85,939,0,0,102.858645,34.03669323
2900,203,620,54,75,6,92,28,25,59,258,0,0,29.47896157,13.01402976
2901,7,20,82,93,1,0,43,13,122,135,0,0,18.28045581,0
2902,0,0,0,0,0,0,0,0,0,0,0,0,106.1647829,0
2903,195,478,231,119,6,5,251,41,282,308,0,0,52.97187988,13.01402976
2904,453,1219,16,1,2,13,14,71,8,80,0,0,27.24808066,29.03129717
2905,406,1240,0,0,0,0,0,0,0,0,0,0,18.95589933,26.02805953
2906,833,1781,37,41,5,0,6,4,3,40,0,0,35.71365626,54.05827748
2907,452,1531,3,1,0,0,5,58,2,31,0,0,60.33412913,29.03129717
2908,571,1814,67,73,6,0,26,114,123,258,0,0,45.61365113,37.03993087
2909,409,1002,115,15,24,0,88,101,37,418,0,0,44.47169817,26.02805953
2910,334,1078,0,0,3,0,4,0,95,22,0,0,16.87143323,21.02266347
2911,338,1019,69,262,6,40,200,113,359,204,0,0,321.6355978,22.02374268
2912,134,359,2,1,0,0,7,4,2,18,0,0,6.188647997,9.009712914
2913,324,973,0,0,0,0,0,57,0,0,0,0,14.03496958,21.02266348
2914,375,1161,0,0,1,0,16,90,1,6,0,0,18.01338614,24.0259011
2915,465,905,19,22,5,0,59,49,197,154,0,0,35.73207475,30.03237638
2916,456,1679,258,85,5,1,29,26,27,241,0,0,41.55235084,29.03129717
2917,349,950,161,10,6,0,29,19,18,210,0,0,29.55263595,22.27404348
2918,60,155,186,9,16,0,39,20,43,1192,0,0,57.65020307,4.004316851
2919,344,1051,0,0,0,0,0,0,0,0,0,0,12.67199348,22.0237426
2920,337,1450,0,0,0,0,0,0,0,0,0,0,14.41413319,22.02374268
2921,490,1469,9,111,1,0,32,91,60,53,0,0,31.20110032,32.0345348
2922,287,880,3,0,3,1,9,1,0,7,0,0,11.45636623,18.01942583
2923,0,0,0,0,0,0,0,0,0,0,0,0,10.46176209,0
2924,124,356,21,1,68,0,449,165,28,48,0,0,35.30082018,8.008633701
2925,378,1042,0,0,0,0,0,0,0,0,0,0,13.92445799,24.0259011
2926,0,0,0,0,0,0,0,0,0,0,0,0,7.487159002,0
2927,496,1508,5,1,1,0,3,6,4,42,0,0,20.55515228,32.0345348
2928,141,431,8,1,155,0,4,3,3,29,0,0,12.67199352,9.009712914
2929,341,1047,22,0,56,88,5,1,1,50,0,0,21.77617542,22.02374268
2930,870,2380,163,128,38,0,88,492,256,820,0,0,105.1978068,56.06043591
2931,189,540,6,2,3,0,4,5940,5,54,0,0,228.5010924,12.01295055
2932,589,1644,0,0,0,0,1,7,0,33,0,0,25.20742999,38.04101008
2933,3,7,0,0,0,0,0,0,0,0,1.52167859,0,54.48177639,13.56204259
2934,595,1754,0,0,0,0,0,0,0,0,0.012006277,0,307.8941964,38.33068226
2935,279,701,0,0,0,0,0,0,0,0,0.481950395,0,17.25562403,4.295408916
2936,32,94,16,1,2,0,8,50,6,52,0.006167483,0,5.844849723,1.874460853
2937,186,555,0,0,0,0,0,0,0,0,0,0,37.86092676,12.01295055
2938,290,987,8,0,6,33,10,2,1,9,0,0,13.22455138,19.02050504
2939,119,355,0,0,0,0,0,337,0,0,0,0,16.79775885,8.008633701
2940,397,1181,0,0,0,0,0,68,0,0,0,0,17.12929356,26.02805953
2941,343,1241,0,0,0,0,0,0,0,0,0,0,12.63515633,22.02374268
2942,6,23,0,0,0,0,0,0,0,0,0,0,0.221023143,0
2943,517,1517,0,0,0,0,0,0,0,0,0,0,19.04482747,33.03561402
2944,126,368,0,0,0,0,0,0,0,0,0,0,4.641485998,8.008633701
2945,6,23,0,0,0,0,0,0,0,0,0,0,2.364246762,0.783539499
2946,461,1685,49,42,24,0,8,25,2,27,0,0,21.36811334,29.24883691
2947,241,880,10,19,0,0,3,2,2,22,0,0,11.01431995,15.01618819
2948,1,2,1,0,0,326,0,14,1,8,0,0,12.92985385,0
2949,2,3,32,1,7,113,14,16,6,79,0,0,9.946041424,0
2950,37,105,9,1,2,0,5,95,5,46,0,0,7.367438092,2.002158425
2951,261,829,15,1,2,0,13,25,7,78,0,0,14.81775977,17.01834662
2952,463,1297,33,3,2,17,9,10,4,45,0,0,21.58659361,30.03237638
2953,278,866,0,0,0,0,0,65,0,0,0,0,12.63515633,18.01942583
2954,0,0,0,0,0,0,0,0,0,0,2.133151111,0,0.064920457,0.110266485
2955,6,15,17,0,10,247,20,4,1,31,0,0,100.377296,0
2956,16,56,0,0,0,0,0,0,0,0,0.89955299,0,0.524474593,0.890812732
2957,32,110,4,0,0,0,23,4,21,17,0,0,3.720556237,2.002158425
2958,142,495,0,0,0,0,0,59,0,0,0,0,11.40427528,9.009712914
2959,22,77,0,0,0,0,0,0,0,0,0,0,0.81041819,1.001079213
2960,655,1883,16,85,357,4,25,1,16,56,0,0,44.76639575,42.04532693
2961,320,1466,0,0,0,0,0,25,0,0,0,0,12.70883071,21.02266347
2962,347,1176,0,0,0,0,0,519,0,31,0,0,33.04295984,22.02374268
2963,826,2197,0,0,0,0,0,17,0,0,0,0,31.05375156,53.05719827
2964,645,2148,88,391,37,0,36,112,228,347,0,0,72.40126683,41.04424772
2965,168,771,44,209,2,0,17,122,15,159,0,0,27.13059074,11.01187134
2966,2,12,6,1,3,23,6,15667,3,32,0,0,579.9278894,0
2967,347,687,1,0,0,0,16,184,33,31,0,0,22.54436056,22.02374268
2968,183,890,9,237,1,0,8,11,5,72,0,0,19.37636218,12.01295055
2969,438,837,42,8,5,0,24,13,178,211,0,0,33.87179652,28.03021795
2970,474,1609,0,0,0,0,0,12,0,0,0,0,17.90287456,30.03237638
2971,563,1581,0,0,0,0,0,0,0,0,0,0,20.73933823,36.03885166
2972,834,2114,154,109,20,0,96,353,135,921,0,0,96.59632267,54.05827748
2973,579,1960,8,20,0,0,4,6,2,38,0,0,24.20203413,37.03993087
2974,466,1766,13,2,2,1,7,6,5,81,0,0,21.47608204,30.03237638
2975,227,464,148,172,2,5,30,16,64,408,0,0,39.48946817,15.01618819
2976,416,1603,0,0,0,0,0,0,0,0,0,0,15.32427123,27.02913874
2977,328,1000,40,37,2,0,151,49,10,162,0,0,28.69617137,21.02266347
2978,288,1181,7,24,0,8,6,0,67,8,0,0,15.02957371,19.02050504
2979,447,1174,1,0,0,0,5,2,1,8,0,0,17.09245637,29.03129717
2980,433,1635,1,12,0,0,3,62,438,26,0,0,35.9162607,28.03021795
2981,225,565,330,226,30,0,147,69,169,599,0,0,66.12275688,14.01510898
2982,243,733,62,16,4,0,39,56,1222,294,0,0,71.31680073,16.0172674
2983,1,1,84,156,3,62,154,174,4557,464,0,0,208.3143121,0
2984,332,704,10,2,3,0,6,6,241,28,0,0,23.13375561,21.02266347
2985,110,210,109,20,29,4,82,305,68,895,0,0,59.74992293,7.007554489
2986,226,521,1,0,0,1,0,166,156,6,0,0,20.4814779,15.01618819
2987,543,1236,19,19,2,1,17,28,55,59,0,0,27.37924188,35.03777244
2988,264,605,139,4,5,0,12,58,28,133,0,0,23.68631347,17.01834662
2989,215,441,88,63,20,3,65,28,41,337,0,0,31.68919314,14.01510898
2990,0,0,0,0,0,0,0,0,0,0,0,0,37.8317946,0
2991,202,410,69,127,14,0,386,76,74,504,0,0,80.50601923,13.01402976
2992,188,423,13,0,0,0,5,9,7,29,0,0,9.246134806,12.01295055
2993,110,271,0,0,0,0,0,68,0,0,0,0,6.557019902,7.007554489
2994,116,285,0,0,0,0,0,0,0,0,0,0,4.273114093,7.007554489
2995,275,759,16,1,2,0,11,9,6,86,0,0,14.95589933,18.01942583
2996,173,440,169,121,18,0,271,608,101,829,0,0,84.36637543,11.01187134
2997,106,214,111,32,18,929,90,49,107,492,0,0,71.26154489,7.007554489
2998,229,465,130,34,18,1,91,870,92,736,0,0,81.08786541,15.01618819
2999,249,614,9,5,11,2,25,6,93,72,0,0,17.3871539,16.0172674
3000,336,798,68,8,3,0,25,16,32,203,0,0,25.45449861,22.02374268
3001,363,1224,3,1,1,0,6,10,3,24,0,0,15.14008528,23.02482189
3002,0,0,0,0,0,0,0,0,0,0,0,0,74.47558967,0
3003,403,1347,0,0,0,0,0,0,0,0,0,0,14.84538776,26.02805953
3004,486,1449,0,12,0,6,1,44,84,13,0,0,23.79682504,31.03345559
3005,217,577,0,0,0,0,0,0,0,0,0,0,10.00287961,14.01510898
3006,216,598,38,1,3,7,16,106,4,45,0,0,16.06101504,14.01510898
3007,249,638,21,2,18,2,20,20,12,144,0,0,17.97654894,16.0172674
3008,442,893,144,12,52,1,108,37,22,239,0,0,65.97374745,28.03021795
3009,160,324,49,28,13,0,12,12,10,122,0,0,14.95589933,10.01079213
3010,117,295,0,0,40,44,1,20,0,2,0,0,8.251530663,8.008633701
3011,303,694,72,9,4,1,23,22,29,184,0,0,25.84287157,19.02050504
3012,279,639,28,1,0,0,7,237,181,25,0,0,27.92259037,18.01942583
3013,426,1441,16,1,1,8,5,54,11,27,0,0,20.22361756,27.02913874
3014,222,601,0,0,0,0,0,0,0,0,0,0,8.17785629,14.01510899
3015,135,470,6,1,8,0,5,5,58,39,0,0,9.467157948,9.009712914
3016,756,1613,0,0,0,0,0,0,0,0,0,0,27.84891599,49.05288142
3017,200,637,0,0,66,0,1,1,0,8,0,0,10.16706457,13.01402976
3018,23,75,29,4,3,0,16,18,17,178,0,0,10.60911085,1.001079213
3019,0,0,0,0,0,0,0,0,0,0,0,0,28.47514823,0
3020,419,1193,17,1,71,0,12,5,67,60,0,0,26.01784818,27.02913874
3021,577,2013,7,1,3,0,13,5,12,35,0,0,84.06389471,37.03993087
3022,167,583,0,0,0,0,0,0,0,0,0,0,6.151810807,11.01187134
3023,315,1008,0,0,0,0,0,0,0,0,0,0,11.603715,20.02158425
3024,1,4,609,210,95,0,301,147,231,2170,0,0,138.6920218,0
3025,0,0,0,0,0,0,0,0,0,0,0,0,53.48760055,0
3026,0,0,0,0,0,0,0,0,0,0,0,0,78.53782388,0
3027,0,0,0,0,0,0,0,0,0,0,0,0,37.27923675,0
3028,0,0,0,0,0,0,0,0,0,0,0,0,99.79194896,0
3029,509,1718,35,1,6,7,181,7,6,72,0,0,30.35384494,33.03561402
3030,534,1444,0,0,0,0,0,0,0,0,0,0,19.67105982,34.03669343
3031,164,554,28,9,5,0,50,13,7,69,0,0,12.70883071,11.01187134
3032,478,1648,0,0,0,2,88,230,22,9,0,0,37.53803097,31.03345566
3033,0,0,0,0,0,0,0,0,0,0,0,0,26.43068424,0
3034,0,0,0,0,0,0,0,0,0,0,0,0,3.646881856,0
3035,470,1337,21,1,76,0,21,93,3,44,0,0,58.85431185,30.03237638
3036,0,0,0,0,0,0,0,0,0,0,0,0,110.7298437,0
3037,0,0,0,0,0,0,0,0,0,0,0,0,1.031441333,0
3038,22,61,34,20,278,0,27,22,11,62,0,0,17.543712,1.001079213
3039,0,0,0,0,0,0,0,0,0,0,0,0,35.63077238,0
3040,0,0,0,0,0,0,0,0,0,0,0,0,163.3294601,0
3041,0,0,0,0,0,0,0,0,0,0,0,0,126.192903,0
3042,127,384,111,52,0,0,0,0,0,5,0,0,10.86697119,8.008633701
3043,0,0,0,0,0,0,0,0,0,0,0,0,156.3424047,0
3044,0,0,0,0,0,0,0,0,0,0,0,0,18.42780443,0
3045,0,0,0,0,0,0,0,0,0,0,0,0,70.72740569,0
3046,203,751,8,12,190,0,7,103,2,42,0,0,20.88668699,13.01402976
3047,134,408,7,45,0,5,13,7,45,48,0,0,11.1985059,9.009712914
3048,0,0,0,0,0,0,0,0,0,0,0,0,9.651343901,0
3049,22,94,0,0,0,0,0,0,0,0,0,0,0.81041819,1.001079213
3050,0,0,0,0,0,0,0,0,0,0,0,0,0.515720666,0
3051,336,1246,79,21,26,141,85,75,34,166,0,0,35.47421441,22.02374268
3052,395,1203,83,30,5,95,37,87,133,186,0,0,38.71588717,25.02698032
3053,455,1681,0,0,0,0,0,0,0,0,0,0,19.80696802,29.03129717
3054,1,4,40,1,55,42,18,7,5,36,0,0,7.551624045,0
3055,276,1206,0,0,0,0,0,68,0,0,0,0,25.67199352,18.01942583
3056,404,1762,6,0,1,11,9,53,2,31,0,0,28.05403681,26.02805953
3057,245,558,16,53,1,31,5,5,18,30,0,0,15.88222495,16.0172674
3058,305,746,24,13,9,94,18,28,12,87,0,0,22.73394237,20.02158425
3059,328,926,0,0,0,0,0,48,0,0,0,0,16.85078361,21.02266347
3060,325,1124,0,0,0,0,0,0,0,0,0,0,11.97208715,21.02266391
3061,0,0,0,0,0,0,0,0,0,0,0,0,3.941579379,0
3062,130,337,0,0,0,0,0,59,0,0,0,0,6.971438366,8.008633701
3063,384,1002,35,3,5,44,18,35,203,171,0,0,33.08900624,25.02698032
3064,264,643,143,163,2,74,36,103,24,124,0,0,34.3690987,17.01834662
3065,263,629,110,14,20,191,123,138,135,310,0,0,48.04490573,17.01834662
3066,182,433,134,3,3,32,11,210,43,107,0,0,26.70696308,12.01295055
3067,353,1205,0,0,2,3,23,20,0,7,0,0,21.02957371,23.02482189
3068,279,990,0,0,0,0,0,85,0,0,0,0,15.40873737,18.01942588
3069,0,0,0,0,0,0,0,0,0,0,0,0,73.04814868,0
3070,0,0,0,0,0,0,0,0,0,0,0,0,0,0
3071,37,156,289,140,13,51,32,163,19,460,0,0,47.35197724,2.002158422
3072,329,1115,50,20,57,117,71,121,115,165,0,0,42.49486403,21.02266347
3073,252,616,38,3,2,39,29,29,11,84,0,0,17.93971175,16.0172674
3074,255,517,41,44,6,71,22,244,253,180,0,0,41.11030455,16.0172674
3075,344,693,0,0,0,0,0,42,0,0,0,0,14.21915552,22.02374268
3076,227,762,0,0,0,0,2,357,4,0,0,0,157.7339424,15.01618819
3077,343,1149,1,6,6,0,277,23,9,6,0,0,24.7177548,22.02374268
3078,149,500,0,0,0,0,0,0,0,0,0,0,9.488741565,10.01079232
3079,472,1235,33,1,99,15,97,6,1,71,0,0,29.28556642,30.03237638
3080,291,1241,0,0,0,0,0,0,0,0,0,0,14.71962242,19.02050504
3081,517,1754,0,0,0,0,0,0,0,0,0,0,19.04482747,33.03561402
3082,16,54,7,0,2,38,8,9,3,36,0,0,4.386878982,1.000805962
3083,33,113,9,0,24,41,5,7,2,23,0,0,5.304555426,2.002158425
3084,206,777,1,0,0,6,1,1,0,11,0,0,10.32520504,13.01402976
3085,204,664,0,0,0,0,0,43,0,0,0,0,9.098786071,13.0140298
3086,340,995,0,0,0,0,0,0,0,0,0,0,14.52464476,22.02374268
3087,198,667,0,0,0,0,0,0,0,0,0,0,10.30297308,13.01402976
3088,356,1320,0,0,0,0,0,0,0,0,0,0,13.1140398,23.02482189
3089,206,671,0,0,0,0,0,0,0,0,0,0,8.588461235,13.01402976
3090,177,610,2,0,1,9,15,11,1,21,0,0,8.730414139,11.01187134
3091,110,379,0,0,0,0,0,0,0,0,0,0,4.06130023,7.007554489
3092,102,379,0,0,0,0,0,0,0,0,0,0,3.757393411,7.007554459
3093,0,0,0,0,0,0,0,0,0,0,0,0,0.077410525,0
3094,0,0,0,0,0,0,0,0,0,0,0,0,0.217287005,0
3095,0,0,0,0,0,0,0,0,0,0,0.632997661,0,0,0
3096,0,0,0,0,0,0,0,0,0,0,0.366571726,0,2.420718355,0.160623587
3097,6,18,15,0,65,4,15,4,2,40,0.011332004,0,3.869153705,0.37637323
3098,25,108,5,0,1,0,13,4,1,19,0,0,2.504947207,2.002163867
3099,83,311,7,0,4,18,8,3,0,14,0,0,5.046695093,5.005396063
3100,177,535,37,1,3,47,7,39,8,52,0,0,15.66659766,11.01187134
3101,220,755,3,0,1,4,11,2,1,18,0,0,9.57766952,14.01510898
3102,198,741,0,0,0,0,0,54,0,0,0,0,18.282972,13.01402976
3103,0,0,0,0,0,0,0,0,0,0,0,0,55.91885512,0
3104,7,27,0,0,0,0,0,0,0,0,0,0,4.273026929,3.061423735
3105,92,299,1,0,0,0,0,2,1,9,0,0,3.361451103,2.408322336
3106,58,192,0,0,0,0,0,0,0,0,0,0,9.136557047,4.004316851
3107,190,830,0,0,0,0,0,0,0,0,0,0,6.999066188,12.01295055
3108,293,1146,0,0,0,0,0,0,0,0,0,0,30.39291061,18.69491837
3109,293,1136,0,0,0,0,0,0,0,0,0,0,41.61016536,11.92467271
3110,223,882,0,4,0,0,0,1,0,5,0,0,74.1942116,21.43652819
3111,101,305,15,16,5,16,35,8,35,40,0,0,44.98287861,6.006475276
3112,168,507,2,0,0,2,2,157,7,62,0,0,38.74408539,11.01187134
3113,309,1163,1,0,1,3,7,78,1,103,0,0,28.54752537,20.02158425
3114,259,973,0,0,0,0,0,0,0,0,0,0,31.54083233,17.01834662
3115,222,564,85,39,58,12,15,104,14,131,0,0,42.04928951,14.01510898
3116,75,280,0,0,0,0,0,92,0,0,0,0,11.15181081,5.005396063
3117,124,461,0,0,0,0,0,0,0,0,0,0,43.56781162,8.008633701
3118,244,811,0,0,0,0,0,0,0,0,0,25.56521738,24.98827447,16.0172674
3119,314,790,36,2,7,4,26,35,10,147,0,0,21.40240766,20.02158425
3120,161,598,34,1,2,6,13,30,62,129,0,0,22.13468942,10.01079213
3121,39,145,0,0,0,0,0,0,0,0,0,0,1.436650428,3.003237638
3122,48,197,15,1,1,0,5,17,3,78,0,0,19.188648,3.003237638
3123,62,230,0,0,0,4,0,0,0,0,0,0,2.440463849,4.004316851
3124,82,303,0,0,0,0,0,0,0,0,0,0,14.02064962,5.005396063
3125,61,191,0,0,0,0,0,0,0,0,0.801596376,0,72.321068,4.762847322
3126,108,401,0,0,0,0,5,0,0,0,0,0,43.16260252,7.007554489
3127,127,470,0,0,0,0,0,0,0,0,0,0,134.7964837,4.824991788
3128,27,103,0,0,0,0,0,0,0,0,0,0,144.8764441,5.185800356
3129,54,192,0,0,0,0,0,0,0,0,0.209304981,0,43.91520902,3.245786386
3130,18,49,0,0,0,0,0,0,0,0,5.05450678,0,0.663069428,1.001079213
3131,8,21,0,0,0,0,0,0,0,0,2.021802712,0,0.294697524,1.001079213
3132,0,0,0,0,0,0,0,0,0,0,1.094405597,0,0,0
3133,0,0,0,0,0,0,0,0,0,0,1.008337015,0,0,0
3134,0,0,0,0,0,0,0,0,0,0,3.032704068,0,0,0
3135,0,0,0,0,0,0,0,0,0,0,1.010901356,0,0,0
3136,0,0,0,0,0,0,0,0,0,0,0,0,29.02770608,0
3137,0,0,0,0,0,0,0,0,0,0,1.010901356,0,61.08166466,0
3138,0,0,0,0,0,0,0,0,0,0,0.929961852,0,0,0
3139,0,0,0,0,0,0,0,0,0,0,4.043605424,0,0,0
3140,0,0,0,0,0,0,0,0,0,0,1.010901356,0,0,0
3141,0,0,0,0,0,0,0,0,0,0,0,0,18.27124647,0
3142,4,7,0,0,0,0,0,0,0,0,1.010901356,0,0.147348762,0
3143,13,35,0,0,0,0,0,0,0,0,1.010901356,0,0.478883476,1.001079213
3144,12,35,0,0,0,0,0,0,0,0,0,0,0.442046286,1.001079213
3145,0,0,0,0,0,0,0,0,0,0,0.870650613,0,0,0
3146,1,2,2,0,1,0,15,3,1,2,0.580383316,0,1.26894819,0
3147,258,711,2,0,50,37,0,0,0,1,0,0,12.81934228,17.01834662
3148,278,767,206,132,57,275,130,103,39,497,0,0,63.24945602,18.01942583
3149,15,43,0,0,0,0,0,0,0,0,1.010901356,0,0.552557857,1.001079213
3150,12,33,11,1,1,0,6,14,3,48,0,0,3.536370284,1.001079213
3151,17,45,0,0,0,0,0,0,0,0,0,0,3.575727044,0.987136449
3152,3,6,52,1,95,68,31,13,2,101,1.581670079,0,13.2703011,0.013942764
3153,0,0,0,0,0,0,0,0,0,0,0,0,104.8208702,0
3154,0,0,0,0,0,0,0,0,0,0,0,0,106.8587739,0
3155,14,36,0,0,0,0,0,0,0,0,1.010901356,0,0.515720666,1.001079213
3156,19,52,0,0,0,0,0,0,0,0,0,0,0.699906619,1.001079213
3157,14,36,0,0,0,0,0,0,0,0,0,0,0.515720666,1.001079213
3158,0,0,0,0,0,0,0,0,0,0,0,0,30.32621663,0
3159,8,21,0,0,0,0,0,0,0,0,0,0,0.294697524,1.001079213
3160,6,16,0,0,0,0,0,0,0,0,1.010901356,0,0.221023143,0
3161,5,14,0,0,0,0,0,0,0,0,0,0,0.193395157,0
3162,3,6,0,0,0,0,0,0,0,0,0,0,0.110511571,0
3163,0,0,0,0,0,0,0,0,0,0,0,0,7.883158759,0
3164,0,0,0,0,0,0,0,0,0,0,0,0,34.40593589,0
3165,0,0,0,0,0,0,0,0,0,0,0,0,45.65048819,0
3166,2,3,0,0,0,0,0,0,0,0,1.010901356,0,0.073674381,0
3167,2,3,0,0,0,0,0,0,0,0,0,0,0.073674381,0
3168,3,6,0,0,0,0,0,0,0,0,0,0,0.110511571,0
3169,9,26,22,0,19,1,12,3,2,27,0,0,44.49953309,1.001079213
3170,3,6,0,0,0,0,0,0,0,0,0,0,0.110511571,0
3171,0,0,0,0,0,0,0,0,0,0,0,0,0,0
3172,2,3,0,0,0,0,0,0,0,0,0,0,0.073674381,0
3173,0,0,0,0,0,0,0,0,0,0,0,0,0,0
3174,3,10,5,0,0,0,2,6,1,15,0,0,1.178790095,0
3175,0,0,0,0,0,0,0,0,0,0,0,0,62.40220064,0
3176,0,0,0,0,0,0,0,0,0,0,0,0,0,0
3177,0,0,0,0,0,0,0,0,0,0,0,0,108.3114049,0
3178,0,0,0,0,0,0,0,0,0,0,0,0,84.47307358,0
3179,225,742,44,1,3,1,22,19,15,34,0,0,13.4179467,14.01510898
3180,75,191,144,57,21,0,45,47,98,294,0,0,28.77905495,5.005396063
3181,44,113,101,157,4,4,7,9,9,64,0,0,14.70724827,3.003237638
3182,134,415,2,0,0,0,8,65,1,13,0,0,8.214693473,9.009712914
3183,228,706,61,107,6,0,58,25,164,310,0,4.260869564,35.35449355,15.01618819
3184,295,764,32,30,22,2,5,7,82,71,0,0,20.11310599,19.02050504
3185,320,713,31,3,2,0,13,6,21,65,0,0,16.9819448,21.02266347
3186,173,383,52,99,72,0,5,4,2,153,0,0,20.62882666,11.01187134
3187,530,1549,17,73,2,0,22,43,25,169,0,0,87.4535648,34.03669323
3188,257,1117,0,0,0,0,0,59,0,0,0,0,48.64055219,17.01834662
3189,224,978,0,0,0,0,0,0,0,0,0,0,9.251530663,14.01510898
3190,176,770,0,0,0,0,0,0,0,0,0,0,40.48334552,11.01187134
3191,281,817,0,0,0,0,8,0,0,0,0,0,10.64594804,18.01942583
3192,57,167,0,0,0,0,0,110,0,0,0,0,6.151810807,4.004316851
3193,197,570,128,12,5,58,51,32,32,276,0,0,29.13821765,13.01402976
3194,247,761,123,102,25,4,91,83,125,361,0,0,42.76797813,16.0172674
3195,266,818,0,0,0,0,0,40,0,0,0,0,11.27218028,17.01834662
3196,223,647,28,0,0,0,0,84,0,5,0,0,12.52464476,14.01510898
3197,416,1537,0,0,0,0,0,48,0,0,0,4.260869564,17.09245637,27.02913874
3198,142,582,0,0,0,0,0,122,0,0,0,0,9.73422762,9.009712914
3199,277,1136,0,0,0,0,0,0,0,0,0,0,10.20390176,18.01942583
3200,4,16,26,1,3,0,14,25,7,105,0,0,6.814880235,0
3201,324,1294,0,0,90,8,0,0,0,0,0,0,15.54529437,21.02266347
3202,332,1235,10,0,3,0,5,1,0,11,0,0,409.3350629,21.02266347
3203,303,1211,0,0,0,0,0,49,0,0,0,0,12.96669104,19.02050504
3204,321,759,17,1,1,1,9,12,171,33,0,0,20.8498498,21.02266347
3205,145,342,29,45,5,9,82,183,58,172,0,0,26.81747466,9.009712914
3206,176,503,15,26,0,0,5,19,0,141,0,0,14.07180676,11.01187134
3207,214,633,28,23,4,133,9,8,4,109,0,0,65.59738533,14.01510898
3208,206,589,2,14,1,0,2,2,11,12,0,0,9.209297615,13.01402976
3209,184,548,4,2,1,3,5,8,1,13,0,0,110.1502283,12.01295055
3210,277,802,1,0,0,0,2,1,1,20,0,0,11.12483152,18.01942583
3211,610,2321,53,47,6,2,23,100,12,240,0,0,40.27225854,39.04208929
3212,344,1409,3,1,0,0,9,8,1,17,0,0,18.10864395,22.02374268
3213,6,25,0,0,0,0,0,0,0,0,0,0,0.221023143,0
3214,132,309,56,42,35,0,69,90,30,228,0,0,25.12296389,8.008633701
3215,83,230,123,30,60,5,57,290,45,595,0,0,49.44630131,5.005396063
3216,258,717,0,0,0,0,0,94,0,0,0,0,12.96669104,17.01834662
3217,189,662,0,0,0,0,0,0,0,0,0,0,8.962228997,12.01295055
3218,446,1696,0,0,0,0,0,0,0,0,0,0,28.43859622,29.03129717
3219,386,1492,5,0,0,0,7,73,1,22,0,0,18.20678137,25.02698032
3220,343,1416,0,0,0,0,0,0,0,0,0,0,12.63515633,22.02374268
3221,533,2125,0,0,0,0,0,0,0,0,0,0,24.63422252,34.03669323
3222,104,288,0,0,11,0,0,0,0,68,0,0,28.74120585,7.007554489
3223,239,837,0,0,0,0,0,0,0,0,0,0,8.80408852,15.01618819
3224,393,1580,22,2,2,0,16,67,5,130,0,0,23.46529032,25.02698032
3225,438,1651,0,0,0,0,0,0,0,0,0,0,20.13468942,28.03021795
3226,237,869,0,0,0,0,0,68,0,0,0,0,14.23534309,15.01618819
3227,8,27,0,0,0,0,0,0,0,0,1.010901356,0,1.294697524,1.001079213
3228,1,2,0,0,0,0,0,0,0,0,2.021802712,0,0.03683719,0
3229,0,0,0,0,0,0,0,0,0,0,1.010901356,0,0,0
3230,137,481,0,10,0,9,1,0,2,18,0,0,6.520182712,9.009712914
3231,134,521,0,0,0,1,0,0,0,0,0,0,4.973020678,9.009712852
3232,0,0,0,0,0,0,0,0,0,0,0,0,7.22008933,0
3233,94,321,0,0,0,0,0,0,0,0,0,0,14.4626959,6.006475276
3234,10,35,0,0,0,0,0,0,0,0,0,0,0.368371905,1.001079213
3235,13,43,0,0,0,0,0,0,0,0,0,0,0.478883476,1.001079213
3236,288,986,0,0,49,7,1,182,0,0,0,0,129.4224087,19.02050504
3237,221,758,36,2,3,1,11,7,2,120,0,0,23.84538776,14.01510898
3238,0,0,0,0,0,0,0,0,0,0,0,0,0,0
3239,2,7,0,0,0,0,0,0,0,0,0,0,0.073674381,0
3240,5,16,0,0,0,0,0,0,0,0,1.010901356,0,0.184185952,0
3241,43,146,14,1,27,0,8,2,1,13,0,0,22.01525376,3.003237638
3242,6,19,1,0,1,0,4,0,0,2,0,0,0.515720666,0
3243,1,5,0,0,0,0,0,0,0,0,0,0,1.254095043,0
3244,3,10,7,0,1,0,4,8,2,31,0,0,0.845624903,0
3245,49,166,49,5,4,0,25,28,29,112,0,0,32.08799433,3.003237638
3246,0,0,0,0,0,0,0,0,0,0,0,0,10.57227366,0
3247,115,394,0,0,0,0,0,0,0,0,1.010901361,0,36.23627707,7.007554521
3248,146,500,0,0,25,0,1,0,0,0,0,0,10.34520596,9.009712914
3249,16,52,0,0,0,0,0,1,0,6,1.010901357,0,0.847255381,1.001079214
3250,16,57,0,0,0,0,0,0,0,0,0,0,0.589395047,1.001079213
3251,18,64,0,0,0,0,0,0,0,0,0,0,0.663069428,1.001079213
3252,13,44,0,0,0,0,0,0,0,0,1.010901356,0,0.478883476,1.001079213
3253,13,45,0,0,0,0,0,0,0,0,0,0,0.478883476,1.001079213
3254,20,70,0,0,0,0,0,0,0,0,0,0,0.736743809,1.001079213
3255,367,1258,0,0,0,0,0,0,0,0,0,0,87.5192489,24.0259011
3256,1,2,0,0,0,0,1,0,0,0,1.010901359,0,0.073674381,0
3257,0,0,0,0,0,0,0,0,0,0,0,0,0,0
3258,1,2,0,0,0,0,0,0,0,0,1.010901356,0,0.03683719,0
3259,0,0,0,0,0,0,0,0,0,0,0,0,0,0
3260,15,52,0,0,0,0,0,0,0,0,1.010901356,0,0.552557857,1.001079213
3261,181,621,165,105,12,0,59,189,45,429,0,0,55.66127993,12.01295053
3262,21,70,26,3,2,7,9,15,3,86,0,0,20.03107222,2.432585989
3263,80,284,5,30,0,0,3,4,2,42,0,0,29.42910766,3.573889314
3264,9,31,0,0,0,0,0,0,0,0,0,0,0.203181624,0.460134847
3265,3,10,0,0,0,0,0,0,0,0,0,0,0.238864669,0.540944382
3266,3,10,0,0,0,0,0,0,0,0,0.471674499,0,0.051563379,0
3267,0,0,0,0,0,0,0,0,0,0,0.539226868,0,0.058948193,0
3268,1,2,0,0,0,0,0,0,0,0,0.97338388,0,0.017735028,0
3269,1,2,0,0,0,0,0,0,0,0,3.070221554,0,0.055939353,0
3270,0,0,0,0,0,0,0,0,0,0,0,0,17.68185142,0
3271,104,353,10,0,3,0,7,1,0,9,0,0,4.936183522,7.007554489
3272,102,349,0,0,0,0,0,0,0,0,0,0,34.75739341,7.007554484
3273,0,0,0,0,0,0,0,0,0,0,1.010901356,0,0,0
3274,0,0,0,0,0,0,0,0,0,0,1.010901356,0,0,0
3275,0,0,0,0,0,0,0,0,0,0,0,0,0,0
3276,10,35,4,1,2,0,2,17,1,25,0,0,2.283905809,1.001079213
3277,87,322,18,2,18,4,15,125,27,43,0,0,12.48780757,6.006475276
3278,140,461,26,28,3,11,71,14,5,71,0,0,25.59292328,9.009712914
3279,347,1140,0,0,0,0,0,0,0,0,0,0,12.78250509,22.02374268
3280,15,55,3,0,0,0,1,3,0,14,0,0,1.326138857,1.001079213
3281,28,97,0,0,0,0,0,0,0,0,1.010901356,0,1.031441333,2.002158425
3282,426,1585,26,85,20,20,3,11,0,27,0,0,24.7653837,27.02913874
3283,127,429,129,2,1,0,6,68,3,61,0,0,14.62436461,8.008633701
3284,93,317,0,0,0,0,0,0,0,0,1.010901356,0,3.425858713,6.006475276
3285,0,0,0,0,0,0,0,0,0,0,2.021802731,0,0,0
3286,193,476,53,27,1,18,10,8,20,83,0,0,15.21375966,12.01295055
3287,231,569,48,49,6,26,17,39,7,121,0,0,20.04864089,15.01618819
3288,59,202,11,1,1,0,10,16,48,37,0,0,6.741205854,4.004316851
3289,2,9,4,0,1,0,5,6,2,26,0,0,1.69451076,0
3290,43,146,9,1,2,0,7,16,12,81,0,0,6.299159574,3.00323764
3291,119,445,71,32,2,0,25,232,34,78,0,0,21.85366328,8.008633701
3292,183,435,23,2,4,0,82,29,22,139,0,0,17.84761876,12.01295055
3293,312,899,80,11,7,0,70,102,814,329,0,0,70.54415355,20.02158425
3294,13,38,0,0,0,0,0,0,0,0,0,0,0.478883476,1.001079213
3295,199,573,5,1,0,1,12,10,1,36,0,0,66.76185548,13.01402977
3296,216,809,0,0,5,0,24,0,3,4,0,0,9.282971996,14.01510898
3297,193,636,0,0,0,0,0,0,0,0,0,0,7.109577759,12.01295055
3298,236,854,0,0,0,0,0,50,0,5,0,0,10.71962242,15.01618819
3299,23,83,0,0,0,0,0,64,0,0,0,0,3.20483557,1.001079213
3300,22,85,0,0,0,0,0,0,0,0,0,0,0.810418191,1.001079214
3301,326,1123,0,0,0,0,0,0,0,0,0,0,32.00892409,21.02266347
3302,23,64,0,0,0,0,0,0,0,0,0,0,0.847255381,1.001079213
3303,164,392,2,0,0,5,3,4,0,16,0,12.7826087,7.146414951,11.01187134
3304,38,91,8,0,1,14,5,10,1,41,1.010901356,0,4.346788474,2.002158425
3305,9,26,0,0,0,0,0,0,0,0,1.010901356,0,0.331534714,1.001079213
3306,139,401,2,0,0,0,3,69,0,12,1.010901356,0,10.28836785,9.009712914
3307,154,499,0,0,0,0,0,48,0,0,0,0,7.441112473,10.01079213
3308,306,989,0,0,0,2,3,0,0,1,0,0,11.49320342,20.02158425
3309,5,13,0,0,0,0,0,0,0,0,0,0,0.193395291,0
3310,100,303,0,0,0,0,0,0,0,0,0,0,11.68371905,6.006475276
3311,221,801,0,0,0,0,0,0,0,0,0,0,15.14101909,14.01510898
3312,166,604,0,0,0,0,0,0,0,0,0,0,37.11497362,11.01187134
3313,57,221,10,0,0,0,6,13,1,37,0,0,13.56781162,4.004316851
3314,259,1006,0,0,0,0,0,0,0,0,0,0,33.5500417,17.01834662
3315,23,89,0,0,0,0,0,0,0,0,4.043605424,0,3.847255381,1.001079213
3316,73,219,20,1,2,30,14,26,12,92,0,0,9.946041424,5.005396063
3317,267,975,8,1,1,9,7,10,1,38,0,0,10.98435783,14.83813887
3318,227,881,0,0,0,0,0,0,0,0,0,0,70.38046072,15.01618819
3319,322,1250,0,0,0,0,0,0,0,0,0,0,22.87078467,21.02266347
3320,413,1240,0,0,0,0,0,0,0,0,0,0,22.24138751,27.02913874
3321,5,20,0,0,0,0,0,0,0,0,0,0,3.184185952,0
3322,4,7,0,0,0,0,0,0,0,0,0,0,0.147348762,0
3323,0,0,0,0,0,0,0,0,0,0,1.01090135,0,0,0
3324,8,34,0,0,0,0,0,0,0,0,1.010901356,0,0.294697524,1.001079213
3325,7,20,0,0,0,0,0,0,0,0,1.010901356,0,0.257860333,0
3326,9,24,0,0,0,0,0,0,0,0,0,0,0.331534714,1.001079213
3327,11,41,0,0,0,0,0,0,0,0,4.043605424,0,0.405209095,1.001079213
3328,6,25,0,0,0,0,0,0,0,0,2.021802712,0,0.221023143,0
3329,14,53,0,0,0,0,0,0,0,0,0,0,0.515720666,1.001079213
3330,5,20,0,0,0,0,0,0,0,0,1.010901356,0,0.184185952,0
3331,11,31,0,0,0,0,0,0,0,0,0,0,0.405209095,1.001079213
3332,7,20,0,0,0,0,0,0,0,0,0,0,0.257860333,0
3333,55,233,0,0,0,0,0,0,0,0,13.14171763,0,2.026045475,4.004316851
3334,15,60,0,0,0,0,12,2,0,0,6.065408136,0,1.068278523,1.001079213
3335,12,49,0,0,0,0,0,0,0,0,0,0,0.442046286,1.001079213
3336,3,13,0,0,0,0,0,0,0,0,1.010901356,0,2.110511571,0
3337,4,14,0,0,0,0,0,0,0,0,1.010901356,0,4.147348762,0
3338,9,35,0,0,0,0,0,0,0,0,1.010901356,0,0.331534714,1.001079213
3339,21,57,0,0,0,0,0,0,0,0,1.010901356,0,0.773581,1.001079213
3340,7,17,0,0,0,0,0,0,0,0,1.010901356,0,0.257860333,0
3341,10,39,0,0,0,0,0,0,0,0,1.010901356,0,0.368371905,1.001079213
3342,11,43,0,0,0,0,0,0,0,0,0,0,0.405209095,1.001079213
3343,9,35,0,0,0,0,0,0,0,0,1.010901356,0,0.331534714,1.001079213
3344,19,75,15,0,1,0,7,17,2,49,0,0,4.052090951,1.001079213
3345,24,66,4,0,2,0,3,1,0,5,0,0,1.436650428,2.002158425
3346,16,43,0,0,0,0,0,0,0,0,0,0,0.589395051,1.001079219
3347,16,45,15,1,1,0,7,14,4,54,0,0,4.125765332,1.001079213
3348,11,42,0,0,0,0,0,0,0,0,8.087210848,0,22.4052091,1.001079213
3349,1,2,0,0,0,0,0,0,0,0,3.032704068,0,0.03683719,0
3350,6,22,0,0,0,0,0,0,0,0,0,0,24.22102314,0
3351,7,28,0,0,0,0,0,0,0,0,0,0,0.257860333,0
3352,16,63,4,0,2,0,3,29,1,10,0,0,2.39441738,1.001079213
3353,14,36,0,0,0,0,0,0,0,0,0,0,0.515720666,1.001079213
3354,18,51,0,0,0,0,0,0,0,0,0,0,0.663069428,1.001079213
3355,21,58,0,0,0,0,0,0,0,0,0,0,0.773581,1.001079213
3356,7,26,0,0,0,0,0,0,0,0,2.021802712,0,0.257860333,0
3357,10,39,0,0,0,0,0,0,0,0,1.010901356,0,2.368371905,1.001079213
3358,18,71,0,0,0,0,0,0,0,0,0,0,0.663069428,1.001079213
3359,22,87,1,0,0,0,1,1,0,1,1.010901356,0,0.957766952,1.001079213
3360,9,26,0,0,0,0,0,0,0,0,1.010901356,0,0.331534714,1.001079213
3361,15,40,0,0,0,0,0,0,0,0,0,0,0.552557857,1.001079213
3362,7,17,0,0,0,0,0,0,0,0,0,0,0.257860333,0
3363,7,20,0,0,0,0,0,0,0,0,1.010901356,0,0.257860333,0
3364,33,105,0,1,2,0,115,22,2,0,2.021802712,0,74.44650833,2.002158425
3365,7,23,5,0,0,5,2,4,1,13,5.05450678,0,1.362976047,0
3366,20,62,0,0,0,0,0,0,0,0,1.010901356,0,4.736743809,1.001079213
3367,13,39,0,0,0,0,0,0,0,0,1.010901356,0,0.478883476,1.001079213
3368,13,40,0,0,0,0,0,0,0,0,0,0,0.478883476,1.001079213
3369,16,51,0,0,0,0,0,0,0,1,0,0,0.626232238,1.001079213
3370,13,41,3,0,1,0,1,3,0,8,0,0,1.068278523,1.001079213
3371,7,23,0,0,0,0,0,0,0,0,0,0,0.257860333,0
3372,26,81,0,0,0,0,0,0,0,0,0,0,0.957766952,2.002158425
3373,26,83,2,0,1,1,1,0,0,3,0,0,1.252464476,2.002158425
3374,10,30,3,0,1,0,3,5,1,16,0,0,1.436650428,1.001079213
3375,7,19,0,0,0,0,0,0,0,0,0,0,23.25786033,0
3376,18,56,0,0,0,0,0,0,0,0,0,0,0.663069428,1.001079213
3377,7,18,11,1,1,0,5,12,2,46,0,0,3.131161189,0
3378,4,12,0,0,0,0,0,0,0,0,1.010901356,0,0.147348762,0
3379,1,2,0,0,0,0,0,0,0,0,2.021802712,0,0.03683719,0
3380,3,10,0,0,0,0,0,0,0,0,1.010901356,0,0.110511571,0
3381,0,0,0,0,0,0,0,0,0,0,2.021802712,0,0,0
3382,0,0,0,0,0,0,0,0,0,0,1.010901356,0,0,0
3383,4,12,0,0,0,0,0,0,0,0,1.010901356,0,0.147348762,0
3384,9,28,0,0,0,0,0,0,0,0,1.010901356,0,1.331534714,1.001079213
3385,6,16,0,0,0,0,0,0,0,0,1.010901356,0,0.221023143,0
3386,3,10,0,0,0,0,0,0,0,0,0,0,0.110511571,0
3387,69,218,0,0,0,0,0,0,0,0,2.021802712,0,2.541766142,4.00431685
3388,19,60,0,0,0,0,0,0,0,0,0,0,0.699906619,1.001079213
3389,6,16,0,0,0,0,0,0,0,0,1.010901356,0,4.221023143,0
3390,7,23,0,0,0,0,0,0,0,0,1.010901356,0,0.257860333,0
3391,0,0,0,0,0,0,0,0,0,0,1.010901356,0,0,0
3392,0,0,0,0,0,0,0,0,0,0,2.021802712,0,0,0
3393,13,44,0,0,0,0,0,0,0,0,0,0,0.478883476,1.001079213
3394,0,0,0,0,0,0,0,0,0,0,2.021802712,0,0,0
3395,11,36,0,0,0,0,0,0,0,0,1.010901356,0,0.405209095,1.001079213
3396,7,19,0,0,0,0,0,0,0,0,1.010901356,0,0.257860333,0
3397,17,52,0,0,0,0,0,0,0,0,0,0,0.626232238,1.001079213
3398,8,26,0,0,0,0,0,0,0,0,1.010901356,0,0.294697524,1.001079213
3399,4,12,0,0,0,0,0,0,0,0,0,0,0.147348762,0
3400,1,2,0,0,0,0,0,0,0,0,1.010901356,0,0.03683719,0
3401,5,14,0,0,0,0,0,0,0,0,1.010901356,0,0.184185952,0
3402,4,12,0,0,0,0,0,0,0,0,1.010901356,0,0.147348762,0
3403,15,48,0,0,0,0,0,0,0,0,0,0,0.552557857,1.001079213
3404,17,53,0,0,0,0,0,0,0,0,1.010901356,0,25.62623224,1.001079213
3405,14,44,57,4,12,0,26,73,16,275,0,0,17.57133985,1.001079213
3406,0,0,0,0,0,0,0,0,0,0,0,0,3.425858713,0
3407,10,28,0,0,0,0,0,0,0,0,1.010901356,0,0.368371905,1.001079213
3408,19,51,0,0,0,0,67,12,2,0,1.010901356,0,3.683719046,1.001079213
3409,9,26,0,0,0,0,0,0,0,0,0,0,0.331534714,1.001079213
3410,379,1037,18,1,3,57,20,8,1,43,0,0,19.52371094,24.0259011
3411,33,91,37,0,29,190,45,5,1,58,0,0,14.6612018,2.002158425
3412,62,169,0,0,0,0,0,0,0,0,1.010901356,0,2.283905809,4.004316851
3413,8,19,0,0,0,0,0,0,0,0,2.021802712,0,0.294697524,1.001079213
3414,11,29,0,0,5,4,82,2,0,0,1.010901356,0,3.831067808,1.001079213
3415,38,164,0,0,18,0,78,2,0,0,2.021802712,0,5.009857903,2.002158425
3416,23,61,0,0,0,0,0,0,0,0,1.010901356,0,0.847255381,1.001079213
3417,18,46,0,0,133,0,0,0,0,0,1.010901356,0,5.56241576,1.001079213
3418,7,18,2,0,2,24,23,1,0,3,0,0,2.283905809,0
3419,0,0,0,0,0,0,0,0,0,0,0,0,24.34938289,0
3420,292,865,33,49,7,104,20,230,14,167,0,0,33.74286646,19.02050504
3421,185,480,171,63,16,331,66,218,63,274,0,0,51.09318317,12.01295055
3422,0,0,0,0,0,0,0,0,0,0,0,0,50.08519289,0
3423,0,0,0,0,0,0,0,0,0,0,0,0,15.47161999,0
3424,306,836,2,32,1,1,13,78,0,1,0,0,16.98734066,20.02158425
3425,310,841,135,4,2,35,11,71,3,92,0,0,24.42305728,20.02158425
3426,374,974,17,40,4,50,9,69,51,53,0,0,25.57040604,24.0259011
3427,15,41,0,0,0,0,0,0,0,0,0,0,0.552557857,1.001079213
3428,181,493,0,0,0,0,0,0,0,0,0,0,6.667531473,12.01295055
3429,27,61,451,192,17,0,727,42,53,40,0,0,67.06080802,2.002158425
3430,336,786,1,11,1,1,53,7,58,15,0,0,17.79236299,22.02374268
3431,246,944,3,0,0,21,13,27,21,10,0,0,12.56148195,16.0172674
3432,309,1240,16,0,28,0,0,0,0,0,0,0,13.00352823,20.02158425
3433,22,59,0,0,0,0,0,0,0,0,1.010901356,0,2.81041819,1.001079213
3434,206,564,0,0,0,0,0,0,0,0,0,0,171.5884612,13.01402976
3435,3,9,0,0,0,0,0,0,0,0,0,0,0.110511571,0
3436,167,544,0,2,2,0,152,22,5,10,0,0,13.28901625,11.01187134
3437,301,942,0,0,0,0,0,0,0,0,0,0,13.08799433,19.02050504
3438,114,370,0,0,0,0,0,0,0,0,0,0,4.208649051,7.007554489
3439,5,15,0,0,0,0,0,0,0,0,1.010901356,0,0.184185952,0
3440,2,7,0,0,0,0,0,0,0,0,0,0,0.073674381,0
3441,139,454,0,0,0,0,0,0,0,0,0,0,16.12036947,9.009712914
3442,562,1952,0,0,0,0,0,59,0,0,0,0,22.89431389,36.03885166
3443,195,677,0,0,0,0,0,0,0,0,0,0,18.19246151,13.01402977
3444,11,47,0,0,7,0,163,2,0,0,2.021802712,0,6.741205854,1.001079213
3445,172,627,0,0,0,0,0,0,0,0,0,0,11.95916743,13.1920792
3446,21,57,0,0,4,1,151,2,0,0,1.010901356,0,6.593857093,1.001079213
3447,7,18,0,0,0,0,0,0,0,0,0,0,0.257860333,0
3448,3,8,0,0,0,0,0,0,0,0,0,0,0.110511571,0
3449,24,61,0,0,0,0,0,0,0,0,0,0,0.884092571,2.002158425
3450,77,301,0,0,0,0,0,0,0,0,0,0,2.845673004,5.005396063
3451,0,0,0,0,0,0,0,0,0,0,6.065408136,0,0,0
3452,2,4,0,0,0,0,0,0,0,0,0,0,0.073674381,0
3453,4,8,0,0,0,0,0,0,0,0,1.010901356,0,0.147348762,0
3454,13,37,0,0,0,0,0,0,0,0,0,0,0.478883476,1.001079213
3455,0,0,0,0,0,0,0,0,0,0,0,0,0,0
3456,7,16,0,0,0,0,0,0,0,0,2.021802712,0,0.257860333,0
3457,89,346,0,0,0,0,26,6,0,16,1.010901356,0,5.055904372,6.006475276
3458,4,15,0,0,0,0,0,0,0,0,3.032704068,0,0.147348762,0
3459,43,182,0,0,0,0,0,0,0,0,4.043605424,0,1.58399919,3.003237638
3460,184,786,0,0,0,0,0,0,0,0,4.043605424,0,42.78725238,12.01295055
3461,103,442,0,0,32,0,14,27,0,0,11.11991492,0,15.48334552,7.007554489
3462,51,216,0,0,0,0,0,0,0,0,0,0,2.887906052,3.003237638
3463,50,213,0,1,2,0,93,11,1,0,1.010901356,0,5.8386948,3.003237638
3464,20,85,0,0,1,5,72,12,1,0,1.010901356,0,4.088928141,1.001079213
3465,5,20,0,0,0,0,0,0,0,0,1.010901356,0,0.193395321,0
3466,0,0,0,0,0,0,0,0,0,0,0,0,7.588461235,0
3467,629,2184,0,0,0,0,0,0,0,0,0,0,23.18901145,40.54368154
3468,228,767,0,0,0,0,0,64,0,0,0,0,15.75645961,15.01618819
3469,5,15,0,0,0,0,0,0,0,0,0,0,0.184185952,0
3470,7,20,0,0,0,0,0,0,0,0,0,0,0.257860333,0
3471,1,6,0,0,0,0,1,0,0,0,1.010901356,0,0.073674381,0
3472,208,694,0,0,4,11,100,5,0,0,0,0,26.08259847,13.01402976
3473,178,591,32,19,1,19,27,3,40,0,0,0,11.76948237,11.51238438
3474,129,443,0,0,0,0,28,0,0,0,0,0,5.783438902,8.008633701
3475,220,772,12,42,1,0,49,4,13,13,0,0,13.04036542,14.01510898
3476,22,77,0,0,0,4,18,1,0,0,0,0,1.657673571,1.001079213
3477,87,299,175,61,2,0,131,7,1,1,0,0,37.12929356,6.006475276
3478,168,623,40,94,14,0,36,32,0,1,0,0,16.18231833,11.01187134
3479,5,17,0,0,0,0,0,0,0,0,0,0,0.184185954,0
3480,6,23,0,0,0,0,0,0,0,0,0,0,0.221023143,0
3481,0,0,0,0,0,0,0,0,0,0,1.010901356,0,0.009209204,0
3482,1,1,0,1,2,0,34,13,0,0,0,0,1.878696714,0
3483,308,769,0,17,8,0,953,360,40,7,0,0,62.37457273,20.02158425
3484,238,748,33,56,2,0,123,6,9,14,0,29.82608696,25.71868861,15.01618819
3485,164,596,14,33,2,0,115,11,1,1,0,0,14.56148195,11.01187134
3486,167,621,0,0,0,0,0,0,0,0,0,0,16.15181081,11.01187134
3487,0,0,0,0,0,0,0,0,0,0,0,0,0,0
3488,240,921,0,0,0,0,0,0,0,0,0,0,8.840925711,15.01618819
3489,1,1,0,0,0,0,0,0,0,0,1.010901356,0,0.03683719,0
3490,5,17,0,0,0,0,0,0,0,0,1.010901356,0,0.184185952,0
3491,196,752,0,0,0,0,0,0,0,0,0,0,11.22929841,13.01402962
3492,32,125,0,0,0,0,0,0,0,0,0,0,3.187999291,2.00215842
3493,273,1047,0,0,0,0,0,0,0,0,0,0,14.07497148,18.01942583
3494,183,704,0,0,0,0,0,0,0,0,0,0,9.750415233,12.0129506
3495,1,1,0,0,0,0,0,0,0,0,2.021802712,0,0.03683719,0
3496,21,69,0,3,9,21,576,76,9,0,0,0,26.33859118,1.001079213
3497,104,340,0,1,0,0,50,3,1,0,0,0,5.857113283,7.007554489
3498,378,1377,0,0,1,2,22,53,0,0,0,0,23.79775885,24.0259011
3499,330,1074,0,0,0,0,0,0,0,0,0,0,84.15627285,21.02266347
3500,0,0,0,0,0,0,0,0,0,0,0,0,1.215627285,0
3501,552,2013,0,0,0,0,0,0,0,0,0,0,79.34648601,18.64694315
3502,1,1,0,0,9,0,171,3,0,0,0,0,6.778043035,0
3503,15,64,0,0,1,0,70,13,0,0,693.4783296,0,3.656091191,1.001079212
3504,1,2,0,0,0,0,0,0,0,0,67.73039083,0,0.03683719,0
3505,0,0,0,0,0,0,0,0,0,0,106.1446423,0,0,0
3506,32,135,0,0,0,0,0,0,0,0,0,0,1.187999463,2.002158425
3507,23,97,0,1,1,1,80,13,0,4,72.78489763,0,4.530974427,1.001079213
3508,100,426,11,1,10,0,46,49,1,0,12.13081627,0,27.03050752,6.006475276
3509,46,148,0,0,0,0,0,0,0,0,409.4150492,0,1.694510761,3.003237638
3510,15,50,0,1,3,0,175,29,2,0,20.21802712,0,8.306786337,1.001079213
3511,176,573,0,0,0,1,14,1,0,0,2.021802712,0,8.072740569,11.01187134
3512,78,297,0,0,0,0,0,0,0,0,13.14171763,0,2.873300856,5.005396063
3513,12,47,0,0,0,0,0,0,0,0,12.13081627,0,0.442046286,1.001079213
3514,0,0,0,0,0,0,0,0,0,0,104.1228396,0,0,0
3515,27,77,0,0,0,0,0,0,0,0,0,0,5.994604142,2.002158425
3516,1,2,0,0,0,0,0,0,0,0,0,0,0.03683719,0
3517,0,0,0,0,0,0,0,0,0,0,0,0,0,0
3518,1,1,0,0,0,0,0,5,0,0,0,0,0,0
3519,0,0,0,0,0,0,0,0,0,0,0,0,0,0
3520,0,0,0,0,0,0,0,0,0,0,0,0,0,0
3521,0,0,0,0,0,0,0,0,0,0,0,0,0,0
3522,0,0,0,0,0,0,0,0,0,0,0,0,0,0
3523,32,103,112.4,152.2,0,0,0,0,0,114.3,0,0,0,0
3524,0,0,0,0,0,0,0,0,0,0,0,0,0,0
3525,18,95,0,0,0,0,0,0,0,0,0,0,2,0
3526,0,0,0,0,0,0,0,0,0,0,0,0,0,0
3527,4,10,0,0,0,0,0,10.5,0,31.5,0,0,0,0
3528,34,83,0,0,0,0,0,0,0,0,0,0,0,0
3529,6,17,0,0,0,0,0,0,0,37,0,0,0,0
3530,2,4,0,0,0,0,0,0,0,0,0,0,0.073674381,0
3531,9,22,0,0,0,0,0,0,0,0,0,0,0.340744053,1.001079213
3532,41,87,2,0,0,0,0,0,0,0,0,0,0,0
3533,54,166,0,0,0,0,0,0,0,0,0,0,0,0
3534,0,0,0,0,0,0,0,0,0,0,0,0,0.009209339,0
3535,0,0,0,0,0,0,0,0,0,0,0,0,0,0
3536,0,0,0,0,0,0,0,0,0,0,0,0,0,0
3537,0,0,0,0,0,0,0,0,0,0,0,0,0,0
3538,0,0,0,0,0,0,0,0,0,0,0,0,0,0
3539,0,0,0,0,0,0,0,0,0,0,0,0,0,0
3540,65,247,7.2,0,0,0,0.8,0,0,0,0,0,8,0
3541,0,0,0,0,0,0,0,0,0,0,0,0,0,0
3542,1,6,0,0,0,0,0,0,0,0,0,0,0,0
3543,0,0,0,0,0,0,0,0,0,0,0,0,0,0
3544,31.8,95.4,0,0,0,0,0,0,22,0,0,0,0,0
3545,29.6,128.9,0,0,0,0,0,0,0,0,0,0,0,0
3546,0,0,0,0,0,0,0,0,0,0,0,0,0,0
3547,5,25,0,0,0,0,0,0,0,0,0,0,0,0
3548,2,5,0,0,0,0,0,0,0,0,0,0,0,0
3549,0,0,0,0,0,0,0,0,0,0,0,0,0,0
3550,0,0,0,0,0,0,0,0,0,0,0,0,0,0
3551,0,0,0,0,0,0,0,0,0,0,0,0,0,0
3552,0,0,0,0,0,0,0,0,0,0,0,68.17391297,0,0
3553,0,0,0,0,0,0,0,0,0,0,1.010901356,0,0,0
3554,0,0,0,0,0,0,0,0,0,0,0,0,0,0
3555,5,9,0,0,0,0,0,0,0,0,0,0,0,0
3556,0,0,0,0,0,0,0,0,0,0,2.021802711,0,0,0
3557,0,0,0,0,0,0,0,0,0,0,0,0,0,0
3558,0,0,0,0,0,0,0,0,0,0,0,0,0,0
3559,2,4,0,0,0,0,0,0,0,0,0,0,0.08288372,0
3560,0,0,0,0,0,0,0,0,0,0,0,0,74.00606186,17.39190854
3561,0,0,0,0,0,0,0,0,0,0,0,0,0,0
3562,0,0,0,0,0,0,0,0,0,0,0,0,0,0
