;TAZID,TOTHH,HHPOP,RETL,FOOD,MANU,WSLE,OFFI,GVED,HLTH,OTHR,FM_AGRI,FM_MING,FM_CONS,HBJ
1,0,0,0,0,0,0,0,0,0,0,0,0,0,0
2,38.5,184.6,0,0,0,0,0,0,0,0,0,0,10.4,2
3,18.5,65.7,0,0,0,0,0,0,0,0,0,0,1.9,1
4,5.3,14.5,0,0,0,0,0,0,0,0,0,0,0.9,0.3
5,70.5,170.1,0.8,0.5,1.6,0.5,0.4,0.9,3.5,1.9,0,0,6.6,3.7
6,8.6,22.8,0,0,0,4.4,0,0,0,0,0,0,1.9,0.5
7,44,102.5,5.7,2.8,9,15.1,2.1,5.3,4.8,19,93,0,0,2.3
8,53.2,142.9,13,0.2,0.5,0.2,28,0.3,0.3,2.2,0,0,2.8,2.8
9,37.1,44.4,2.8,1.8,5.8,46.4,1.3,3.4,3.1,6.8,0,0,7.6,2
10,19.7,54.3,0,0,0,52.6,0,0,0,0,0,0,0.9,1
11,8.3,20.1,0,0,0,0,0,0,0,0,0,0,1.9,0.4
12,21.4,61.4,0,0,0,0,0,0,0,0,0,0,2.8,1.1
13,14.4,34.7,0,0,0,0,0,0,0,0,0,0,3.8,0.8
14,24.7,59.3,0,0,0,0,0,0,0,0,0,0,8.5,1.3
15,1,2.4,16.7,10.8,119.7,79.4,7.8,20.3,18.1,48.5,21.1,0,0.9,0.1
16,87.4,217.3,0,0,0.5,35.5,0,0,0,30.9,0,0,30.2,4.6
17,254.5,1277.4,0,0,0,0,0,0,0,0,0,0,124.7,13.5
18,0,0,38.9,25,441.1,123.6,18.1,47.2,42,93.8,0,0,1.9,0
19,207.4,626,17.5,2.3,7.4,6.6,1.7,4.4,3.9,8.7,0,0,16.1,11
20,195.6,413.8,21.6,7.5,23.7,8.8,5.4,14,12.6,57.4,0,0,17,10.3
21,82.4,205.3,17.1,11.1,331,27.5,8,20.9,18.6,41.6,0,0,33.1,4.4
22,91.9,228.5,11.6,7.9,30.8,8,5.8,14.5,13.8,29.3,0,0,30.2,4.9
23,77.8,311.9,16.4,11,49,23.5,8,20.4,18.6,41,0,0,17.9,4.1
24,149.1,533.7,1.5,1,3.2,1,0.8,1.9,3.1,3.8,0,0,16.1,7.9
25,300,730.5,7.2,2.5,8.1,2.9,1.8,106.5,20.4,12.3,0,0,0,15.9
26,183,279.7,13.7,1,8.5,7.2,0.7,43.3,86,22.7,0,0,0,9.7
27,129.4,322.4,1.4,1,3,1,0.7,1.8,1.7,3.6,0,0,64.2,6.8
28,219.3,323.2,23.6,15.8,103.2,17.2,11.5,29.3,26.6,58.8,0,0,62.3,11.6
29,199.8,481.3,0.3,0.2,0.7,1.1,0.2,0.4,0.4,0.8,0,0,17,10.6
30,309.3,680,9.4,0,0,2.1,30.6,0,33.6,7.6,0,0,0,16.4
31,200,418.1,2.6,55.7,47,0,33.2,0,0,41.7,0,0,0,10.6
32,130.1,344.6,0.3,0.2,0.7,1.1,0.2,0.4,0.4,0.8,0,0,0,6.9
33,154.3,462,0.5,0.3,1.1,7,0.2,0.6,0.6,1.3,0,0,0,8.2
34,173.3,416,1.4,0,9.9,0,5,0,0,0,0,0,0,9.2
35,257.1,600.7,0,0,0,0,0,0,0,0,0,0,0,13.6
36,126.8,205.5,0,0,0,0,0,0,0,0,0,0,12.3,6.7
37,77.4,114.1,9.6,6.6,20.2,6.5,4.9,12,11.5,29.4,0,0,28.3,4.1
38,2.3,5.8,13.1,8.5,1138.3,9.5,6.2,24.4,14.3,31.9,0,0,0.9,0.1
39,78.5,183.9,17.4,3.1,9.8,3.4,2.2,5.8,8,137.9,0,0,6.6,4.2
40,338.7,633.1,30.5,1.1,3.6,7.7,48.5,75.9,34,63.1,0,0,0,17.9
41,107.7,202.3,208.6,19,60.6,21.3,13.7,35.7,61.5,191.3,0,0,1.9,5.7
42,70,215,0,0,0,0,2,0,0,79.7,0,0,0,3.7
43,205.4,616.7,0.4,0.3,0.8,0.5,0.2,32.6,46.6,1,0,0,0,10.9
44,163.6,411.1,0,0,0,0,0,0,0,0,0,0,5.7,8.6
45,156.1,417.3,0,0,0,0,25.8,0,0,0,0,0,16.1,8.3
46,0,0,0,0,0,0,0,0,0,0,0,0,0,0
47,0,0,0,0,0,0,0,0,0,0,0,0,0,0
48,11.4,37.1,0,0,0,0,0,0,0,0,0,0,1.9,0.6
49,96.7,241,88.1,39.3,46.7,16.2,10.7,27.5,24.9,55.1,0,0,43.4,5.1
50,154.3,383.7,27.8,18,62.1,35.5,42,128.4,93.2,68.7,0,0,49.1,8.2
51,69,297.4,3.6,2.4,14.1,18.6,16.8,4.4,20.1,8.8,0,0,13.2,3.6
52,46,85.7,0,0,77.5,0,0,0,14.1,1708.8,0,0,0,2.4
53,220.2,489.7,229.9,33.1,0,16.3,49.5,311.5,65.1,531.7,0,0,0,11.6
54,170.3,337.3,11.4,45.4,16,5.2,78.2,210.6,93.9,209.2,0,0,0,9
55,156.2,344.3,0,0,0,0,1.6,194.7,0,14.2,0,0,0,8.3
56,37.1,78.5,0,0,0,0,0,0,0,0,0,0,0,2
57,87.2,152.2,0,0,0,0,0,0,0,0,0,0,0,4.6
58,0,0,0,0,0,0,0,0,0,0,0,0,0,0
59,129.4,322.4,0,0,0,0,0,0,0,0,0,0,63.3,6.8
60,152.2,379.1,0,0,0,0,0,0,0,0,0,0,74.6,8
61,255.9,619.4,0,0,0,0,0,0,0,0,0,0,18.9,13.5
62,205.1,582.6,6.8,3.6,11.5,4,2.6,6.8,6.2,29.7,0,0,0,10.8
63,22.1,71,0,0,0,0,0,194.3,0,0,0,0,0,1.2
64,210.3,548.1,6.7,79.9,13.8,4.8,3.1,8.1,7.2,40.3,0,0,0,11.1
65,265.3,631.8,35.1,0.2,0.7,0.3,0.2,4.3,1.1,27.6,0,0,0,14
66,162.5,256.4,44.9,22.1,5.1,1.8,1.1,3,11.2,49.4,0,0,0,8.6
67,137,308.1,68.6,0,0,0,1.9,0,0.3,43.1,0,0,0,7.2
68,174.2,335.2,0,0,0,0,0,0,19.5,16.7,0,0,0,9.2
69,32,106.8,5.9,3.9,12.4,4.3,2.8,7.3,6.6,39.7,0,0,0.9,1.7
70,103.6,351.5,0.1,0.1,0.2,0.1,6.4,0.1,0.1,16.4,0,0,5.7,5.5
71,25,63.2,0,0,0,0,0,0,0,0,0,0,236.1,1.3
72,99.7,342.1,0.6,0,0,0.9,0,0,0,84.1,0,0,3.8,5.3
73,5.5,14.7,0,0,0,0,0,0,0,0,0,0,0,0.3
74,82.4,205.3,13.1,10,30.3,10.1,7.2,17.6,16.6,35.9,0,0,33.1,4.4
75,513.6,1157,43.6,39.1,85.4,29.7,19.5,89.5,170.3,115.7,0,0,91.6,27.2
76,500.4,1237.8,14.9,10.2,31.3,10.2,7.5,18.6,25.3,40.3,0,0,88.8,26.5
77,518.4,1067.8,21.7,14,56.2,15.7,10.1,155,618.2,52.5,0,0,81.2,27.4
78,581.9,1375.6,70.4,27.4,30.5,10.7,6.9,18,27.4,114.7,0,0,19.8,30.8
79,488.5,876.7,54.2,95.1,16,5.6,13.7,59.3,125.7,37.3,0,0,78.4,25.8
80,552.9,837.6,27.6,92.9,25.2,8.9,24.1,130.2,13.2,29.5,0,0,55.7,29.2
81,157.7,243.4,14.2,9.2,29.3,10.3,6.6,72.3,15.4,157.7,0,0,19.8,8.3
82,376.8,617.9,51.5,73.5,27,10,43.5,15.9,100.3,178.1,0,0,0.9,19.9
83,0,0,70,115.1,14,4.9,3.2,8.3,7.4,25.8,0,0,0,0
84,197.3,491.4,78.2,25.3,13.6,4.8,7.2,69.5,22.5,30.7,0,0,108.6,10.4
85,62.5,186.4,7.8,3.6,11.6,12,7.1,6.8,19.7,65.1,0,0,6.6,3.3
86,15,37.7,33.3,12.4,28.5,9.8,6.6,16.8,15.4,33.8,0,0,5.7,0.8
87,69,172.2,0,0,0,0,0,0,0,0,0,0,28.3,3.6
88,69,172.2,0,0,0,0,0,0,0,0,12.7,0,28.3,3.6
89,164.5,352.5,2.5,273,5.1,2.6,1.1,3,2.7,45.7,0,0,23.6,8.7
90,125.2,389.5,435.6,65.9,9.4,2.9,140.7,48.3,4.3,9.6,0,0,26.4,6.6
91,255.2,624.3,0,0,0,0.6,91.9,0,1.5,23.3,0,0,8.5,13.5
92,200,574.8,12.7,8.2,30.7,9.6,15.3,15.5,40.3,66.6,0,0,0.9,10.6
93,111.4,277.9,0,0,0,0,0,0,0,0,0,0,51.9,5.9
94,115.2,289.4,0,0,0,0,0,0,0,0,0,0,34,6.1
95,284,872.6,8.9,49.1,18.2,6.5,8.4,10.7,34.9,57.9,0,0,9.4,15
96,270.2,493.2,4.8,3.1,9.9,3.5,2.3,5.9,17.9,16.7,0,0,0,14.3
97,0,0,0,0,0,0,0,0,0,0,0,0,0,0
98,15.4,38.3,0.3,0.2,0.6,0.2,0.1,0.3,0.3,0.7,0,0,4.7,0.8
99,0,0,0,0,0,0,0,0,0,0,0,0,0,0
100,106.7,331.2,0,0,0,0,0,0,2.1,0,0,0,15.1,5.6
101,440.6,1225.9,2.3,13.3,4.6,4.5,5.2,18,33.7,53.2,0,0,0,23.3
102,0,0,0,0,0,0,0,0,0,0,0,0,0,0
103,228.7,725.8,1.3,0.9,2.7,2.5,0.6,1.6,4.3,5.8,0,0,7.6,12.1
104,198.3,641.6,0,0,0,0,0,116,0,0,0,0,51.9,10.5
105,108.2,270.8,5.1,7.7,10.8,3.6,2.6,6.4,6,12.9,0,0,16.1,5.7
106,216.6,653.6,15.4,4.7,14.6,5,3.4,8.6,7.9,17.3,232.4,0,81.2,11.5
107,0,0,0,0,0,0,0,0,0,0,0,0,0,0
108,171.2,379.3,0,0,0,0,0,0,0,0,0,0,31.2,9
109,12,29.9,0.1,0.1,0.3,0.1,0.1,0.2,0.2,0.3,0,0,2.8,0.6
110,21.3,93.2,0,0,0,0,0,0,0,0,0,0,3.8,1.1
111,19.7,49.2,0,0,0,0,0,0,0,0,0,0,12.3,1
112,47,128.4,0,0,0,0,0,0,0,0,0,0,5.7,2.5
113,113.2,306,0,0,0,0,0,0,0,0,0,0,14.2,6
114,86.9,201.5,0.1,0.1,0.2,1,0,0.1,0.1,0.2,0,0,0,4.6
115,5.6,14.1,53.2,2.7,8.7,3,2,5.1,4.6,10.2,0,0,2.8,0.3
116,65.1,162.3,1.5,1,17.6,1.1,0.7,1.9,1.7,3.7,0,0,36.8,3.4
117,30.3,96.9,19.9,1.1,3.4,1.2,0.8,2,1.8,4,0,0,2.8,1.6
118,56.2,153.5,0,0,0,0,0,0,0,0,0,0,17.9,3
119,1,4.4,0,0,0,0,0,35.8,0,0,0,0,0,0.1
120,123.3,268.7,1.4,0,0,0,0,0,0,0,0,0,27.4,6.5
121,51.4,150.3,0.4,0.3,0.9,1.1,0.2,0.6,0.5,3.8,0,3.5,3.8,2.7
122,90.7,255.4,0,0,0,0,0,0,0,0,0,0,22.7,4.8
123,0,0,0,0,0,0,0,0,0,0,0,0,0,0
124,98,218.1,0,0,0,0,0,0,0,2.3,0,0,8.5,5.2
125,70,176,0,0,0,0,11.3,53,0,0,0,0,0,3.7
126,175.4,373.2,0.4,0.3,6.4,1.2,0.2,0.5,0.5,1.1,0,0,0,9.3
127,105,270.9,0,0,0,0,0,0,0,0,0,0,2.8,5.5
128,96,299.4,0.1,0,0.1,5.4,0,0.1,0.1,0.1,0,0,10.4,5.1
129,66.4,147.8,0,0,0,0,0,0,0,0,0,0,15.1,3.5
130,73.8,89.9,0.1,0.1,1,0.1,0,0.1,0.1,0.2,0,0,1.9,3.9
131,90.4,234.3,0,0,0,0,0,0,0,0,0,0,7.6,4.8
132,122.2,277.8,0.4,0.3,3.4,0.3,0.2,0.5,0.5,1,63.4,0,40.6,6.5
133,194.9,573.8,0.8,0.6,1.8,0.6,2.7,1,0.9,7.2,0,0,22.7,10.3
134,9.6,31.4,0,0,0,0,0,0,0,0,0,0,6.6,0.5
135,3.4,9.2,0,0,0,0,0,0,0,0,0,0,0.9,0.2
136,316.8,911.2,0.8,0.5,1.6,4.4,10.2,1,0.9,4.3,0,0,83.1,16.7
137,2.5,6.8,0,0,0,30.7,0,0,0,0,0,0,1.9,0.1
138,215.9,801.4,0.1,0.1,7.7,0.1,26.8,0.2,0.2,19.1,0,0,37.8,11.4
139,296.9,533.8,1.7,1.1,3.6,1.2,0.8,14.5,1.9,4.2,0,17.5,110.5,15.7
140,5,6,0,0,0,0,0,0,0,0,0,0,0.9,0.3
141,5.9,15.9,0,0,0,0,0,0,0,0,0,0,0.9,0.3
142,0,0,0,0,0,0,0,0,0,0,0,0,0,0
143,73.8,162.5,43.3,2.8,9,32.1,2,5.3,4.7,10.5,0,0,8.5,3.9
144,0,0,0,0,0,0,0,0,0,0,0,0,0,0
145,33.3,92.5,0,0,0,0,0,0,0,0,0,0,2.8,1.8
146,18.6,46.2,0,0,0,0,0,0,0,0,0,0,1.9,1
147,2.8,4,0,0,0,0,0,0,0,0,0,0,0,0.1
148,0,0,0,0,0,0,0,0,0,0,0,0,0,0
149,0,0,0,0,0,0,0,0,0,0,0,0,0,0
150,616.2,1640.6,28.3,2.9,9.1,3.9,6.5,51.9,15.2,37.7,0,0,113.3,32.6
151,21.4,103,2.9,1.9,24.5,2.1,1.4,3.5,3.2,7,0,0,0,1.1
152,0,0,0,0,0,0,0,0,0,0,0,0,0,0
153,0,0,0,0,0,0,0,0,0,0,0,0,0,0
154,0,0,0,0,0,0,0,0,0,0,4.023970037,0,0,0
155,182,389.8600309,0,0,0,0,0,0,0,0,18.10786517,0,22.88089521,9.004980631
156,6,14.08879551,0,0,0,0,0,0,0,0,36.21573034,0,0.259809732,0
157,461,1060.596,0,0,0,0,0,0,0,0,39.23370787,0,51.96204775,23.01272828
158,1181,1907.174073,0,0,0,0,0,0,0,0,19.11385768,0,65.13921559,60.03320421
159,0,0,52,71,282,0,0,0,0,0,58.34756554,73.6,17.53715691,0
160,3,4.443234772,0,0,0,0,0,0,0,0,20.11985019,0,0.129904866,0
161,172,371.1475038,0,0,5,0,0,0,0,0,6.035955056,0,23.6643871,9.004980631
162,654,1343.84294,0,0,0,0,0,0,0,0,39.23370787,0,28.31926079,33.01826231
163,24,35.54587818,0,0,0,0,0,0,0,0,4.023970037,0,7.039238928,1.000553403
164,438,811.2849632,0,0,0,0,0,0,0,0,14.08389513,0,18.96611044,22.01217488
165,0,0,0,3,435,1,0,1,0,16,11.0659176,0,19.74553964,0
166,459,1023.168434,0,0,20,0,39,37,69,98,23.13782772,0,46.26377109,23.01272828
167,33,58.62994368,0,0,0,0,0,0,0,0,20.11985019,0,12.42895353,2.001106807
168,103,229.9356593,0,0,0,0,0,0,0,0,4.023970037,0,4.460067067,5.002767017
169,195,385.0532906,0,0,0,0,0,0,0,0,10.05992509,0,17.44381629,10.00553403
170,168,376.2781334,0,0,0,21,0,0,0,3,14.08389513,0,8.313911425,9.004980631
171,685,1489.901141,0,0,0,0,0,0,0,0,4.023970037,0,38.66161107,35.01936912
172,312,713.758935,0,0,0,0,0,78,0,1,9.053932584,0,21.9309342,16.00885445
173,744,1661.822556,0,0,0,0,0,0,0,0,16.09588015,0,32.21640677,38.02102933
174,302,672.2862318,0,0,0,0,0,0,0,0,26.15580524,0,13.07708985,15.00830105
175,881,1988.285518,9,0,1,2,1,2,1,4,7.041947566,0,39.01476143,45.02490315
176,248,490.8626496,0,0,0,0,0,0,0,0,6.035955056,0,16.73880226,13.00719424
177,166,375.2668491,0,0,6,214,5,12,8,33,7.041947566,0,19.22592017,8.004427227
178,544,1220.592068,2,2,10,86,3,19,4,37,12.07191011,0,30.61424676,28.0154953
179,268,612.8255006,51,30,14,4,5,20,7,65,23.13782772,0,20.09195261,14.00774765
180,42,97.97127785,0,0,0,0,0,0,0,0,18.10786517,0,1.818668124,2.001106807
181,139,316.4193045,0,0,0,0,0,0,0,0,8.047940075,0,6.018925459,7.003873824
182,142,308.5070152,0,0,1,2,1,2,1,2,9.053932584,0,6.538544923,7.003873824
183,101,237.3781547,76,12,1,0,0,5,1,6,30.17977528,0,8.746927645,5.002767017
184,217,482.6660868,1,0,8,0,4,13,5,15,12.07191011,0,16.38832659,11.00608744
185,283,664.304758,0,0,7,0,2,1,5,10,7.041947566,0,17.33689958,14.00774765
186,218,536.8207155,1,0,5,0,0,1,2,8,1.005992509,0,10.17588117,11.00608744
187,74,175.9294472,0,4,0,0,1,0,0,0,3.017977528,0,3.420828139,4.002213614
188,127,288.2417136,0,0,1,0,2,12,0,4,31.18576779,0,11.32203681,6.003320421
189,175,401.6023684,0,0,0,0,0,1,0,0,11.0659176,0,7.621085473,9.004980631
190,94,200.3486863,0,0,4,0,0,0,0,0,6.035955056,0,4.243558957,5.002767017
191,285,618.4951087,0,0,2,0,5,4,1,7,5.029962547,0,13.16369309,14.00774765
192,367,794.5679484,0,0,0,0,0,0,0,0,18.10786517,0,15.89169528,19.01051467
193,374,781.5250294,0,0,0,0,0,0,0,0,2.011985019,0,16.19480663,19.01051467
194,0,0,0,0,0,0,0,0,0,0,3.017977528,0,0,0
195,280,676.7690827,0,0,0,0,0,0,0,0,6.035955056,0,12.12445416,14.00774765
196,255,607.8778797,0,0,0,0,0,0,0,0,5.029962547,0,65.04191361,13.00719424
197,268,636.2359675,0,0,2,0,2,8,1,8,5.029962547,0,12.51416876,14.00774765
198,373,837.2695366,1,0,8,0,4,7,1,5,10.05992509,0,17.27734718,19.01051467
199,2467,4922.537306,83,27,11,68,5,19,10,55,8.047940075,0,118.8629524,125.0691754
200,1340,2902.205108,0,0,0,0,0,0,0,0,8.047940075,0,106.0241735,68.03763143
201,143,245.6093096,0,0,0,0,0,0,0,0,5.029962547,0,76.19213195,7.003873824
202,466,703.1882829,1,0,4,0,13,4,35,64,6.035955056,0,75.41805212,24.01328168
203,310,551.4755457,0,0,0,2,6,0,0,1,17.10187266,0,16.81321742,16.00885445
204,219,406.2927723,0,0,0,0,0,0,0,0,12.07191011,0,9.483055219,11.00608744
205,320,710.0005831,0,0,0,0,0,0,0,0,2.011985019,0,13.85651904,16.00885445
206,166,377.8680122,0,0,7,0,4,12,13,26,3.017977528,0,17.87276982,8.004427227
207,470,765.6878908,0,0,0,0,0,0,0,0,16.09588015,0,26.35176234,24.01328168
208,134,284.302865,0,0,0,0,0,0,0,0,4.023970037,0,12.80241735,7.003873824
209,481,949.104473,2,0,35,0,36,91,73,143,6.035955056,0,48.28269655,24.01328168
210,877,1561.623093,0,0,3,0,0,6,2,8,10.05992509,0,101.7982533,45.02490315
211,165,345.8232688,0,12,0,0,0,0,0,0,5.029962547,0,7.664387095,8.004427227
212,131,259.7006171,1,0,2,9,1,8,2,16,3.017977528,0,7.361275741,7.003873824
213,338,878.4233745,135,58,18,30,19,128,12,85,1.005992509,0,35.63723491,17.00940786
214,414,1113.890273,0,0,0,0,2,4,2,2,7.041947566,0,27.35988773,21.01162147
215,323,689.7327695,1,0,5,5,5,9,5,19,5.029962547,0,16.10820339,16.00885445
216,88,174.5546574,0,0,0,1,0,0,0,3,0,0,3.983749225,4.002213614
217,267,634.7548892,0,0,0,0,0,0,0,2,2.011985019,0,11.64813632,14.00774765
218,314,822.0681923,0,0,0,0,0,0,0,0,1.005992509,0,55.59670931,16.00885445
219,185,374.1442525,0,0,0,0,0,179,0,2,0,0,15.84839365,9.004980631
220,398,650.5964766,0,0,0,0,0,0,1,0,6.035955056,0,17.27734718,20.01106807
221,1170,1838.208662,0,0,0,0,0,0,0,0,7.041947566,0,57.66289775,59.0326508
222,274,493.6046932,0,0,0,0,0,0,0,0,6.035955056,0,11.86464443,14.00774765
223,96,181.2009575,0,0,0,0,0,0,0,0,2.011985019,0,10.15695571,5.002767017
224,688,1480.68827,0,0,0,0,25,113,1,63,0,0,53.53844359,35.01936912
225,28,62.27949508,145,155,64,538,71,103,285,382,0,0,87.68717257,1.000553403
226,480,941.1204879,0,0,0,0,0,0,15,0,2.011985019,0,83.43430289,24.01328168
227,381,634.5222166,26,10,17,73,28,175,23,96,3.017977528,0,35.89704464,19.01051467
228,311,839.0845523,0,0,0,0,0,124,0,0,1.005992509,0,18.83620557,16.00885445
229,236,521.2112256,2,0,4,1,7,13,7,34,2.011985019,0,13.16369309,12.00664084
230,48,107.5080382,32,130,6,1064,4,3,7,154,1.005992509,0,62.70074867,2.001106807
231,9,11.37883208,400,254,1975,195,53,44,40,523,0,0,151.2525657,0
232,169,384.2621192,0,0,0,0,0,0,0,0,2.011985019,0,19.31797412,9.004980631
233,139,242.9364503,12,1,34,6,56,64,63,179,1.005992509,0,35.98909859,7.003873824
234,228,485.9521328,0,0,2,1,1,5,2,16,5.029962547,0,18.04191361,12.00664084
235,2074,3548.419422,17,2,542,29,56,101,99,269,4.023970037,0,138.0888726,105.0581074
236,424,884.8420255,12,0,11,0,0,0,0,13,4.023970037,0,33.91874612,22.01217488
237,46,92.19035744,108,6,186,8,213,131,339,444,6.035955056,0,64.12970219,2.001106807
238,997,1597.589101,53,0,113,115,157,274,260,576,4.023970037,0,110.202628,51.02822357
239,9,21.78348401,0,0,0,1,0,0,0,0,4.023970037,0,1.43301622,0
240,21,40.8570046,0,0,0,0,0,0,0,0,0,0,0.909334062,1.000553403
241,45,67.29881233,0,0,5,0,1,8,4,8,0,0,8.074415162,2.001106807
242,7,15.56987377,0,0,0,0,0,0,0,0,1.005992509,0,0.303111354,0
243,146,287.1191168,0,0,0,1,1,1,0,2,2.011985019,0,8.538544923,7.003873824
244,0,0,157,106,6,0,1,0,1,5,11.0659176,0,11.95124767,0
245,400,938.3859799,15,77,121,50,19,14,13,60,2.011985019,0,81.29894732,20.01106807
246,282,524.3117509,0,0,0,0,0,0,0,0,2.011985019,0,21.21105741,14.00774765
247,579,1360.219057,0,0,0,0,0,0,0,0,1.005992509,0,33.07163914,29.0160487
248,109,213.4607897,0,0,0,0,0,0,0,0,0,0,14.7198768,6.003320421
249,355,874.3386216,0,0,0,0,0,0,0,0,0,0,25.37207581,18.00996126
250,294,584.3535885,2,0,5,17,13,120,33,75,0,0,24.2056067,15.00830105
251,97,249.0116918,0,0,0,0,0,200,0,1,0,0,12.90388336,5.002767017
252,327,538.9370128,219,313,419,20,58,21,14,145,10.05992509,0,66.5112914,17.00940786
253,653,1659.053456,92,56,218,276,49,76,166,215,3.017977528,0,77.98622123,33.01826231
254,495,1261.820114,1,21,18,8,4,91,6,31,2.011985019,0,29.22859485,25.01383509
255,333,662.9249444,1,0,7,2,22,48,23,93,1.005992509,0,22.90655804,17.00940786
256,152,239.4302916,1,0,0,3,1,2,2,12,0,0,26.49118061,8.004427227
257,395,833.4369768,197,108,41,58,22,20,26,138,2.011985019,0,43.51813012,20.01106807
258,69,165.9228929,6,0,9,35,22,26,19,60,2.011985019,0,10.65219901,4.002213614
259,173,316.7035779,7,0,16,5,31,56,43,128,1.005992509,0,19.8754445,9.004980631
260,160,348.1722388,0,0,0,0,0,0,0,0,0,0,6.928259521,8.004427227
261,335,680.843788,0,0,0,0,0,0,0,0,0,0,49.50604337,17.00940786
262,1043,1553.868693,0,0,0,0,0,0,0,0,0,0,45.16359175,53.02933038
263,572,1282.221272,2,0,0,1,3,0,0,2,0,0,25.11494076,29.0160487
264,915,2098.468928,0,0,0,0,0,0,0,0,0,0,141.6209841,47.02600996
265,482,1020.166661,0,0,0,0,0,86,0,0,0,0,72.5953213,24.01328168
266,239,567.9233589,0,0,0,0,0,0,0,0,1.005992509,0,10.34908766,12.00664084
267,350,773.9416532,0,0,0,0,0,0,0,0,0,0,60.1555677,18.00996126
268,152,329.1704145,0,0,0,0,0,0,0,0,0,0,43.58184655,8.004427227
269,216,386.8928504,2,0,12,5,31,13,74,44,3.017977528,0,17.19074394,11.00608744
270,121,211.0747157,158,98,3,9,2,3,2,55,0,0,19.52903153,6.003320421
271,409,846.3685832,6,0,3,1,3,67,26,32,0,0,23.68598724,21.01162147
272,322,627.7746519,0,0,7,0,0,92,0,13,0,0,72.79290395,16.00885445
273,371,734.8128961,0,0,0,0,0,0,0,0,0,0,80.06490176,19.01051467
274,741,1612.509259,0,0,0,0,0,0,0,0,0,0,32.08650191,38.02102933
275,96,136.9811868,0,0,0,1,1,4,1,5,1.005992509,0,4.676575177,5.002767017
276,1186,2412.702176,45,28,4,7,10,93,26,80,1.005992509,0,69.04309895,60.03320421
277,139,255.9422652,33,0,4,2,3,4,8,37,0,0,9.959373062,7.003873824
278,732,1450.262974,259,158,30,10,21,165,149,130,1.005992509,0,71.6208828,37.02047593
279,216,397.9477931,2,0,5,2,9,23,8,44,2.011985019,0,18.3802012,11.00608744
280,179,365.257783,0,0,0,0,0,0,0,0,0,0,7.750990339,9.004980631
281,488,884.0382942,0,0,0,0,0,1,0,0,7.041947566,0,21.17449316,25.01383509
282,1369,3154.549997,52,14,25,15,52,47,59,218,2.011985019,0,80.15130233,70.03873824
283,525,1112.46582,19,72,8,6,17,100,23,83,0,0,36.93628357,27.01494189
284,403,846.5861839,0,0,0,0,3,0,4,1,1.005992509,0,24.79696664,20.01106807
285,397,733.6531953,0,0,0,0,0,0,1,0,3.017977528,0,17.23404556,20.01106807
286,353,780.3357603,2,6,4,2,46,6,42,33,1.005992509,0,21.39100127,18.00996126
287,261,596.6053361,0,0,0,0,0,0,0,0,0,0,15.30172334,13.00719424
288,998,1924.865843,535,244,88,59,23,236,22,218,2.011985019,0,104.9198301,51.02822357
289,158,356.9153156,54,6,15,2,16,18,15,106,3.017977528,0,19.88763258,8.004427227
290,136,326.2824662,0,0,0,0,0,0,0,0,2.011985019,0,13.88902059,7.003873824
291,1878,4058.635992,0,0,0,0,0,2,0,0,0,0,81.40704937,95.05257333
292,217,480.7152146,57,14,19,8,24,21,44,123,10.05992509,0,34.8199548,11.00608744
293,418,945.536666,19,0,7,11,23,50,23,96,3.017977528,0,28.01614944,21.01162147
294,496,1206.725897,465,108,52,32,73,153,127,360,2.011985019,0,80.80082666,25.01383509
295,16,23.04696137,0,0,0,0,0,0,0,0,3.017977528,0,13.69282595,1.000553403
296,11,20.1936053,0,0,0,0,0,0,0,0,11.0659176,0,0.476317842,1.000553403
297,54,109.8916002,0,0,0,0,0,0,0,0,22.13183521,0,15.33828759,3.00166021
298,52,85.46984908,0,0,0,0,0,0,0,0,9.053932584,0,10.25168434,3.00166021
299,24,38.79733191,50,18,12,60,19,29,20,98,3.017977528,0,14.28953526,1.000553403
300,4,11.126639,930,71,1420,3,460,276,653,1817,4.023970037,0,243.9613384,0
301,15,37.17286102,0,0,0,0,0,0,0,0,3.017977528,0,0.64952433,1.000553403
302,109,228.4174769,0,0,0,0,1,1,0,4,9.053932584,0,20.97968653,6.003320421
303,60,116.8271975,17,36,9,4,14,15,21,70,2.011985019,0,22.65219901,3.00166021
304,117,214.9047638,1,0,1,0,3,60,4,15,3.017977528,0,18.70362602,6.003320421
305,2,2.962156515,0,0,0,0,0,0,0,0,14.08389513,0,0.086603244,0
306,28,55.77658761,0,0,0,0,0,0,0,0,11.0659176,0,1.212445416,1.000553403
307,107,220.2529944,0,0,0,0,0,0,0,0,9.053932584,0,5.633273555,5.002767017
308,326,711.7338545,87,4,51,18,61,132,77,238,3.017977528,0,44.04181227,17.00940786
309,227,435.0489578,39,10,80,9,25,42,26,98,7.041947566,0,41.07570184,12.00664084
310,0,0,58,3,20,23,6,3,4,68,1.005992509,0,81.01080007,0
311,23,42.51857962,266,152,183,43,123,269,138,528,3.017977528,0,86.69529796,1.000553403
312,430,1149.292758,1,0,4,3,7,48,231,187,8.047940075,0,39.44777765,22.01217488
313,722,1463.414693,0,17,1,1,1,44,1,11,0,0,34.55469436,37.02047593
314,628,1270.219206,0,0,0,1,0,2,1,11,1.005992509,0,27.84294295,32.01770891
315,0,0,178,2,344,260,66,4,55,582,0,0,64.56271841,0
316,1196,2670.721697,5,0,13,9,19,40,68,118,0,0,63.56678111,61.03375761
317,557,1062.316711,0,0,0,1,0,0,1,6,0,0,24.46541643,28.0154953
318,129,226.1747955,0,0,0,0,0,0,0,0,0,0,8.585909239,7.003873824
319,0,0,279,15,1615,482,100,253,52,419,0,0,139.2147148,0
320,779,1542.633828,0,0,0,1,0,27,0,19,1.005992509,0,35.76713978,40.02213614
321,562,1036.557275,0,0,0,0,4,115,0,0,0,0,29.48840459,29.0160487
322,369,600.4920089,40,1,29,18,49,110,60,215,0,0,38.58174521,19.01051467
323,377,642.9043,43,0,8,66,7,12,13,69,0,0,25.76446509,19.01051467
324,600,1145.511799,122,8,45,14,33,69,46,170,0,0,47.93489556,30.0166021
325,528,943.9317158,0,0,0,0,0,0,0,0,0,0,22.86325642,27.01494189
326,0,0,160,1,1434,381,340,633,264,1635,3.017977528,0,209.9262635,0
327,591,1078.858254,0,0,3,28,3,76,2,56,2.011985019,0,32.8659311,30.0166021
328,348,555.7332598,54,56,11,4,9,32,22,361,0,0,38.84155494,18.00996126
329,921,1622.888792,64,4,26,10,14,135,23,111,0,0,56.63852158,47.02600996
330,475,1046.215396,27,0,4,6,8,83,8,37,0,0,28.05945106,24.01328168
331,327,512.925383,0,0,0,0,1,412,0,0,0,0,32.04320028,17.00940786
332,404,691.9974834,3,0,8,4,7,53,11,56,0,0,23.64268562,21.01162147
333,766,1645.634471,96,32,177,39,77,122,107,403,0,0,78.76565043,39.02158273
334,343,563.9348464,255,283,36,29,50,68,130,288,0,0,64.17300381,17.00940786
335,474,928.9825644,22,437,17,43,23,24,35,168,0,0,53.82391615,24.01328168
336,337,752.0864729,2,0,6,3,8,96,13,32,0,0,21.52090614,17.00940786
337,359,802.2280447,1,0,9,9,9,304,74,37,0,0,34.72790085,18.00996126
338,697,1362.659244,0,0,0,0,0,2,0,4,0,0,30.44104027,35.01936912
339,0,0,42,11,33,20,45,401,92,212,1.005992509,0,37.06618844,0
340,567,1001.043477,171,79,1617,150,97,187,131,346,0,0,144.8439256,29.0160487
341,92,153.8170498,86,63,20,10,41,157,39,99,0,0,26.28408456,5.002767017
342,239,519.8018437,0,65,0,0,1,1,1,2,0,0,13.3802012,12.00664084
343,155,339.466266,9,128,4,2,4,4,3,46,0,0,15.37207581,8.004427227
344,394,642.0710006,61,7,42,22,49,33,63,178,0,0,41.76307708,20.01106807
345,256,409.7196989,0,0,1,1,2,9,26,10,0,0,13.20699471,13.00719424
346,423,545.8600504,2,44,2,0,1,68,3,12,0,0,24.03240021,21.01162147
347,734,956.4030011,159,1,9,5,15,17,37,88,0,0,46.11622744,37.02047593
348,255,395.2328057,1,90,4,2,21,21,18,132,0,0,23.55608237,13.00719424
349,232,388.4802172,0,0,0,0,0,0,0,0,0,0,10.04597631,12.00664084
350,259,409.6108985,6,0,2,1,1,1,1,8,0,0,12.08115254,13.00719424
351,2,4.913028752,38,1,20,20,14,18,22,51,0,0,8.054101693,0
352,49,71.27225312,2,0,4,206,1,0,1,63,0,0,14.11632877,2.001106807
353,511,828.3629716,318,10,38,21,52,19,73,185,0,0,53.1310902,26.01438849
354,8,14.44978905,43,0,12,6,8,1,16,64,0,0,6.841656277,0
355,50,97.46437975,33,1,19,17,5,3,10,15,0,0,6.625148167,3.00166021
356,327,506.4224755,8,9,8,4,11,1,11,43,0,0,18.27328449,17.00940786
357,51,106.7489469,0,0,0,0,0,0,1,5,0,0,2.468192454,3.00166021
358,114,169.4932121,26,127,30,0,0,0,2,2,0,0,13.03378822,6.003320421
359,188,329.8156813,12,0,4,2,8,4,12,35,0,0,11.47492983,10.00553403
360,413,556.4106069,0,29,9,0,3,8,25,142,0,0,27.23672024,21.01162147
361,168,341.8127239,0,0,0,0,0,300,0,0,0,0,20.2651591,9.004980631
362,328,556.6753597,99,25,11,6,14,15,23,90,0,0,26.45729105,17.00940786
363,311,577.0173816,0,0,0,0,0,0,0,0,0,0,37.46680444,16.00885445
364,2,2.782740155,178,79,88,271,12,6,8,68,0,0,30.83075487,0
365,0,0,752,224,1091,51,143,89,267,791,1.005992509,0,147.5719278,0
366,85,187.018982,168,2,407,81,73,51,81,372,0,0,57.15814105,4.002213614
367,0,0,4,0,4,2,1,2,3,14,0,0,1.29904866,0
368,181,281.0809795,14,0,9,42,9,11,13,27,0,0,13.25029633,9.004980631
369,9,15.28057656,72,7,155,85,189,61,260,506,0,0,58.19737998,0
370,69,123.6539944,24,12,60,66,48,34,65,380,0,0,32.82262948,4.002213614
371,8,11.91370078,25,5,126,52,121,73,174,377,0,0,41.61285875,0
372,293,439.1582554,190,35,34,14,90,467,41,300,0,0,63.39357462,15.00830105
373,169,253.5536793,57,199,109,61,339,124,181,1112,0,0,101.8021133,9.004980631
374,300,538.6156354,6,0,7,3,6,1,11,31,0,0,15.80509203,15.00830105
375,187,283.4645416,41,7,114,46,208,334,319,483,0,0,75.30152067,10.00553403
376,262,502.4936747,10,0,28,12,25,19,50,107,0,0,22.21373209,13.00719424
377,800,1082.116668,6,0,18,10,40,26,163,82,0,0,49.5803572,41.02268954
378,329,442.4046852,3,0,0,0,0,54,1,4,0,0,16.9309342,17.00940786
379,721,1355.936224,1,0,4,2,6,5,7,28,0,0,33.51545543,37.02047593
380,490,983.2434817,1,0,4,4,3,5,6,18,0,0,22.99316129,25.01383509
381,388,730.7281429,16,0,2,0,3,3,2,13,0,0,18.4897926,20.01106807
382,162,334.8771266,0,0,0,0,1,0,0,0,0,0,7.058164387,8.004427227
383,0,0,102,19,1049,255,256,97,60,151,0,0,86.12692617,0
384,7,16.87045526,133,21,309,235,91,39,37,183,0,0,45.68321122,0
385,8,18.35153352,57,6,170,29,23,33,21,101,0,0,19.39912666,0
386,7,14.26929228,45,7,151,497,9,17,7,60,0,0,34.64129761,0
387,408,939.8299542,19,17,199,28,52,17,10,107,0,0,37.10949006,21.01162147
388,0,0,0,0,2,11,0,0,0,1,0,0,0.606222708,0
389,166,240.006374,8,3,67,12,31,45,43,139,0,0,22.25703371,8.004427227
390,122,180.7055117,40,181,74,34,119,80,133,412,0,0,51.7454383,6.003320421
391,77,138.1037834,2,0,16,6,31,402,20,73,0,0,27.150117,4.002213614
392,358,640.1251522,61,263,126,58,171,136,252,438,0,0,80.6709218,18.00996126
393,333,509.4563284,55,2,59,23,114,74,135,356,0,0,49.84016693,17.00940786
394,22,30.61014171,70,125,303,145,1132,5690,588,1166,0,0,400.150289,1.000553403
395,203,279.1992916,24,3,57,28,101,124,165,330,0,0,44.81717878,10.00553403
396,491,735.2149285,43,127,101,46,188,350,197,585,0,0,92.14585163,25.01383509
397,643,1231.95834,28,0,10,18,21,25,104,77,0,0,40.09730198,33.01826231
398,760,1082.049996,19,3,17,7,150,65,44,127,0,0,51.61553343,39.02158273
399,552,917.6999732,57,0,5,1,4,7,5,32,0,0,28.70897539,28.0154953
400,663,1024.223783,30,1,27,17,39,91,56,200,0,0,48.67102314,34.01881572
401,327,613.0701578,0,13,1,2,1,37,2,21,0,0,17.49385529,17.00940786
402,359,625.3489618,2,0,0,1,2,9,57,17,0,0,19.35582504,18.00996126
403,241,412.8648641,0,0,0,0,3,0,2,14,0,0,11.25842172,12.00664084
404,220,391.516582,0,0,0,0,0,37,1,0,0,0,11.17181848,11.00608744
405,10,19.36281779,587,138,185,66,85,9,54,525,0,0,71.83739091,1.000553403
406,2,2.962156515,57,31,5,1,5,3,5,58,2.011985019,0,7.231370875,0
407,0,0,129,39,69,32,3,0,6,120,0,0,17.23404556,0
408,0,0,169,14,32,356,20,0,15,127,0,0,31.74008893,0
409,82,179.9745842,64,2,361,345,40,55,39,142,0,0,48.93083287,4.002213614
410,96,220.8686929,41,0,11,10,17,10,23,58,0,0,11.51823145,5.002767017
411,326,750.1010085,5,1,15,5,14,15,16,45,0,0,19.13931693,17.00940786
412,109,184.8479969,31,5,21,4,6,16,23,615,0,0,41.94034627,6.003320421
413,179,306.081325,33,13,42,23,57,27,78,199,0,0,28.18935593,9.004980631
414,74,123.9061874,18,3,8,65,16,40,25,38,0,0,12.42756552,4.002213614
415,422,932.6025473,2,0,8,6,9,12,11,45,0,0,22.30033533,21.01162147
416,452,799.5055216,6,0,3,1,2,1,6,11,0,0,20.87138181,23.01272828
417,468,920.0960948,47,21,19,9,38,69,87,187,0,0,40.9200328,24.01328168
418,425,899.3289193,2,0,0,1,2,36,11,84,0,0,24.29220995,22.01217488
419,522,828.3975638,0,0,0,0,9,1,13,6,0,0,23.85919373,27.01494189
420,153,285.7814312,0,0,0,0,0,156,0,1,0,0,13.42350282,8.004427227
421,108,198.3236058,0,0,1,0,7,36,5,12,0,0,7.317974119,5.002767017
422,0,0,4,3,3268,68,419,59,53,48,0,0,169.8289615,0
423,37,64.55425671,125,2,40,108,48,32,54,205,0,0,28.18935593,2.001106807
424,46,116.2511151,156,2,116,13,23,18,63,104,0,0,23.42617751,2.001106807
425,147,299.0048471,188,15,44,27,61,44,86,332,0,0,40.87673117,7.003873824
426,190,389.3531327,75,0,34,34,85,31,196,183,0,0,35.85374302,10.00553403
427,112,235.4618746,32,34,42,17,46,81,82,155,0,0,26.02427483,6.003320421
428,64,126.653255,28,0,32,23,47,22,59,172,0,0,19.35582504,3.00166021
429,159,317.4280769,65,0,45,26,63,43,88,248,0,0,31.91329542,8.004427227
430,398,840.4813745,0,0,0,0,0,0,0,0,0,0,17.23404556,20.01106807
431,242,530.7479859,0,0,1,4,4,9,4,28,0,0,12.64407363,12.00664084
432,846,1286.807325,17,29,29,14,33,57,41,157,0,0,52.95788371,43.02379635
433,397,734.9537768,6,0,14,5,10,170,57,115,0,0,33.51545543,20.01106807
434,65,141.790439,461,242,47,118,110,64,91,346,0,0,66.85770438,3.00166021
435,86,169.6416286,11,0,18,10,35,23,61,211,0,0,19.70223801,4.002213614
436,512,788.2254421,37,25,40,20,62,70,79,296,0,0,49.40715071,26.01438849
437,246,548.3775324,1,39,2,14,14,4207,22,59,0,0,199.3606677,13.00719424
438,289,539.2313339,0,0,0,0,0,0,0,0,0,0,27.51416876,15.00830105
439,276,479.6592904,14,1,37,21,193,66,428,1016,0,0,88.85492836,14.00774765
440,172,297.6646495,171,58,18,15,33,37,4448,431,0,0,233.0926313,9.004980631
441,402,787.2292295,32,122,5,14,8,107,18,81,0,0,34.16497976,20.01106807
442,269,477.0952315,2,29,3,49,1,1,2,519,0,0,37.88891926,14.00774765
443,607,1179.289813,12,95,22,3,13,183,260,138,0,0,57.72106213,31.01715551
444,479,998.1655769,0,0,0,0,0,0,0,0,0,0,20.74147694,24.01328168
445,317,615.1669347,0,0,0,0,0,0,0,0,0,0,13.72661418,16.00885445
446,389,853.8135907,1,33,13,2,5,22,7,56,0,0,44.86325642,20.01106807
447,487,1039.927577,80,8,19,3,13,1,9,98,3.017977528,0,31.0905646,25.01383509
448,1072,2216.547043,81,17,41,109,58,112,68,245,1.005992509,0,78.07282448,54.02988379
449,321,638.6490978,0,0,0,0,0,0,0,0,4.023970037,0,53.89982066,16.00885445
450,628,1196.086061,0,0,0,112,0,54,0,1,2.011985019,0,35.4247895,32.01770891
451,21,48.66049354,55,82,44,58,61,108,82,229,1.005992509,0,32.04320028,1.000553403
452,206,377.2843938,0,0,3,0,1,5,6,7,10.05992509,0,9.872769818,10.00553403
453,374,817.9413111,128,67,167,44,37,13,12,160,5.029962547,0,44.38822525,19.01051467
454,206,457.9204463,2,12,215,14,1,30,9,42,1.005992509,0,22.99316129,10.00553403
455,696,1553.664227,63,79,50,49,69,84,101,353,0,0,66.85770438,35.01936912
456,241,529.2669077,6,1,34,0,12,21,25,61,6.035955056,0,18.36395042,12.00664084
457,190,412.7635995,93,33,40,13,38,74,42,181,12.07191011,0,33.48434189,10.00553403
458,250,622.5823738,7,1,8,0,14,127,32,50,5.029962547,0,28.17449316,13.00719424
459,567,1149.960057,62,124,91,185,25,5,12,175,4.023970037,18.4,57.95382102,29.0160487
460,373,824.2637218,0,46,7,5,4,190,7,57,1.005992509,0,32.83481756,19.01051467
461,583,1230.232604,0,0,0,0,0,0,0,0,7.041947566,0,25.24484563,30.0166021
462,1294,2975.188599,0,0,0,0,0,1,0,36,4.023970037,0,58.63445889,66.03652463
463,239,557.518707,0,0,0,1,6,0,0,22,5.029962547,0,12.6048347,12.00664084
464,432,936.3583873,7,9,12,16,9,11,12,66,3.017977528,0,24.85513103,22.01217488
465,788,1497.437365,11,41,22,3,16,19,14,54,3.017977528,0,44.9159701,40.02213614
466,447,889.6437422,1,0,0,1,1,3,2,13,2.011985019,0,35.2651591,23.01272828
467,755,1675.513254,2,0,1,0,7,1,4,12,1.005992509,0,33.86186841,38.02102933
468,505,1156.327108,0,0,4,1,1,5,3,9,0,0,23.86325642,26.01438849
469,346,680.8783803,1,0,8,0,1,8,4,11,1.005992509,0,16.41131474,18.00996126
470,235,474.860086,0,0,4,5,2,193,4,10,0,0,23.61563477,12.00664084
471,174,385.8148937,0,0,0,0,0,97,1,0,0,0,12.77804119,9.004980631
472,314,698.5129506,1,0,2,12,5,15,3,20,1.005992509,0,19.10820339,16.00885445
473,776,1744.33276,10,27,13,6,34,22,19,160,3.017977528,0,46.20283068,39.02158273
474,204,447.1548009,0,0,0,0,0,0,0,0,0,0,8.833530889,10.00553403
475,320,808.8447765,0,0,0,0,0,0,0,0,18.10786517,0,57.85651904,16.00885445
476,55,142.5866343,0,0,0,0,0,0,0,0,27.16179775,0,18.38158921,3.00166021
477,113,283.1135958,0,0,0,0,0,0,0,0,16.09588015,0,20.89308329,6.003320421
478,49,117.442896,0,0,0,0,0,0,0,0,8.047940075,0,21.12177948,2.001106807
479,139,348.2835512,4,0,0,0,6,21,1,7,4.023970037,0,20.70768872,7.003873824
480,151,381.0131774,94,72,6,7,4,6,20,41,3.017977528,0,18.36395042,8.004427227
481,103,256.5975799,0,0,7,0,1,0,0,1,4.023970037,0,4.849781665,5.002767017
482,78,183.8046324,0,0,0,0,0,0,0,0,3.017977528,0,14.37752652,4.002213614
483,118,289.8686964,0,0,0,0,0,0,0,0,3.017977528,0,7.109591397,6.003320421
484,228,614.7097005,0,0,1,0,1,0,0,3,5.029962547,0,41.08927793,12.00664084
485,318,846.8509367,1,0,1,1,2,1,1,17,2.011985019,0,14.80915473,16.00885445
486,80,167.2580665,0,0,0,0,0,0,0,0,24.14382022,0,45.46412976,4.002213614
487,119,251.0317484,0,0,0,0,0,0,0,0,15.08988764,0,11.15289302,6.003320421
488,111,244.3854483,0,0,0,0,0,0,0,0,14.08389513,0,30.80648004,6.003320421
489,168,384.0816224,11,9,0,5,0,2,0,6,1.005992509,0,12.70362602,9.004980631
490,105,231.5972343,53,12,48,5,14,147,15,101,1.005992509,0,38.650811,5.002767017
491,196,369.6268094,17,0,0,0,0,1,0,2,4.023970037,0,9.353150353,10.00553403
492,166,349.9055101,0,0,0,0,0,0,0,0,3.017977528,0,9.188069253,8.004427227
493,121,240.3377992,2,0,6,16,12,14,18,67,9.053932584,0,43.08521523,6.003320421
494,365,771.4467787,0,0,0,0,0,0,0,0,8.047940075,0,15.80509203,19.01051467
495,148,344.0554053,0,0,0,0,0,3,0,1,4.023970037,0,6.581846545,8.004427227
496,492,1282.087928,0,0,0,0,5,95,0,0,1.005992509,0,25.63456023,25.01383509
497,682,1324.836092,23,1,7,27,12,17,14,49,0,0,36.02694951,35.01936912
498,726,1195.566603,10,6,2,2,2,3,3,23,0,0,33.6453603,37.02047593
499,528,1094.148878,79,63,3,1,6,91,6,26,2.011985019,0,34.77120247,27.01494189
500,861,1528.171479,43,73,4,5,21,16,10,83,0,0,48.32461016,44.02434975
501,365,660.2470612,0,0,0,0,0,51,0,0,1.005992509,0,18.01347475,19.01051467
502,539,1231.394817,44,52,51,71,39,147,28,311,0,0,55.51267941,27.01494189
503,735,1469.662896,35,0,8,3,18,9,15,105,0,0,40.18390522,37.02047593
504,502,975.6550819,5,0,5,4,18,315,11,64,0,0,40.01069873,26.01438849
505,761,1410.627319,24,27,34,8,30,32,48,143,0,0,47.93489556,39.02158273
506,654,1775.635996,0,0,0,0,0,0,0,0,0,0,44.31926079,33.01826231
507,115,279.5728449,11,6,2,0,4,93,3,43,0,0,11.9945493,6.003320421
508,425,943.5486895,0,0,2,0,2,2,2,49,0,0,20.87138181,22.01217488
509,433,952.1458623,15,0,11,3,6,9,6,42,0,0,22.73335155,22.01217488
510,477,912.6164949,0,0,0,0,0,0,0,0,0,0,20.6548737,24.01328168
511,409,802.7991033,9,0,2,4,1,194,27,60,0,0,30.57094514,21.01162147
512,440,844.8107851,11,24,13,8,29,34,48,207,0,0,35.24752031,22.01217488
513,586,1120.874959,0,0,0,0,0,0,0,0,0,0,25.3747505,30.0166021
514,224,567.8170705,16,96,9,3,22,28,28,147,0,0,24.81182941,11.00608744
515,338,752.2669697,2,0,1,2,6,14,39,35,1.005992509,0,18.92280882,17.00940786
516,416,841.1291528,10,0,12,7,32,191,114,310,0,0,47.28537123,21.01162147
517,612,1273.183874,0,0,0,1,3,118,3,13,0,0,32.47621651,31.01715551
518,267,468.2804582,37,127,27,18,36,53,47,290,0,0,39.05806305,14.00774765
519,126,206.1245828,296,73,57,68,104,52,112,331,0,0,52.78467723,6.003320421
520,716,1320.568331,0,0,0,0,0,0,0,0,0,0,34.00396136,36.01992252
521,440,814.8974105,136,23,6,2,13,16,63,113,0,0,35.16091707,22.01217488
522,377,907.5726335,146,20,14,8,48,44,90,219,1.005992509,0,41.82936686,19.01051467
523,612,1151.579505,7,0,3,0,4,0,5,21,0,0,28.23265755,31.01715551
524,478,1086.424621,1,0,0,1,0,0,0,1,0,0,20.82808019,24.01328168
525,359,761.9100185,0,0,0,0,1,56,0,0,0,0,18.01347475,18.00996126
526,404,811.6509806,154,99,54,32,98,89,281,615,0,0,79.06876178,21.01162147
527,0,0,0,0,178,0,88,75,0,0,0,0,14.7658531,0
528,349,687.2724873,0,0,0,0,0,0,0,0,0,0,15.11226608,18.00996126
529,320,565.6360376,0,0,4,29,7,24,5,27,0,0,18.01347475,16.00885445
530,667,1312.37428,4,0,3,8,13,109,7,29,0,0,36.37336249,34.01881572
531,313,555.9187805,21,0,9,1,5,11,10,32,0,0,17.40725205,16.00885445
532,0,0,551,490,104,53,159,268,189,694,0,0,108.600468,0
533,128,242.9018581,153,286,58,29,75,79,108,280,0,0,51.78873992,7.003873824
534,3,4.443234772,412,48,400,9,668,594,1985,3344,0,0,323.160005,0
535,321,624.3427014,483,112,69,181,144,269,173,615,0,0,102.4949393,16.00885445
536,351,495.7977107,610,232,47,42,74,129,91,278,2.011985019,0,80.2812072,18.00996126
537,737,1293.795098,183,0,21,36,35,92,156,326,0,0,68.6763725,37.02047593
538,1354,2052.200894,833,277,99,132,143,223,172,651,0,0,181.1834999,69.03818484
539,232,397.5842876,0,0,0,0,0,0,2,42,9.053932584,0,11.95124767,12.00664084
540,0,0,0,1,2,0,0,86,0,1,0,0,3.897145981,0
541,0,0,0,0,1374,0,278,1826,0,0,0,0,150.6030413,0
542,350,690.054147,9,24,2,4,9,13,6,30,1.005992509,0,19.35582504,18.00996126
543,849,1867.40816,7,0,15,5,16,121,19,93,0,0,57.71432476,43.02379635
544,541,1034.067424,0,0,0,0,0,0,0,0,0,0,23.42617751,27.01494189
545,400,639.9025274,0,0,1,0,0,167,1,29,0,0,25.89436996,20.01106807
546,442,941.4148085,0,0,1,0,0,2,2,5,0,0,19.57233315,22.01217488
547,427,904.2419474,0,0,0,0,1,124,0,0,0,0,23.90249535,22.01217488
548,386,699.8034843,36,1,20,11,69,21,105,354,0,0,43.43152687,20.01106807
549,44,119.1415752,1,1,5,1,2,0,1950,9,0,0,87.1661651,2.001106807
550,108,200.274478,15,1,44,27,56,350,101,303,0,0,43.51813012,5.002767017
551,413,741.7434695,0,0,0,0,0,16,0,0,5.029962547,0,23.57639584,21.01162147
552,449,759.2962958,1,0,7,26,8,28,16,42,1.005992509,0,29.9850359,23.01272828
553,65,150.8945094,365,45,72,45,102,80,149,359,0,0,55.51267941,3.00166021
554,316,641.6483585,343,148,100,53,131,68,216,621,0,0,86.43003753,16.00885445
555,173,320.6053224,19,36,29,14,39,19,62,186,0,0,24.9850359,9.004980631
556,313,517.5516265,1,7,2,1,4,42,10,27,0,0,17.62376016,16.00885445
557,326,457.4701728,0,0,1,0,8,3,9,7,0,0,15.32877419,17.00940786
558,160,313.7068292,0,0,0,0,0,2,0,151,0,0,13.55340769,8.004427227
559,0,0,31,20,8,6,12,7,69,69,0,0,9.612960085,0
560,467,891.3028049,0,0,0,0,0,0,0,9,0,0,20.61157208,24.01328168
561,556,1021.167898,6,0,15,13,24,107,31,131,0,0,38.23533223,28.0154953
562,206,427.3567813,5,0,8,7,14,11,22,103,0,0,16.28140987,10.00553403
563,499,925.6914944,1,0,2,2,10,32,7,30,0,0,25.24484563,25.01383509
564,426,898.8591247,0,0,0,0,2,1,1,4,0,0,97.79290395,22.01217488
565,289,532.7284265,0,0,3,0,0,170,2,20,0,0,20.95798505,15.00830105
566,400,799.8740509,29,19,131,2,3,3,105,128,0,0,35.50733005,20.01106807
567,302,678.1388485,0,0,0,0,0,0,0,0,0,0,48.07708985,15.00830105
568,975,1933.069942,15,64,12,10,22,70,61,289,0,92,65.73186221,50.02767017
569,264,539.9212407,115,84,26,17,120,41,327,418,0,0,61.14189027,13.00719424
570,1219,2150.088491,51,23,31,11,150,42,346,403,0,0,98.55449169,62.03431101
571,501,1082.122267,5,0,11,25,19,148,33,135,1.005992509,0,37.9755225,25.01383509
572,966,1594.594864,190,96,13,54,27,42,380,479,0,0,149.2987446,49.02711677
573,371,739.3649313,0,0,0,0,0,0,0,0,0,0,51.06490176,19.01051467
574,135,285.1336525,0,0,0,0,0,0,0,0,5.029962547,0,8.845718971,7.003873824
575,366,765.124368,44,27,77,17,33,36,20,147,3.017977528,0,35.21234408,19.01051467
576,9,15.9308673,6,22,91,33,22,40,28,170,0,0,18.22998286,0
577,1,1,0,0,0,0,0,0,0,0,0,0,0.043301622,0
578,4,5.274022283,0,0,0,0,0,0,0,0,0,0,0.173206488,0
579,39.2,59.89977958,0,0,0,0,0,0,0,0,0,0,1.51555677,2.001106807
580,2,4.913028752,0,0,0,0,1,6,1,5,0,0,0.64952433,0
581,9,17.88173954,0,0,0,0,0,0,0,0,0,0,0.389714598,0
582,395,828.0184784,0,0,0,0,0,0,0,0,50.18315018,0,12.47130482,20.00385728
583,1748,3736.733242,0,0,0,0,0,0,0,0,31.11355311,0,64.18947043,86.01658631
584,590,1356.342352,37,12,11,1,43,10,46,145,2.007326007,0,38.25776661,29.00559306
585,2021,4648.737812,55,28,13,13,59,19,58,223,4.014652015,0,450.5850068,100.0192864
586,390,837.5381649,0,0,0,0,0,0,0,0,13.04761905,0,12.3134402,19.00366442
587,520,1162.647741,19,7,2,0,18,2,12,84,7.025641026,0,20.96442126,26.00501446
588,494,1133.767613,3,2,0,37,30,0,2,16,1.003663004,0,56.43858737,24.00462874
589,478,1028.247138,0,0,0,0,0,0,0,0,3.010989011,0,35.09185747,24.00462874
590,578,1325.202807,0,0,0,0,0,0,0,0,0,0,18.24914983,29.00559306
591,538,1248.322423,0,0,0,0,0,0,0,0,0,0,27.98623289,27.00520733
592,470,970.9691771,0,0,0,0,0,0,0,0,2.007326007,0,14.83927409,23.00443587
593,555,1214.035455,0,1,0,0,1,93,2,4,3.010989011,0,20.71183787,27.00520733
594,473,1005.01333,16,3,6,19,49,75,102,288,1.003663004,0,37.55168422,23.00443587
595,750,1649.181285,72,39,14,16,45,211,57,280,1.003663004,0,63.8542186,37.00713597
596,482,1002.108722,80,28,10,11,40,21,37,237,1.003663004,0,69.86798571,24.00462874
597,461,901.5902112,5,0,1,2,1,4,2,9,3.010989011,0,24.31286794,23.00443587
598,2201,4718.836055,67,24,13,2,24,9,31,161,8.029304029,0,79.94264252,109.0210222
599,1298,2792.627591,2,1,0,7,5,3,16,97,9.032967033,0,56.11770781,64.0123433
600,370,739.5204965,725,350,93,114,344,176,343,1489,16.05860806,0,230.417986,18.00347155
601,500,1031.311863,44,15,12,12,32,31,47,141,1.003663004,0,26.33181827,25.0048216
602,572,1444.035304,0,0,0,0,0,0,0,0,5.018315018,0,23.05971229,28.00540019
603,419,967.663582,0,0,0,0,3,0,1,1,0,0,19.3869196,21.00405014
604,726,1105.764655,39,27,4,7,24,2,20,121,1.003663004,0,30.62573588,36.00694311
605,1002,1504.604137,18,9,5,15,23,7,28,226,2.007326007,0,42.08670714,50.0096432
606,368,776.3077519,0,0,0,0,0,0,0,0,0,0,11.61883588,18.00347155
607,384,722.5784782,0,0,0,0,0,0,0,0,0,0,17.12400266,19.00366442
608,556,1140.299716,22,4,6,1,33,9,38,102,2.007326007,0,120.3427241,27.00520733
609,1130,3023.03815,23,25,5,15,28,86,19,161,0,0,50.10680199,56.01080039
610,673,1220.000621,82,44,2,15,38,222,75,215,0,0,43.12861362,33.00636451
611,425,897.961326,37,3,3,8,18,61,20,77,0,0,23.58554618,21.00405014
612,552,1128.037483,13,2,0,9,6,7,5,67,0,0,34.86970249,27.00520733
613,452,1025.908634,0,0,0,0,0,0,0,0,0,0,14.27096146,22.00424301
614,1080,2410.646597,8,2,1,5,9,4,61,57,0,0,44.73997724,53.01022179
615,675,1275.826695,41,14,5,13,50,12,107,271,0,0,51.50863322,33.00636451
616,439,930.7142651,2,0,0,2,5,54,10,22,0,0,24.8599412,22.00424301
617,557,1103.835195,0,0,0,0,0,0,1,4,0,0,75.74398306,28.00540019
618,927,2124.019256,52,27,34,46,96,51,70,434,1.003663004,0,54.84216827,46.00887175
619,1052,2383.541367,122,44,25,18,62,22,94,371,4.014652015,0,57.14699169,52.01002893
620,525,1087.621066,0,0,0,0,0,0,0,0,1.003663004,0,33.57578488,26.00501446
621,625,1255.821618,0,0,3,1,0,0,2,3,0,0,23.01723355,31.00597878
622,580,1132.554095,144,39,19,48,125,81,76,385,0,0,47.26466661,29.00559306
623,0,0,0,2,975,0,1826,487,0,813,0,0,129.5437055,0
624,729,1521.556433,36,9,7,12,17,67,24,95,0,0,38.44663189,36.00694311
625,523,1069.06621,43,16,5,7,35,135,56,188,0,0,35.82550698,26.00501446
626,0,0,5,2,6,0,291,426,26,74,0,0,26.20552658,0
627,563,1158.370332,56,28,17,13,27,111,54,130,0,0,34.54135066,28.00540019
628,0,0,38,8,16,12,1255,2157,356,358,0,0,132.6062791,0
629,0,0,0,0,423,0,0,1435,3,51,0,0,60.3674299,0
630,0,0,0,0,301,0,385,4494,2,74,0,0,165.9472864,0
631,0,0,0,0,249,0,1124,6781,0,186,0,0,263.3181827,0
632,407,712.3320143,0,0,1,1,0,1,0,42,0,0,14.27096146,20.00385728
633,0,0,0,0,0,0,320,138,1,55,0,0,16.22848272,0
634,46,108.2621879,259,66,36,24,748,11841,458,768,0,0,449.7878694,2.000385728
635,422,981.3779805,121,94,15,37,161,80,148,781,8.029304029,0,307.6940649,21.00405014
636,1071,2489.223072,69,43,13,28,106,147,127,574,11.04029304,0,494.7658276,53.01022179
637,957,2046.006663,0,1,0,6,4,44,4,20,1.003663004,0,206.7095488,47.00906461
638,812,1626.348187,69,17,6,15,61,86,43,373,2.007326007,0,74.79107276,40.00771456
639,3,5.243666992,4,56,3,2,14,1,13,75,0,112.992,55.39896993,0
640,0,0,0,0,0,0,0,0,0,0,0,0,0,0
641,480,999.9306138,14,14,4,14,20,6,17,133,0,0,32.16419236,24.00462874
642,523,1113.678728,0,0,0,0,10,0,1,7,0,0,36.08095166,26.00501446
643,939,1895.389708,4,0,3,3,1,54,5,12,0,0,32.23595498,46.00887175
644,491,919.5792403,0,0,0,0,0,0,0,0,0,0,15.50230548,24.00462874
645,1327,3074.661456,35,27,2,7,48,22,70,219,0,0,55.47362674,66.01272903
646,1290,2206.21128,22,10,2,25,70,178,172,221,0,0,71.83011794,64.0123433
647,0,0,29,0,716,0,1890,55,1,1062,0,0,118.4931822,0
648,625,1102.783739,0,0,0,0,0,0,0,0,2.007326007,0,19.73307724,31.00597878
649,574,991.6174994,0,0,0,0,0,0,0,0,1.003663004,0,78.12285814,28.00540019
650,462,817.6895944,0,0,0,0,0,0,0,0,0,0,23.5866907,23.00443587
651,0,0,34,10,80,190,7,0,37,220,1.003663004,0,18.24914983,0
652,37,68.2484239,16,4,167,105,12,13,211,112,0,0,21.37486927,2.000385728
653,1305,2026.873202,11,4,2,7,42,4,102,153,0,0,51.46386545,65.01253616
654,1320,2233.235756,48,31,6,7,49,7,96,141,0,0,73.83183472,65.01253616
655,694,1559.958471,0,1,0,0,0,53,5,21,0,0,24.43744286,34.00655738
656,464,1097.70769,0,0,0,0,0,0,0,0,1.003663004,0,14.64983654,23.00443587
657,1,1,682,201,2326,813,625,66,886,2551,0,0,257.3509002,0
658,954,1444.423512,7,5,0,2,18,0,18,42,0,0,42.02527807,47.00906461
659,423,632.6258313,27,10,5,7,38,139,79,237,0,0,30.46787126,21.00405014
660,1266,1844.068301,75,26,30,18,34,206,353,300,0,0,86.87030764,63.01215043
661,1653,2560.596137,219,76,13,41,314,54,180,864,0,0,107.7899611,82.01581485
662,959,1491.375367,130,8,9,69,75,34,87,1008,0,0,75.11198521,47.00906461
663,450,671.3481028,121,31,3352,389,101,359,217,697,2.007326007,0,180.5024041,22.00424301
664,1526,2177.482101,51,68,15,40,39,52,114,388,0,0,679.3967138,75.0144648
665,1309,2354.24664,45,28,6,10,31,74,51,107,1.003663004,0,69.44262608,65.01253616
666,1407,3000.841908,28,12,2,0,12,40,83,38,0,0,51.21128206,70.01350048
667,1570,3442.362224,220,66,61,41,245,65,639,1090,4.014652015,0,126.1969756,78.01504339
668,1012,2323.037732,13,13,1,3,19,6,18,61,13.04761905,0,59.18257043,50.0096432
669,636,1233.071218,336,221,124,234,425,339,442,791,3.010989011,0,112.0207329,31.00597878
670,1023,2234.215627,167,70,21,24,46,25,79,423,3.010989011,0,67.2939505,51.00983607
671,579,1233.396175,25,54,19,34,20,8,129,117,0,0,31.09932973,29.00559306
672,374,945.4801192,16,52,3,6,29,5,35,81,2.007326007,0,18.97532708,18.00347155
673,561,1331.818719,5,1,1,2,6,0,0,20,2.007326007,0,43.81746246,28.00540019
674,1253,2559.805275,12,6,0,1,3,109,13,38,2.007326007,0,49.30714535,62.01195757
675,1055,2064.638383,50,11,5,4,16,250,14,71,0,0,46.60163521,52.01002893
676,6,13.87562651,2,2,1,40,10,28,4,47,21.07692308,0,4.420209302,0
677,1170,2645.887335,468,203,82,83,239,307,201,1201,21.07692308,0,135.8393399,58.01118611
678,743,1676.287903,2,0,0,0,1,179,64,16,2.007326007,0,31.7307882,37.00713597
679,1137,2504.0644,0,0,0,0,0,1,1,1,1.003663004,0,136.9931329,56.01080039
680,1537,3014.228571,71,10,6,54,116,167,166,339,0,0,79.85882957,76.01465767
681,932,1873.9308,55,37,23,67,16,87,16,105,0,6.848,70.24457176,46.00887175
682,853,1730.012176,1,1,1,5,1,0,0,9,0,0,27.50001644,42.00810029
683,1163,2508.661765,0,0,0,0,0,0,0,0,14.05128205,0,36.71931013,58.01118611
684,1201,2681.624523,4,0,1,1,5,4,2,12,15.05494505,0,50.83469601,59.01137898
685,972,2118.531663,13,3,4,1,6,6,1,13,0,0,42.17280914,48.00925747
686,460,1143.04643,0,0,0,0,2,0,7,2,0,0,14.87084701,23.00443587
687,881,1984.69772,1,1,3,0,11,0,3,8,0,0,28.66821462,44.00848602
688,604,1299.870255,31,15,7,1,11,2,7,78,0,0,23.86913023,30.00578592
689,0,0,0,0,0,0,0,0,0,0,65.23809524,0,0,0
690,1014,1974.527564,127,69,26,42,223,191,362,752,19.06959707,0,88.59362358,50.0096432
691,589,1082.778108,609,490,497,391,1044,195,1217,2063,19.06959707,0,242.0098928,29.00559306
692,768,1582.382804,9,3,4,21,184,30,60,470,0,0,141.9064586,38.00732883
693,1454,2645.714716,72,25,24,44,264,391,458,1002,4.014652015,0,159.8932967,72.01388621
694,272,440.7899281,173,81,52,108,158,246,137,786,3.010989011,0,620.5562952,13.00250723
695,169,328.3349734,3,1,47,20,1,2,0,138,18.06593407,0,75.02928389,8.001542912
696,560,1194.35089,194,130,14,59,104,70,63,365,2.007326007,0,49.22218787,28.00540019
697,796,1573.346246,0,0,14,7,7,4,195,28,3.010989011,0,130.1831427,39.0075217
698,1421,3047.712733,0,0,0,0,0,47,2,3,0,0,90.50691644,70.01350048
699,1219,2570.213524,0,10,0,1,9,2,8,43,0,0,66.79221727,60.01157184
700,879,1318.414276,113,106,20,11,44,142,62,288,0,0,117.5689178,43.00829315
701,798,1364.320787,62,26,25,58,57,171,283,273,2.007326007,0,72.34733505,39.0075217
702,1398,2136.908345,96,23,22,89,41,66,39,238,1.003663004,0,69.52472226,69.01330762
703,1470,2566.573249,752,471,119,141,737,270,2151,2044,0,0,257.4771919,73.01407907
704,2330,3556.807946,532,373,153,85,597,184,644,1989,0,0,240.4427247,115.0221794
705,1859,3493.094469,210,73,31,93,255,51,445,959,2.007326007,0,138.5339442,92.01774349
706,322,597.4561363,15,1,6,20,15,9,13,93,4.014652015,0,29.59702425,16.00308582
707,1767,3645.893979,0,0,0,0,3,0,12,1,1.003663004,0,347.2945228,87.01677917
708,1165,2426.132561,0,0,0,0,4,0,4,0,0,0,37.03503937,58.01118611
709,424,717.0104102,8,3,58,97,25,2,7,55,1.003663004,0,29.43801512,21.00405014
710,1131,1879.166688,251,101,25,83,62,100,133,404,0,0,114.301995,56.01080039
711,594,857.5371295,420,454,12,42,52,38,169,364,0,0,67.72392109,29.00559306
712,375,644.728781,19,7,2,5,13,62,149,64,2.007326007,0,35.97475482,19.00366442
713,1178,2253.087105,37,10,0,3,20,6,19,87,0,0,61.93917608,58.01118611
714,1462,3286.343707,22,0,2,0,7,51,23,15,1.003663004,0,77.94836511,72.01388621
715,838,1811.654487,114,38,17,21,86,17,97,559,0,0,122.4208144,41.00790743
716,322,707.5756433,17,5,1,3,7,0,108,17,0,0,15.15500332,16.00308582
717,1181,2218.800692,100,25,48,25,51,33,50,162,4.014652015,0,64.88464701,58.01118611
718,256,619.8860251,4,0,3,5,14,65,10,48,5.018315018,0,12.78703405,13.00250723
719,0,0,36,4,271,490,84,8,17,197,0,23.968,34.95122641,0
720,1328,1995.167552,1560,494,212,188,372,599,668,1967,0,0,261.2607595,66.01272903
721,760,1267.594611,9,3,2,0,8,119,9,37,0,0,32.89955864,38.00732883
722,498,729.2698654,75,21,7,37,140,371,199,497,0,0,61.25204402,25.0048216
723,1434,2255.17446,13,6,3,3,13,66,14,75,0,0,55.36914668,71.01369335
724,2174,4006.973001,0,0,1,0,0,9,1,63,5.018315018,0,141.9759322,108.0208293
725,247,603.0255933,1,0,0,0,2,102,2,5,0,0,11.33467957,12.00231437
726,398,843.4270229,0,0,1,0,0,81,1,8,1.003663004,0,15.43915963,20.00385728
727,553,1095.52597,0,0,0,0,0,0,0,0,0,0,17.45982674,27.00520733
728,919,1878.126344,7,0,6,19,25,137,23,128,1.003663004,0,44.90817541,45.00867888
729,407,713.4614451,94,4,496,865,112,7,83,210,4.014652015,0,75.92311993,20.00385728
730,2179,4740.618808,15,5,7,1,4,7,7,40,1.003663004,0,149.5126719,108.0208293
731,752,1742.278576,554,252,106,63,738,110,975,1282,8.029304029,0,184.5603668,37.00713597
732,914,2046.89578,231,74,40,29,312,125,354,626,8.029304029,0,85.4047583,45.00867888
733,905,2065.047705,0,0,0,0,0,0,0,0,2.007326007,0,28.57349585,45.00867888
734,694,1541.887578,0,0,0,0,0,0,0,0,0,0,25.91160897,34.00655738
735,510,1242.67638,8,8,0,2,3,0,4,13,0,0,17.30196213,25.0048216
736,590,1016.383669,0,0,0,0,0,0,0,0,1.003663004,0,25.62802492,29.00559306
737,1164,2044.70767,17,6,14,13,30,89,65,336,0,0,67.7474495,58.01118611
738,242,365.7646414,281,169,22,67,95,45,237,665,0,0,57.5574397,12.00231437
739,1763,3356.356474,35,8,6,28,68,45,63,354,2.007326007,0,99.8278289,87.01677917
740,3,5.808382413,0,0,0,0,0,0,0,0,40.14652015,0,0.094718771,0
741,177,394.6483811,0,0,0,0,0,0,0,0,0,0,5.588407475,9.001735776
742,396,815.2720045,13,19,4,9,38,6,1177,114,0,0,77.07351229,20.00385728
743,820,1963.160281,16,1,0,16,22,140,21,92,5.018315018,3.424,35.61425781,41.00790743
744,1537,3054.888082,0,0,0,0,3,56,6,2,1.003663004,0,71.64296943,76.01465767
745,459,1012.919902,2,0,0,3,1,0,0,2,0,0,14.74455532,23.00443587
746,292,690.1513295,6,1,4,10,29,24,19,138,0,0,21.51263904,14.0027001
747,1345,2358.44024,85,24,10,24,100,200,197,445,0,0,80.72220432,67.01292189
748,947,1600.849962,0,0,0,0,9,0,3,2,2.007326007,0,36.34157957,47.00906461
749,364,867.953156,0,0,0,0,0,0,0,0,0,0,22.49254419,18.00347155
750,661,1417.570821,276,111,10,29,24,19,30,234,0,0,98.01265548,33.00636451
751,1297,3013.754055,285,24,80,74,128,26,74,191,0,0,68.7974005,64.0123433
752,1131,2205.572201,294,101,110,83,206,163,838,1203,1.003663004,0,130.3646015,56.01080039
753,1,1.936127471,0,0,0,0,0,0,0,0,19.06959707,0,0.031572924,0
754,554,1467.915413,9,0,4,9,18,45,12,46,7.025641026,0,25.00632774,27.00520733
755,761,1755.750716,0,0,0,0,0,0,0,0,4.014652015,0,48.02699485,38.00732883
756,518,1172.328656,121,24,37,101,66,167,150,649,0,0,81.87316893,26.00501446
757,1168,1723.22309,7,8,2,4,28,1,47,44,0,0,181.328957,58.01118611
758,1262,1924.419396,20,4,11,15,83,287,79,379,0,0,75.56605648,62.01195757
759,481,1136.833727,0,0,1,1,12,0,0,1,6.021978022,0,30.6601701,24.00462874
760,696,1523.735931,1,2,0,3,13,123,7,57,12.04395604,0,28.47877708,34.00655738
761,416,885.0539024,14,3,8,9,48,966,85,205,4.014652015,0,55.37890797,21.00405014
762,501,1212.827494,9,2,2,7,40,219,13,105,4.014652015,0,28.35248538,25.0048216
763,473,1138.286169,0,0,0,0,0,0,0,0,1.003663004,0,21.93399286,23.00443587
764,1532,2880.310541,4,0,3,10,16,73,7,34,0,0,101.0109387,76.01465767
765,390,956.1284034,3,1,4,46,16,73,12,91,1.003663004,0,26.0803794,19.00366442
766,239,386.4978837,0,1,0,26,3,1,8,13,9.032967033,0,20.18772076,12.00231437
767,629,1154.576052,52,25,15,18,26,7,29,207,4.014652015,0,39.82550698,31.00597878
768,754,1300.590365,0,0,10,0,2,0,3,4,0,0,58.40586993,37.00713597
769,703,1205.800871,25,22,5,14,18,6,19,388,0,0,81.8875083,35.00675024
770,1000,1901.115115,2,0,6,2,19,82,2,7,0,0,56.36167442,49.00945034
771,685,1406.436908,151,32,25,83,234,44,309,1087,0,0,83.66824751,34.00655738
772,673,1224.518344,0,0,0,0,0,0,0,0,0,0,61.24857757,33.00636451
773,884,1694.030506,0,0,0,0,0,2,6,0,0,0,89.16304784,44.00848602
774,322,699.1049121,202,43,12,47,80,30,199,547,1.003663004,0,53.79107276,16.00308582
775,3922,6335.870698,569,331,176,71,455,148,720,1699,4.014652015,0,255.4565247,194.0374156
776,951,1559.46423,30,1,1,3,37,38,56,107,0,0,45.64525847,47.00906461
777,1339,2299.38738,76,54,34,38,63,80,179,332,0,0,69.30256727,66.01272903
778,976,2707.933056,1,0,0,0,1,0,0,0,2.007326007,0,42.87831927,48.00925747
779,730,1281.794361,0,0,0,0,7,0,2,1,0,0,23.36396345,36.00694311
780,935,1659.500168,753,315,12,41,68,70,518,713,0,0,108.1372633,46.00887175
781,25,40.49717088,25,1,1,6,18,38,8,2282,1.003663004,0,75.9013083,1.000192864
782,696,1237.989928,0,1,14,1,2,5,2,28,0,0,23.64811977,34.00655738
783,242,464.0251246,8,1,3,8,4,8,1,68,26.0952381,0,10.82951279,12.00231437
784,555,1356.908457,1,0,1,0,0,47,3,2,9.032967033,0,43.22791046,27.00520733
785,878,1786.886094,1,0,0,0,0,17,0,0,0,0,107.2893395,43.00829315
786,637,1228.795476,10,1,15,33,36,696,28,108,2.007326007,0,55.38005249,32.00617165
787,500,895.7801619,64,13,84,28,134,737,266,834,0,0,83.98397674,25.0048216
788,483,856.654125,3,3,1,6,1,107,30,22,0,0,25.71183787,24.00462874
789,606,1132.633737,0,0,0,0,0,2,0,1,0,0,22.22791046,30.00578592
790,659,1383.768648,0,0,0,4,3,4,1,20,0,0,40.8168902,33.00636451
791,1,4.194989155,13,4,22,54,4,0,9,109,9.032967033,0,6.819751495,0
792,172,288.9661222,0,0,0,0,0,0,0,0,0,0,5.430542857,9.001735776
793,1034,2154.428968,0,0,0,0,0,0,2,0,1.003663004,0,43.70954884,51.00983607
794,77,175.0587246,31,13,52,24,16,50,17,150,34.12454212,0,23.57635714,4.000771456
795,638,1446.452894,3,0,0,1,0,38,1,3,2.007326007,0,24.59587973,32.00617165
796,470,1020.664134,0,0,0,0,0,0,0,0,3.010989011,0,14.83927409,23.00443587
797,494,934.423069,0,0,0,0,0,0,0,0,0,0,24.59702425,24.00462874
798,531,1025.824825,3,0,0,0,0,52,1,2,0,0,22.59645199,26.00501446
799,694,1378.684821,1,0,0,0,0,0,2,0,0,0,40.00632774,34.00655738
800,0,0,0,0,0,0,1,2,0,7,9.032967033,0,0.315729236,0
801,86,174.4129784,207,67,202,154,99,49,56,300,0,0,38.51896678,4.000771456
802,415,755.4920896,22,56,9,6,26,15,25,242,0,0,25.76350565,21.00405014
803,768,1364.967367,6,5,2,0,0,0,0,7,0,0,33.87946379,38.00732883
804,348,656.8308973,0,0,0,0,0,0,0,0,0,0,33.98737741,17.00327869
805,1043,2156.042084,0,0,0,0,0,0,0,0,0,0,53.9305593,52.01002893
806,913,1870.462588,55,40,131,43,125,14,47,302,2.007326007,0,98.72678239,45.00867888
807,857,1842.229039,119,33,29,16,26,50,26,174,0,0,50.99198837,42.00810029
808,857,1733.238962,354,63,87,23,115,89,112,520,0,0,70.09189036,42.00810029
809,475,940.5550193,37,26,4,16,6,86,19,71,0,0,29.36396345,23.00443587
810,361,627.2231585,144,28,14,39,33,28,32,229,0,0,40.66821462,18.00347155
811,478,809.7022701,0,0,0,0,0,0,0,0,0,0,19.09185747,24.00462874
812,361,639.0821824,2,1,1,0,0,111,1,3,0,0,15.15500332,18.00347155
813,141,296.7120211,0,0,0,1,1,2,1,17,1.003663004,0,5.146386545,7.001350048
814,319,606.8950702,0,0,4,0,0,0,9,0,2.007326007,0,26.48221063,16.00308582
815,517,952.9770914,11,1,3,2,0,4,2,18,0,0,17.61769136,26.00501446
816,2,3.307539521,3,0,1,49,2,2,0,52,1.003663004,0,3.504594518,0
817,336,677.080455,12,1,4,7,4,7,3,45,6.021978022,0,109.229055,17.00327869
818,502,1069.067043,0,0,0,0,0,0,0,22,0,0,63.54421196,25.0048216
819,610,1309.228158,3,0,2,1,10,93,8,35,0,0,72.05856777,30.00578592
820,80,171.8316603,1,21,1,5,0,0,0,4,12.04395604,0,40.53616744,4.000771456
821,514,1065.194232,0,22,1,9,2,0,3,6,4.014652015,0,54.58611844,25.0048216
822,129,253.7134517,5,77,3,9,4,0,1,29,0,10.272,31.11424136,6.001157184
823,80,155.4549131,57,53,22,10,37,7,14,87,1.003663004,0,20.58726296,4.000771456
824,1,1.936127471,1131,378,131,103,204,304,149,1019,0,0,107.9793987,0
825,890,1522.679475,209,105,69,49,110,174,129,618,0,0,122.2910892,44.00848602
826,859,1532.684235,91,13,25,33,155,270,426,717,0,0,93.74229917,42.00810029
827,728,1480.090227,146,66,27,46,76,162,105,581,0,0,105.156753,36.00694311
828,845,1714.523156,2,1,0,0,1,0,1,3,0,0,29.93170382,42.00810029
829,584,1238.559089,0,0,0,0,0,0,0,0,0,0,52.43858737,29.00559306
830,894,1818.428849,259,109,47,36,165,121,117,419,0,0,116.4185254,44.00848602
831,800,1652.244899,137,50,39,23,57,269,111,351,0,27.392,69.99946063,40.00771456
832,1077,2297.542284,66,7,18,19,47,18,256,168,0,0,55.91621993,53.01022179
833,760,1581.011669,149,3,29,24,136,88,912,537,0,0,86.28937242,38.00732883
834,399,808.0919326,1,0,2,0,0,54,1,4,0,0,22.55511777,20.00385728
835,760,1720.496378,2,1,0,6,17,47,6,19,0,0,85.08956844,38.00732883
836,346,636.0171797,305,317,64,69,92,128,80,403,0,0,59.95755415,17.00327869
837,796,1492.027226,72,10,10,6,19,9,97,82,0,0,34.76178887,39.0075217
838,605,1041.472573,33,6,18,13,53,195,61,145,0,0,46.64583073,30.00578592
839,374,580.1092418,2,0,3,0,1,115,2,1,0,0,23.72331595,18.00347155
840,496,987.4255657,18,2,5,18,14,54,28,61,0,0,34.97475482,25.0048216
841,409,834.7945074,37,1,2,0,1,61,2,11,0,0,44.54421196,20.00385728
842,763,1526.960217,0,0,4,0,0,0,0,5,0,0,61.37429701,38.00732883
843,392,826.7278194,0,0,0,0,0,0,0,0,0,0,124.376586,19.00366442
844,690,1179.501784,74,26,14,8,18,125,62,80,0,0,86.63549717,34.00655738
845,374,684.0168792,130,14,38,21,91,42,308,351,0,0,43.22333239,18.00347155
846,518,957.1720809,24,1,2,8,4,2,2,18,1.003663004,0,70.28072276,26.00501446
847,582,1263.48732,174,24,22,45,35,43,44,354,0,0,53.77097791,29.00559306
848,978,1968.639817,0,0,0,0,0,0,0,0,0,0,40.87831927,48.00925747
849,303,639.7298732,3,0,1,0,0,75,1,5,0,0,19.25029435,15.00289296
850,418,889.4908726,1,0,1,0,1,62,0,4,0,0,54.37601379,21.00405014
851,222,473.303386,0,0,0,0,0,0,3,0,0,0,7.103907807,11.0021215
852,611,1296.481685,5,0,2,3,11,66,7,75,0,0,79.6268804,30.00578592
853,849,1707.585066,0,0,0,0,0,0,0,0,0,0,141.8054121,42.00810029
854,327,577.7715717,12,1,2,1,37,7,7,33,0,0,24.48163837,16.00308582
855,487,949.6706638,203,98,27,16,27,79,27,229,0,0,44.66649784,24.00462874
856,602,1181.925485,17,3,6,12,17,35,11,129,0,0,43.26867242,30.00578592
857,776,1688.791007,0,0,0,0,0,0,0,0,0,0,82.5005887,38.00732883
858,700,1583.998975,0,0,0,0,0,5,0,0,0,0,69.25891113,35.00675024
859,0,0,0,0,0,0,0,0,0,0,7.025641026,0,0,0
860,90,164.0865948,982,154,331,46,207,468,255,685,5.018315018,0,113.6016681,4.000771456
861,1458,3098.454978,0,0,0,0,0,0,0,0,2.007326007,0,46.03332259,72.01388621
862,221,487.1792903,1742,512,358,123,367,751,423,1116,17.06227106,0,208.2188201,11.0021215
863,250,543.326987,197,243,97,73,110,13,164,246,1.003663004,0,78.98108256,12.00231437
864,411,760.7360344,116,40,381,29,160,87,53,198,0,0,55.57006229,20.00385728
865,246,349.2263881,490,186,106,107,429,195,659,1059,0,0,188.7790553,12.00231437
866,601,1199.189682,62,34,169,112,15,22,13,122,0,0,54.30886212,30.00578592
867,3,7.502528676,187,680,294,450,79,10,163,453,1.003663004,0,73.2176098,0
868,820,1933.230364,39,110,38,98,59,176,28,316,0,0,53.16880332,41.00790743
869,12,24.92767592,22,120,139,87,12,7,17,65,0,0,15.18657625,1.000192864
870,323,699.3468932,71,27,28,49,31,30,23,104,0,0,21.65902558,16.00308582
871,326,644.1660102,90,67,13,23,35,84,25,146,0,0,25.54249518,16.00308582
872,322,607.6210139,522,174,50,31,110,162,99,315,0,0,85.3576686,16.00308582
873,315,568.0912122,36,10,7,6,4,13,8,51,0,0,14.20781561,16.00308582
874,1213,2415.723757,23,8,3,6,16,11,10,75,0,0,94.0970407,60.01157184
875,0,0,0,0,0,0,0,0,0,0,0,0,0,0
876,1735,3587.890908,627,147,344,375,291,834,270,868,0,0,437.3669234,86.01658631
877,0,0,459,66,567,727,110,100,82,513,0,6.848,82.84735149,0
878,0,0,15,57,137,953,5,2,8,124,0,0,41.07637359,0
879,138,198.2903096,66,78,415,201,30,53,27,239,0,136.96,39.37143571,7.001350048
880,518,792.2751779,242,136,50,32,88,64,86,444,0,0,95.41105315,26.00501446
881,0,0,163,61,615,317,79,14,25,952,0,0,70.2813279,0
882,0,0,7,7,188,139,7,9,7,245,0,0,19.22791046,0
883,675,1398.369941,122,30,30,18,55,31,38,143,0,0,60.05627874,33.00636451
884,650,1188.458144,84,10,17,2,11,114,18,76,0,0,43.00461096,32.00617165
885,234,401.1000095,53,1,12,13,18,82,20,141,0,0,22.12285814,12.00231437
886,447,877.308003,0,0,0,0,4,0,0,2,0,0,64.30253438,22.00424301
887,354,685.3891247,0,0,0,0,0,0,0,0,0,0,31.17681495,18.00347155
888,0,0,82,21,130,118,98,107,43,214,0,0,25.66878688,0
889,0,0,1,4,17,227,1,0,0,2,0,0,7.956376744,0
890,0,0,65,9,352,149,4,0,7,151,0,0,23.26924468,0
891,668,1161.754458,40,7,13,3,15,88,14,66,0,0,38.85765216,33.00636451
892,746,1330.278579,0,0,0,0,0,2,0,0,0,0,42.61654684,37.00713597
893,0,0,113,50,444,119,67,53,62,201,0,0,35.01437226,0
894,1054,2018.654453,11,0,6,1,2,2,0,32,0,99.296,34.98279933,52.01002893
895,358,697.6513579,6,0,3,1,1,0,0,58,0,0,13.48163837,18.00347155
896,593,1354.244719,0,0,1,0,12,0,2,72,0,0,42.46958804,29.00559306
897,0,0,0,0,0,0,0,0,0,0,0,0,0,0
898,0,0,0,0,0,0,0,0,0,0,8.029304029,0,0,0
899,0,0,0,0,0,0,0,0,0,0,31.11355311,0,0,0
900,0,0,0,0,0,0,0,5,0,0,0,0,0,0
901,0,0,0,0,0,0,0,0,0,0,0,0,0,0
902,0,0,0,0,0,0,0,0,0,0,0,0,0,0
903,7,14.68232314,0,0,0,0,0,0,0,0,0,0,0.221010465,0
904,15,29.04191206,0,0,0,0,0,0,0,0,0,0,0.473593854,1.000192864
905,1,1.37141205,0,0,0,0,0,0,0,0,0,0,0.031572924,0
906,0,0,0,0,0,0,0,0,0,0,0,0,0,0
907,0,0,11,21,549,108,9,323,0,99,0,0,54.77269181,0
908,0,0,0,6,158,0,0,89,0,0,0,0,12.37275985,0
909,0,0,0,3,56,0,0,30,0,0,0,0,4.352472832,0
910,0,0,0,0,0,0,0,0,0,0,0,0,0,0
911,0,0,0,19,559,0,0,339,0,0,0,0,44.84514142,0
912,0,0,0,0,0,0,0,0,0,0,0,0,0,0
913,0,0,0,0,0,0,0,0,0,0,0,0,0,0
914,0,0,0,0,12,0,0,1,0,0,0,0,0.635754459,0
915,0,0,0,0,0,0,0,0,0,0,0,0,0,0
916,0,0,0,0,0,0,0,0,0,0,0,0,0,0
917,0,0,0,0,0,0,0,0,0,0,0,0,0,0
918,0,0,0,0,0,0,0,0,0,0,0,0,0,0
919,0,0,0,0,0,0,0,0,0,0,0,0,0,0
920,0,0,0,0,0,0,0,0,0,0,0,0,0,0
921,0,0,0,0,0,0,0,0,0,0,19.10928513,0,0,0
922,0,0,0,0,0,0,0,0,0,0,0,0,0,0
923,0,0,0,0,0,0,0,0,0,0,5.028759244,0,0,0
924,0,0,0,0,0,0,0,0,0,0,0,2293.855467,0,0
925,0,0,0,2,549,0,0,53,0,0,0,567.0646993,29.53813023,0
926,390,827.2796621,0,24,96,25,1,15,1,5,0,0,27.23963334,37.99628634
927,0,0,0,0,6,31,0,0,0,0,0,0,1.809454997,0
928,0,0,0,0,18,0,0,1,0,0,0,0,0.929179593,0
929,0,0,0,0,24,0,0,3,0,0,74.42563681,0,1.320413106,0
930,0,0,0,10,421,0,0,212,0,0,0,0,31.4453936,0
931,93,195.3166384,0,26,815,0,0,32,0,1,38.21857025,0,47.29035088,8.99912045
932,2987,5571.64148,0,4,241,0,0,5,0,0,13.07477403,0,158.3028602,293.971268
933,3568,7129.496967,3,75,2633,10,20,171,0,56,0,0,319.6377801,350.9656975
934,327,664.4712725,0,0,0,0,0,0,0,0,3.017255546,0,25.99166984,31.99687271
935,0,0,0,0,0,0,0,0,0,0,0,0,0,0
936,128,265.3206212,0,0,0,0,0,0,0,0,0,0,40.25973621,12.99872954
937,0,0,0,0,0,0,0,0,0,0,0,0,0,0
938,61,140.619053,0,0,0,0,0,0,0,0,0,0,8.983155536,5.999413633
939,286,568.7895249,1333,830,18,357,1780,1173,0,5495,9.051766639,0,551.2480198,27.99726362
940,0,0,35,11,3,118,51,97,0,317,0,0,30.90744752,0
941,237,498.5611158,1,0,0,0,0,149,0,2,1.005751849,0,19.02372957,22.99775226
942,0,0,0,2,282,0,0,918,0,0,0,0,58.78283532,0
943,0,0,0,1,5,0,0,2,0,0,87.50041085,0,0.391233513,0
944,0,0,178,65,7,359,179,304,0,889,0,0,96.87919865,0
945,0,0,134,43,105,259,91,172,0,617,0,0,69.49285274,0
946,0,0,264,113,7,298,182,198,0,824,0,11.8138479,92.23330068,0
947,0,0,4,2,0,2247,18,790,0,1416,1.005751849,0,218.9440547,0
948,0,0,157,85,3,167,404,270,43,838,0,0,96.19454,0
949,1,2.282115483,302,141,6,111,511,276,0,1180,0,0,123.6297901,0
950,0,0,111,91,66,168,481,183,0,871,19.10928513,0,96.39015676,0
951,1364,3808.644693,17,0,0,0,0,58,0,0,0,0,70.37312814,133.9869045
952,152,368.7366846,7,6,0,3,17,37,0,77,0,0,14.62235255,14.99853408
953,0,0,51,13,0,65,22,201,0,180,0,0,26.01702861,0
954,0,0,0,0,0,0,0,0,0,0,0,0,0,0
955,0,0,0,1,26,0,0,12,0,0,0,0,1.907263376,0
956,0,0,0,3,481,0,0,43,0,0,60.34511093,0,25.77250767,0
957,0,0,56,88,7451,543,201,576,0,724,4.023007395,0,471.3874789,0
958,0,0,43,16,58,5682,35,82,0,287,22.12654067,0,303.3526851,0
959,0,0,37,20,541,443,128,244,172,528,0,0,103.3345516,0
960,603,1517.116482,89,81,0,17,231,226,73,317,0,0,80.05615759,58.99423406
961,742,1764.535116,4,1,0,0,8,156,8,29,0,0,46.36117129,72.99286587
962,487,1033.134771,30,11,0,3,6,11,0,72,0,0,30.32059725,47.99530906
963,131,205.8965701,1054,564,40,169,1657,874,93,3277,0,0,384.3380223,12.99872954
964,705,1452.380476,0,0,0,0,0,0,0,0,0,0,34.47745333,68.99325678
965,0,0,22,572,0,7713,170,5314,14,1391,0,0,743.1480579,0
966,212,513.41866,33,31,0,1,28,29,9,83,0,0,20.83318457,20.99794772
967,374,826.0160258,4,14,0,1,8,50,15,28,0,0,24.15866943,36.99638407
968,469,686.7898612,8,13,0,0,1,2,0,5,0,0,24.35428618,45.99550452
969,367,967.2571605,0,0,0,0,0,55,0,0,0,0,20.63756781,35.9964818
970,761,1085.16514,13,21,0,1,8,8,0,52,0,0,42.2532194,74.99267041
971,585,864.7997371,55,15,5,19,63,54,0,146,0,0,46.06774615,56.99442951
972,302,479.1076157,84,45,89,25,235,103,97,338,0,0,64.45572126,29.99706817
973,721,1276.688052,0,0,0,0,0,0,0,0,0,0,35.25992036,70.99306132
974,928,1702.555677,40,11,1,20,88,163,9,170,0,0,69.93299044,90.99110677
975,0,0,0,1,175,0,0,21,0,0,0,0,9.634125257,0
976,0,0,0,0,0,3,0,1,0,4,63.36236647,0,0.391233513,0
977,0,0,128,13,2193,282,181,26,0,188,0,0,147.2505134,0
978,0,0,1132,882,2193,1983,2295,2577,0,7114,0,0,888.8825415,0
979,0,0,18,51,1816,313,1600,116,320,403,0,92.54180856,226.768725,0
980,701,1959.31511,37,19,2,1,62,26,27,135,0,0,49.39323101,68.99325678
981,598,1110.903537,38,32,0,14,70,214,0,170,1.005751849,0,55.55515884,58.99423406
982,346,762.1167922,133,9,3,5,15,23,0,68,0,0,29.44032185,33.99667725
983,265,530.0301548,0,0,0,0,0,0,0,0,0,0,12.95961012,25.99745908
984,1388,2555.63262,876,557,0,115,2553,3697,0,3201,0,0,605.7761906,135.986709
985,1879,4023.013402,303,208,0,31,658,1361,0,1022,0,0,267.114681,184.9819204
986,517,1052.247939,123,57,0,40,337,429,0,584,0,0,102.0630427,50.99501588
987,523,1138.556068,0,0,0,0,0,0,0,0,0,0,25.57689091,50.99501588
988,701,1219.765674,63,24,0,6,180,96,16,229,0,0,64.30900869,68.99325678
989,449,1199.510901,4,2,0,2,2,12,67,7,0,0,26.65278307,43.99569998
990,765,1195.210042,19,15,0,17,63,45,87,115,0,0,55.06611695,74.99267041
991,458,663.0965993,11,4,3,246,33,23,95,71,0,0,46.16555453,44.99560225
992,1270,1797.775063,84,24,8,56,329,52,192,277,0,0,112.0884015,124.987784
993,626,915.3612136,12,6,14,29,21,6,40,45,0,0,39.07444711,61.99394087
994,395,612.3838821,115,98,0,6,217,496,230,359,0,0,93.70042635,38.99618861
995,1222,1756.61893,15,62,1,3,9,4,36,20,0,0,67.09654747,119.9882727
996,729,1101.068813,31,10,0,6,67,97,43,157,0,0,55.7507756,71.9929636
997,544,716.2426725,19,12,0,6,13,12,13,32,0,0,31.83662712,52.99482043
998,563,812.4781838,10,2,0,7,63,51,16,102,0,0,39.80800994,54.99462497
999,0,0,348,145,0,141,318,1039,39,660,0,0,131.5522687,0
1000,301,523.3557794,213,100,24,101,523,453,1760,961,0,0,216.9389829,29.99706817
1001,557,840.3807404,140,34,4,2,25,11,0,111,0,0,43.23130318,54.99462497
1002,470,814.5627294,0,0,0,0,0,0,0,0,0,0,22.98496889,45.99550452
1003,646,882.7480545,8,0,0,0,1,0,0,16,0,0,32.8147109,62.99384315
1004,447,743.7439633,2,3,1,0,2,2,0,10,0,0,22.83825632,43.99569998
1005,51,80.43267397,0,0,0,0,0,0,0,0,0,0,2.494113645,4.999511361
1006,489,1275.285427,29,12,0,20,47,49,158,109,0,0,44.64952467,47.99530906
1007,0,0,3,1,0,0,947,6,15338,31,0,0,798.4097916,0
1008,0,0,0,0,0,3,0,0,0,0,0,0,0.146712567,0
1009,0,0,34,12,32,202,28,92,0,272,0,0,32.86361509,0
1010,0,0,76,18,435,414,73,184,0,627,0,0,89.34795352,0
1011,0,0,171,65,110,1414,409,383,0,1265,0,0,186.6672899,0
1012,0,0,49,11,37,243,72,65,5,383,0,0,42.30212359,0
1013,0,0,0,0,0,0,0,0,0,0,0,0,0,0
1014,0,0,0,0,0,0,0,0,0,0,0,0,0,0
1015,0,0,0,1,0,1,0,2,0,22,0,0,1.271508917,0
1016,2726,5749.398978,5,1,0,1,11,31,0,22,0,0,136.785017,267.9738089
1017,0,0,125,42,0,276,294,256,0,892,0,0,92.18439649,0
1018,171,414.2118914,25,8,11,9,26,20,0,117,0,0,18.92592119,16.99833863
1019,364,898.3704417,157,68,16,155,717,351,1,492,0,0,113.5066229,35.9964818
1020,495,1172.652422,40,20,96,25,45,30,1,142,0,0,43.72034507,48.99521134
1021,693,1654.121465,24,6,16,10,19,16,54,71,0,0,44.45390791,67.99335451
1022,916,2046.70752,6,11,0,0,31,11,16,36,0,0,50.22460223,89.9912045
1023,0,0,15,4,55,401,6,9,6,16,0,0,25.03894483,0
1024,91,137.1720861,26,21,0,141,98,39,4,125,0,0,26.65278307,8.99912045
1025,674,1017.852715,0,0,0,0,0,0,0,8,0,0,33.35265698,65.99354996
1026,1322,1750.447691,6,2,0,8,10,28,38,49,0,0,71.54682868,129.9872954
1027,458,592.1930503,84,707,4,83,1636,38,223,2391,0,27.5656451,275.0371596,44.99560225
1028,0,0,59,25,0,38,138,61,194,1258,0,0,86.70712731,0
1029,0,0,179,8,0,2,849,40,478,61,0,0,79.07807381,0
1030,0,0,63,86,0,9,89,28,247,469,0,0,48.46405142,0
1031,493,730.9855693,0,0,0,0,0,0,0,0,0,0,24.10976524,47.99530906
1032,0,0,69,38,0,15,185,35,184,1210,0,0,84.89767231,0
1033,65,89.11715121,102,86,0,51,220,84,341,553,0,0,73.45409206,5.999413633
1034,468,731.0380248,1065,420,137,143,1067,43,313,2825,0,0,316.9480497,45.99550452
1035,0,0,0,8,0,5,4646,16,1199,2973,0,0,432.6553611,0
1036,145,232.2061531,296,404,3,24,3669,101,294,736,0,0,277.3845607,13.99863181
1037,234,357.0589617,224,34,10,77,396,134,917,883,0,0,142.2622862,22.99775226
1038,1040,1687.430988,32,18,0,21,150,55,252,139,0,0,83.47945083,101.9900318
1039,717,1032.793181,2,4,0,1,36,45,9,21,0,0,40.83499792,69.99315905
1040,471,1098.141532,64,28,0,16,272,43,184,472,0,0,75.80149314,45.99550452
1041,736,1055.708253,6,1,0,0,33,5,28,56,0,0,42.30212359,71.9929636
1042,362,596.2944263,50,25,0,36,261,79,150,543,0,0,73.64970882,35.9964818
1043,631,835.8262459,78,145,8,26,246,112,39,287,0,0,76.8773853,61.99394087
1044,448,707.9558504,261,110,0,138,1000,533,45,1697,0,0,206.9625284,43.99569998
1045,689,935.7587495,28,6,3,7,83,20,72,147,0,0,51.59391952,67.99335451
1046,504,696.8684844,52,12,0,8,75,83,181,68,0,0,48.07281791,49.99511361
1047,501,805.6428315,6,43,0,4,28,5,20,33,0,0,31.29868104,48.99521134
1048,541,923.0126071,147,60,0,57,259,212,679,554,0,0,122.7006105,52.99482043
1049,397,549.9727113,1,0,4,0,0,40,0,57,0,0,24.40319037,38.99618861
1050,458,644.0614852,0,0,0,0,7,1,0,12,0,0,23.3762024,44.99560225
1051,621,876.4554718,186,152,0,36,165,26805,717,299,0,0,1417.292305,60.9940386
1052,0,0,237,152,0,144,481,877,12,885,0,0,136.3448793,0
1053,0,0,0,0,0,0,0,0,0,0,0,0,0,0
1054,0,0,5,2,11,2496,126,14,0,50,1.005751849,0,132.2369274,0
1055,0,0,94,30,51,1636,91,143,0,450,0,0,122.0159519,0
1056,0,0,147,54,368,569,137,202,21,985,0,9.844873251,121.4291016,0
1057,0,0,59,28,108,331,62,83,0,262,0,0,45.62760845,0
1058,0,0,99,35,128,91,177,190,0,509,0,0,60.10324843,0
1059,49,132.9737855,49,23,15,152,78,45,325,476,0,0,59.27187721,4.999511361
1060,476,913.5609335,1,0,0,2,0,0,0,0,0,0,23.42510659,46.99540679
1061,449,1039.474941,42,5,0,4,25,112,68,67,0,0,37.754034,43.99569998
1062,270,624.6312311,10,11,0,2,3,5,0,22,0,0,15.79605309,26.99736135
1063,261,687.2826908,4,17,0,1,12,14,14,19,0,0,19.72523268,25.99745908
1064,284,466.2297062,8,2,0,34,13,71,0,28,0,0,21.51784321,27.99726362
1065,665,1031.153878,11,2,16,16,20,31,21,177,0,0,46.89911737,64.99364769
1066,822,1305.550506,187,76,0,49,304,152,155,891,0,0,128.9114425,80.99208405
1067,159,201.0363772,56,297,0,4,155,31,96,376,0,0,57.41351803,15.99843635
1068,0,0,0,0,0,0,0,0,0,0,0,0,0,0
1069,483,772.3197993,107,109,7,63,219,29,251,118,0,1.96897465,67.78120612,46.99540679
1070,344,443.4321999,89,148,0,20,257,50,223,734,0,0,91.20631271,33.99667725
1071,249,359.5655036,128,79,0,26,247,65,91,739,0,0,79.42040313,23.99765453
1072,358,515.9605373,37,195,1,10,319,25,160,252,0,0,66.36298464,34.99657953
1073,485,622.4266177,13,32,0,16,130,9,113,194,0,0,48.51295561,47.99530906
1074,219,324.9422421,41,81,1,3,40,16,104,180,0,0,33.49936955,21.99784999
1075,145,220.2210812,103,367,0,100,197,110,983,564,0,0,125.6348619,13.99863181
1076,59,95.16457671,111,194,0,85,731,552,845,754,0,0,162.899854,5.999413633
1077,357,486.1832569,56,350,23,47,963,37,384,1359,0,0,174.8813803,34.99657953
1078,94,142.6084241,16,178,2,12,419,17,270,380,0,0,67.8790145,8.99912045
1079,147,207.8652106,152,465,0,144,1140,281,2009,926,0,0,257.4316515,13.99863181
1080,0,0,33,275,14,72,1266,17,135,2203,0,0,196.3503193,0
1081,54,73.17893586,26,156,0,47,982,68,935,796,0,0,149.8424355,4.999511361
1082,121,158.4002673,75,32,2,160,1274,1508,180,760,0,55.13129021,201.0940257,11.99882727
1083,265,415.1144655,67,146,0,9,709,23,170,698,0,0,102.0630427,25.99745908
1084,498,769.8913117,542,108,0,13,459,515,137,228,0,0,122.2604728,48.99521134
1085,291,400.4240241,70,40,5,41,278,453,197,449,0,0,89.20124096,28.99716589
1086,536,791.0463068,94,110,0,61,420,58,362,743,0,0,116.5875869,52.99482043
1087,211,283.7552682,49,24,2,50,1042,81,307,959,0,0,133.2639154,20.99794772
1088,361,523.4867657,12,10,9,4,66,7,150,90,0,0,34.67307009,34.99657953
1089,411,574.1672815,69,19,8,13,110,40,158,254,0,0,52.91433263,39.99609089
1090,690,912.6607124,47,81,0,16,124,38,116,203,0,0,64.30900869,67.99335451
1091,724,1036.847653,3,3,0,5,2,3,2,17,0,0,37.11827954,70.99306132
1092,474,669.2952652,56,10,2,19,146,22,49,193,0,0,47.48596764,46.99540679
1093,217,362.6782648,72,40,0,15,171,275,162,388,0,0,65.53161342,20.99794772
1094,770,1014.154465,39,31,0,9,148,64,5,163,0,0,60.10324843,75.99257269
1095,292,458.4014736,97,32,4,31,275,130,53,757,0,0,81.71890002,28.99716589
1096,461,711.5381952,102,64,0,34,427,177,82,550,0,0,92.77124676,44.99560225
1097,610,839.3671294,15,10,0,4,16,10,123,39,0,3.9379493,40.4437644,59.99413633
1098,633,931.3360227,6,8,0,5,14,7,60,56,0,0,38.58540522,61.99394087
1099,621,916.0630322,38,7,3,6,51,33,109,92,0,0,46.94802156,60.9940386
1100,488,809.110529,18,5,0,8,29,14,13,59,0,0,31.0052559,47.99530906
1101,318,612.2070428,81,174,0,0,6,1,20,10,0,0,29.83155536,30.99697044
1102,372,714.9961563,39,47,447,64,1595,231,4784,352,0,0,387.8591239,36.99638407
1103,0,0,0,0,0,0,0,0,0,0,0,0,0,0
1104,0,0,28,12,0,164,27,51,0,164,0,0,21.81126835,0
1105,0,0,11,7,281,1314,1799,14,6,84,0,0,171.9471289,0
1106,1,1,90,0,438,991,15,3,20,14,0,0,76.8773853,0
1107,0,0,7,2,307,361,8,9,2,128,0,0,40.29705184,0
1108,823,1314.882664,2,9,0,0,2,3,1,29,0,0,42.49774035,80.99208405
1109,382,1004.308909,0,0,0,0,1,1,0,6,0,0,19.07263376,37.99628634
1110,253,432.8493503,31,11,0,12,64,73,80,114,0,0,34.20087266,24.9975568
1111,279,506.9894417,9,9,0,0,20,212,0,30,0,0,27.33744172,26.99736135
1112,141,261.8529237,18,7,0,2,34,26,93,57,0,0,18.48578349,13.99863181
1113,74,132.2163258,18,14,0,4,47,37,0,79,0,0,13.35084363,6.999315905
1114,1050,1614.371567,71,13,58,126,307,71,17,170,0,0,92.08658811,102.989934
1115,513,825.2731707,124,52,95,99,274,124,7,380,0,0,81.57218745,49.99511361
1116,385,581.8076807,148,75,1,18,374,189,7,444,0,0,80.25177435,37.99628634
1117,131,201.6665448,8,1,0,8,11,3,6,44,0,0,10.36768809,12.99872954
1118,660,982.3780765,4,3,4,19,6,3,2,37,0,0,36.09129157,64.99364769
1119,0,0,69,11,82,30,52,41,17,112,0,0,20.2463343,0
1120,243,381.1230222,139,67,5,19,367,163,2,508,0,0,73.99203814,23.99765453
1121,494,752.302799,7,3,0,2,11,2,0,19,0,0,26.31045375,48.99521134
1122,779,1092.503851,4,0,3,2,1,0,0,7,0,0,38.92773454,76.99247496
1123,0,0,122,34,16,50,55,136,101,188,0,0,34.33074076,0
1124,324,475.733835,180,97,0,33,510,230,37,868,0,0,111.452647,31.99687271
1125,256,343.1101174,57,37,0,19,102,48,5,202,0,0,35.5044413,24.9975568
1126,407,591.1239761,18,7,0,6,119,7,0,110,0,0,32.96142347,39.99609089
1127,656,1024.009919,92,28,0,10,169,100,13,255,0,0,64.70024221,63.99374542
1128,696,993.328807,36,5,0,4,61,20,1,89,0,0,44.60062048,67.99335451
1129,190,279.2060157,0,0,0,0,0,0,0,0,0,0,9.291795933,18.99814317
1130,494,739.6127229,162,130,0,29,179,43,3,753,0,0,87.68521109,48.99521134
1131,368,605.0520897,135,63,0,25,427,149,343,756,0,0,110.8168925,35.9964818
1132,1222,1786.934111,23,2,7,20,14,6,12,38,0,0,65.72723018,119.9882727
1133,0,0,43,42,0,99,273,63,1,488,0,0,49.34432682,0
1134,0,0,14,208,0,0,7,3,8,35,0,0,13.44865201,0
1135,0,0,0,0,0,0,0,0,0,0,0,0,0,0
1136,665,987.443616,457,176,0,49,1485,187,3,2049,0,0,247.993143,64.99364769
1137,676,948.3915015,93,14,0,9,40,23,7,153,0,0,49.63775196,65.99354996
1138,0,0,17,571,0,0,12,1,4,52,0,0,32.13005225,0
1139,0,0,173,76,0,94,755,618,233,1058,0,0,147.0548967,0
1140,418,597.8971365,137,58,29,34,180,159,33,430,0,0,223.2803915,40.99599316
1141,0,0,190,95,0,50,259,150,64,543,0,0,66.0695595,0
1142,0,0,214,25,0,8,64,11,10,224,0,0,27.19072915,0
1143,0,0,18,6,1,8,24,506,26,35,0,0,30.51621401,0
1144,181,257.2569679,44,11,0,34,45,19,1,107,0,0,21.61565159,17.9982409
1145,386,560.1196524,40,13,0,21,98,185,66,242,0,0,51.39830277,37.99628634
1146,474,620.3189283,3,10,0,2,6,364,4,12,0,0,42.79116548,46.99540679
1147,0,0,0,2,0,1,231,1,0,67,0,0,14.76906511,0
1148,479,730.7611429,4,9,0,3,11,2,0,31,0,0,26.35935794,46.99540679
1149,97,144.519741,0,0,0,0,1,0,0,0,0,0,4.792610534,9.999022722
1150,366,463.8154162,61,27,1,14,266,110,21,230,0,0,53.59899128,35.9964818
1151,495,656.6783738,29,14,1,255,91,479,9,213,0,0,77.56204394,48.99521134
1152,312,448.6182259,19,24,0,1,8,4,6,23,0,0,19.41496308,30.99697044
1153,435,607.0829221,64,16,0,6,41,28,0,124,0,0,34.91759103,42.9957977
1154,215,298.8936787,34,15,0,7,90,57,5,107,0,0,25.91922023,20.99794772
1155,415,574.1306885,1,0,0,0,8,1,0,102,0,0,25.77250767,40.99599316
1156,533,798.9609249,3,60,0,1,1,0,0,3,0,0,29.39141766,51.99491815
1157,309,456.3071915,525,311,0,29,360,178,21,677,0,0,117.8590958,29.99706817
1158,265,414.4094613,294,126,0,53,749,391,4,955,0,0,138.7411845,25.99745908
1159,696,1028.579019,56,25,21,5,85,27,81,96,0,0,53.40337452,67.99335451
1160,568,856.3189557,13,22,0,0,15,3,692,46,0,0,66.46079301,55.99452724
1161,515,775.5520761,186,178,0,11,53,66,180,210,0,0,68.41696058,50.99501588
1162,456,762.8729942,83,140,5,3,24,177,2,51,0,0,46.01884196,44.99560225
1163,658,1042.674235,0,0,0,0,0,0,1,10,0,0,32.71690252,64.99364769
1164,445,732.12969,0,16,2,0,0,0,0,4,0,1.96897465,22.83825632,43.99569998
1165,410,680.4558173,7,1,0,2,12,232,1,17,0,0,33.35265698,39.99609089
1166,225,461.3056708,16,7,0,7,14,537,3,55,0,0,42.2532194,21.99784999
1167,0,0,3,2,0,2,101,552,2804,126,0,0,175.5660389,0
1168,634,1292.46529,0,0,0,0,0,0,0,0,0,0,31.0052559,61.99394087
1169,0,0,6,3,0,3,19,33,0,197,7.040262942,0,12.76399336,0
1170,0,0,7,5,0,5,13,24,0,19,0,0,3.570005806,0
1171,0,0,68,16,182,156,58,67,0,209,0,0,36.97156698,0
1172,0,0,0,0,0,0,0,0,0,0,0,0,0,0
1173,0,0,130,3,540,866,66,10,102,121,0,0,89.8858996,0
1174,0,0,40,11,706,901,254,48,21,380,0,0,115.4627905,0
1175,0,0,72,29,284,452,119,97,0,302,0,0,66.26517626,0
1176,0,0,65,1,346,6,2,1,0,12,0,0,21.17551389,0
1177,129,320.4780538,137,97,87,317,146,187,9,673,0,0,87.14726501,12.99872954
1178,492,1186.956202,61,20,25,40,139,100,2,202,0,0,52.86542844,47.99530906
1179,447,1091.311048,69,30,2,30,39,27,1,144,0,0,38.58540522,43.99569998
1180,619,1453.519729,0,0,0,0,0,0,0,0,0,0,42.27169307,60.9940386
1181,189,501.115245,0,0,0,0,0,92,0,0,0,0,13.74207714,18.99814317
1182,126,299.5316228,4,5,0,1,11,3,0,17,0,0,8.166999583,11.99882727
1183,143,365.1177467,47,21,77,24,102,31,0,160,0,0,29.58703442,13.99863181
1184,72,123.4220695,43,40,12,12,88,50,0,156,0,0,23.13168145,6.999315905
1185,0,0,6,1,302,125,2,5,0,34,0,0,23.22948983,0
1186,401,633.8316215,225,73,20,25,374,218,1,555,0,0,92.52672582,38.99618861
1187,374,605.3497022,2,3,4,1,2,2,0,6,0,0,121.2682505,36.99638407
1188,692,1108.281089,137,69,1,15,297,106,7,427,0,0,85.63123515,67.99335451
1189,349,621.6172549,279,164,0,54,757,366,93,1091,0,7.875898601,154.1949083,33.99667725
1190,808,1290.520991,20,64,7,3,60,15,0,88,0,0,52.08296141,78.9922795
1191,367,564.6997458,166,63,0,23,396,212,55,508,0,0,87.53849853,35.9964818
1192,479,734.286164,180,97,0,42,521,570,35,715,0,0,129.0581551,46.99540679
1193,440,633.2985883,494,239,0,55,1061,787,139,1504,0,0,230.7788685,42.9957977
1194,880,1456.948318,68,38,0,10,139,121,20,249,0,0,74.57888841,85.99159541
1195,697,1110.526612,25,68,0,4,21,7,100,126,0,0,51.2515902,68.99325678
1196,0,0,0,0,0,0,0,44,0,31,0,0,3.667814184,0
1197,699,1177.83622,26,79,1,3,24,6,2,87,0,0,45.33418331,68.99325678
1198,654,1248.572063,59,20,1,4,16,14,28,74,0,0,42.54664453,63.99374542
1199,255,511.4390253,0,0,0,0,0,0,0,0,0,0,12.47056823,24.9975568
1200,372,794.6616341,0,0,0,0,0,0,0,0,0,0,18.19235835,36.99638407
1201,344,653.9169397,1,0,0,0,0,48,0,0,0,0,19.21934632,33.99667725
1202,155,292.392532,0,0,0,0,0,0,0,0,0,0,7.580149314,14.99853408
1203,544,1167.445378,0,0,0,0,0,0,0,0,0,0,26.60387888,52.99482043
1204,624,1039.107753,18,7,0,21,33,53,5,56,0,0,39.95472251,60.9940386
1205,265,571.6254043,2,158,0,0,1,17,1,251,0,0,33.98841144,25.99745908
1206,936,1748.307766,0,0,0,0,0,0,0,0,0,0,45.77432102,91.99100904
1207,0,0,329,182,347,569,541,382,0,1912,0,0,208.429654,0
1208,0,0,0,0,0,0,0,0,0,0,0,0,0,0
1209,0,0,2,1,0,2,6,17,0,15,0,0,2.102880132,0
1210,0,0,58,19,1,233,43,88,0,377,0,0,40.05253089,0
1211,0,0,507,33,1557,3034,312,157,0,730,0,0,309.5635171,0
1212,0,0,335,71,818,2816,486,245,121,1403,0,0,307.8518705,0
1213,0,0,742,687,1776,1810,994,949,363,4351,0,0,570.8096954,0
1214,0,0,102,18,1284,821,84,333,31,272,0,0,144.022837,0
1215,0,0,65,16,398,370,24,33,1,281,0,1014.021945,58.09817668,0
1216,70,174.5531726,303,40,920,392,261,133,36,466,0,0,128.1778797,6.999315905
1217,393,1064.662391,212,134,11,120,376,296,241,834,0,5.906923951,127.9822629,38.99618861
1218,379,1075.013028,1,0,0,0,3,154,0,11,0,0,26.79949564,36.99638407
1219,370,1132.729459,17,3,0,2,18,8,0,14,0,0,21.1266097,35.9964818
1220,489,1167.41978,26,32,0,0,19,25,0,55,0,0,31.59210617,47.99530906
1221,96,235.2981837,2,0,0,0,0,0,0,5,0,0,5.037131479,8.99912045
1222,305,739.0504803,84,48,54,62,134,239,44,537,0,0,73.698613,29.99706817
1223,258,662.8112386,4,0,0,3,59,7,1,21,0,0,17.26317876,24.9975568
1224,0,0,30,7,145,132,13,26,1,113,0,0,22.83825632,0
1225,0,0,268,38,0,50,90,89,5,943,0,0,72.52491247,0
1226,1157,2742.633227,463,160,4,54,1036,239,15,1468,0,0,271.7636532,113.988859
1227,969,1635.381448,16,11,0,15,60,35,33,58,0,0,58.53831438,94.99071586
1228,628,1039.776164,101,58,3,174,184,131,296,393,0,0,96.24344419,61.99394087
1229,926,1425.859814,23,65,0,6,79,129,1244,100,0,0,131.7815744,90.99110677
1230,437,675.0975336,53,97,9,9,119,289,2414,186,0,0,176.6908353,42.9957977
1231,556,1119.395312,25,51,0,14,106,950,981,176,0,0,139.8170767,54.99462497
1232,736,1253.814441,7,13,6,0,18,4,9,23,0,0,39.90581832,71.9929636
1233,584,993.6484081,8,47,6,1,27,109,32,4,0,0,40.0036267,56.99442951
1234,595,1057.526911,117,36,0,14,100,45,16,158,0,0,52.86542844,57.99433179
1235,693,1243.809004,37,85,0,25,64,125,101,121,0,0,61.17914059,67.99335451
1236,606,1119.995405,53,29,0,22,125,90,94,162,0,0,57.75584735,59.99413633
1237,203,387.1289864,1,20,0,1,3,1,0,9,0,0,11.63919701,19.99804544
1238,629,1178.8291,2,25,0,0,1,4,3,23,0,0,33.59717793,61.99394087
1239,228,470.9720342,0,0,0,0,0,0,0,0,0,0,11.15015512,21.99784999
1240,498,1018.757804,92,46,5,9,3,3,2,36,0,0,33.93950725,48.99521134
1241,382,897.8532709,0,0,0,0,0,63,0,0,0,0,21.76236416,37.99628634
1242,453,1209.344367,31,5,0,17,19,12,13,72,0,0,30.41840563,44.99560225
1243,526,983.9564455,371,188,19,25,110,129,30,549,0,0,95.21645622,51.99491815
1244,396,785.9820251,58,49,0,5,54,50,21,258,0,0,43.57363251,38.99618861
1245,525,1076.849901,0,0,0,0,0,29,0,0,0,0,27.09292077,51.99491815
1246,0,0,254,10,224,192,49,32,0,407,0,0,57.12009289,0
1247,0,0,100,73,74,2336,449,159,7,256,0,0,168.9150692,0
1248,0,0,0,0,0,0,0,0,0,0,0,0,0,0
1249,1229,3025.386252,127,56,44,38,235,92,0,518,0,0,114.3868984,120.9881749
1250,0,0,398,49,1,484,78,66,0,413,0,0,72.8183376,0
1251,0,0,69,11,0,148,71,63,0,168,0,0,25.91922023,0
1252,0,0,22,26,15,146,9,13,6,143,0,0,18.58359187,0
1253,739,1300.846029,870,399,0,136,2307,776,20,3435,0,0,424.5861699,72.99286587
1254,878,1357.913521,357,145,0,40,739,345,26,1099,0,0,177.4733023,85.99159541
1255,717,1021.513114,191,84,0,34,443,358,166,580,0,0,125.8304786,69.99315905
1256,432,600.9415799,134,109,0,21,351,329,743,399,0,0,123.1407482,41.99589543
1257,474,713.0055274,25,100,0,3,72,66,335,130,0,0,58.92954789,46.99540679
1258,1035,1427.153918,185,75,0,24,139,6307,407,525,0,0,425.3197328,101.9900318
1259,738,1148.398012,177,76,1,105,339,324,118,668,0,0,124.5100655,72.99286587
1260,769,1311.499147,64,138,0,7,44,46,48,242,0,0,66.41188883,75.99257269
1261,721,1317.578297,44,37,4,19,85,62,101,170,0,0,60.78790708,70.99306132
1262,504,781.4689919,30,19,0,2,44,16,56,94,0,0,37.41170468,49.99511361
1263,257,350.3272626,19,30,0,10,46,428,116,111,0,0,49.73556034,24.9975568
1264,533,842.0103071,26,149,1,6,50,30,149,112,0,0,51.64282371,51.99491815
1265,543,1151.768183,11,1,0,2,5,5,0,37,0,0,29.53813023,52.99482043
1266,541,1001.973081,12,0,0,1,0,0,0,11,0,0,27.63086685,52.99482043
1267,514,1000.281323,0,0,0,0,13,0,8,0,0,0,26.16374118,50.99501588
1268,709,1398.763562,0,0,0,0,0,61,0,0,0,0,37.65622562,69.99315905
1269,575,1054.184855,0,0,0,0,0,139,0,0,0,0,34.91759103,56.99442951
1270,467,894.4319034,0,9,0,0,0,0,0,0,0,0,28.27839402,45.99550452
1271,346,543.5654813,66,46,0,4,34,30,58,123,0,0,34.57526171,33.99667725
1272,388,575.9639511,170,74,0,22,460,144,8,616,0,0,92.03768392,37.99628634
1273,1392,2024.022839,221,162,0,19,242,110,42,491,0,0,131.0143227,136.9866113
1274,360,682.6757408,52,44,0,5,96,50,30,170,0,0,39.46568062,34.99657953
1275,233,378.0419857,505,217,0,86,2050,219,232,2291,0,17.72077185,285.2581351,22.99775226
1276,677,957.0186554,85,72,2,58,130,143,565,345,0,0,101.5740008,66.99345224
1277,0,0,3,3,0,0,2,133,7,7,0,0,7.580149314,0
1278,564,1085.481923,1,3,0,0,17,27,20,38,0,0,32.76580671,54.99462497
1279,331,749.0351868,4,0,3,0,0,0,0,2,0,0,16.6274243,32.99677498
1280,798,1467.921037,25,25,0,3,187,38,31,207,0,0,64.2601045,77.99237723
1281,577,1153.924657,0,0,0,0,14,0,12,1,0,5.906923951,29.53813023,56.99442951
1282,377,596.6859556,32,5,0,30,4,2,0,12,0,0,22.59373537,36.99638407
1283,285,430.4415933,17,5,0,11,6,8,0,48,0,0,18.58359187,27.99726362
1284,568,970.5296409,11,4,0,5,12,9,0,18,0,0,30.66292658,55.99452724
1285,220,299.0241884,0,0,0,0,0,0,0,0,0,0,10.75892161,21.99784999
1286,581,893.7415034,13,8,0,3,20,2,0,74,0,0,34.28183657,56.99442951
1287,227,398.8945,87,63,0,13,271,165,49,281,0,0,56.53324262,21.99784999
1288,400,690.0648569,293,227,0,25,442,50,220,344,0,0,97.85728243,38.99618861
1289,197,311.3959214,3,0,0,0,9,0,0,54,0,0,12.86180174,18.99814317
1290,774,1420.200308,0,14,33,0,21,0,9,50,0,0,44.0626744,75.99257269
1291,429,1032.607864,24,3,0,5,15,21,9,231,0,0,36.04238738,41.99589543
1292,468,1017.269742,10,13,0,10,18,32,4,201,0,0,36.97156698,45.99550452
1293,416,834.4443517,155,47,0,6,43,27,0,201,0,0,43.76924926,40.99599316
1294,0,0,0,0,0,0,0,0,0,30,0,0,1.467125674,0
1295,189,318.5191497,0,0,0,0,0,45,0,0,0,0,11.44358025,18.99814317
1296,438,769.735203,0,0,18,0,0,0,0,7,0,0,22.64263956,42.9957977
1297,585,911.3300166,67,25,0,12,136,54,61,216,0,0,56.53324262,56.99442951
1298,738,1501.605132,75,51,4,2,17,27,0,110,0,0,50.07788966,72.99286587
1299,382,682.121977,22,2,3,4,22,90,0,31,0,0,27.19072915,37.99628634
1300,184,447.4044138,54,25,0,0,135,1,79,0,0,0,23.3762024,17.9982409
1301,724,1130.54848,650,127,0,15,334,204,26,1071,0,0,154.0970999,70.99306132
1302,1,4.397128169,156,78,150,246,334,193,0,892,5.028759244,0,100.2535877,0
1303,439,979.9935659,37,18,21,49,80,150,9,214,6.034511093,0,57.73556034,42.9957977
1304,323,677.9029458,2,1,0,3,7,7,0,14,10.05751849,0,17.45879552,31.99687271
1305,0,0,113,33,17,732,127,63,0,466,10.05751849,0,75.85039733,0
1306,1419,3473.793283,58,46,41,20,65,174,8,209,0,0,99.76454581,138.9864158
1307,508,1087.404234,6,5,0,2,7,49,0,19,0,0,29.14689672,49.99511361
1308,891,1933.254295,0,0,0,0,0,0,0,0,0,0,64.57363251,87.99139995
1309,1121,2962.21888,7,3,0,3,6,47,0,23,0,0,71.17406884,109.9892499
1310,1232,3210.598668,15,5,0,0,19,5,0,31,0,0,71.91777518,120.9881749
1311,900,2191.379759,4,6,0,3,27,29,0,24,0,0,48.5618598,87.99139995
1312,1303,2758.570185,3,1,0,9,14,86,4,16,0,0,70.22641558,127.9874908
1313,1066,2783.827211,48,22,37,50,63,35,0,163,3.017255546,0,78.57381665,104.9897386
1314,755,1530.531035,3,10,20,5,3,86,0,17,0,0,43.96486602,73.99276814
1315,803,1840.998783,19,11,0,0,7,5,19,103,0,0,60.29035088,78.9922795
1316,1167,3102.446403,12,1,8,10,9,139,39,20,0,0,68.71038571,114.9887613
1317,82,206.873588,12,2,2,64,13,27,0,88,7.040262942,0,14.18221484,7.999218177
1318,337,844.5083703,0,0,0,0,0,0,0,0,0,0,16.48071173,32.99677498
1319,0,0,125,50,187,210,107,77,0,461,0,0,59.51639816,0
1320,513,1301.151025,0,0,0,0,0,0,0,0,7.040262942,0,25.08784902,49.99511361
1321,0,0,28,3,8,352,209,47,0,212,0,0,42.00869845,0
1322,0,0,24,8,0,258,26,43,0,207,0,0,27.67977104,0
1323,0,0,46,2,0,38,16,7,0,56,0,0,8.069191205,0
1324,0,0,272,40,15,1176,135,139,0,1258,0,0,148.424214,0
1325,0,0,146,36,271,2015,594,110,0,518,2.011503698,7.875898601,180.4564579,0
1326,0,0,339,4,1767,786,171,8,149,286,0,0,171.6537038,0
1327,339,1150.109407,77,43,1282,689,190,115,4,721,0,0,169.2084944,32.99677498
1328,0,0,222,34,295,2048,375,101,3,603,0,0,180.0163202,0
1329,0,0,23,5,362,334,10,28,0,110,0,0,42.64445291,0
1330,0,0,266,206,1168,1259,428,535,179,1511,0,0,271.516058,0
1331,954,2046.712388,263,76,53,115,741,236,340,1869,1.005751849,0,230.2577668,93.99081358
1332,70,178.783198,95,22,293,628,61,116,0,518,0,0,100.174253,6.999315905
1333,194,466.7005475,2,0,0,1,3,57,0,8,3.017255546,0,12.95961012,18.99814317
1334,373,978.8348409,48,13,0,27,48,34,1,151,0,0,40.98841144,36.99638407
1335,212,468.2983894,286,273,170,1027,193,157,0,709,3.017255546,0,148.0329805,20.99794772
1336,23,50.37364342,201,126,51,159,2360,333,39,869,1.005751849,0,203.4903309,1.999804544
1337,0,0,68,66,0,34,999,262,4,3371,0,0,234.9357245,0
1338,637,1893.630202,0,0,0,0,0,64,0,0,1.005751849,0,34.28183657,62.99384315
1339,324,907.9014273,1,1,0,5,3,3,0,11,0,0,25.01865781,31.99687271
1340,397,1015.275502,0,0,0,0,0,0,0,0,0,0,19.41496308,38.99618861
1341,248,604.7398724,81,130,0,26,93,76,49,331,0,0,50.56693155,23.99765453
1342,1291,3025.876566,96,169,0,4,53,188,77,236,0,0,103.3834558,126.9875886
1343,0,0,198,110,0,162,963,657,0,1513,0,0,176.2017934,0
1344,0,0,79,18,6,245,1151,45,56,405,1.005751849,0,98.05289919,0
1345,288,691.7944663,0,0,0,0,0,0,0,0,0,0,14.08440647,27.99726362
1346,0,0,23,14,10,130,81,238,0,194,0,0,33.74389049,0
1347,702,1869.241672,80,46,27,54,101,63,0,289,0,0,66.60750558,68.99325678
1348,626,1555.505054,28,25,1,3,9,133,0,32,0,0,41.91089008,61.99394087
1349,425,1139.805099,0,2,0,0,0,0,0,6,0,0,21.17551389,41.99589543
1350,1293,3385.762929,97,115,0,17,147,271,34,640,0,0,127.8355504,126.9875886
1351,786,1590.701552,39,25,2,1,17,114,7,458,0,0,70.86217004,76.99247496
1352,380,861.5638498,43,2,5,32,40,211,40,190,0,0,46.11665034,36.99638407
1353,291,570.3300431,20,18,0,10,47,61,0,106,2.011503698,0,27.04401658,28.99716589
1354,1118,2662.090774,6,32,0,5,1,5,0,32,0,0,58.63612276,109.9892499
1355,761,2290.118202,4,8,0,0,16,88,24,13,0,0,44.69842886,74.99267041
1356,27,46.10702501,422,238,0,27,46,209,126,265,0,0,66.5096972,2.999706817
1357,295,767.6946341,22,63,0,0,3,5,13,8,0,0,20.00181335,28.99716589
1358,562,1570.895631,81,72,9,16,82,117,23,330,0,0,63.18421234,54.99462497
1359,366,888.834588,0,0,0,0,0,0,0,0,0,0,17.89893322,35.9964818
1360,415,1187.484368,34,12,0,83,43,43,4,70,0,0,34.42854914,40.99599316
1361,312,765.6003521,0,0,0,0,0,44,0,0,0,0,22.40989133,30.99697044
1362,320,1201.924784,0,0,0,0,0,0,0,0,0,0,15.64934052,30.99697044
1363,729,2023.214343,161,39,0,33,168,251,480,471,0,0,114.044569,71.9929636
1364,725,1986.590717,132,76,0,19,93,70,9,389,0,0,73.99203814,70.99306132
1365,209,582.007766,34,54,0,0,3,1,45,106,0,0,30.10469348,20.99794772
1366,711,1858.760525,64,144,26,12,44,277,22,227,0,0,74.67669679,69.99315905
1367,672,1533.581605,51,23,1,3,92,47,0,134,0,0,50.02898547,65.99354996
1368,389,984.328502,1,0,0,0,0,2,6,2,0,0,19.56167565,37.99628634
1369,698,1513.956134,69,43,0,6,121,97,0,201,0,0,60.39667356,68.99325678
1370,600,1548.340364,139,160,0,46,86,60,0,330,0,0,69.49285274,58.99423406
1371,745,1415.354327,68,44,8,19,130,97,0,217,0,0,64.94476315,72.99286587
1372,890,2168.558604,40,11,15,10,27,96,1,180,2.011503698,0,62.10832018,86.99149768
1373,1063,2484.40411,10,3,0,3,6,79,59,33,0,0,81.42366154,103.9898363
1374,189,489.8351773,201,85,0,57,605,313,3,1037,2.011503698,0,121.7714309,18.99814317
1375,277,725.206547,328,13,0,29,17,58,23,88,1.005751849,0,40.73718954,26.99736135
1376,1014,2575.621669,30,26,0,3,1,62,13,162,0,0,64.11339194,99.99022722
1377,1162,2918.309789,39,13,13,18,34,37,1,134,0,0,77.95997841,113.988859
1378,503,1379.850479,101,42,0,26,45,122,12,240,0,0,53.35447033,48.99521134
1379,495,1065.491779,378,49,7,26,293,213,51,431,0,0,95.02083946,48.99521134
1380,240,668.263439,162,34,0,9,48,50,0,211,0,0,43.8737586,23.99765453
1381,90,247.6906472,2,1,0,1,3,205,2,24,0,0,16.04057403,8.99912045
1382,826,2030.25826,73,48,0,16,72,95,1,244,0,0,67.24326004,80.99208405
1383,1197,2537.816071,101,121,0,76,387,1036,234,970,0,0,201.5830676,117.9884681
1384,483,883.005463,612,461,0,15,119,87,0,456,0,0,109.2030543,46.99540679
1385,602,1160.922244,29,14,0,6,27,19,0,129,0,0,40.39486021,58.99423406
1386,964,1807.976974,102,68,16,44,68,132,16,337,0,0,91.43561839,94.99071586
1387,909,2809.762385,217,85,28,51,112,126,3,459,0,0,97.31933635,88.99130222
1388,1001,2320.352814,0,0,0,0,0,0,0,0,0,0,48.95309331,97.99042267
1389,1227,3016.591996,0,0,0,3,1,0,0,5,0,1.96897465,60.44557775,120.9881749
1390,544,1372.601609,11,20,0,13,23,36,0,64,0,0,34.77087846,52.99482043
1391,540,1444.548633,37,0,0,1,15,26,20,35,0,0,32.96142347,52.99482043
1392,281,704.0198271,0,2,0,3,13,10,11,10,0,0,16.13838241,27.99726362
1393,269,704.8346104,7,2,0,9,10,7,1,18,0,0,15.79605309,25.99745908
1394,517,1064.233011,0,0,0,0,0,72,0,0,0,0,28.80456739,50.99501588
1395,454,1181.3113,10,4,0,3,12,59,19,29,0,0,28.85347158,44.99560225
1396,353,829.5569093,0,0,0,0,0,0,0,0,0,0,17.26317876,34.99657953
1397,377,657.3163193,0,0,0,0,0,0,0,0,0,0,18.4368793,36.99638407
1398,144,451.2953653,1,0,0,0,1,2,0,1,0,0,12.28672418,13.99863181
1399,2810,7625.351781,19,53,0,3,14,12,10,78,0,0,146.6636632,275.9730271
1400,1107,1998.958677,116,51,0,4,90,56,0,253,0,0,85.01232515,108.9893477
1401,0,0,16,3,131,132,8,38,0,95,0,0,20.686472,0
1402,0,0,10,2,2,6,23,7,0,21,0,0,3.472197428,0
1403,0,0,33,15,0,90,73,134,0,163,0,0,24.84332807,0
1404,289,806.8772584,3,0,0,0,5,18,31,22,0,0,17.9967416,27.99726362
1405,585,1447.13323,6,0,0,0,0,50,0,0,0,0,45.34758523,56.99442951
1406,308,733.9117548,4,1,0,3,4,369,0,16,0,0,34.47745333,29.99706817
1407,478,1588.584186,39,34,0,49,77,62,30,137,1.005751849,0,44.30719534,46.99540679
1408,520,1307.960778,14,0,0,0,0,1,0,1,0,0,26.21264537,50.99501588
1409,550,1403.919408,0,0,0,0,1,0,1,8,0,0,27.38634591,53.9947227
1410,453,1229.789489,15,44,0,0,4,2,0,30,0,0,26.79949564,44.99560225
1411,386,980.3021723,11,7,0,1,6,2,0,20,0,0,21.17551389,37.99628634
1412,279,681.1254862,24,14,0,29,130,126,79,212,0,0,43.67144088,26.99736135
1413,545,1477.814342,15,1,0,2,7,73,0,13,0,0,32.08114806,53.9947227
1414,554,1278.392062,0,0,0,0,0,130,0,0,0,0,33.45046536,53.9947227
1415,649,1791.999813,32,14,0,3,23,6,0,68,0,0,38.87883035,63.99374542
1416,910,2660.468591,22,2,0,9,18,73,1,46,0,0,52.86542844,88.99130222
1417,375,1150.485074,13,5,0,10,29,131,6,58,0,0,30.66292658,36.99638407
1418,485,1528.418538,26,5,4,9,7,168,0,58,0,0,37.26499211,47.99530906
1419,671,1553.15462,299,17,0,6,28,43,0,170,0,0,60.34776937,65.99354996
1420,477,1174.579601,400,75,1,25,78,86,8,353,0,0,73.50299625,46.99540679
1421,137,302.779762,22,8,0,2,18,16,98,83,0,0,18.77920862,12.99872954
1422,544,1342.991432,29,20,1,1,30,14,0,96,0,0,35.944579,52.99482043
1423,756,1557.488299,21,43,3,12,77,102,58,195,0,0,61.96160762,73.99276814
1424,0,0,1,0,487,3,3,2,0,5,0,0,24.50099875,0
1425,0,0,4,1,993,25,1,4,0,23,0,0,51.39830277,0
1426,324,886.0462961,257,127,1,28,183,354,0,712,0,0,97.12371959,31.99687271
1427,0,0,8,3,720,257,40,24,2,48,0,0,53.89241641,0
1428,0,0,9,6,0,31,13,15,0,61,0,0,6.602065531,0
1429,0,0,0,0,2,4,0,4,0,4,27.15529992,0,0.684658648,0
1430,172,329.0734826,0,0,0,0,0,0,0,0,5.028759244,0,8.411520529,16.99833863
1431,2,2.808391869,0,3,48,0,0,8,0,1,0,0,28.03205973,0
1432,0,0,2,1,18,8,2,2,0,16,0,196.897465,2.396305267,0
1433,825,2159.811936,301,133,104,32,234,22,1,793,1.005751849,0,128.5707424,80.99208405
1434,675,1689.183844,21,40,556,0,18,25,0,61,18.10353328,0,68.27024801,65.99354996
1435,452,882.0553015,25,24,299,3,31,21,0,71,2.011503698,0,45.28527913,43.99569998
1436,622,1865.743507,0,0,0,12,3,82,2,6,0,0,35.55334549,60.9940386
1437,515,1073.06386,251,160,30,21,203,100,7,535,6.034511093,0,89.10343258,50.99501588
1438,687,2148.736821,0,0,0,0,0,0,0,0,0,0,33.59717793,67.99335451
1439,0,0,23,7,767,380,230,107,0,379,0,0,92.57563,0
1440,0,0,192,25,332,393,76,115,0,288,0,0,69.49285274,0
1441,0,0,37,9,64,111,24,38,0,145,0,0,20.93099294,0
1442,0,0,77,41,0,115,28,23,4,164,0,0,22.10469348,0
1443,0,0,168,24,0,118,54,37,4,268,0,0,32.91251928,0
1444,325,523.8412254,176,65,0,16,328,146,16,457,0,0,81.77450517,31.99687271
1445,604,1001.22049,210,100,0,29,477,236,7,873,0,0,124.0210236,58.99423406
1446,254,403.4062755,43,62,8,4,72,47,99,82,0,0,32.8147109,24.9975568
1447,86,129.2865298,26,10,0,63,12,25,16,76,0,0,15.35591538,7.999218177
1448,0,0,36,12,276,116,103,2,0,50,0,0,29.09799253,0
1449,225,438.7455355,299,165,0,35,880,295,0,1028,0,0,143.1425616,21.99784999
1450,0,0,39,8,179,191,18,17,0,75,0,0,25.77250767,0
1451,0,0,520,68,107,59,158,147,3,664,0,0,84.40863042,0
1452,157,422.4475157,42,13,22,60,19,46,0,208,0,0,27.72867523,14.99853408
1453,259,486.02228,244,112,0,27,675,260,1,947,0,0,123.4830775,24.9975568
1454,219,377.112555,43,21,9,21,84,80,4,169,0,0,31.78772293,21.99784999
1455,580,979.5849166,265,123,12,37,664,362,23,829,0,0,141.5776275,56.99442951
1456,10,14.36110408,29,1,4,33,4,273,1,47,0,0,19.65948403,0.999902272
1457,307,692.8544068,168,84,0,47,286,258,68,635,0,0,90.61946244,29.99706817
1458,615,989.66354,24,5,0,6,14,11,2,20,0,0,34.08621982,59.99413633
1459,431,991.34682,20,8,1,12,28,58,54,61,0,0,32.91251928,41.99589543
1460,485,770.5389923,0,0,0,0,0,0,0,0,0,0,23.71853172,47.99530906
1461,0,0,63,12,35,189,114,45,0,110,0,0,27.77757942,0
1462,0,0,160,36,77,231,103,127,14,489,0,0,60.49448194,0
1463,0,0,86,12,63,93,76,37,0,213,0,0,28.36442969,0
1464,278,554.7626264,36,4,36,228,8,14,0,70,0,0,32.96142347,26.99736135
1465,152,282.7261686,107,27,57,52,255,138,11,339,0,0,55.65296722,14.99853408
1466,252,580.7331356,61,15,10,6,64,156,32,260,0,0,41.86198589,24.9975568
1467,755,1474.130697,104,40,4,7,45,66,20,166,0,0,59.02735627,73.99276814
1468,671,1615.899997,0,0,0,0,0,0,0,0,0,0,32.8147109,65.99354996
1469,280,492.3514557,78,23,135,572,83,80,204,597,0,0,100.3513961,27.99726362
1470,0,0,17,11,47,46,39,147,0,134,0,0,21.5667474,0
1471,75,153.5335555,122,6,24,55,35,504,0,85,0,0,44.30719534,6.999315905
1472,183,378.8519008,37,16,28,114,80,35,0,175,0,0,39.66799833,17.9982409
1473,220,526.0355501,61,13,2,55,56,38,0,147,0,0,31.95127996,21.99784999
1474,252,526.44781,129,50,9,119,252,104,27,365,0,0,63.91777518,24.9975568
1475,343,803.9157376,49,29,1,29,67,40,14,162,0,0,35.89567481,33.99667725
1476,599,1467.097775,28,51,0,0,190,233,0,83,0,0,57.90255992,58.99423406
1477,421,790.1595951,55,17,13,17,37,43,0,211,0,0,39.80800994,40.99599316
1478,575,1183.200629,75,14,0,5,35,35,2,169,0,0,44.5028121,56.99442951
1479,72,160.7872936,177,96,0,328,631,3005,120,1088,0,0,269.8044114,6.999315905
1480,0,0,50,6,885,357,21,10,0,385,0,0,83.82178015,0
1481,166,281.5405866,189,50,222,115,116,64,0,355,0,0,62.45064951,15.99843635
1482,205,380.4131497,138,18,6,55,93,16,2,192,0,0,35.45553711,19.99804544
1483,246,384.4443475,34,31,1,6,46,32,84,108,0,0,28.7556632,23.99765453
1484,157,261.7065515,280,191,5,18,146,120,2,659,0,0,77.17081043,14.99853408
1485,919,1814.557433,69,60,0,8,48,51,3,181,0,0,65.48270923,89.9912045
1486,830,1547.998775,12,9,0,76,13,1,5,15,0,0,46.99692574,81.99198632
1487,414,800.2699432,3,1,0,2,11,20,30,43,0,0,25.6257951,40.99599316
1488,1167,2474.992639,0,0,0,0,0,51,0,0,0,0,59.56530235,114.9887613
1489,454,977.5650783,135,44,23,128,165,71,1,450,0,0,71.9380622,44.99560225
1490,0,0,1,0,22,0,0,0,0,0,0,0,1.12479635,0
1491,157,389.3123169,111,46,99,178,142,140,0,330,0,0,58.83173951,14.99853408
1492,582,1018.694355,1,1,2,4,13,12,0,45,0,0,32.27676482,56.99442951
1493,506,1049.704804,46,25,311,117,226,77,3,195,0,0,73.64970882,49.99511361
1494,340,771.6892389,57,30,0,13,90,74,143,227,0,0,47.6326802,32.99677498
1495,709,1369.858389,90,25,6,22,63,60,25,167,0,0,57.0711887,69.99315905
1496,413,825.4829925,10,3,4,9,64,186,65,87,0,0,41.12842305,40.99599316
1497,336,668.0902103,0,0,0,1,213,72,324,6,0,0,46.55678804,32.99677498
1498,260,502.4044801,10,0,0,0,0,0,0,0,0,0,13.20413106,25.99745908
1499,467,1034.727745,1,10,0,1,39,84,0,24,0,0,30.61402239,45.99550452
1500,353,810.5217952,0,0,0,0,0,0,0,0,0,0,17.26317876,34.99657953
1501,519,1038.48206,3,0,1,2,21,149,3,110,0,0,39.51458481,50.99501588
1502,642,1486.268267,42,46,0,3,24,59,9,93,0,0,51.89404561,62.99384315
1503,589,1253.220474,392,100,3,15,98,147,0,576,0,0,93.89604311,57.99433179
1504,951,1762.094376,0,0,0,0,0,53,3,0,0,0,57.24651844,92.99091131
1505,395,750.5647109,8,2,0,6,20,61,0,45,0,0,26.26154956,38.99618861
1506,361,604.5873743,63,12,5,33,190,68,3,180,0,0,44.74733305,34.99657953
1507,1163,2657.625328,229,135,0,36,445,237,8,831,0,0,150.8205192,113.988859
1508,539,1093.289425,40,5,0,4,25,28,27,62,0,0,35.70005806,52.99482043
1509,424,797.0059415,0,0,0,2,13,2,1,4,0,0,21.81126835,41.99589543
1510,341,605.4753437,7,10,1,4,22,21,6,39,0,0,25.05578929,33.99667725
1511,468,1009.514695,56,20,0,13,45,38,1,133,0,0,37.85184238,45.99550452
1512,477,1043.448815,3,0,0,1,17,13,20,37,0,0,27.77757942,46.99540679
1513,743,1187.303755,92,6,0,37,32,42,11,120,0,0,52.96323682,72.99286587
1514,345,686.514237,42,13,6,15,73,84,6,183,0,0,37.50951306,33.99667725
1515,513,1082.599714,45,15,0,5,18,29,0,104,0,0,35.65115387,49.99511361
1516,310,729.3109309,416,203,0,63,1010,481,127,1578,0,0,204.810744,29.99706817
1517,346,815.6971136,41,17,1,13,117,72,21,189,0,0,39.95472251,33.99667725
1518,284,611.4605773,0,1,0,0,0,0,0,10,0,0,14.42673579,27.99726362
1519,654,1674.394617,41,72,1,27,128,350,84,256,0,0,78.88245705,63.99374542
1520,518,1187.775854,62,10,0,7,20,30,11,102,0,0,53.16718373,50.99501588
1521,792,1942.091271,34,48,5,43,87,141,87,204,0,0,70.47093652,77.99237723
1522,488,769.6302921,38,26,5,45,175,239,449,390,0,0,90.71727082,47.99530906
1523,499,968.1646027,53,93,1,10,172,161,465,247,0,0,83.18602569,48.99521134
1524,276,537.5083194,169,96,0,47,402,375,696,570,0,0,128.6669216,26.99736135
1525,773,1539.178919,132,65,2,75,311,446,197,504,0,0,122.5049937,75.99257269
1526,366,877.5545202,12,32,1,0,17,83,4,57,0,0,27.97319618,35.9964818
1527,310,689.1256898,0,0,0,0,0,0,0,0,0,0,15.16029863,29.99706817
1528,431,1126.002628,23,6,0,6,38,29,10,177,0,0,35.21101617,41.99589543
1529,554,1213.531673,1,0,0,0,18,0,0,19,0,0,28.95127996,53.9947227
1530,843,1941.448458,1,0,0,0,0,531,0,1,0,0,67.29216423,82.99188859
1531,1662,3338.148205,82,76,6,3,46,15,0,188,0,0,106.622905,162.9840704
1532,651,1181.095353,129,46,27,184,114,58,61,328,0,0,78.14889421,63.99374542
1533,0,0,15,4,146,160,25,9,0,73,0,0,21.1266097,0
1534,1236,2748.079302,256,98,9,66,428,155,5,850,0,0,151.7496988,120.9881749
1535,874,1828.892939,42,14,5,36,61,36,0,132,0,0,58.68502694,85.99159541
1536,786,1654.151932,167,78,24,103,386,112,13,692,0,0,115.4627905,76.99247496
1537,588,1079.622331,7,2,1,6,22,26,26,91,0,0,37.60732143,57.99433179
1538,969,1820.797561,46,9,0,32,44,47,125,114,0,0,67.78120612,94.99071586
1539,771,1423.224021,258,1,16,19,78,86,226,313,0,1.96897465,86.46260636,75.99257269
1540,577,981.903625,18,5,46,36,83,77,352,117,0,1.96897465,64.11339194,56.99442951
1541,581,1050.252442,237,42,0,7,77,40,20,169,0,0,57.36461384,56.99442951
1542,296,499.2551258,16,28,6,6,297,2276,157,419,0,0,171.2135661,28.99716589
1543,378,687.0935996,12,32,0,11,37,56,58,111,3.017255546,0,33.98841144,36.99638407
1544,433,777.3597398,27,23,0,11,91,73,126,87,0,0,42.59554872,42.9957977
1545,247,413.5166236,380,338,0,84,1358,963,1043,1478,0,0,288.0945781,23.99765453
1546,363,786.8126709,2,0,0,0,4,0,10,10,0,0,19.02372957,35.9964818
1547,328,613.1730666,19,35,21,8,34,41,83,85,0,0,31.98333968,31.99687271
1548,768,1435.412788,47,57,0,84,213,60,186,322,0,0,84.9465765,74.99267041
1549,1420,2326.213501,223,55,0,91,382,323,181,605,0,0,160.4057403,139.9863181
1550,144,273.6342997,0,0,0,1,0,4,5,3,0,0,7.677957692,13.99863181
1551,835,1574.919445,78,41,1,38,192,86,278,309,1.005751849,0,90.86398339,81.99198632
1552,707,1509.820025,0,0,0,0,0,0,1,0,0,0,34.6241659,68.99325678
1553,472,923.4675862,13,6,23,8,89,84,101,136,0,0,45.57870426,45.99550452
1554,834,1750.298395,0,0,0,0,1,223,0,1,0,0,84.78953628,81.99198632
1555,620,1186.490229,0,0,24,12,130,3,116,72,0,0,56.77939277,60.9940386
1556,262,456.9134108,3,0,0,12,15,5,6,34,0,0,16.48071173,25.99745908
1557,903,2120.67564,131,40,10,177,93,86,0,427,0,0,91.30412109,88.99130222
1558,241,485.8344466,571,204,59,675,632,351,0,1947,0,0,228.8716051,23.99765453
1559,1019,2428.406295,0,0,0,0,0,133,0,0,0,0,56.33762587,99.99022722
1560,964,2177.399191,0,0,0,0,0,85,0,0,0,0,51.30049439,94.99071586
1561,420,873.1829913,36,12,0,5,27,240,6,73,0,0,40.05253089,40.99599316
1562,731,2904.803835,8,0,2,0,4,243,0,87,5.028759244,0,52.5720033,71.9929636
1563,897,2076.667766,59,62,4,15,75,102,1,169,0,0,67.68339774,87.99139995
1564,639,1646.507923,3,3,0,39,8,83,0,42,0,0,39.95472251,62.99384315
1565,657,1487.3648,0,0,0,0,0,0,0,0,0,0,32.13005225,64.99364769
1566,368,912.4339332,3,31,2,0,12,314,0,22,0,0,36.77595022,35.9964818
1567,484,1201.834477,8,18,0,8,5,72,0,26,0,0,30.36950144,47.99530906
1568,294,652.611842,246,145,8,30,310,202,22,682,0,0,94.8252227,28.99716589
1569,389,858.1327453,158,95,0,38,348,103,0,606,0,0,84.9465765,37.99628634
1570,497,1602.334203,126,52,5,22,68,97,0,469,0,0,65.33599666,48.99521134
1571,833,2283.114489,2,0,1,23,3,54,0,16,0,0,45.57870426,81.99198632
1572,442,1109.510649,0,0,0,0,0,0,0,0,0,0,21.61565159,42.9957977
1573,544,1227.370738,187,80,0,110,683,2114,61,944,0,0,230.9744852,52.99482043
1574,281,613.7792858,0,0,0,0,0,0,0,0,0,0,13.74207714,27.99726362
1575,447,962.2952744,173,89,2,31,124,160,95,407,0,0,74.72560098,43.99569998
1576,593,1212.99864,6,3,0,0,2,66,0,6,0,0,33.05923185,57.99433179
1577,1318,2257.703707,347,150,584,242,832,370,2582,604,0,0,343.7475453,129.9872954
1578,624,1055.32285,159,61,0,18,485,86,146,665,0,0,109.7410004,60.9940386
1579,333,731.0392825,0,0,0,0,0,0,0,0,0,0,16.28509498,32.99677498
1580,215,519.5600022,5,2,0,8,1,1790,14,1,0,0,112.568929,20.99794772
1581,838,1934.97291,31,85,4,18,3,120,10,37,0,0,56.04420073,81.99198632
1582,1534,3321.694077,56,153,0,4,72,273,2740,249,0,0,248.4821849,150.9852431
1583,330,990.6845349,96,83,0,21,104,92,120,374,0,0,59.66311073,31.99687271
1584,223,692.2128522,0,0,0,0,0,0,0,0,0,0,10.90563417,21.99784999
1585,892,2362.063969,9,8,0,0,0,54,9,39,0,0,49.4421352,87.99139995
1586,329,696.5306684,26,10,5,7,35,36,66,113,0,0,30.66292658,31.99687271
1587,556,1182.845692,13,4,0,7,29,184,2,77,0,0,42.64445291,54.99462497
1588,531,1068.687463,22,20,0,3,15,14,11,73,0,0,36.6949863,51.99491815
1589,1316,2728.312327,222,187,53,60,208,296,192,702,0,0,245.253956,128.9873931
1590,629,1290.219767,27,12,0,9,55,59,5,131,0,0,45.33418331,61.99394087
1591,1102,2452.145886,0,0,0,0,0,0,0,2,0,1.96897465,79.99022479,107.9894454
1592,923,1390.813299,7,4,0,15,41,66,113,162,0,0,65.09147572,90.99110677
1593,277,589.8457351,0,0,0,0,0,0,0,0,0,0,13.54646039,26.99736135
1594,175,397.960201,105,125,1,18,113,191,38,418,0,0,57.90255992,16.99833863
1595,391,944.4774668,39,7,0,5,18,20,0,119,0,0,29.29360928,37.99628634
1596,347,1002.690337,2,31,0,0,1,0,0,9,0,0,19.07263376,33.99667725
1597,364,797.5548371,11,1,1,6,3,5,0,11,0,0,19.65948403,35.9964818
1598,587,1039.269987,9,6,0,10,27,375,2,37,0,0,51.49611114,57.99433179
1599,314,661.5939318,394,219,3,59,858,359,0,1408,0,0,186.7397395,30.99697044
1600,1130,2356.714163,545,254,1,71,1021,413,192,1796,0,0,265.2074176,110.9891522
1601,1117,2444.782369,31,32,0,9,17,59,0,96,0,0,66.55860139,109.9892499
1602,746,1689.06307,0,0,0,0,0,104,0,0,0,0,41.56856075,72.99286587
1603,312,629.5345359,3,1,0,3,18,14,40,20,0,0,24.09962173,30.99697044
1604,1210,2391.232515,582,385,0,59,881,177,0,1657,0,0,289.1246403,118.9883704
1605,944,2322.108023,47,150,0,15,982,695,472,321,0,0,674.3265898,92.99091131
1606,438,1090.512127,0,0,0,0,0,114,0,0,0,0,26.99511239,42.9957977
1607,162,373.2277294,25,14,25,33,36,106,24,86,0,0,24.99004064,15.99843635
1608,528,1409.408202,0,0,0,0,0,0,0,0,0,0,25.82141186,51.99491815
1609,641,1168.849262,8,2,0,7,19,65,30,37,0,0,39.563489,62.99384315
1610,433,1044.556342,0,0,0,0,1,0,0,0,0,0,21.22441808,42.9957977
1611,576,1308.15348,0,0,0,0,1,0,38,0,0,0,30.07607631,56.99442951
1612,264,658.8788258,13,4,0,6,613,6,149,39,2.011503698,0,53.5011829,25.99745908
1613,596,1088.7142,30,22,19,44,164,186,134,264,0,0,96.35121193,58.99423406
1614,365,844.9572232,41,24,8,56,181,90,116,215,0,0,59.59899128,35.9964818
1615,19,50.41023647,210,128,655,435,147,63,92,526,0,1.96897465,111.2570302,1.999804544
1616,1,1,217,98,5,85,207,113,64,389,0,0,57.65803897,0
1617,1362,3416.328136,431,206,4,97,1042,249,27,1688,0,0,249.7047896,133.9869045
1618,1429,3047.526744,392,156,18,112,1008,445,26,1599,0,0,253.5682206,139.9863181
1619,1599,2471.040591,18,6,1,18,48,37,0,100,0,0,89.34795352,156.9846567
1620,1301,3035.302641,305,99,0,26,428,140,9,620,0,0,165.1914657,127.9874908
1621,399,688.4877457,155,50,0,29,101,58,0,296,0,0,53.20775776,38.99618861
1622,619,1442.944666,193,44,0,33,348,120,1,423,0,0,87.09836082,60.9940386
1623,779,1419.625814,17,14,0,1,4,3,1,48,0,0,42.39993197,76.99247496
1624,395,869.0054213,29,74,0,27,295,92,204,334,0,0,99.91107422,38.99618861
1625,808,1590.852792,31,14,0,23,267,126,161,253,0,0,91.30575029,78.9922795
1626,953,2012.705083,43,11,0,5,44,148,33,96,0,0,65.1892841,93.99081358
1627,1493,3312.72785,67,33,4,41,208,80,372,426,0,80.72796066,149.2150112,146.985634
1628,218,536.9814121,638,261,0,114,1397,687,328,1782,0,0,265.305226,20.99794772
1629,699,1411.897623,124,65,0,30,274,482,62,426,0,0,105.7308569,68.99325678
1630,1090,2151.218859,20,12,0,23,146,83,31,174,0,0,84.21971462,106.9895431
1631,816,1609.81472,9,3,0,1,12,59,95,74,0,0,52.27857817,79.99218177
1632,1024,1946.313912,49,47,0,38,601,306,1659,824,0,0,222.4162521,100.9901295
1633,511,889.0943503,22,120,0,6,133,298,3339,280,0,0,230.2898266,49.99511361
1634,0,0,332,8,0,39,149,88,12451,200,0,0,648.8118771,0
1635,386,808.9861451,52,101,0,1,28,38,0,134,0,0,70.18909995,37.99628634
1636,321,680.3887572,0,11,0,0,0,42,0,21,0,0,23.3171547,31.99687271
1637,919,1306.954389,30,14,0,59,159,137,167,336,0,0,89.05452839,89.9912045
1638,425,986.1141778,0,0,0,0,0,0,0,0,1.005751849,0,76.78428038,41.99589543
1639,566,1283.217312,0,0,0,0,0,0,0,0,0,0,35.67977104,55.99452724
1640,560,1363.995186,219,30,3,38,325,61,843,1647,0,0,188.2170087,54.99462497
1641,0,0,68,60,46,38,118,288,185,368,0,0,57.26680546,0
1642,3,3,17,5,6,84,11,20,122,66,0,0,16.33399917,0
1643,680,1221.896549,554,135,45,96,245,337,328,714,0,0,153.2657287,66.99345224
1644,866,1884.661458,105,108,1,32,262,386,150,388,0,0,112.3818266,84.99169313
1645,1240,1892.872579,185,79,0,70,227,177,90,536,0,1.96897465,127.3465085,121.9880772
1646,789,1896.469692,12,9,0,17,94,116,28,168,0,0,60.29886519,77.99237723
1647,680,1326.237175,1,1,0,0,1,0,0,12,0,0,33.98841144,66.99345224
1648,768,1734.334581,0,0,0,0,0,92,0,1,0,0,55.10650683,74.99267041
1649,223,477.8915667,242,128,0,89,549,453,874,803,0,0,164.3669796,21.99784999
1650,415,907.5976889,13,5,0,31,50,66,50,66,0,0,34.03731563,40.99599316
1651,752,1800.75135,15,6,0,28,164,69,124,144,0,0,74.67325423,73.99276814
1652,896,2016.575304,3,2,0,3,11,3,26,26,0,0,47.43706345,87.99139995
1653,874,1382.625262,22,9,9,23,141,427,33,164,0,0,83.23492988,85.99159541
1654,514,1181.467409,0,0,2,7,3,0,0,4,0,0,25.91922023,50.99501588
1655,11,18.05322803,1,0,0,0,1,1,0,37,0,0,2.494113645,0.999902272
1656,295,637.2688518,4,1,0,4,0,24,1,6,0,0,20.38290336,28.99716589
1657,7,13.8597957,25,2,115,72,22,9,21,163,0,0,21.32222646,0.999902272
1658,21,28.18430674,36,23,141,101,22,13,44,92,0,0,24.10976524,1.999804544
1659,1422,2410.44321,470,120,0,65,332,251,46,922,0,0,177.4243981,139.9863181
1660,1466,2371.970458,1164,581,0,331,1892,965,200,2879,0,0,463.5139045,143.9859272
1661,850,1346.889605,52,105,30,71,613,157,223,447,0,0,124.6078739,83.99179086
1662,369,914.7160489,15,7,0,8,32,35,262,103,0,0,40.63938116,35.9964818
1663,442,1147.580877,246,158,24,86,638,380,260,1211,0,0,168.4749315,42.9957977
1664,769,1450.38498,61,78,2,19,188,83,189,590,0,1.96897465,96.78139027,75.99257269
1665,957,1789.182149,35,4,0,13,125,24,64,128,0,0,66.02065531,93.99081358
1666,375,623.8469149,0,0,0,0,0,0,0,0,0,0,18.33907092,36.99638407
1667,269,451.7380924,0,0,0,0,0,0,0,0,0,0,16.15522687,25.99745908
1668,284,479.6247865,166,64,110,146,407,154,0,584,0,0,93.65152217,27.99726362
1669,1432,2169.592783,86,44,0,27,228,135,5,462,0,0,158.2992335,140.9862204
1670,616,1135.061514,3,0,0,2,111,7,13,41,0,0,43.78102197,60.9940386
1671,591,1266.244756,18,7,0,5,47,27,80,61,0,0,43.8839021,57.99433179
1672,619,1354.819138,38,6,8,12,30,30,124,75,0,0,50.06774615,60.9940386
1673,634,1503.966558,0,0,0,0,0,71,0,1,0,0,34.52635752,61.99394087
1674,470,1263.650423,4,3,66,8,29,7,51,19,0,0,35.13005225,45.99550452
1675,374,900.7464737,0,0,0,0,0,34,0,0,0,0,19.95290916,36.99638407
1676,308,564.0057358,3,1,0,2,2,289,0,3,0,1.96897465,29.73374699,29.99706817
1677,459,1090.496265,2,1,0,0,0,1,0,1,0,0,28.69154375,44.99560225
1678,528,944.8104146,0,0,0,0,0,18,0,18,0,0,27.58196266,51.99491815
1679,242,535.3518454,0,0,0,0,9,0,0,11,0,0,12.81289755,23.99765453
1680,595,1130.142347,88,36,14,6,4,39,0,48,0,0,40.59047697,57.99433179
1681,841,1747.943094,6,5,1,6,0,0,0,28,0,0,47.37801575,82.99188859
1682,213,476.9255429,0,0,0,0,0,0,0,0,0,0,10.41659228,20.99794772
1683,514,1202.617536,0,0,0,0,1,42,0,0,0,0,27.23963334,50.99501588
1684,768,1843.610236,6,1,0,2,33,18,21,26,0,0,42.79116548,74.99267041
1685,865,1481.936941,27,20,4,37,56,41,121,113,0,0,62.79297883,84.99169313
1686,542,942.2148244,46,29,2,8,148,314,133,225,0,0,70.76436166,52.99482043
1687,406,866.6135267,0,0,0,0,0,0,0,0,0,0,25.85510078,39.99609089
1688,953,1841.389055,33,26,0,25,190,470,55,469,0,0,108.616204,93.99081358
1689,1145,2123.749293,62,18,0,3,56,47,55,131,0,5.906923951,74.1876549,112.9889568
1690,937,2151.032283,320,179,0,28,470,211,20,1201,0,0,164.6115006,91.99100904
1691,221,494.4774626,5,3,1,3,33,23,8,46,0,0,16.77413687,21.99784999
1692,324,789.4607168,0,0,0,0,0,0,0,0,0,0,15.84495728,31.99687271
1693,363,802.3227639,0,5,0,0,0,0,7,0,0,0,18.33907092,35.9964818
1694,642,1384.747658,0,0,0,0,6,52,0,27,0,0,39.55334549,62.99384315
1695,475,910.5738143,0,0,3,2,2,1,0,78,0,0,50.4352501,46.99540679
1696,719,1274.943838,32,12,0,10,8,5,138,52,0,0,54.73048858,70.99306132
1697,387,808.4482437,124,46,1,6,33,106,5,282,0,0,48.41514723,37.99628634
1698,297,646.0631082,20,13,2,4,36,30,0,147,0,0,26.84839983,28.99716589
1699,105,243.1471469,7,71,2,1,0,0,0,14,0,0,9.780837824,9.999022722
1700,37,70.3381883,568,697,4558,160,1893,2128,118,2515,0,0,619.8116929,3.999609089
1701,1229,2701.084308,15,0,0,7,4,46,1,10,0,0,64.16229613,120.9881749
1702,0,0,19,39,98,178,93,148,18,445,2.011503698,0,50.76254831,0
1703,421,1051.01116,55,31,0,12,41,68,1,159,0,0,38.53650103,40.99599316
1704,622,1645.077183,0,0,0,0,0,0,0,0,2.011503698,0,30.41840563,60.9940386
1705,1691,3975.38298,5,20,0,19,1,2,0,29,0,0,86.41370218,165.9837772
1706,1283,2123.544339,30,14,0,38,357,142,17,464,0,0,114.6803235,125.9876863
1707,446,1203.944622,0,0,0,0,0,0,0,0,0,0,21.81126835,43.99569998
1708,459,1196.951903,0,0,0,0,0,0,0,0,0,0,22.44702281,44.99560225
1709,376,903.1956921,1,0,0,0,0,1,19,0,0,0,19.41496308,36.99638407
1710,347,939.9449609,0,0,0,0,0,0,0,0,0,0,16.96975362,33.99667725
1711,255,608.0246046,246,118,0,58,145,199,8,724,2.011503698,0,85.72904353,24.9975568
1712,893,1785.537612,71,7,0,20,58,58,74,112,0,0,63.23311653,87.99139995
1713,343,715.7902089,16,2,0,1,5,3,29,28,0,0,23.88208875,33.99667725
1714,2527,4592.368781,52,60,1013,3,42,62,0,120,8.04601479,0,189.6993496,247.9757635
1715,55,113.5312797,0,0,0,0,0,0,0,0,1.005751849,0,2.689730402,4.999511361
1716,559,1195.332073,0,0,0,0,0,64,0,0,8.04601479,0,30.46730982,54.99462497
1717,66,125.9444739,42,157,1,17,38,10,0,136,5.028759244,0,22.83825632,5.999413633
1718,465,1300.180133,0,0,0,0,0,62,0,0,0,0,25.77250767,45.99550452
1719,688,1926.827592,0,0,0,0,0,0,0,0,0,0,33.64608211,67.99335451
1720,564,1206.74265,23,11,0,13,20,22,0,65,3.017255546,0,35.11320779,54.99462497
1721,0,0,2400,1343,72,854,1277,594,309,3325,0,0,497.5512201,0
1722,719,1961.617956,15,1,1,5,7,89,165,18,1.005751849,0,49.8822729,70.99306132
1723,715,1934.864389,49,35,1,8,42,84,20,155,0,0,54.23474573,69.99315905
1724,840,1591.970056,33,10,1,0,11,76,50,35,0,0,51.64282371,82.99188859
1725,1256,2589.97539,259,141,1,77,401,471,109,817,1.005751849,0,172.729596,122.9879795
1726,1565,3109.027957,282,116,5,64,314,244,146,676,0,0,240.8610933,153.9849499
1727,869,1758.96701,108,70,3,42,133,186,0,425,1.005751849,0,89.78809123,84.99169313
1728,1013,2566.994515,19,4,63,3,10,11,0,25,51.29334429,0,56.14200911,99.99022722
1729,790,2000.97742,56,17,0,7,64,20,0,135,6.034511093,0,53.25666195,77.99237723
1730,760,1648.397251,126,73,3,15,102,35,17,281,4.023007395,0,91.05271504,74.99267041
1731,949,2137.527424,9,9,0,3,4,4,0,36,0,0,49.58884777,92.99091131
1732,681,1575.270771,58,27,2,7,54,117,0,146,0,0,53.40337452,66.99345224
1733,635,1385.692952,97,35,7,41,120,166,0,411,1.005751849,0,73.94313395,61.99394087
1734,865,1629.987829,79,62,7,13,77,146,7,237,1.005751849,0,73.01395436,84.99169313
1735,508,1795.933484,35,12,0,0,10,76,0,49,5.028759244,0,33.74389049,49.99511361
1736,144,310.2945196,9,0,0,0,2,4,7,11,0,0,8.656041474,13.99863181
1737,0,0,172,67,240,632,218,244,7,708,3.017255546,0,111.8927847,0
1738,504,1274.971952,27,38,0,20,45,48,145,103,0,0,45.48089588,49.99511361
1739,684,1361.450794,210,152,1,32,167,225,61,539,0,0,101.2805757,66.99345224
1740,567,1067.653122,371,168,14,35,264,114,31,869,0,0,118.9838921,55.99452724
1741,724,1681.861787,195,53,0,104,151,317,25,211,0,0,87.04945663,70.99306132
1742,551,1203.86531,37,30,7,32,90,133,6,305,0,0,58.24488924,53.9947227
1743,193,376.9979077,77,36,0,16,147,494,8,200,0,0,57.26680546,18.99814317
1744,414,960.3059033,452,185,5,75,490,422,0,1231,0,0,172.1123152,40.99599316
1745,769,1798.657069,9,4,0,0,31,15,0,33,10.05751849,0,42.10650683,75.99257269
1746,869,2444.936125,11,3,0,2,5,172,0,24,0,0,53.10994938,84.99169313
1747,546,1546.366855,7,6,0,1,8,5,0,28,3.017255546,0,29.39141766,53.9947227
1748,262,598.6192608,10,2,0,0,4,4,0,14,0,0,14.47563998,25.99745908
1749,763,2011.975737,0,0,0,0,1,65,4,0,0,0,40.73718954,74.99267041
1750,793,2192.534874,0,0,0,0,0,0,0,0,1.005751849,0,38.78102197,77.99237723
1751,734,1861.193881,0,0,3,1,0,0,0,0,0,0,36.09129157,71.9929636
1752,240,518.0975384,4,1,0,5,13,79,0,18,0,0,17.60550808,23.99765453
1753,537,1187.425786,43,24,0,7,78,91,0,134,0,0,44.69842886,52.99482043
1754,1083,2962.214011,528,253,51,232,1785,735,119,2267,0,0,350.9212459,105.9896409
1755,102,222.2007159,0,1,0,0,0,60,0,0,27.15529992,0,7.971382827,9.999022722
1756,284,809.5667656,91,43,1,9,63,58,0,224,8.04601479,0,37.80293819,27.99726362
1757,0,0,76,34,0,5,70,28,0,208,4.023007395,0,20.58866362,0
1758,390,990.1356386,9,28,0,1,8,281,0,32,0,0,36.62923765,37.99628634
1759,6,14.39769713,167,31,23,315,128,115,45,590,6.034511093,0,69.44394855,0.999902272
1760,1548,3720.950897,379,217,0,98,603,427,1416,1268,0,0,291.2733504,151.9851454
1761,579,1267.764543,47,14,182,27,46,59,40,164,0,0,56.631051,56.99442951
1762,75,166.2236316,110,37,0,16,33,97,12,194,0,0,28.07100456,6.999315905
1763,248,544.1095087,355,86,0,69,240,317,198,632,0,0,104.8994857,23.99765453
1764,498,1082.208185,304,271,3,99,446,373,68,815,0,0,140.6973521,48.99521134
1765,525,1204.455666,19,5,0,14,123,89,0,165,10.05751849,0,45.96993777,51.99491815
1766,1126,2190.369759,579,562,7126,362,1733,1581,0,2514,70.40262942,0,762.0739791,110.9891522
1767,430,1025.724924,157,39,628,1398,240,245,2,833,14.08052588,0,194.2474392,41.99589543
1768,2486,4887.96438,551,226,66,184,1179,645,0,1899,15.08627773,0,353.8707125,243.9761544
1769,0,0,79,5,876,232,54,73,0,209,3.017255546,1.96897465,74.72560098,0
1770,0,0,120,1,887,297,2,15,0,119,11.06327034,0,70.47093652,0
1771,771,1834.94649,15,5,1,50,13,12,0,58,0,0,45.23637494,75.99257269
1772,320,782.4472675,0,0,0,0,0,0,0,0,0,0,21.64934052,30.99697044
1773,522,1308.294984,27,23,0,2,20,6,1,84,1.005751849,0,33.49936955,50.99501588
1774,150,366.2874663,115,39,0,155,56,61,182,142,0,0,44.01377021,14.99853408
1775,352,874.5100775,82,117,0,28,31,24,31,156,0,0,40.15033927,34.99657953
1776,41,93.56673484,3,2,0,43,59,85,54,21,0,0,15.06249025,3.999609089
1777,362,821.8957795,5,31,0,2,15,10,290,41,0,0,40.97156698,35.9964818
1778,279,659.2703551,0,0,0,0,1,90,74,10,1.005751849,0,22.20250186,26.99736135
1779,1013,1787.964842,150,43,0,17,96,58,26,443,0,0,90.27713312,99.99022722
1780,626,1365.858916,255,166,1,219,383,266,166,879,1.005751849,0,173.805304,61.99394087
1781,392,940.4145443,158,74,15,42,235,169,137,405,1.005751849,0,79.5671157,38.99618861
1782,10,21.41114637,57,12,566,410,56,83,58,341,0,0,77.90437327,0.999902272
1783,0,0,1,1,26,4,1,5,0,3,22.12654067,21.65872115,2.005071754,0
1784,429,1115.798362,70,36,0,6,67,17,0,226,0,0,41.61746494,41.99589543
1785,0,0,1,0,172,2,1,1,0,3,0,0,8.802754042,0
1786,225,526.871064,215,112,0,85,640,327,0,1014,0,0,136.0311671,21.99784999
1787,986,2010.464428,393,110,0,52,212,282,55,669,0,0,134.9266578,96.9905204
1788,603,1103.279,0,0,0,0,0,0,0,0,0,0,29.48922604,58.99423406
1789,1004,1805.496031,63,121,0,2,4,5,0,254,0,0,170.0577868,98.99032495
1790,0,0,151,63,0,848,1400,933,0,1405,0,0,234.7401078,0
1791,88,126.0957142,904,399,33,276,1909,782,0,2839,0,0,376.5772873,8.99912045
1792,1091,1448.496747,305,95,43,108,424,84,24,525,0,0,131.9924064,106.9895431
1793,422,724.7613046,42,26,0,19,82,89,8,231,0,0,44.9429498,40.99599316
1794,729,1254.05473,20,7,0,21,129,102,74,223,0,0,68.8199668,71.9929636
1795,619,998.0869977,642,388,1,29,302,67,11,739,0,0,136.8339212,60.9940386
1796,845,1384.124319,131,68,1,11,118,55,5,330,0,0,76.48615178,82.99188859
1797,1092,2030.997342,0,0,0,0,0,0,0,0,0,0,53.40337452,106.9895431
1798,0,0,504,158,0,13,88,76,18,356,0,0,59.3207814,0
1799,742,1452.923246,42,30,0,3,34,8,2,139,0,0,48.90418912,72.99286587
1800,477,1034.28376,456,235,53,57,619,280,422,1292,0,0,190.2861999,46.99540679
1801,1035,1603.404975,91,165,1,72,230,123,30,370,0,0,103.5301684,101.9900318
1802,582,903.7786651,415,176,81,78,398,356,138,1056,0,0,160.4057403,56.99442951
1803,599,1104.020597,76,23,9,26,68,86,174,214,0,0,62.35284113,58.99423406
1804,402,782.7546166,27,3,3,3,32,9,14,24,0,0,32.28346578,39.99609089
1805,402,803.1997392,9,6,0,0,13,151,35,33,0,0,31.73881874,39.99609089
1806,1066,1989.992449,139,36,13,10,60,41,13,189,0,0,76.63286435,104.9897386
1807,427,774.9471146,14,9,0,5,222,110,28,161,0,0,47.73048858,41.99589543
1808,1048,2539.707914,545,295,0,102,880,637,0,2125,0,0,275.4283931,102.989934
1809,1503,3193.138151,47,20,0,41,65,57,3,186,0,0,93.99385149,147.9855363
1810,285,377.9650649,11,9,0,88,20,35,0,40,0,0,23.86524429,27.99726362
1811,295,554.7833571,3,0,0,13,4,248,8,7,0,0,28.26662131,28.99716589
1812,227,444.0147706,76,46,0,43,64,65,0,196,0,0,35.0643036,21.99784999
1813,797,1424.043672,54,6,4,14,72,70,0,159,0,0,57.51132641,77.99237723
1814,478,1198.716848,95,35,9,50,75,149,0,222,0,0,54.43036249,46.99540679
1815,626,1183.967825,51,7,57,25,66,56,3,145,0,0,50.66473993,61.99394087
1816,474,924.5067959,1,1,0,1,5,9,80,14,0,0,28.60895064,46.99540679
1817,290,664.633507,74,30,0,21,68,63,0,218,0,0,37.36280049,28.99716589
1818,234,498.0598074,119,34,8,75,127,122,0,328,0,0,51.20268601,22.99775226
1819,270,602.0710958,0,0,0,0,0,0,0,0,1.005751849,0,16.20413106,26.99736135
1820,353,699.8361312,5,2,0,6,26,6,0,53,0,0,22.05578929,34.99657953
1821,179,416.253718,32,11,14,3,10,51,1,307,0,0,29.73374699,17.9982409
1822,385,621.2879175,10,6,2,19,62,26,81,109,0,0,34.23293238,37.99628634
1823,517,1031.802817,124,46,5,144,117,120,84,243,0,0,79.46586477,50.99501588
1824,1031,2020.099067,73,24,27,60,143,229,128,311,0,0,99.07988716,100.9901295
1825,1328,2412.360653,22,9,28,11,78,51,33,160,0,0,87.11520529,130.9871977
1826,66,123.8294612,815,529,979,654,4456,1793,163,5369,0,0,724.9556995,5.999413633
1827,494,962.3940589,0,31,128,0,9,12,2,9,0,0,33.49936955,48.99521134
1828,770,1484.392285,0,43,601,1,0,40,0,0,0,0,71.15559517,75.99257269
1829,706,1130.360647,125,38,1,24,241,65,46,462,0,0,83.52835502,68.99325678
1830,62,132.326105,814,327,5,226,2208,695,15,2749,0,0,347.2686469,5.999413633
1831,1241,2516.968425,18,5,1,6,82,21,8,76,0,0,83.30230774,121.9880772
1832,555,1113.588175,464,241,7,95,929,214,0,1448,0,0,193.3182596,54.99462497
1833,691,1526.886498,25,14,2,0,115,94,92,58,0,0,53.35447033,67.99335451
1834,939,2010.365644,3,4,1,5,26,5,19,37,0,0,50.8114525,91.99100904
1835,707,1476.684826,136,65,129,26,81,514,46,390,0,0,102.405372,68.99325678
1836,830,1576.198944,0,0,1,0,20,0,0,0,0,0,41.61746494,81.99198632
1837,461,864.5241129,2,1,0,1,10,4,71,15,1.005751849,0,27.63086685,44.99560225
1838,242,455.6863676,3,1,1,4,12,10,36,29,0,0,16.52961592,23.99765453
1839,144,264.4692447,1,0,21,1,6,6,10,9,3.017255546,0,9.683029446,13.99863181
1840,738,1311.958994,0,0,0,0,1,137,0,0,0,0,42.84006967,72.99286587
1841,1211,2480.935154,15,258,231,11,42,48,6,84,0,0,93.21138446,118.9883704
1842,1000,1851.357899,0,0,11,4,20,5,5,21,0,0,58.1318656,97.99042267
1843,408,971.9933627,0,0,0,0,0,0,0,0,0,0,19.95290916,39.99609089
1844,402,752.4394347,5,0,5,0,0,2,0,11,0,0,20.78428038,39.99609089
1845,596,1424.296213,0,0,0,0,0,0,0,0,0,0,29.14689672,58.99423406
1846,1065,2064.555795,0,0,4,0,0,39,0,3,0,0,69.33255411,104.9897386
1847,788,1560.720576,0,0,1,41,22,0,32,24,0,0,44.40500372,76.99247496
1848,218,396.6855706,0,0,0,0,0,0,0,0,0,0,10.66111323,20.99794772
1849,297,550.1825331,38,143,1,17,349,48,192,534,0,0,79.17588219,28.99716589
1850,502,928.4806702,15,3,0,8,30,29,6,47,0,0,31.29868104,48.99521134
1851,200,369.7075765,4,41,0,1,4,74,0,14,0,0,16.52961592,19.99804544
1852,1194,2574.679986,67,32,0,34,142,213,80,292,0,0,100.4492045,116.9885658
1853,1618,2900.038099,29,17,1,15,240,121,183,280,0,0,126.4560896,158.9844613
1854,699,1543.02841,0,0,1,0,6,0,1,0,0,0,34.57526171,68.99325678
1855,334,726.2713557,0,0,0,0,0,0,0,0,1.005751849,0,16.33399917,32.99677498
1856,464,976.4160895,44,33,12,50,140,121,82,251,0,0,58.53831438,45.99550452
1857,766,1495.708946,0,0,0,0,0,96,0,1,0,0,49.20431521,74.99267041
1858,423,1050.640361,37,1,9,2,53,56,33,40,0,0,31.98333968,41.99589543
1859,770,1639.493216,13,6,5,10,32,88,0,129,0,0,51.49611114,75.99257269
1860,990,2153.543694,0,0,6,0,0,0,0,215,0,0,95.22297302,96.9905204
1861,0,0,294,72,327,503,1438,502,13,1518,0,0,228.2358506,0
1862,900,1977.058474,96,52,34,189,323,112,1,608,0,0,113.2131978,87.99139995
1863,729,1606.556845,117,65,3,15,168,74,0,412,0,0,77.41533138,71.9929636
1864,664,1440.594232,31,11,0,31,33,49,0,107,0,0,45.28527913,64.99364769
1865,493,870.5764066,35,4,0,7,37,31,0,78,0,0,36.49936955,47.99530906
1866,1030,1766.835446,53,51,26,60,162,107,87,367,0,0,95.02083946,100.9901295
1867,333,777.5695616,7,4,0,9,53,33,8,67,0,0,25.13675321,32.99677498
1868,592,1418.692772,0,0,0,1,0,59,0,32,0,0,33.45046536,57.99433179
1869,355,942.6917911,0,0,0,0,0,0,0,0,0,0,17.36098714,34.99657953
1870,476,953.746175,202,14,211,291,347,396,215,394,0,0,124.5100655,46.99540679
1871,0,0,226,7,181,131,80,13,7,138,0,0,38.29198008,0
1872,921,2248.46924,717,439,0,252,2118,621,140,3403,0,0,421.1139725,90.99110677
1873,912,2095.389405,176,75,3,77,517,308,14,768,0,0,139.376939,89.9912045
1874,170,373.1545433,112,46,3,36,229,91,1,246,0,0,45.67651264,16.99833863
1875,157,350.5370843,0,0,0,52,0,79,0,9,0,0,14.52454417,14.99853408
1876,156,375.0451295,60,27,19,6,119,70,0,167,0,0,37.51621401,14.99853408
1877,514,1230.112701,104,40,0,69,115,182,44,332,0,0,68.46586477,50.99501588
1878,725,1486.037714,24,28,0,40,117,203,0,277,0,0,77.15052342,70.99306132
1879,744,1446.912414,93,63,5,27,94,163,43,386,0,0,79.126978,72.99286587
1880,877,1933.029868,90,30,0,17,44,80,13,165,0,0,64.35791288,85.99159541
1881,442,848.6590836,51,58,0,15,95,55,175,242,0,0,55.40844627,42.9957977
1882,475,1031.834541,0,0,0,0,0,0,0,0,0,0,23.22948983,46.99540679
1883,1876,3904.776388,91,37,15,52,50,93,84,149,0,0,119.6685508,183.9820181
1884,483,1060.666529,0,0,1,0,0,72,0,0,0,0,34.19072915,46.99540679
1885,668,1032.360191,116,15,84,150,197,29,79,343,0,0,82.20794191,65.99354996
1886,0,0,76,38,56,63,575,442,227,1557,0,0,148.3753098,0
1887,866,2138.462981,53,432,0,71,931,1788,2283,1070,0,0,1760.487993,84.99169313
1888,41,93.56673484,143,82,0,84,325,482,3,1130,0,41.34846765,111.9905931,3.999609089
1889,280,624.1872464,0,0,0,0,0,0,0,0,0,0,13.69317295,27.99726362
1890,714,1383.383979,19,7,10,17,101,74,54,214,0,0,59.17406884,69.99315905
1891,661,1551.483592,13,12,2,93,126,206,111,238,0,0,71.49792449,64.99364769
1892,385,835.609203,14,1,1,0,6,51,922,14,0,0,68.17243963,37.99628634
1893,337,728.8876767,25,24,0,35,145,606,49,183,0,0,68.66148153,32.99677498
1894,890,1628.525366,2,2,0,0,1,1,0,6,0,0,58.11157859,86.99149768
1895,622,1428.640885,15,11,0,17,83,87,10,305,0,0,56.23981749,60.9940386
1896,433,953.6107969,0,0,0,0,0,0,0,0,0,0,21.17551389,42.9957977
1897,1240,2523.146359,147,406,16,147,2653,1761,1714,1927,0,0,1235.579837,121.9880772
1898,1387,2448.304874,0,0,0,0,3,0,69,30,0,0,141.8183376,135.986709
1899,336,670.205223,68,14,7,15,44,72,20,187,0,0,37.3138963,32.99677498
1900,206,503.2509882,1,0,0,0,8,1,15,6,0,0,11.59029282,19.99804544
1901,522,1256.124671,7,10,0,12,31,103,104,120,0,0,44.45390791,50.99501588
1902,206,432.7505654,21,4,13,7,31,40,100,28,0,0,37.0068851,19.99804544
1903,881,1963.308457,0,0,4,0,0,0,0,0,0,0,43.28020737,86.99149768
1904,1124,2116.010109,0,0,0,0,0,0,0,0,0,0,57.96830857,109.9892499
1905,824,1648.516767,0,0,0,0,0,92,0,1,0,0,55.84514142,80.99208405
1906,402,715.7792148,0,0,0,0,0,0,0,0,0,0,33.65948403,39.99609089
1907,413,826.1879968,0,71,8,0,0,0,0,0,0,0,29.06086105,40.99599316
1908,733,1716.500911,919,458,1,419,2350,1160,470,3409,0,212.6492622,485.0806519,71.9929636
1909,985,2206.993506,33,11,0,12,108,11,0,139,0,0,103.5265417,96.9905204
1910,728,1589.469641,12,65,2,2,6,5,2,66,0,0,43.42691994,71.9929636
1911,702,1339.783496,25,46,0,7,12,67,0,97,0,0,46.7524048,68.99325678
1912,257,615.4088526,0,0,0,0,0,0,0,0,0,0,12.5683766,24.9975568
1913,308,738.8467845,16,14,0,5,20,17,4,67,0,0,22.05578929,29.99706817
1914,408,888.097859,0,0,0,0,0,0,0,0,0,0,19.95290916,39.99609089
1915,445,978.1761655,0,0,0,0,0,0,0,0,0,0,21.76236416,43.99569998
1916,606,1144.670554,2,4,28,2,9,26,0,29,0,0,47.52635752,59.99413633
1917,393,740.3604461,0,0,0,0,0,0,0,0,0,0,57.21934632,38.99618861
1918,0,0,670,371,47,13,54,38,0,419,0,0,78.83355286,0
1919,963,2326.692984,483,220,0,124,692,187,0,1138,0,0,186.178248,94.99071586
1920,756,1789.43469,17,8,0,5,72,29,17,93,1.005751849,0,55.75747655,73.99276814
1921,308,726.1567084,66,20,2,16,77,117,0,151,0,0,40.02047116,29.99706817
1922,630,1523.038266,54,21,0,22,104,101,30,252,0,0,64.36968559,61.99394087
1923,475,984.5992581,6,3,0,11,38,83,40,155,0,0,39.66129738,46.99540679
1924,552,1185.702302,6,7,1,0,3,1,4,28,0,0,32.44032185,53.9947227
1925,54,99.2640923,39,2,15,4,22,30,0,34,0,0,9.780837824,4.999511361
1926,155,333.9877815,0,0,0,0,0,0,0,0,0,0,7.580149314,14.99853408
1927,632,1269.57095,0,0,0,0,0,0,0,0,0,0,40.90744752,61.99394087
1928,270,584.4459901,724,423,13,75,1450,672,0,1929,0,0,271.7116748,26.99736135
1929,1084,2518.22845,26,11,3,90,168,164,54,235,0,0,92.73918704,106.9895431
1930,471,1090.386486,5,5,0,6,25,31,0,48,0,0,31.90237577,45.99550452
1931,526,1272.303175,25,1,0,14,54,73,7,46,0,0,39.48252508,51.99491815
1932,421,1039.731092,2,0,0,4,19,165,64,44,0,0,35.16211198,40.99599316
1933,532,1209.150408,0,0,0,0,0,42,0,0,0,0,38.07100456,51.99491815
1934,669,1217.943406,0,0,0,5,5,8,4,1,0,0,42.84169887,65.99354996
1935,718,1446.797767,0,0,0,0,0,0,0,0,0,0,64.11320779,70.99306132
1936,210,346.7034564,0,0,0,0,0,0,0,0,0,0,14.26987972,20.99794772
1937,286,672.4251466,25,3,2,34,15,10,11,42,0,0,20.93099294,27.99726362
1938,985,2565.135654,2,16,1,8,40,137,63,46,0,0,63.47763748,96.9905204
1939,989,2000.390674,0,0,0,0,0,0,0,0,0,0,67.36624304,96.9905204
1940,333,661.9488681,0,0,0,0,0,0,0,0,0,0,22.28509498,32.99677498
1941,917,1805.763177,0,0,3,3,18,46,19,45,0,0,62.39830277,89.9912045
1942,391,845.7768748,1,1,0,0,6,3,0,229,0,0,36.85854333,37.99628634
1943,308,701.4815603,0,0,0,0,0,0,0,0,0,0,49.06249025,29.99706817
1944,397,927.8549779,1,0,0,0,1,1,1,2,0,0,19.70838822,38.99618861
1945,726,1771.73153,0,1,0,1,8,74,0,42,0,0,41.66636913,70.99306132
1946,583,1288.173073,11,13,0,16,19,19,0,84,0,0,36.43362089,56.99442951
1947,392,876.2591596,0,0,0,0,0,71,114,0,0,0,120.2177171,38.99618861
1948,623,1141.166263,0,0,0,0,0,0,0,0,0,0,197.4673098,60.9940386
1949,435,887.6746054,0,0,0,0,0,74,0,0,0,0,24.89223226,42.9957977
1950,715,1499.171775,29,17,0,27,92,109,122,157,0,0,105.0105118,69.99315905
1951,519,1007.461874,35,14,0,0,35,6,0,97,0,0,116.5263575,50.99501588
1952,645,1562.910032,0,0,0,0,0,0,0,0,1.005751849,0,34.54320198,62.99384315
1953,0,0,0,0,0,0,0,0,0,0,3.017255546,0,0,0
1954,832,2096.82627,0,0,0,0,0,0,0,0,0,0,43.68828535,81.99198632
1955,446,1003.723421,0,0,0,0,0,97,0,1,0,0,37.60387888,43.99569998
1956,677,1525.252063,106,162,7,2,429,205,1,267,0,0,112.766175,66.99345224
1957,778,1674.670241,5,2,0,0,0,0,0,6,1.005751849,0,78.68321359,75.99257269
1958,847,1773.620859,9,0,0,6,5,98,0,20,0,0,57.17062628,82.99188859
1959,329,712.7457656,21,2,0,0,6,3,3,62,1.005751849,0,53.83318457,31.99687271
1960,762,1225.72892,131,71,3247,104,286,564,105,506,0,0,282.4705964,74.99267041
1961,466,1046.545713,89,41,7,79,338,305,344,840,5.028759244,3.9379493,128.7006105,45.99550452
1962,425,948.7489537,49,39,1,32,303,143,91,481,6.034511093,1.96897465,88.48615178,41.99589543
1963,335,446.5517797,30,4,75,162,829,13,111,544,0,0,102.8455097,32.99677498
1964,7,10.33477455,28,12,13,211,233,203,0,360,0,0,52.18076979,0.999902272
1965,15,33.52672801,19,4,7,165,13,30,0,124,1.005751849,0,18.4368793,0.999902272
1966,1135,2689.606669,655,326,8,392,2189,599,0,2756,6.034511093,0,394.1677643,111.9890545
1967,2778,6006.954816,351,186,3,166,693,613,0,834,3.017255546,0,275.0371596,272.9733203
1968,680,1763.339797,0,0,0,0,0,0,0,0,0,0,33.2548486,66.99345224
1969,150,432.5578637,0,0,0,0,0,0,0,0,0,0,7.335628368,14.99853408
1970,167,383.2282984,46,19,0,25,113,98,63,206,0,0,57.04238738,15.99843635
1971,319,686.3995896,47,20,4,126,98,262,10,189,0,0,52.5720033,30.99697044
1972,764,1288.808501,70,31,865,45,139,54,21,188,11.06327034,0,106.4644197,74.99267041
1973,95,218.2109794,832,391,0,209,1200,764,735,2310,0,0,319.6377801,8.99912045
1974,2283,4617.866096,249,123,50,225,675,414,0,1084,6.034511093,0,249.5580771,223.978109
1975,3784,6555.762514,30,13,1,11,58,20,0,74,0,0,195.1766188,371.9636452
1976,513,1121.374947,0,0,0,0,0,0,0,0,0,0,25.08784902,49.99511361
1977,945,2046.618472,103,25,0,21,7,2,0,235,0,0,65.43380504,92.99091131
1978,726,2069.243314,0,1,0,0,0,75,0,0,0,0,39.22115967,70.99306132
1979,248,714.7205321,9,1,0,2,14,15,8,25,0,0,15.7471489,23.99765453
1980,701,1893.044713,130,132,0,14,108,39,0,378,0,0,73.45409206,68.99325678
1981,420,940.8633969,429,67,2,109,281,197,125,786,0,0,118.1525209,40.99599316
1982,1244,3323.289566,0,0,0,0,0,0,6,0,0,0,70.1302364,121.9880772
1983,1576,3374.53767,23,3,1,8,34,91,53,37,0,0,112.2990493,154.9848522
1984,352,789.9095697,56,43,2,27,109,114,24,226,0,0,71.60569223,34.99657953
1985,973,1818.645955,128,119,0,35,156,467,199,330,2.011503698,0,117.7123832,95.99061813
1986,621,1214.152497,8,12,0,6,118,117,56,57,0,0,183.6596682,60.9940386
1987,815,1905.749393,461,354,18,475,3590,1476,213,3035,6.034511093,1.96897465,536.4130218,79.99218177
1988,1168,2222.768228,8,29,1,14,168,54,26,617,0,0,101.9652343,114.9887613
1989,827,1854.174306,342,106,0,86,398,197,4,642,0,0,127.2487001,80.99208405
1990,0,0,0,0,15,0,0,6,0,0,10.05751849,0,1.026987972,0
1991,384,731.1014744,0,0,0,0,0,0,0,0,0,0,18.77920862,37.99628634
1992,976,2034.878557,0,0,0,0,0,0,0,0,9.051766639,0,47.73048858,95.99061813
1993,570,1048.414312,0,0,0,0,0,0,0,0,3.017255546,0,27.8753878,55.99452724
1994,892,1362.367972,275,99,5,172,754,333,0,1154,0,0,180.1630327,87.99139995
1995,786,1245.954484,764,486,22,427,1789,1121,0,2275,4.023007395,0,375.0951306,76.99247496
1996,1675,3555.346831,241,171,0,248,1070,527,193,1450,0,0,272.6408543,164.9838749
1997,582,1651.788152,2,1,4,18,44,9,3,24,0,0,33.59717793,56.99442951
1998,483,1299.662962,0,0,0,0,0,0,0,0,1.005751849,0,23.62072335,46.99540679
1999,888,1612.681066,31,285,0,52,159,48,1,189,0,0,87.83862462,86.99149768
2000,506,1285.881221,2,1,0,2,13,10,0,32,0,0,27.67977104,49.99511361
2001,62,159.8212699,16,10,0,12,52,92,0,172,0,0,20.34414267,5.999413633
2002,349,802.0983374,0,0,0,0,14,0,0,1,0,0,76.80112484,33.99667725
2003,501,1193.395158,0,0,0,0,0,0,0,0,1.005751849,0,51.50099875,48.99521134
2004,309,674.1534982,46,50,591,2,42,27,0,133,0,0,58.68502694,29.99706817
2005,331,538.9439267,0,0,0,0,0,0,0,0,0,0,16.1872866,32.99677498
2006,1230,2803.477023,1,5,1,1,2,1,0,4,0,0,60.88571545,120.9881749
2007,456,1076.599876,8,1,1,5,7,4,0,26,0,0,24.84332807,44.99560225
2008,0,0,233,182,15,168,90,53,0,383,0,0,54.96830857,0
2009,478,801.7994671,521,242,3,351,2011,677,15,2487,2.011503698,0,331.8149232,46.99540679
2010,476,1063.021831,0,0,0,0,0,0,0,0,0,0,23.27839402,46.99540679
2011,483,1514.689252,0,0,2,0,0,81,0,20,0,0,28.65785482,46.99540679
2012,457,1288.973252,0,0,0,0,20,0,4,0,0,0,23.52291497,44.99560225
2013,246,576.9105018,40,32,0,8,72,146,17,166,0,0,127.5533455,23.99765453
2014,840,1410.078965,297,205,1,25,164,116,19,644,0,0,113.0175811,82.99188859
2015,270,707.1167259,3,217,13,2,9,73,1,27,0,0,30.07607631,26.99736135
2016,484,1246.954748,7,4,0,0,23,13,0,15,0,0,34.70168726,47.99530906
2017,231,501.0835202,0,0,0,0,0,0,0,0,0,0,21.29686769,22.99775226
2018,625,1278.271289,24,16,2,34,206,151,54,197,0,0,64.01558356,60.9940386
2019,301,564.9510288,52,56,0,32,141,192,26,421,0,0,59.71201492,29.99706817
2020,434,1070.103598,2,2,1,0,20,5,0,17,1.005751849,0,27.52291497,42.9957977
2021,325,702.9122994,2,1,0,8,34,150,1,47,0,0,27.77757942,31.99687271
2022,803,1640.072579,1,29,421,0,0,25,0,4,33.18981101,0,62.74407464,78.9922795
2023,801,1501.557544,20,13,50,1,24,43,0,47,11.06327034,0,48.85528493,78.9922795
2024,188,345.8472118,0,0,0,0,0,338,0,2,0,0,25.82141186,17.9982409
2025,811,1528.608725,17,9,1,7,32,113,19,99,0,0,54.18584155,79.99218177
2026,445,832.2402905,77,72,6,36,53,28,0,182,0,0,43.96486602,43.99569998
2027,0,0,444,337,20,65,349,169,0,1182,8.04601479,0,125.4881493,0
2028,769,1840.252318,16,0,0,0,0,0,0,2,1.005751849,0,38.48759684,75.99257269
2029,1529,2878.115907,3,2,17,10,1,1,0,27,4.023007395,0,77.7576607,149.9853408
2030,294,908.5283771,0,2,42,0,2,12,0,4,8.04601479,0,17.40989133,28.99716589
2031,220,698.0565818,1,5,104,2,5,17,0,8,9.051766639,0,17.70331646,21.99784999
2032,483,1530.199345,15,17,80,19,12,109,61,47,0,0,41.22623143,46.99540679
2033,686,1734.732236,0,0,4,2,6,236,0,8,0,0,46.06774615,66.99345224
2034,126,229.0311999,0,0,0,0,0,0,0,0,1.005751849,0,6.161927829,11.99882727
2035,562,1420.024726,0,3,59,0,0,2,1,0,5.028759244,0,43.66292658,54.99462497
2036,726,1541.900151,0,3,44,0,0,61,0,0,1.005751849,0,40.78609373,70.99306132
2037,215,444.1245498,15,3,34,5,0,73,1,0,3.017255546,0,16.92084944,20.99794772
2038,348,796.2912008,29,65,253,9,0,49,0,99,0,0,45.66636913,33.99667725
2039,1438,3582.718871,33,38,17,12,10,4,4,25,0,0,101.317523,140.9862204
2040,980,2394.394121,0,27,837,0,1,33,0,3,0,0,91.98877974,95.99061813
2041,620,1605.262741,0,0,1,12,6,0,0,0,1.005751849,0,50.24977685,60.9940386
2042,270,858.6926351,2,1,54,0,3,16,0,18,0,0,22.80112484,26.99736135
2043,372,1224.714214,26,1,11,2,0,2,0,23,0,0,21.37113065,36.99638407
2044,977,2661.089415,0,0,1,0,0,75,0,6,0,0,65.78953628,95.99061813
2045,298,687.1204563,0,1,41,0,5,28,2,6,0,0,18.63249605,28.99716589
2046,260,759.7310235,0,0,0,0,0,0,0,0,0,0,12.71508917,25.99745908
2047,658,1390.241319,0,0,3,0,0,363,0,1,3.017255546,0,50.12679385,64.99364769
2048,1166,2833.67269,0,13,33,0,0,27,0,0,0,0,75.59229032,114.9887613
2049,14,32.65462099,0,0,1,0,0,94,0,0,0,0,5.330556614,0.999902272
2050,398,1190.283653,0,0,0,0,0,0,0,0,0,0,19.46386727,38.99618861
2051,339,1203.689728,0,0,0,0,0,0,0,0,0,0,16.57852011,32.99677498
2052,613,1881.864688,0,4,111,0,0,96,0,0,0,0,40.29705184,59.99413633
2053,2072,4322.460845,132,36,48,32,117,178,0,234,0,0,139.3280348,203.9800635
2054,547,1196.85186,0,0,0,0,0,0,0,0,0,0,26.75059145,53.9947227
2055,718,1701.304293,4,35,0,0,0,0,0,0,0,0,37.02047116,70.99306132
2056,1931,3925.952114,68,38,223,6,52,28,0,167,0,0,122.8962273,189.9814317
2057,457,1007.676564,0,0,3,4,10,300,56,27,0,0,41.91089008,44.99560225
2058,2399,4888.93653,78,95,8,10,61,51,6,230,1.005751849,0,143.6805076,235.9769362
2059,259,515.6324577,83,54,1,16,93,35,0,281,0,0,40.19924346,24.9975568
2060,0,0,10,7,0,70,37,71,0,62,0,0,12.5683766,0
2061,1,2.282115483,89,85,16,640,151,153,0,578,0,0,83.77287596,0
2062,608,1787.263612,0,0,0,0,0,74,0,0,0,0,33.35265698,59.99413633
2063,372,846.831947,65,152,11,45,177,74,354,295,7.040262942,0,75.55697219,36.99638407
2064,427,1146.484343,292,250,13,79,113,87,24,223,0,0,88.74751719,41.99589543
2065,413,903.0334575,0,0,0,0,0,29,0,0,0,0,56.61565159,40.99599316
2066,961,2002.761838,19,62,3,16,37,210,18,99,0,0,105.6884695,93.99081358
2067,690,1369.503452,39,45,0,23,64,63,85,191,0,0,108.6850269,67.99335451
2068,192,412.7860205,0,0,0,0,0,0,0,0,0,0,9.389604311,18.99814317
2069,1357,3000.950136,38,14,0,14,25,81,44,89,0,0,89.27876232,132.9870022
2070,1156,2315.233561,25,3,1,5,56,10,24,71,0,0,73.0695595,113.988859
2071,883,1909.357337,0,0,1,0,13,0,1,3,3.017255546,0,69.0626744,86.99149768
2072,619,1361.869179,0,0,0,0,0,0,0,0,0,0,30.27169307,60.9940386
2073,302,649.7186391,33,12,1,24,9,6,0,61,2.011503698,0,29.90907673,29.99706817
2074,669,1581.020584,73,42,9,79,69,53,12,261,5.028759244,0,61.96160762,65.99354996
2075,123,315.2454116,1,5,0,2,20,69,1476,8,0,0,83.33273826,11.99882727
2076,114,305.2814357,124,44,49,143,614,352,120,561,1.005751849,0,103.7257851,10.99892499
2077,378,976.1453334,23,11,9,29,64,51,36,100,0,0,34.28183657,36.99638407
2078,286,786.6358316,19,6,1,10,19,190,1,55,0,0,31.70675901,27.99726362
2079,893,1648.061788,35,29,0,86,58,288,27,165,0,0,77.317523,87.99139995
2080,701,1480.617239,32,6,0,3,20,7,14,100,0,0,90.18239899,68.99325678
2081,206,439.8006077,8,8,0,5,9,16,0,35,1.005751849,0,26.03550228,19.99804544
2082,566,1189.45175,717,473,600,225,0,71,0,124,0,0,135.758029,55.99452724
2083,552,1058.096537,172,188,1748,36,224,171,8,618,9.051766639,0,181.776871,53.9947227
2084,0,0,355,182,9,60,86,95,21,379,2.011503698,0,58.04927249,0
2085,211,450.5061808,1,0,0,0,15,0,0,0,2.011503698,0,26.10125093,20.99794772
2086,461,1103.520547,0,0,0,0,0,0,0,0,0,0,70.54483118,44.99560225
2087,408,960.713295,0,0,0,0,0,0,0,0,0,0,27.95290916,39.99609089
2088,569,1350.694022,0,0,0,15,4,68,1,14,0,0,50.8147109,55.99452724
2089,130,300.2000339,0,4,99,0,2,11,44,5,0,0,14.42673579,12.99872954
2090,500,1464.654682,0,0,0,0,0,87,0,0,0,1.96897465,28.70675901,48.99521134
2091,546,1244.625045,0,5,32,0,3,3,11,5,0,0,29.58703442,53.9947227
2092,514,1084.88183,0,8,218,0,0,30,0,10,12.06902219,0,38.14526751,50.99501588
2093,170,462.6900803,115,117,13,11,71,127,28,231,4.023007395,0,43.18239899,16.99833863
2094,523,1444.527903,415,191,24,33,84,75,78,350,0,0,86.70712731,50.99501588
2095,359,1019.500659,0,0,0,1,3,190,0,0,0,0,27.04401658,34.99657953
2096,208,481.7300627,0,0,0,0,0,0,0,0,3.017255546,0,10.17207134,19.99804544
2097,674,1500.780611,13,33,0,16,25,17,0,71,0,0,54.51965656,65.99354996
2098,393,838.3560339,2,1,1,2,11,8,187,57,0,0,40.3745732,38.99618861
2099,247,514.3322283,6,2,0,43,33,46,27,39,8.04601479,0,38.66455578,23.99765453
2100,474,1434.224853,0,0,0,0,0,0,0,0,0,0,23.18058564,46.99540679
2101,417,950.2321479,22,6,3,23,63,99,4,135,8.04601479,0,44.754034,40.99599316
2102,394,933.6987072,80,7,0,10,90,13,56,69,2.011503698,0,43.16211198,38.99618861
2103,359,673.3435831,278,24,1,36,194,183,0,421,0,0,73.16066692,34.99657953
2104,0,0,750,145,208,660,1311,571,24,2859,0,0,319.2465466,0
2105,543,988.2072015,252,116,15,163,430,293,344,845,0,0,146.7614716,52.99482043
2106,317,623.3200077,0,0,0,0,0,0,0,0,0,0,15.50262795,30.99697044
2107,424,841.4212079,1,0,1,2,6,6,36,16,0,0,70.06086105,41.99589543
2108,643,1071.892883,459,538,75,242,298,133,786,985,0,0,203.3925226,62.99384315
2109,1005,1840.913346,158,113,0,85,316,523,34,712,1.005751849,0,197.0717411,98.99032495
2110,533,1206.497493,21,2,16,0,89,22,199,64,0,0,123.2633629,51.99491815
2111,0,0,153,31,1610,15,77,81,0,502,1.005751849,0,120.7444429,0
2112,306,603.151767,40,33,0,34,181,114,60,410,0,0,57.60913478,29.99706817
2113,517,1099.483223,157,104,23,69,455,218,18,567,0,0,104.0681144,50.99501588
2114,279,516.8595009,127,77,6,13,109,46,0,336,0,0,48.5618598,26.99736135
2115,244,552.6061525,0,0,0,0,0,0,0,0,0,0,11.93262215,23.99765453
2116,272,551.644997,0,0,0,0,9,0,6,1,1.005751849,0,18.08440647,26.99736135
2117,1393,2866.669994,577,49,0,113,440,304,2,754,0,0,406.6200149,136.9866113
2118,0,0,336,55,159,1391,269,25,29,266,0,0,123.7275985,0
2119,450,875.3760579,129,84,0,130,526,347,10,547,2.011503698,0,108.7140124,43.99569998
2120,273,563.7971717,517,516,149,354,541,716,318,1277,0,0,272.9424255,26.99736135
2121,414,882.0504334,88,168,0,92,174,159,134,432,0,3.9379493,118.2298581,40.99599316
2122,467,1055.877872,156,42,9,72,215,143,92,328,0,0,85.52998422,45.99550452
2123,284,621.3306365,16,8,14,32,110,456,18,96,2.011503698,0,50.56693155,27.99726362
2124,428,1059.935926,0,0,0,0,0,60,0,0,0,0,29.86524429,41.99589543
2125,138,359.347203,0,0,0,0,0,0,0,0,0,0,6.748778099,13.99863181
2126,495,1363.003564,0,0,0,0,0,0,2,0,1.005751849,0,24.30538199,48.99521134
2127,879,1650.657379,12,5,0,0,12,5,0,30,0,0,69.11665034,85.99159541
2128,1,1,727,246,77,456,1320,1036,125,2455,0,0,315.0896905,0
2129,962,1961.333691,313,94,14,157,205,124,33,734,2.011503698,0,149.9114425,94.99071586
2130,389,913.1230748,0,0,0,0,0,0,0,0,0,0,49.02372957,37.99628634
2131,19,49.00022801,0,0,0,0,0,147,0,0,0,0,8.118095394,1.999804544
2132,345,800.724922,0,0,0,1,1,179,0,0,0,0,25.72360348,33.99667725
2133,0,0,0,0,0,0,0,0,0,0,2.011503698,0,0,0
2134,1246,2416.988334,77,17,0,10,38,28,0,254,1.005751849,0,218.6699958,121.9880772
2135,665,2106.990331,0,0,0,0,0,63,0,1,0,0,35.65115387,64.99364769
2136,751,1765.334037,0,0,1,0,0,1,1,0,1.005751849,0,67.8737586,73.99276814
2137,224,640.9146463,0,0,0,0,0,0,0,0,0,0,10.95453836,21.99784999
2138,7770,18536.44713,14,2,0,3,10,4,6,42,0,0,383.9467888,763.9253359
2139,0,0,221,113,17,261,1094,341,0,912,0,0,144.7074956,0
2140,0,0,537,301,0,242,1613,539,2783,2390,18.10353328,0,411.0397096,0
2141,0,0,603,410,0,428,1834,829,1772,2529,0,0,411.0397096,0
2142,0,0,384,529,0,414,2211,1706,952,1973,0,0,399.4983209,0
2143,0,0,292,128,2,69,317,136,17,856,0,0,88.85891163,0
2144,417,840.9564926,19,39,0,16,226,115,44,185,0,0,51.88734466,40.99599316
2145,336,660.3351638,0,0,0,0,0,0,0,0,0,0,16.43180754,32.99677498
2146,838,1721.356629,2,1,13,10,44,61,1,41,0,0,56.4421352,81.99198632
2147,476,946.6961324,0,0,0,0,0,0,0,0,0,0,23.27839402,46.99540679
2148,263,557.1911141,0,0,0,0,0,0,0,0,0,0,12.86180174,25.99745908
2149,0,0,0,416,0,0,0,780,9317,0,0,0,514.1297402,0
2150,392,768.3935124,70,31,0,57,131,70,123,359,0,0,60.29886519,38.99618861
2151,419,818.0255586,0,0,0,0,0,0,0,0,0,0,20.49085524,40.99599316
2152,510,1022.878051,0,0,0,0,0,0,0,0,0,0,24.94113645,49.99511361
2153,0,0,90,2,0,41,9,296,2,35,0,0,23.22948983,0
2154,373,762.3985423,47,42,0,139,781,375,4,742,0,0,122.4071854,36.99638407
2155,726,1645.535773,0,0,0,0,0,0,0,0,0,0,35.5044413,70.99306132
2156,512,1311.558985,0,6,0,2,15,1,3,65,0,0,29.53813023,49.99511361
2157,0,0,15,5,0,54,11,10,0,32,0,0,6.210832018,0
2158,1114,2254.634923,76,36,0,69,286,208,7,920,0,0,132.8237777,108.9893477
2159,1,1.577111254,1,0,0,12,0,3,0,8,0,0,1.222604728,0
2160,0,0,0,0,0,0,0,0,0,0,0,0,0,0
2161,0,0,58,39,0,175,195,155,0,382,0,0,49.09980588,0
2162,219,499.0782866,0,0,0,0,0,0,0,0,1.005751849,0,10.71001742,21.99784999
2163,132,292.0741888,0,0,0,0,0,0,0,0,11.06327034,0,6.455352964,12.99872954
2164,93,215.7617611,1,0,0,1,0,78,0,0,1.005751849,0,8.460424718,8.99912045
2165,120,290.0689553,5,2,2,36,7,176,2,43,3.017255546,0,19.21934632,11.99882727
2166,210,510.2644375,30,1,6,9,3,42,7,20,4.023007395,0,16.04057403,20.99794772
2167,729,1698.207395,33,86,0,26,157,83,68,441,4.023007395,0,90.37149894,71.9929636
2168,37,88.66829822,9,9,13,66,29,57,0,53,4.023007395,0,13.35084363,3.999609089
2169,235,608.9125741,0,0,0,0,0,0,0,0,2.011503698,0,11.49248444,22.99775226
2170,0,0,78,5,26,455,82,65,84,210,3.017255546,0,49.14871007,0
2171,182,420.2800475,0,0,0,0,0,0,0,0,2.011503698,0,8.90056242,17.9982409
2172,183,574.1380721,0,0,0,0,0,0,0,0,2.011503698,0,8.949466609,17.9982409
2173,187,578.3315045,0,0,0,0,0,0,0,0,0,0,9.145083366,17.9982409
2174,108,298.6387851,15,11,0,1,21,4,0,54,0,0,10.46549647,10.99892499
2175,172,400.2789096,22,28,12,5,51,45,0,60,2.011503698,0,19.3171547,16.99833863
2176,9,21.24404357,0,0,0,0,0,0,0,0,7.040262942,0,0.440137702,0.999902272
2177,440,1016.115885,0,0,0,0,0,0,0,0,1.005751849,0,21.51784321,42.9957977
2178,1342,3188.794735,36,9,46,228,81,97,0,163,0,7.875898601,97.90618662,131.9870999
2179,310,637.6603811,65,73,0,78,239,163,22,471,0,0,69.49285274,29.99706817
2180,204,631.9325565,0,0,0,0,0,0,0,0,1.005751849,7.875898601,9.976454581,19.99804544
2181,368,848.9835528,4,2,1,21,10,11,0,65,2.011503698,0,23.57181916,35.9964818
2182,1306,3011.463007,0,0,0,0,0,237,0,0,0,0,75.45916381,127.9874908
2183,1072,2485.20303,0,0,0,3,0,87,0,1,0,0,56.87557195,104.9897386
2184,65,144.8124852,12,6,0,216,13,31,0,122,0,0,22.74044794,5.999413633
2185,0,0,268,124,197,327,271,139,0,894,0,472.553916,108.5672998,0
2186,586,1329.564627,113,77,3,179,310,427,1,688,8.04601479,0,116.5875869,57.99433179
2187,31.1,49.53567907,0,0,0,0,0,0,0,0,0,0,0,0
2188,457.9,968.7364843,0,0,0,0,0,0,0,0,0,0,0,0
2189,206,436.315145,0,0,0,0,0,10,0,0,0,0,0,0
2190,7,12.29670906,0,53.9,0,0,0,1.1,0,0,0,0,0,0
2191,0,0,0,0,0,0,0,0,0,0,0,0,0,0
2192,72.2,102.8,0,51,0,0,0,0,0,0,0,0,0,0
2193,15.6,23.19804689,0,0,0,0,0,0,0,0,0,0,0,0
2194,23.6,38.11107703,34.2,46,0,0,0,0,0,34.5,0,0,0,0
2195,85.1,129.3334719,11.3,13.6,0,0,0,9.7,0,35,0,0,0,0
2196,209.5,283.5,0,114.8,0,0,0,41.2,0,52.3,0,0,0,0
2197,33.7,46.9,36.3,508.5,0,0,0,35.9,0,144.5,0,0,0,0
2198,0,0,0,0,0,0,0,0,0,0,0,0,0,0
2199,20.6,48.57636134,0,0,0,0,11,0,0,87.3,0,0,0,0
2200,1,1,0,0,0,0,0,162,0,0,0,0,7.971382827,0
2201,0,0,0,0,0,0,0,0,0,0,0,0,0,0
2202,0,0,0,0,0,0,0,5,0,0,0,0,0,0
2203,0,0,0,0,0,0,0,0,0,0,0,0,0,0
2204,0,0,0,0,0,0,0,0,0,0,0,0,0,0
2205,0,0,0,0,0,0,0,0,0,0,0,0,10,0
2206,4,15.61071576,0,4.5,0,0,0,0,0,10.5,0,0,0,0
2207,32.2,55.20437473,0,0,0,0,0,0,0,0,0,0,0,0
2208,0,0,0,0,0,0,0,0,0,0,0,0,0,0
2209,0,0,0,0,0,0,0,0,0,0,0,0,0,0
2210,0,0,0,0,0,0,0,0,0,0,0,0,0,0
2211,1,1.577111254,0,0,0,0,0,0,0,0,0,0,0.048904189,0
2212,2,2.808391869,0,0,0,0,0,0,0,0,0,0,0.097808378,0
2213,0,0,0,0,0,0,0,0,0,0,0,0,0,0
2214,0,0,0,0,0,0,0,0,0,0,0,0,0,0
2215,0,0,0,0,0,0,0,0,0,0,0,0,0,0
2216,0,0,0,0,0,0,0,0,0,0,0,0,0,0
2217,1,6.157301243,0,0,0,0,0,0,0,0,1010.390156,0,0.04901861,0
2218,0,0,0,0,0,0,0,0,0,0,1.011401557,0,0,0
2219,0,0,0,0,0,0,0,0,0,0,0,0,0,0
2220,8,21.11074712,0,0,0,0,0,0,0,0,6.068409344,0,6.176344867,1.000061363
2221,1,1,0,0,0,0,0,0,0,0,50.57007786,0,0.04901861,0
2222,6,21.99036158,0,2,2,2,92,7,0,0,22.25083426,0,55.99969468,0
2223,9,29.90689175,0,1,2,1,190,25,1,0,12.13681869,0,11.27428031,1.000061363
2224,0,0,0,2,1,0,112,14,15,0,0,0,13.13698716,0
2225,0,0,0,0,0,0,0,0,0,0,0,0,0,0
2226,0,0,0,0,0,0,0,0,0,0,0,0,0,0
2227,0,0,0,0,0,0,0,0,0,0,0,0,16.22515993,22.00134998
2228,16,39.58265084,0,0,0,0,0,0,0,0,12.13681869,0,14.99969468,20.00122726
2229,29,103.7945067,0,1,2,0,28,10,0,0,5.057007786,0,3.480321314,2.000122726
2230,4,17.59228926,0,0,0,0,0,0,0,0,3.034204672,0,0.19607444,0
2231,0,0,0,0,0,0,0,0,0,0,0,0,0,0
2232,2,5.277686779,0,0,0,0,0,0,0,0,1.087913669,0,0.418106709,0
2233,0,0,0,1,6,0,39,2,0,0,5.99189674,0,2.032823958,0
2234,0,0,0,1,18,0,198,1,3,0,6.068409344,0,16.76436464,0
2235,0,0,0,0,4,4,294,0,0,0,0,0,14.80362024,0
2236,0,0,0,0,0,0,0,0,0,0,6.068409344,0,4.558730735,6.000368177
2237,3,8.796144632,0,0,0,0,0,0,0,0,0,0,3.627377144,5.000306814
2238,9,32.54573514,0,1,1,0,30,2,0,0,1.011401557,0,2.794060773,2.000122726
2239,2,6.157301243,0,0,0,0,0,0,0,0,1.011401557,0,1.274483861,2.000122726
2240,0,0,0,0,0,0,0,0,0,0,0,0,1.176446641,2.000122726
2241,0,0,0,0,0,0,0,0,0,0,1.673107707,0,2.467440198,2.000122723
2242,1,1.759228926,0,0,0,0,0,0,0,0,3.952485518,0,1.660197474,1.21E-08
2243,1,1.759228926,0,0,1,0,41,5,1,0,0,0,6.813586798,0
2244,0,0,0,0,0,0,0,0,0,0,8.091212458,0,101.7146336,4.000245451
2245,0,0,0,0,0,0,0,0,0,0,0,0,30.09742657,40.00245451
2246,0,0,0,5,1,0,125,2,1,0,1.011401554,0,39.80311125,34.00208624
2247,174,434.5295448,0,0,0,0,0,0,0,0,1.05E-06,0,22.45058984,30.00190207
2248,0,0,0,0,0,0,0,0,0,0,0,0,1.862707182,2.000122726
2249,1,5.277686779,0,0,0,0,9,2,0,0,6.511226306,0,2.048708769,2.000122865
2250,265,647.3962449,0,1,0,1,30,4,1,0,0,0,102.0567461,134.0082226
2251,57,165.3675191,0,0,5,0,36,0,0,0,0,0,30.7346685,32.00196361
2252,637,1613.212926,0,0,0,0,0,0,0,0,0.552912534,0,41.18652964,55.21643309
2253,1386,3680.306914,0,1,8,0,65,7,4,0,0.876655896,0,60.64284495,70.1838982
2254,596,1591.222564,0,0,1,0,39,1,0,0,0.593245819,0,81.35282896,92.61261304
2255,0,0,0,0,0,0,0,0,0,0,1.011401496,0,40.39133223,54.00331031
2256,1,1.759228926,0,0,0,0,0,0,0,0,2.943754019,0,13.51922519,6.985509055
2257,27,93.2391331,0,0,0,0,0,0,0,0,1.011401528,0,1.323502448,2.000122661
2258,1,1.759228926,0,1,2,0,112,13,2,0,3.034204672,0,6.470456527,0
2259,0,0,0,3,6,7,127,61,5,9,2.022803115,0,84.99928758,0
2260,0,0,0,0,0,0,0,0,0,0,6.068409344,0,177.9886086,0
2261,0,0,0,0,0,0,2,0,0,0,3.034204672,0,9.607647571,2.000122726
2262,58,146.8956154,0,0,0,0,0,0,0,0,2.022803115,0,1.960744402,3.000184089
2263,1,3.518457853,0,3,4,0,61,1,4,0,4.136056667,0,19.32324488,11.0155987
2264,25,70.36915706,0,9,5,0,107,1,5,0,5.057007741,0,28.77392385,2.000122708
2265,0,0,0,0,0,0,0,0,0,0,0,0,48.96959144,2.000122726
2266,1,1.759228926,0,6,4,0,156,8,11,0,0,0,90.49923669,0
2267,369,986.9274277,0,2,4,0,77,4,5,0,3.034204672,0,25.78378889,26.00159543
2268,11,21.99036158,0,0,0,0,0,0,0,0,2.022803115,0,13.82324804,15.00092044
2269,71,173.2840493,1,2,4,2,55,59,3,6,0,0,19.11725792,17.00104317
2270,1,2.63884339,0,0,0,0,0,0,0,0,0,0,21.22505815,28.00171816
2271,276,884.89215,0,7,6,0,238,9,14,0,1.011401557,0,64.60652805,45.00276133
2272,51,132.8217839,0,14,16,0,376,7,14,0,6.068409344,0,201.9294199,13.00079772
2273,270,694.8954259,0,0,0,0,0,0,0,0,6.068397164,0,36.27404736,48.00331711
2274,0,0,0,0,775,1,73,1,0,0,4.045606229,0,95.68432682,4.000245451
2275,0,0,0,7,3,0,82,1,5,0,5.057007786,0,72.54754288,35.0021477
2276,0,0,0,0,0,0,0,0,0,0,3.034204672,0,109.5075749,42.00257724
2277,0,0,0,0,0,0,0,0,0,0,3.034204672,0,57.93999708,16.00098181
2278,0,0,0,0,0,0,0,0,0,0,8.091212458,0,65.88101191,0
2279,0,0,0,0,0,0,0,0,0,0,7.079810901,0,16.5682902,0
2280,0,0,0,0,0,0,0,0,0,0,6.068409344,0,148.8997237,0
2281,0,0,0,3,7,0,173,16,10,0,0,0,24.65636086,3.000184089
2282,0,0,0,0,2,0,113,0,9,0,2.022803115,0,48.72449839,0
2283,0,0,0,0,0,0,0,0,0,0,3.034204672,0,0.04901861,0
2284,0,0,0,0,0,0,0,0,0,0,2.022803115,0,4.803823785,0
2285,0,0,0,0,0,0,0,0,0,0,0,0,0,0
2286,0,0,0,0,0,0,0,0,0,0,6.068409344,0,16.17614132,0
2287,0,0,0,0,0,0,0,0,0,0,6.068409344,0,71.95931956,0
2288,1,3.518457853,0,0,0,0,0,0,0,0,0,0,0.29411166,0
2289,0,0,0,0,0,0,0,0,0,0,6.068409344,0,0,0
2290,0,0,0,0,0,0,0,0,0,0,5.057007786,0,0,0
2291,0,0,0,0,0,0,0,0,0,0,2.022803115,0,0,0
2292,0,0,0,0,0,0,0,0,0,0,6.068409344,0,66.32319715,0
2293,0,0,0,0,0,0,0,0,0,0,6.068409217,0,46.02847408,1.64E-08
2294,37,109.0721934,0,12,10,0,246,11,20,0,2.022803115,0,64.99867693,29.00177952
2295,167,405.5022675,0,14,7,0,273,11,21,0,1.011401544,0,15.0977317,20.001227
2296,0,0,0,5,17,0,444,5,24,0,4.045606229,0,140.1354609,0
2297,480,1264.885598,0,0,0,0,0,0,0,0,1.944281691,0,26.80889073,35.56591245
2298,230,604.2951362,0,0,0,0,0,0,0,0,0.942531079,0,12.56220185,16.77533628
2299,0,0,0,0,0,0,0,0,0,0,0,0,27.05827214,36.00220825
2300,0,0,0,0,0,0,0,0,0,0,0,0,23.62697005,32.00196361
2301,135,355.3642431,0,0,0,0,0,0,0,0,2.022803115,0,64.01830473,20.00122726
2302,259,712.4877152,0,0,0,0,0,68,0,0,2.46E-09,0,21.67860307,24.36286166
2303,310,802.2083905,0,0,0,0,0,0,0,0,1.05E-08,0,18.97523881,24.80187385
2304,545,1554.278757,0,7,8,0,92,14,3,2,0,0,31.55705755,39.16594797
2305,1060,3119.992501,7,37,13,20,253,64,16,30,0.048266606,0,71.35036185,68.88709112
2306,747,1972.975241,8,22,35,6,192,82,17,29,0.099125296,0,60.59858716,54.78245971
2307,317,832.1152822,0,0,0,0,0,0,0,0,0,0,24.55832364,33.00202497
2308,0,0,0,0,0,0,0,0,0,0,0,0,23.57795144,26.00159543
2309,136,369.4380746,0,0,0,0,0,0,0,0,0,0,24.50930503,33.00202497
2310,136,450.3626052,0,11,0,0,15,0,4,1,0,0,26.91121685,26.00159536
2311,240,762.6257396,21,10,2,0,96,33,9,0,0,0,27.41454542,20.67600653
2312,563,1651.915962,0,0,0,0,0,0,0,0,1.0114015,0,27.59747589,37.00226832
2313,667,1967.697554,0,0,0,0,0,0,0,0,0,0,32.00915237,43.0026386
2314,327,1175.164923,25,85,9,23,376,30,14,16,0,0,57.93999708,21.00128862
2315,265,928.8728732,1,3,5,6,158,146,12,15,0,0,52.45031986,17.00104317
2316,488,1658.073263,0,0,0,0,0,0,0,0,0,0,24.55832364,33.00202497
2317,464,1446.086178,0,0,0,0,0,39,0,0,0,0,28.92097993,36.00220906
2318,649,2111.954326,0,0,0,0,0,0,0,0,0,0,37.40119947,50.00306814
2319,287,974.6128252,0,0,0,0,0,0,0,0,0,0,29.80331491,40.00245451
2320,0,0,0,0,0,0,0,0,0,0,0,0,0,0
2321,22,57.17494011,0,1,7,1,37,2,1,0,4.045606229,0,3.529339924,1.000061363
2322,2,4.398072316,0,0,0,0,0,0,0,0,7.079810901,0,0.09803722,0
2323,0,0,0,0,0,0,0,0,0,0,6.068409344,0,0.09803722,0
2324,0,0,0,0,0,0,0,0,0,0,2.022803115,0,0.588223321,1.000061363
2325,0,0,0,0,0,0,0,0,0,0,7.079810901,0,62.00955946,0
2326,40,116.1091091,0,1,2,0,58,0,5,0,9.018850907,0,147.8489133,2.435843362
2327,5,13.19421695,0,0,0,0,0,0,0,0,3.034205025,0,0.245093044,0
2328,2,5.277686779,0,0,0,0,0,0,0,0,9.102613376,0,0.739522092,0.858026237
2329,0,0,0,0,0,0,0,0,0,0,3.034204672,0,2.745042163,4.000245451
2330,0,0,0,0,0,0,0,0,0,0,5.057007786,0,125.1566153,11.00067499
2331,0,0,0,0,0,0,0,0,0,0,4.957009584,0,138.8303854,4.201225566
2332,0,0,0,8,11,0,223,5,15,0,6.657466299,0,164.0776382,1.799142611
2333,1,4.398072316,0,0,0,0,0,0,0,0,0,0,15.02196028,20.22774788
2334,0,0,0,0,0,0,0,0,0,0,0,0,21.66622564,29.00177952
2335,9,31.66612068,0,0,0,0,0,0,0,0,0,0,35.34241785,47.00288405
2336,50,123.1460249,5,4,13,26,91,10,9,17,1.011401557,0,149.212649,178.0109226
2337,0,0,0,0,0,0,0,0,0,0,0,0,19.01922068,25.00153405
2338,37,96.75759095,0,0,0,0,0,0,0,0,0,0,41.76385577,51.00312951
2339,0,0,0,0,0,0,0,0,0,0,3.034204672,0,5.146954056,4.000245451
2340,387,985.1681988,0,0,0,0,0,0,0,0,1.011401557,0,183.8197877,210.0128862
2341,13,32.54573514,0,0,0,0,0,0,0,0,3.034204672,0,3.529339924,5.000306814
2342,0,0,0,0,0,0,0,0,0,0,0,0,0,0
2343,0,0,0,0,0,0,0,0,0,0,0,0,20.34272317,0
2344,632,1667.749022,5,20,15,10,267,64,25,29,5.044929868,0,141.458611,39.56673536
2345,355,1019.473163,0,0,0,0,0,0,0,0,1.22E-07,0,20.27869705,27.09950906
2346,209,626.2854978,2,2,3,2,9,153,0,4,0,0,23.28383978,20.00122726
2347,36,104.6741211,0,7,5,6,80,9,6,3,1.011401557,0,34.90125036,47.00288405
2348,38,106.43335,0,0,0,0,0,0,0,0,3.034204672,0,1.862707182,2.000122726
2349,20,58.05455457,0,0,0,0,0,0,0,0,0,0,5.686158766,8.000490903
2350,9,25.50881943,0,16,5,0,275,4,16,0,4.34982751,0,82.77847601,14.69430183
2351,394,984.2885843,9,14,4,19,93,12,11,19,4.359569094,0,106.1173934,18.20987597
2352,0,0,0,1,0,1,12,1,4,4,1.011401557,0,7.499847338,9.000552266
2353,1158,2992.448404,1,7,2,11,174,8,11,2,1.011401557,0,63.82223029,49.00300678
2354,175,444.2053039,0,0,0,0,0,0,0,0,2.022803115,0,62.98016865,7.00042954
2355,1,2.63884339,4,1,6,6,37,10,9,14,0,0,5.392047106,1.000061363
2356,0,0,0,0,0,0,0,0,0,0,2.022802862,0,48.47939929,36.00220457
2357,77,196.1540253,1,2,3,29,73,3,6,3,2.022803115,0,111.9094867,55.00337496
2358,671,2632.686088,3,9,6,9,62,130,8,15,0,0,44.75399095,44.00269993
2359,723,1888.532253,20,13,9,64,157,7,20,70,0,0,32.25424524,35.00214751
2360,32,105.5537356,0,0,0,0,0,0,0,0,2.122988297,6.14E-09,2.042360818,2.066164069
2361,0,0,0,0,0,0,0,0,0,0,5.057007786,0,52.10678249,25.00153407
2362,0,0,27,12,13,136,184,9,27,75,4.625413104,0,72.40278521,10.25924609
2363,424,1052.018898,0,0,0,0,0,0,0,0,1.991144984,0,9.939796296,1.575055665
2364,452,1236.737935,0,0,0,0,1,39,0,0,2.739525032,0,15.26899628,18.28445745
2365,28,103.7945067,0,0,0,0,0,0,0,0,2.934019484,4.89E-09,15.31022729,1.934081572
2366,0,0,0,0,0,0,0,0,0,0,1.011401557,0,38.5286275,27.0016568
2367,0,0,0,0,0,0,0,0,0,0,1.474008199,0,45.79609231,21.03259744
2368,114,294.6708452,15,4,6,20,89,1,8,30,4.864413615,0,31.07473886,13.80788559
2369,263,811.0045351,0,0,0,0,0,0,0,0,1.499321473,0,10.96668689,13.58183946
2370,475,1980.012157,0,6,6,2,12,11,5,10,4.19E-09,0,25.75871364,31.9882165
2371,688,2121.630085,0,0,0,0,0,49,0,0,0,0,60.14583454,77.00472494
2372,0,0,0,0,0,0,0,0,0,0,1.288389086,1.06E-08,54.98114402,73.25173453
2373,58,162.7286757,0,0,0,0,0,0,0,0,0.734414028,1.09E-08,31.34062829,41.7553222
2374,0,0,0,0,0,0,0,0,0,0,3.034204672,0,92.98932102,5.000306814
2375,0,0,0,0,0,0,0,0,0,0,1.624633471,0,81.93802481,2.000123193
2376,31,110.8314224,0,0,2,1,98,13,3,0,4.231576318,0,22.88009196,2.019056461
2377,152,634.202028,0,0,0,0,0,0,0,0,0,0,20.39174178,11.00067499
2378,364,1100.397693,25,0,0,1,1,29,0,14,0,0,21.27407676,24.00147271
2379,335,1356.365502,0,0,0,0,0,0,0,0,0,0,16.42123437,22.00134998
2380,0,0,0,0,0,0,0,0,0,0,3.034204672,0,55.83219685,0
2381,0,0,38,34,11,66,184,14,23,99,1.037469343,0,104.2359181,0.125398446
2382,139,537.444437,0,0,0,0,0,0,0,0,3.303933073,0,22.45187459,24.62349046
2383,271,1097.75885,0,0,0,0,0,0,0,0,5.015684684,0,14.63403534,19.83778848
2384,457,1604.416781,24,0,0,2,55,0,26,2,0,0,28.18570078,31.00190225
2385,266,935.0301744,32,4,0,9,6,39,8,57,0,0,19.46038819,17.00104317
2386,87,255.0881943,0,0,2,0,5,32,1,1,0,0,6.274382087,6.000368177
2387,47,170.6452059,0,0,0,0,7,7,0,0,1.46E-07,0,2.554550162,2.563135165
2388,1,3.518457853,0,0,0,0,0,0,0,0,1.69E-07,0,2.61491439,3.352748095
2389,0,0,0,0,0,0,0,0,0,0,2.89E-11,0,3.75E-10,5.14E-10
2390,7,20.23113265,0,0,0,0,0,0,0,0,1.011401528,0,13.13698711,18.001104
2391,0,0,0,0,0,0,0,0,0,0,0,0,24.65636083,33.00202494
2392,0,0,0,0,0,0,0,0,0,0,5.057007786,0,1.617614132,2.000122726
2393,0,0,0,0,0,0,0,0,0,0,0,0,7.891996219,2.000122726
2394,0,0,0,0,0,0,0,0,0,0,5.057007786,0,26.76416109,36.00220906
2395,0,0,0,0,0,0,0,0,0,0,0,0,12.64680139,17.00104317
2396,0,0,0,0,0,0,0,0,0,0,0,0,8.82334981,12.00073635
2397,0,0,0,0,0,0,0,0,0,0,0,0,2.843079383,4.000245451
2398,0,0,0,0,0,0,0,0,0,0,5.057007786,0,10.53900116,2.000122726
2399,0,0,0,0,0,0,0,0,0,0,0,0,11.37231753,15.00092044
2400,0,0,0,0,0,0,0,0,0,0,0,0,10.34292672,14.00085908
2401,0,0,0,0,0,0,0,0,0,0,1.011401557,0,18.72510904,25.00153407
2402,0,0,0,0,0,0,0,0,0,0,0,0,23.52893283,31.00190225
2403,0,0,0,0,0,0,0,0,0,0,2.022803115,0,24.01911893,32.00196361
2404,0,0,0,0,0,0,0,0,0,0,2.991931212,0,42.53538783,8.875153904
2405,0,0,0,0,0,0,0,0,0,0,3.034204672,0,64.70456527,86.00527721
2406,0,0,0,0,0,0,0,0,0,0,0,0,21.12702093,28.00171816
2407,0,0,0,0,0,0,0,0,0,0,0,0,23.52893283,31.00190225
2408,0,0,0,0,0,0,20,2,0,0,0,0,21.76426286,29.00177952
2409,0,0,0,0,0,0,0,0,0,0,0,0,22.20543035,30.00184089
2410,0,0,0,0,0,0,0,0,0,0,0,0,23.62697005,32.00196361
2411,34,100.2760488,0,0,0,0,0,0,0,0,0,0,21.4701512,29.00177952
2412,0,0,0,0,0,0,0,0,0,0,0,0,23.52893283,31.00190225
2413,0,0,0,0,0,0,0,0,0,0,0,0,23.52893283,31.00190225
2414,0,0,0,0,0,0,0,0,0,0,0,0,22.79365368,30.00184089
2415,0,0,0,0,0,0,0,0,0,0,0,0,23.52893283,31.00190225
2416,21,49.25840994,0,0,0,0,0,0,0,0,0,0,45.04810264,60.00368177
2417,509,1477.752298,3,4,5,5,6,13,0,4,1.011401555,0,51.95972652,45.00276121
2418,387,1431.132732,3,14,4,8,60,142,4,27,0,0,35.04830619,28.00171816
2419,431,1519.094178,4,4,6,6,9,16,5,16,0,0,32.00915237,38.00233179
2420,0,0,0,0,0,0,0,0,0,0,26.29644049,0,0,0
2421,0,0,0,0,0,0,0,0,0,0,25.28503893,0,0,0
2422,0,0,0,0,0,0,0,0,0,0,73.83231368,0,0,0
2423,0,0,0,0,0,0,0,0,0,0,68.7753059,0,0,0
2424,1,3.518457853,0,0,0,0,0,0,0,0,20.22803115,0,0.04901861,0
2425,0,0,0,0,0,0,0,0,0,0,0,0,73.92006396,99.00607492
2426,0,0,0,0,0,0,0,0,0,0,0,0,32.6463943,44.00269997
2427,0,0,0,0,0,0,0,0,0,0,0,0,125.4386231,163.0100021
2428,0,0,0,0,1,0,41,0,0,0,0,0,64.21437917,75.00460222
2429,2,6.157301243,0,0,0,0,0,0,0,0,0,0,116.0760686,138.0084681
2430,0,0,0,0,2,0,36,0,0,0,0,0,1.862707182,0
2431,88,237.4959051,15,13,24,59,92,27,9,50,0,0,42.64619075,32.00196361
2432,0,0,0,0,0,0,0,0,0,0,0,0,8.82334981,12.00073635
2433,47,134.5810129,0,0,0,0,0,0,0,0,0,0,48.82253561,65.00398859
2434,138,453.0014486,0,0,0,0,0,0,0,0,0,0,88.13546088,118.0072408
2435,0,0,0,0,0,0,0,0,0,0,0,0,119.6544271,112.0068726
2436,261,700.1731127,0,0,0,0,0,0,0,0,0,0,42.79324658,49.00300678
2437,262,675.5439078,0,0,0,0,0,0,0,0,0,0,51.86168944,69.00423404
2438,400,1201.553357,13,11,18,12,46,51,5,24,0,0,36.66592032,36.00220906
2439,223,614.8505098,0,0,0,0,0,0,0,0,0,0,81.07678103,60.00368177
2440,373,1331.736297,0,2,5,0,56,1,2,0,0,0,96.84185809,47.00288405
2441,561,1812.005794,0,0,0,0,0,0,0,0,0,0,73.33184064,98.00601356
2442,629,2004.641362,6,8,13,13,35,55,6,20,0,0,40.68544635,44.00269997
2443,130,355.3642431,0,0,0,0,0,0,0,0,0,0,52.614788,55.50677407
2444,602,1897.328397,0,0,0,0,0,0,0,0,0,0,27.56727989,36.60183671
2445,917,2639.723004,8,2,3,7,18,77,3,14,0,0,74.85141755,74.00454085
2446,545,1709.090902,0,0,0,0,22,2,0,5,0,0,28.08766356,36.00220906
2447,206,557.6755697,0,0,0,0,0,0,0,0,0,0,25.47185796,32.49862606
2448,413,1498.863045,0,0,0,0,0,0,0,0,0,0,31.05897759,41.4029494
2449,439,1634.323673,37,8,5,1,31,4,4,46,0,0,41.02857662,29.00177952
2450,353,1107.434609,0,0,0,0,24,33,0,31,0,0,26.8131797,23.00141135
2451,242,626.2854978,33,8,14,45,25,10,9,81,0,0,28.7739241,20.00122726
2452,482,1362.522804,0,0,0,0,3,0,0,0,0,0,42.45011631,57.00349768
2453,166,495.2229428,0,0,0,0,0,45,0,0,0,0,31.81307793,27.0016568
2454,0,0,0,0,0,0,0,0,0,0,0,0,0.44116749,1.000061363
2455,161,439.8072316,0,0,0,0,0,0,0,0,2.382160458,0,10.84767332,8.132336865
2456,179,477.6306535,25,12,8,21,64,7,9,69,2.674847356,0,22.73007465,15.86913593
2457,664,2335.3764,5,7,3,12,10,3,4,18,0,0,50.1950567,62.0038045
2458,449,1560.436058,0,0,0,0,0,59,0,0,0,0,36.51886449,45.00276133
2459,426,1104.795766,0,0,0,0,0,0,0,0,0,0,20.88192788,28.00171816
2460,75,219.0240013,0,0,0,0,0,0,0,0,8.19023423,0,11.78914238,14.32732753
2461,115,353.6050142,37,9,8,32,9,19,5,64,3.946584435,0,12.08292148,11.67426892
2462,375,1036.185838,0,0,0,0,0,0,0,0,1.011401557,0,28.43079383,38.00233179
2463,706,2243.896496,0,0,0,0,0,0,0,0,1.011401557,0,62.64578365,84.00515448
2464,303,915.6786562,53,22,10,23,0,14,35,127,1.011401557,0,20.39174178,27.0016568
2465,998,3118.233272,0,0,0,0,0,42,0,0,0,0,52.59696859,68.00417268
2466,459,1661.591721,1,6,3,2,11,9,4,5,0,0,24.50930503,30.00184089
2467,1371,5075.375453,0,0,0,0,0,49,0,0,0,0,70.29268605,91.00558302
2468,888,2709.212547,0,0,0,0,0,39,0,0,1.011401552,0,56.12630843,72.00441803
2469,719,2169.129266,0,0,0,0,0,0,0,0,1.011401557,0,35.04830619,47.00288405
2470,1417,4368.165424,0,0,0,0,0,0,0,0,7.079810591,0,17.89179188,24.00147166
2471,595,1699.415143,12,79,2,10,99,59,53,80,0,0,48.62646117,40.00245451
2472,463,1738.997794,55,4,2,19,6,5,3,101,0,0,33.57774789,32.00196361
2473,737,2768.146716,0,0,0,0,0,0,0,0,0,0,36.12671561,48.00294542
2474,237,736.2373057,40,16,10,9,0,10,28,145,2.022803115,0,55.5871038,39.00239315
2475,768,2408.3844,23,7,8,0,0,4,26,93,4.354414619,0,11.42917042,15.61161272
2476,49,126.6644827,19,15,6,0,0,2,18,63,2.725396595,0,3.962673941,5.389676953
2477,558,2032.789024,12,3,1,1,4,6,3,48,0,0,31.27387321,37.00227043
2478,158,566.4717143,43,12,13,0,13,96,13,170,2.022803115,0,25.68575167,10.00061363
2479,510,1712.60936,20,5,0,14,1,9,5,29,0,0,29.50920325,33.00202497
2480,720,2587.825751,226,137,7,27,15,14,52,155,0,0,83.8708418,49.00300678
2481,935,3151.658622,0,0,0,0,0,0,0,0,0,0,60.68503925,72.00441813
2482,308,1080.166561,7,1,0,1,5,6,2,32,0,0,35.44045507,47.00288405
2483,194,692.2565826,0,0,0,0,0,410,0,0,0,0,29.70527769,13.00079772
2484,6,17.59228926,0,0,0,0,0,177,0,0,2.022803112,0,16.27417852,0
2485,461,1316.782851,4,1,4,0,0,4,2,14,0,0,34.21498982,44.00269997
2486,882,2749.674812,0,0,0,0,0,0,0,0,0,0,54.55771299,73.00447949
2487,921,3099.761368,52,18,11,31,139,11,83,189,1.011401557,0,73.57693369,62.0038045
2488,523,1592.981793,5,3,6,0,19,21,9,18,0,0,45.88141901,56.00343632
2489,506,1300.070177,0,0,0,0,0,0,0,0,0,0,37.45021808,50.00306814
2490,330,1150.535718,0,0,0,0,0,0,0,0,0,0,18.82314626,25.00153407
2491,329,1188.35914,0,0,0,0,0,0,0,0,0,0,16.12712174,22.00134866
2492,187,686.9788958,0,0,0,0,0,0,0,0,0.580689462,0,44.94036446,23.54132167
2493,84,285.8747005,31,4,5,1,15,36,15,160,0.743162691,0,22.90753742,17.63592213
2494,209,606.0543652,0,0,0,0,0,0,0,0,1.011401557,0,19.26431375,15.00092044
2495,1159,3662.714625,16,8,9,10,1,47,13,47,0,0,78.87094358,95.00582947
2496,218,631.5631846,36,4,11,0,1,44,41,73,1.011401557,0,30.29350101,19.00116589
2497,318,947.3447769,0,0,0,0,0,0,0,0,0.468358686,0,24.31114569,27.78643702
2498,257,817.1618363,45,11,6,0,0,10,27,109,0.543042869,0,28.18778579,32.21724492
2499,401,1311.505165,0,0,0,0,0,0,0,0,0.698950961,0,41.6017083,23.82674593
2500,0,0,80,26,25,183,35,29,79,224,0,0,89.94914945,0
2501,0,0,46,21,20,0,0,13,78,131,0,0,13.57815444,0
2502,1225,3936.274723,76,30,62,0,0,105,49,168,0,0,120.5367621,127.0077931
2503,1434,4350.573135,0,0,0,0,0,0,0,0,0,0,74.47638366,97.31174119
2504,483,1426.734659,0,0,0,0,0,0,0,0,1.011401557,0,51.64850044,68.69844489
2505,1035,3380.358382,21,6,4,0,7,16,7,76,2.022803115,0,64.4039545,77.01781805
2506,220,737.1169202,9,3,2,0,3,27,2,38,1.011401574,0,26.54271469,16.00098189
2507,75,234.8570617,138,230,37,3,39,78,107,681,2.022803042,0,99.65483066,10.00061327
2508,225,698.4138838,428,78,26,0,89,80,65,554,2.022803117,0,92.00793119,35.00214784
2509,50,160.0898323,573,444,22,1,55,77,48,768,0,0,104.6547305,7.000429406
2510,300,829.4764388,85,26,13,1,20,74,80,289,0,0,66.16546234,35.0021477
2511,585,1574.509889,115,253,15,27,82,349,207,443,0,0,105.0468813,41.00251588
2512,3,10.55537356,537,106,28,1,72,89,91,563,5.61E-08,0,75.46501641,2.78E-07
2513,464,1300.949791,163,248,20,22,19,14,76,171,0.082015947,0,59.85101713,34.73320225
2514,899,3082.169079,15,2,3,3,16,12,8,58,0,0,49.05867892,59.26869911
2515,161,547.9998106,2,30,5,1,2,82,144,102,0,0,29.85233268,14.00085869
2516,801,1907.883771,24,30,10,10,1,7,21,69,0.929385618,0,54.70547551,55.27232091
2517,639,1547.241841,50,17,8,0,4,30,25,100,3.034204665,0,44.8520281,49.00300667
2518,490,1613.212926,0,0,0,0,0,0,0,0,0,0,27.80005048,36.9891766
2519,1162,3941.55241,26,15,23,12,47,51,15,90,0,0,81.47788031,75.73958576
2520,1580,4337.378918,65,4,23,1,15,21,22,181,0,0,114.1153242,115.0070567
2521,659,1994.965603,0,0,0,0,0,0,0,0,6.068409344,0,48.2833309,64.00392722
2522,378,1369.559719,1,0,2,2,2,0,0,0,3.034204672,0,24.65636086,25.00153407
2523,1154,2619.491871,39,9,3,3,18,9,13,115,0,0,67.10647716,75.00460222
2524,434,1028.269308,66,19,55,6,6,55,39,124,1.011401557,0,64.26339778,28.00171816
2525,289,819.8006797,62,7,4,1,10,28,21,119,2.022803115,0,36.42082727,22.00134998
2526,0,0,161,17,101,13,19,29,55,329,3.034204672,0,46.22454928,0
2527,514,1432.012346,34,9,12,0,0,4,21,91,1.011401557,0,107.2638049,37.00227043
2528,96,220.7832303,89,96,10,3,22,94,59,319,0,0,41.22465106,6.000368177
2529,3,8.796144632,55,96,21,3,0,135,527,590,0,0,132.9986769,0
2530,870,2084.686278,0,0,0,0,0,0,0,0,1.011401557,0,43.28343268,58.00355905
2531,0,0,160,4,154,8,48,21,35,156,5.057007786,0,39.31292526,0
2532,0,0,0,0,0,0,0,0,0,0,0,0,0,0
2533,0,0,92,18,27,0,31,177,42,304,0,0,34.21498982,0
2534,568,1714.368589,0,0,0,0,0,0,0,0,2.022803115,0,34.31302704,46.00282269
2535,439,1307.107092,34,20,13,4,0,145,122,239,0,0,52.1558011,30.00184089
2536,0,0,262,65,84,1,82,593,128,898,1.92E-09,0,104.6057135,1.38E-08
2537,207,722.1634743,6,2,5,0,0,9,5,7,1.011401557,0,14.01932248,16.00098181
2538,250,896.327138,13,8,8,0,0,40,14,20,0,0,18.28394155,18.00110453
2539,90,305.2262187,20,12,15,1,0,62,22,48,0,0,16.66632742,10.00061363
2540,386,1001.001259,26,11,7,2,27,117,51,116,1.011401557,0,72.54815353,31.00190225
2541,267,1049.380055,0,0,1,0,0,48,0,0,0,0,15.83301105,18.00110453
2542,249,631.5631846,3,2,1,0,0,2,2,12,0,0,66.66632742,21.00128862
2543,306,858.5037161,127,16,163,94,49,66,117,405,0,287.884058,72.10637539,23.00141135
2544,424,1272.802128,4,0,0,2,1,1,2,18,0,0,22.20543035,28.00171816
2545,6,11.43498802,3,3,2,0,0,286,10,22,0,0,19.65646263,2.000122726
2546,230,716.8857875,72,29,20,1,0,25,126,146,2.022803115,0,43.43048851,15.00092044
2547,0,0,78,56,12,0,20,42,67,319,0,0,92.72480372,0
2548,0,0,45,10,9,4,176,52,91,208,0,0,33.03854318,2.000122726
2549,1006,2559.678088,88,64,53,1,900,159,141,1237,0,0,132.497303,16.00098181
2550,0,0,372,101,57,138,1055,391,690,1816,0,0,237.0539982,0
2551,0,0,27,9,6,3,358,33,69,134,0,0,32.25424542,0
2552,117,301.7077609,132,243,32,303,152,156,292,560,0,0,98.82151787,1.000061363
2553,40,100.2760488,35,72,50,0,2955,8,42,1404,0,0,224.7013085,1.000061363
2554,147,442.446075,52,8,11,4,38,72,105,215,0,0,33.43069206,10.00061363
2555,330,1009.797404,105,150,21,13,284,102,242,440,0,0,88.08644227,22.00134998
2556,0,0,105,275,6,8,239,39,109,192,0,0,48.57744256,0
2557,665,2032.789024,321,34,71,77,478,61,186,263,0,0,107.5958491,44.00269997
2558,2,4.398072316,11,0,6,0,4,7,5,23,0,0,18.43099738,0
2559,570,1669.508251,0,0,0,0,0,0,0,2,0,0,42.49913492,47.00288405
2560,364,1140.859959,50,26,7,0,0,7,32,110,4.045606229,0,47.84216341,29.00177952
2561,335,981.649741,0,0,0,0,0,0,0,0,3.034204672,0,16.61730881,22.00134998
2562,287,811.0045351,0,0,0,0,0,0,0,0,4.045606229,0,16.42123437,22.00134998
2563,246,738.8761491,0,0,0,0,0,0,0,0,1.011401381,0,15.04871066,20.00122377
2564,232,664.1089197,0,0,0,0,0,0,0,0,1.292125519,0,17.25296389,22.99747913
2565,356,1194.516441,0,0,0,0,0,0,0,0,2.022802939,0,41.76385214,32.00196084
2566,5,12.31460249,34,5,140,382,142,51,16,64,5.057007786,0,54.1165455,3.000184089
2567,89,245.4124352,0,0,0,0,0,0,0,0,0.731307103,0,9.781048937,13.03112344
2568,611,1828.718469,34,8,6,44,2,10,19,97,1.035667525,0,37.57845826,39.40367931
2569,7,23.74959051,0,0,62,165,118,1,1,2,2.022803115,0,19.65646263,3.000184089
2570,485,1526.131094,118,9,13,201,377,161,101,577,2.022803115,0,104.4096394,38.00233179
2571,1,2.63884339,298,2,317,314,357,13,18,93,0,0,73.57693369,0
2572,88,259.4862666,0,0,0,0,0,0,0,0,7.079810901,0,26.86219831,26.00159543
2573,1623,5121.115405,38,13,5,1,11,46,28,129,3.034204672,0,112.3996729,115.0070567
2574,464,1644.879046,0,0,0,0,0,0,0,0,0,0,63.97986333,35.0021477
2575,102,383.511906,30,29,30,0,0,142,54,99,3.034204672,0,31.42092904,16.00098181
2576,441,1405.623912,46,0,10,0,8,0,0,8,0,0,32.45031986,30.00184089
2577,284,1158.452248,0,0,0,0,0,0,0,0,0,0,16.61730881,22.00134998
2578,358,1014.195476,11,5,3,0,0,2,9,32,1.011401543,0,29.36214701,27.00165641
2579,584,1653.675191,4,4,6,0,14,22,18,16,1.27E-07,0,42.26067555,49.63386321
2580,578,1619.370227,0,0,0,0,0,0,0,0,6.77E-08,0,21.13993019,24.82819755
2581,620,1811.12618,0,0,0,0,0,0,0,0,0.339660764,0,27.722018,32.241827
2582,217,670.266221,2,0,1,28,2,0,0,4,0.488360747,0,39.85842994,46.35696452
2583,672,1992.326759,4,2,2,8,11,1,6,25,0.986506241,0,50.73828835,56.57582053
2584,557,1626.407142,28,19,7,0,0,7,75,91,6.85E-09,0,27.63859809,32.46068065
2585,693,1825.200011,0,0,0,0,0,0,0,0,3.53E-08,0,14.54702488,17.08495525
2586,670,1887.652638,0,0,0,0,0,0,0,0,0.183380017,0,14.96688673,17.407094
2587,273,799.5695471,8,1,0,1,1,3,2,7,0,0,26.32285908,18.00102661
2588,429,1097.75885,0,0,0,0,0,0,0,0,0,0,9.264517076,12.00073606
2589,670,2590.464594,0,0,0,0,0,0,0,0,4.045606229,0,32.84246874,44.00269997
2590,167,530.4075213,14,5,2,0,4,12,10,37,1.011401557,0,38.23451584,19.00116589
2591,58,210.2278567,0,0,0,0,0,31,0,0,0,0,4.411674905,4.000245451
2592,149,537.444437,2,2,1,0,2,2,71,2,0,0,12.45072695,11.00067499
2593,291,1127.665742,0,0,44,1,0,0,0,0,0,0,18.5290346,19.00116589
2594,189,706.330414,6,1,1,1,5,1,2,24,0,0,13.97030387,17.00104317
2595,157,452.1218341,0,0,0,0,0,0,0,0,1.011401557,0,10.93115004,15.00092044
2596,603,1677.424781,151,189,2,6,99,165,485,955,0,0,132.497303,40.00245451
2597,483,1357.245117,1,0,21,0,0,0,0,0,0,0,26.07790055,33.00202497
2598,383,1308.866321,9,1,0,0,0,36,21,30,0,0,27.10729136,31.00190225
2599,208,516.3336899,32,27,4,1,14,51,17,72,0,0,23.72500727,17.00104317
2600,180,455.6402919,126,25,14,1,82,40,65,336,0,0,50.34211253,14.00085908
2601,310,844.4298847,111,8,320,35,108,71,77,325,0,0,78.03772898,25.00153407
2602,17,45.73995209,193,142,11,5,69,54,218,351,0,0,53.18519191,1.000061363
2603,53,181.2005794,104,56,127,37,124,23,119,411,0,0,115.5673742,3.000184089
2604,279,774.0607276,88,15,14,7,17,36,82,257,0,0,40.34231607,23.00141135
2605,361,1259.607911,8,1,3,2,13,7,7,35,2.022803115,0,22.4505234,25.00153407
2606,168,589.3416904,28,21,1,8,2,82,2,19,0,0,20.29370456,13.00079772
2607,130,433.6499304,13,0,17,0,4,3,3,16,0,0,12.15661529,13.00079772
2608,128,357.1234721,72,7,12,0,12,33,47,203,0,0,28.13668217,11.00067499
2609,229,559.4347986,55,79,36,0,33,294,105,584,0,0,72.00833817,17.00104317
2610,233,595.4989916,20,10,16,130,61,214,50,122,0,0,45.39123291,17.00104317
2611,91,248.0512786,102,106,35,2,47,262,96,345,0,0,54.01850828,7.00042954
2612,156,555.9163408,0,0,0,0,4,73,0,0,0,0,14.65656441,14.00085908
2613,221,779.3384144,0,0,0,0,0,48,0,0,0,0,14.6075458,16.00098181
2614,148,367.6788456,30,5,23,0,14,64,12,97,0,0,19.55842541,10.00061363
2615,318,875.2163909,8,1,6,2,4,22,4,32,0,0,24.41126781,27.0016568
2616,235,649.1554739,108,19,141,3,421,244,87,343,0,0,92.84134922,20.00122726
2617,484,1497.103816,0,0,3,0,0,0,0,0,0,0,25.04850974,33.00202497
2618,268,664.1089197,286,71,26,434,1306,211,420,740,1.011401557,0,203.2412256,18.00110453
2619,429,1106.554995,41,2,45,2,11,6,6,73,0,0,17.94081128,4.000245451
2620,329,932.391331,0,0,0,0,0,0,0,0,0,0,16.61730881,22.00134998
2621,299,1090.721934,0,0,0,0,0,0,0,0,0,71.97101449,14.95067607,20.00122726
2622,281,965.8166806,7,8,2,0,0,18,10,22,0,0,20.58781622,23.00141135
2623,802,2093.482422,38,10,12,0,137,47,736,195,0,0,92.10596829,37.00227043
2624,648,1747.793938,0,0,0,0,0,0,0,0,0,0,31.81307793,42.00257724
2625,338,1234.099092,22,12,9,0,14,37,37,119,0,0,29.80331491,23.00141135
2626,459,1724.923962,1,0,0,0,38,34,1,47,0,0,28.96999854,31.00190225
2627,131,459.1587498,0,0,0,0,0,147,0,0,0,0,21.65656441,10.00061363
2628,254,803.0880049,0,0,0,0,0,0,0,0,0,11.07246377,14.36245275,19.00116589
2629,0,0,81,300,12,3,38,43,115,438,0,0,88.07678103,0
2630,0,0,419,127,57,75,1111,335,739,1517,0,0,232.2011558,0
2631,1,1,132,231,25,8,203,130,296,813,0,0,97.44899679,0
2632,165,615.7301243,4,0,0,51,12,1,0,152,0,0,18.97020209,11.00067499
2633,364,1370.439334,13,30,3,8,14,6,84,55,0,0,27.15630997,25.00153407
2634,336,782.8568723,0,0,0,0,12,0,0,70,0,0,20.63683483,22.00134998
2635,161,516.3336899,56,7,7,0,34,100,107,202,0,0,40.69541291,11.00067499
2636,96,301.7077609,417,130,20,1,71,84,183,530,0,0,80.19444605,8.000490903
2637,0,0,93,276,26,6,1448,87,220,396,0,0,141.7128017,0
2638,0,0,684,221,36,4,80,123,157,820,0,0,110.5859843,0
2639,2,5.277686779,340,415,9,14,56,82,95,302,0,0,68.47899825,0
2640,221,543.6017383,252,63,40,19,1476,168,375,723,0,0,192.7411747,19.00116589
2641,864,2272.923773,12,11,7,0,0,17,15,68,0,0,72.40048705,57.00349768
2642,713,1877.097265,12,9,10,0,4,36,27,79,0,0,44.75399098,47.00288405
2643,110,284.9950861,53,17,16,0,0,159,36,106,1.011401557,0,30.09742657,8.000490903
2644,241,640.3593292,78,28,20,0,0,13,62,179,0,0,25.24458418,34.00208634
2645,0,0,0,0,1138,5,0,0,0,0,0,0,56.12630851,0
2646,0,0,233,28,10,4,531,51,61,754,0,0,82.84145099,0
2647,639,1822.561168,0,0,0,0,0,0,0,0,0,0,31.37191043,42.00257724
2648,302,767.9034264,65,2,4,0,11,63,31,28,0,0,24.8524353,20.00122726
2649,117,292.9116163,0,0,0,0,0,0,0,0,0,0,6.127326257,8.000490903
2650,264,706.330414,59,20,30,0,1,15,80,151,0,0,53.67537801,30.00184089
2651,236,674.6642933,0,0,0,0,0,0,0,0,0,0,19.80351846,15.00092044
2652,445,1149.656103,0,0,0,0,0,34,0,0,0,0,26.3229936,33.00202497
2653,348,932.391331,58,6,95,3,15,11,29,75,0,0,53.28322913,35.0021477
2654,1652,4931.998295,0,0,0,0,0,0,0,0,0,0,90.48835416,121.0074249
2655,430,1190.118369,0,0,0,0,0,0,0,0,1.011401557,0,23.72500727,32.00196361
2656,1016,3171.889754,36,22,23,0,0,65,48,85,0,0,69.90053794,74.00454085
2657,112,258.6066522,292,147,6,86,23,28,15,217,0,0,45.8324004,7.00042954
2658,480,1159.331863,28,1,11,86,14,111,27,73,0,0,45.93043762,38.00233179
2659,120,313.1427489,115,12,13,387,80,86,80,311,0,0,59.9497601,9.000552266
2660,645,1862.143819,38,249,7,25,311,32,183,57,0,0,86.86097702,46.00282269
2661,423,1035.306223,219,467,146,56,84,85,196,526,0,0,117.5956455,25.00153407
2662,0,0,1001,282,33,16,77,113,132,917,0,0,128.2326839,0
2663,142,301.7077609,685,554,3,2,94,16,31,194,0,0,92.44909856,9.000552266
2664,456,1004.519717,228,205,40,184,182,103,156,637,0,0,116.5662547,39.00239315
2665,17,38.70303638,275,25,20,494,142,254,205,428,0,0,91.81185663,1.000061363
2666,189,349.2069419,152,124,83,135,50,11,77,258,0,0,54.01850828,14.00085908
2667,384,1012.436247,7,0,0,2,14,41,142,45,0,0,48.71493893,38.00233179
2668,319,742.394607,30,4,24,171,24,90,116,147,0,0,51.87155422,25.00153407
2669,540,1851.588445,97,71,9,1,20,28,110,273,0,0,57.74392264,36.00220906
2670,453,1200.673742,3,1,20,2,3,385,4,296,0,0,74.8319933,41.00251588
2671,538,1629.9256,9,2,2,69,21,12,21,36,0,0,45.64619075,46.00282269
2672,369,988.6866567,28,7,6,1,25,69,47,264,0,0,42.69520936,27.0016568
2673,401,1472.474611,680,279,46,20,239,91,206,634,0,0,130.8796888,30.00184089
2674,603,1972.975241,2,1,3,0,7,6,3,9,0,0,32.25424542,41.00251588
2675,301,893.6882946,0,0,0,0,0,0,0,0,0,0,15.29380634,20.00122726
2676,337,1022.112006,0,0,0,0,0,0,0,0,0,0,20.09763012,27.0016568
2677,434,1389.790852,1,0,0,3,6,1,0,98,0,0,29.99938935,33.00202497
2678,261,757.3480528,0,0,0,0,0,48,0,0,0,0,16.86240186,19.00116589
2679,240,655.3127751,0,0,0,0,0,96,0,0,0,0,18.38197877,18.00110453
2680,232,789.893788,0,0,0,0,0,0,0,0,0,0,14.50950858,19.00116589
2681,476,1702.053986,0,0,0,0,0,0,0,0,2.022803115,0,24.21519337,32.00196361
2682,369,1206.831044,3,1,1,1,0,208,2,6,0,0,30.19546379,25.00153407
2683,206,771.4218842,0,0,0,0,0,0,0,0,0,0,11.12722448,15.00092044
2684,293,676.4235222,0,0,0,0,0,0,0,0,0,0,16.76436464,22.00134998
2685,335,1017.713934,0,0,0,0,0,0,0,0,0,0,18.57805321,25.00153407
2686,418,1514.696106,0,0,0,0,0,0,0,0,0,0,24.31323059,32.00196361
2687,380,1264.885598,0,0,0,0,0,35,0,0,0,0,21.12702093,26.00159543
2688,309,1049.380055,0,0,0,0,0,0,0,0,0,0,25.77412765,25.00153407
2689,151,485.5471837,0,0,0,0,0,0,0,0,0,0,8.186107879,11.00067499
2690,350,1115.351139,0,0,0,0,0,61,0,0,1.011401557,0,20.63683483,24.00147271
2691,228,679.9419801,13,1,1,28,4,4,3,42,0,0,15.98006688,15.00092044
2692,727,2111.954326,0,44,0,0,1,122,0,0,0,0,44.16576766,48.00294542
2693,621,1793.533891,60,113,10,92,173,121,125,109,0,0,70.83189153,41.00251588
2694,398,1370.439334,0,1,7,1,45,4,10,18,0,0,24.90145391,28.00171816
2695,478,1419.697744,0,0,0,0,0,0,0,0,0,0,24.90145391,33.00202497
2696,231,904.2436682,296,56,20,42,349,52,70,131,0,0,63.13596975,17.00104317
2697,434,1508.538804,0,0,0,0,0,0,0,0,0,0,21.56818842,29.00177952
2698,382,1203.312586,0,1,13,1,17,48,1,23,0,0,23.82304449,25.00153407
2699,369,1365.161647,0,0,0,0,0,0,0,0,0,0,19.65646263,26.00159543
2700,229,722.1634743,4,0,0,0,12,36,2,15,0,0,17.15651352,18.00110453
2701,283,796.9307037,6,0,0,7,9,22,3,26,0,0,19.26431375,21.00128862
2702,481,1337.893599,228,211,8,74,43,199,76,344,0,0,57.98901569,39.00239315
2703,245,728.3207755,26,49,2,107,54,21,50,256,0,0,39.95016719,16.00098181
2704,225,881.3736921,0,0,0,0,0,0,0,0,0,0,11.2252617,15.00092044
2705,343,1176.044537,0,0,0,0,31,2,0,55,0,0,21.12702093,22.00134998
2706,67,214.625929,0,0,0,0,0,0,0,0,0,0,8.7743312,12.00073635
2707,362,1045.861597,69,30,2,27,14,11,55,179,0,0,37.84236696,25.00153407
2708,130,418.6964845,16,0,0,2,0,0,1,39,0,0,11.47035475,12.00073635
2709,76,249.8105076,0,0,0,0,0,0,0,0,0,0,4.264619075,6.000368177
2710,122,394.946894,0,0,1,0,5,4,2,2,1.011401557,0,7.548865948,9.000552266
2711,533,1477.752298,24,0,27,39,76,38,28,52,0,0,51.44025152,40.00245451
2712,96,277.9581704,0,0,0,0,0,0,0,0,0,0,6.470456527,9.000552266
2713,282,840.9114268,53,28,68,147,113,118,143,213,2.022803115,0,58.72429485,20.00122726
2714,203,518.9725333,0,0,0,0,0,0,0,0,0,0,10.34292672,14.00085908
2715,240,621.007811,0,0,0,0,0,0,0,0,0,0,12.49974556,17.00104317
2716,368,1137.341501,0,0,2,0,116,14,3,11,0,0,26.86219831,26.00159543
2717,154,385.2711349,20,4,18,57,399,122,90,51,0,0,45.58730735,11.00067499
2718,265,660.5904619,0,0,0,1,28,46,0,4,0,0,17.64669962,18.00110453
2719,1448,4590.707884,66,21,17,9,0,44,59,179,0,0,117.3015339,99.00607492
2720,1082,3923.96012,4,9,10,0,13,28,14,17,1.011401557,0,64.06732334,79.00484767
2721,448,1691.498613,0,0,0,0,0,0,0,0,0,0,22.05837452,29.00177952
2722,363,954.3816926,0,0,0,0,0,0,0,0,0,0,20.58781622,27.0016568
2723,366,1052.898512,0,1,61,3,215,13,0,34,0,0,36.42082727,27.0016568
2724,225,759.1072818,0,0,0,0,0,0,0,0,0,0,12.35268973,16.00098181
2725,317,1011.556633,0,0,0,0,0,0,0,0,0,0,18.57805321,25.00153407
2726,0,0,0,0,130,41,18,0,0,14,1.011401557,0,9.999796451,0
2727,106,290.2727729,326,45,70,956,540,107,153,943,5.057007786,0,173.3298052,12.00073635
2728,0,0,413,26,1019,212,181,189,61,534,2.022803115,343.2463768,133.9678613,0
2729,0,0,302,29,319,497,1228,23,31,938,2.022803115,0,165.2907531,0
2730,0,0,321,18,12,6,708,44,55,177,0,0,65.93003052,0
2731,435,1291.274032,6,0,4,100,14,0,0,12,0,0,31.81307793,36.00220906
2732,9,20.23113265,65,6,863,164,41,77,41,171,1.011401557,0,70.78287292,1.000061363
2733,35,97.63720542,73,6,731,190,23,71,43,204,0,0,72.6455801,9.000552266
2734,204,478.510268,0,0,0,0,0,0,0,0,0,0,12.84287583,17.00104317
2735,242,734.4780768,17,25,3,30,29,16,10,108,0,0,25.78378889,18.00110453
2736,324,724.8023177,131,32,36,100,72,142,317,477,0,0,96.12569787,23.00141135
2737,43,131.062555,40,63,0,8,40,163,0,223,0,0,26.76416109,4.000245451
2738,231,719.5246309,119,71,19,1,43,141,120,553,0,0,70.2339052,19.00116589
2739,307,1034.426609,0,1,0,0,9,105,2,32,1.011401557,0,23.72500727,21.00128862
2740,441,1289.514803,0,0,0,0,0,0,0,0,0,0,22.79365368,30.00184089
2741,0,0,171,130,32,438,378,82,225,559,1.011401557,0,191.5759159,0
2742,92,270.0416402,46,11,65,180,41,19,26,523,0,0,55.44004797,6.000368177
2743,240,686.0992813,8,12,4,0,13,1,15,24,1.011401557,0,22.00935591,24.00147271
2744,71,181.2005794,507,118,99,270,72,96,77,687,0,0,110.9291146,8.000490903
2745,234,705.4507995,48,20,7,47,89,108,106,271,0,0,42.94030241,17.00104317
2746,458,1431.132732,6,0,1,14,16,8,4,50,0,0,32.1562082,32.00196361
2747,436,1322.060538,0,0,0,0,0,0,0,0,0,0,22.30346757,30.00184089
2748,12,35.18457853,183,65,130,419,742,63,138,609,0,0,114.5564917,2.000122726
2749,0,0,71,29,214,129,52,31,104,170,1.011401557,0,53.47930357,0
2750,69,175.9228926,295,52,137,596,133,234,244,1001,1.011401557,0,147.4969977,7.00042954
2751,137,359.7623155,148,107,11,82,78,8,48,1435,0,0,95.48835416,16.00098181
2752,737,1796.172734,90,114,2,100,132,56,71,117,0,0,68.13586798,53.00325223
2753,645,1894.689554,24,7,4,36,20,180,21,397,0,0,71.35157021,45.00276133
2754,607,1889.411867,0,0,0,0,0,0,0,0,0,0,30.29350101,40.00245451
2755,371,1117.989983,5,53,211,28,524,63,22,102,0,0,69.06722157,24.00147271
2756,571,1602.657552,302,8,59,178,1439,50,54,143,0,0,139.0657967,37.00227043
2757,590,1326.458611,51,23,17,90,223,26,39,209,0,0,65.48886303,41.00251588
2758,271,740.635378,170,106,15,75,630,42,213,191,0,0,98.03722011,18.00110453
2759,676,1489.187286,1949,3,273,202,118,36,96,131,0,0,170.8788746,44.00269997
2760,630,1982.651,0,0,0,0,0,0,0,0,0,0,35.19536202,47.00288405
2761,0,0,36,2,152,519,48,9,5,71,0,0,41.37170689,0
2762,177,275.319327,57,24,4,111,26,35,107,272,0,0,38.96979499,12.00073635
2763,1877,3876.460939,115,368,99,168,1243,185,279,440,0,0,237.1520354,123.0075476
2764,488,1013.315862,67,5,6,17,367,22,23,48,0,0,51.12641029,33.00202497
2765,911,2133.065073,147,49,3,4,266,42,27,87,0,0,84.31200929,60.00368177
2766,653,1426.734659,188,120,10,44,350,29,71,62,0,0,86.17471648,43.0026386
2767,136,212.8667001,20,127,7,73,285,54,58,109,0,0,43.28343268,9.000552266
2768,31,60.69339796,47,3,51,66,252,20,99,107,0,0,32.00915237,4.000245451
2769,378,656.1923896,111,154,21,212,474,271,141,275,0,0,97.10586652,26.00159543
2770,562,1237.61755,65,252,22,12,452,56,205,72,0,0,84.94925122,39.00239315
2771,636,1946.586807,17,2,2,4,87,7,469,216,0,0,79.23380342,45.00276133
2772,465,1281.598273,9,6,5,17,109,59,21,40,0,0,49.97945623,33.00202497
2773,973,2528.011967,7,14,39,21,339,210,31,13,0,0,89.54733933,72.00441813
2774,434,1158.452248,3,0,0,1,4,112,6,12,0,0,32.59737569,34.00208634
2775,635,1600.898323,0,0,0,0,0,0,33,0,0,0,35.93064117,46.00282269
2776,655,2164.731194,0,0,0,0,0,0,0,0,0,0,36.71493893,49.00300678
2777,460,1332.615912,0,0,0,0,0,148,0,0,0,0,31.91111515,33.00202497
2778,557,1684.461697,0,0,0,0,0,0,0,0,0,0,27.7935519,37.00227043
2779,806,2615.093799,31,1,14,3,113,42,81,100,0,33.2173913,64.55761122,54.00331359
2780,168,494.3433283,36,17,11,10,1330,164,1576,15,0,0,179.721954,12.00073635
2781,365,1148.776489,2,0,0,2,3,5,0,0,0,0,19.95057429,26.00159543
2782,352,1041.463524,0,0,0,0,0,36,0,0,0,0,19.80351846,24.00147271
2783,678,1698.535528,0,0,2,1,27,154,1,46,0,0,46.66571677,47.00288405
2784,423,1276.320586,0,0,0,0,18,3,19,9,0,0,25.29360279,31.00190225
2785,318,1293.912875,0,0,0,0,0,0,0,0,0,0,21.30356935,23.00141135
2786,314,1027.389693,0,0,0,0,14,1,0,31,0,0,19.06823931,22.00134998
2787,278,821.5599086,148,28,39,117,99,294,716,490,0,0,116.4191989,31.00190225
2788,678,2125.148543,1,3,3,5,2,377,2,3,1.011401557,0,53.92047106,46.00282269
2789,431,1242.015622,0,1,2,1,136,109,6,23,0,0,36.96003198,38.00233179
2790,0,0,444,82,488,371,95,159,124,857,0,0,174.7222594,0
2791,41,105.5537356,11,3,3,0,1,3,9,37,3.37E-11,0,276.7465673,16.63605237
2792,962,2942.310379,0,0,0,0,0,0,0,0,0,0,55.29299214,67.00411131
2793,0,0,49,27,14,0,0,9,52,92,0,0,130.6836144,0
2794,0,0,53,14,5,1,0,6,36,94,0,0,15.88202966,0
2795,0,0,453,81,107,60,144,170,222,1398,1.011401557,0,147.3009232,0
2796,2412,6071.97864,0,0,0,0,0,0,0,0,0,0,116.395273,144.1967074
2797,3379,9285.210274,0,0,0,0,0,0,0,0,0,0,128.1006073,156.288999
2798,581,1845.431144,103,65,89,1,0,166,194,397,0,0,170.3897002,0
2799,0,0,30,12,10,0,0,7,36,103,0,0,61.22424396,0
2800,0,0,178,3,646,67,297,35,23,233,0,0,75.83178975,0
2801,420,1070.490802,17,13,4,3,0,7,26,76,0,0,61.19915269,75.81679257
2802,665,1658.952878,19,12,2,0,0,20,84,90,0,0,84.19899898,102.726894
2803,1578,4492.191064,0,0,0,0,0,67,0,0,5.51E-11,0,93.29491855,91.37057473
2804,631,1795.293119,0,0,0,0,0,34,0,0,0,0,32.6463943,41.00251588
2805,160,402.8634242,0,0,0,0,0,9,0,0,0,0,0.44116749,0
2806,527,1332.615912,44,207,20,0,112,38,128,435,0,0,67.79273771,11.00067499
2807,1,1.759228926,196,34,147,464,224,431,223,957,0,0,135.4384196,0
2808,298,882.2533066,3,2,13,0,0,18,6,16,0,0,18.77412765,21.00128862
2809,752,2232.461508,0,0,0,0,0,0,0,0,1.011401557,0,37.10708781,50.00306814
2810,1171,2435.652449,15,13,11,0,0,17,29,74,0,0,71.22404041,77.00472494
2811,496,1030.908151,49,12,17,0,20,24,53,169,0,0,51.86168944,32.00196361
2812,1,1.759228926,211,41,928,105,49,42,73,348,0,0,89.16485169,0
2813,376,1296.551719,0,0,0,0,0,0,0,0,0,0,19.70548124,26.00159543
2814,184,637.7204858,0,0,0,0,0,39,0,0,1.011401557,0,12.25465251,14.00085908
2815,383,1154.93379,24,27,8,14,9,61,43,149,0,0,39.75409275,30.00184089
2816,324,673.7846788,53,32,6,0,10,22,42,131,0,0,30.58761267,21.00128862
2817,0,0,336,70,173,425,361,111,359,843,0,0,134.4580474,0
2818,892,2459.402039,0,0,0,0,0,0,0,267,0,0,59.85172288,62.0038045
2819,2,6.157301243,5,2,59,0,3,35,16,30,1.011401557,0,9.16648008,0
2820,221,709.8488718,57,1,228,46,23,8,4,146,1.011401557,0,37.0580692,14.00085908
2821,159,435.4091593,15,1,0,0,7,23,13,89,0,0,15.73497383,11.00067499
2822,0,0,23,10,83,194,47,169,21,97,0,0,32.05817098,0
2823,33,102.9148922,103,20,1092,68,230,318,175,469,1.011401557,0,127.2523117,3.000184089
2824,25,55.41571118,828,54,356,152,1340,203,428,997,0,0,225.1914946,2.000122726
2825,331,745.0334503,0,0,0,0,0,88,0,0,0,0,21.22505815,23.00141135
2826,232,621.007811,56,186,11,2,25,94,126,316,0,0,50.58720558,16.00098181
2827,159,460.9179787,99,154,18,8,30,24,297,188,0,0,56.32238295,10.00061363
2828,686,2304.589894,0,0,0,0,0,31,0,0,0,0,36.37180866,46.00282269
2829,670,2070.612446,0,0,7,0,0,0,0,0,0,0,33.23461762,44.00269997
2830,145,450.3626052,0,0,0,0,0,0,0,0,0,0,8.82334981,12.00073635
2831,337,621.007811,64,9,16,7,299,21,178,112,0,0,51.86168944,22.00134998
2832,538,1871.819578,0,0,0,0,0,33,0,0,0,0,28.08766356,35.0021477
2833,427,1345.810129,55,67,85,4,40,25,80,172,0,0,67.05745855,29.00177952
2834,484,1309.745936,82,77,7,3,60,63,23,208,0,0,49.45977754,33.00202497
2835,316,840.9114268,0,0,0,0,0,253,0,0,0,0,28.52883105,22.00134998
2836,235,627.1651123,237,83,57,101,777,512,756,1174,0,0,202.5448967,17.00104317
2837,953,2112.833941,413,194,41,10,226,368,475,1231,0,0,194.1136958,63.00386586
2838,548,1618.490612,280,87,33,13,110,147,1356,681,0,0,208.5650334,35.0021477
2839,714,1657.193649,183,80,28,20,31,123,80,439,0,0,90.34129833,47.00288405
2840,589,1558.676829,4,0,1,6,0,2,0,12,0,0,30.04840796,38.00233179
2841,355,768.7830409,0,1,0,0,0,85,0,0,0,0,22.20543035,24.00147271
2842,701,2209.591532,14,43,5,12,124,34,291,116,0,55.36231883,70.39072404,51.00312951
2843,1592,4135.067592,115,81,42,18,27,78,70,251,0,0,143.2323786,147.0090203
2844,580,1709.970516,17,1,3,6,30,89,34,53,0,0,41.37170689,40.00245451
2845,383,861.1425595,139,41,8,34,62,48,142,247,0,0,66.8123655,26.00159543
2846,358,770.5422698,25,9,8,4,14,13,23,102,0,0,56.95962488,25.00153407
2847,827,2184.962327,32,8,6,2,20,60,57,237,0,0,61.56737423,55.00337496
2848,467,1367.80049,8,47,69,12,91,5,170,145,0,0,48.96959144,32.00196361
2849,431,1261.36714,218,19,7,2,64,49,156,333,0,0,64.94965832,29.00177952
2850,86,283.2358572,90,15,22,23,109,167,353,380,0,0,63.92026751,6.000368177
2851,369,1129.424971,68,11,12,3,98,172,1056,493,0,0,110.9291146,27.0016568
2852,13,36.94380746,60,16,25,24,88,60,158,238,0,0,35.44045507,1.000061363
2853,827,2497.225461,22,35,5,79,9,24,59,98,0,0,57.74392264,54.00331359
2854,386,1066.972344,7,0,3,19,10,48,498,10,0,0,37.10708781,33.00202497
2855,800,1510.298033,232,126,33,46,136,153,422,726,0,0,169.8494838,50.00306814
2856,261,636.8408714,91,131,72,1,101,242,191,229,0,0,71.02796597,17.00104317
2857,378,901.6048248,21,2,7,0,11,47,44,109,0,0,30.53859406,25.00153407
2858,534,1491.82613,0,0,0,0,0,0,0,0,0,0,26.61710526,36.00220906
2859,435,1343.171285,0,0,0,0,0,55,0,0,0,0,26.71514248,32.00196361
2860,0,0,27,9,8,225,1792,48,160,1136,0,0,170.1926141,2.000122726
2861,110,242.7735918,235,330,51,18,109,153,228,721,0,0,65.68493747,7.00042954
2862,491,1231.460249,22,2,5,3,6,55,14,96,1.011401557,0,36.42082727,41.00251588
2863,648,1749.553167,5,0,3,3,58,2,59,180,0,0,48.62646117,44.00269997
2864,234,738.8761491,4,3,4,0,201,188,142,353,0,0,55.68514102,15.00092044
2865,523,1366.920876,389,90,25,7,58,119,169,572,0,0,97.84114567,36.00220906
2866,520,1364.282032,126,103,14,3,98,66,111,690,0,0,113.5664583,33.00202497
2867,345,852.3464149,206,90,17,4,82,173,166,703,0,0,129.0169817,19.00116589
2868,393,1047.620826,1,0,0,0,96,101,0,25,0,0,30.58761267,26.00159543
2869,363,971.0943674,1,0,0,0,6,3,1,17,0,22.14492754,20.14664873,25.00153407
2870,109,320.1796646,3,71,1,0,285,4,80,44,0,121.7971014,29.95037074,8.000490903
2871,634,1970.336398,0,0,0,0,0,0,0,0,0,0,32.84246874,44.00269997
2872,445,1391.550081,0,0,0,0,0,0,0,0,0,0,21.86230008,29.00177952
2873,453,1261.36714,1,0,0,0,12,29,2,26,0,0,26.51906804,31.00190225
2874,636,1390.670466,136,45,24,2,115,146,186,598,0,0,106.7135141,41.00251588
2875,84,198.7928687,59,10,8,26,211,167,103,358,0,0,58.18509013,6.000368177
2876,462,1092.481163,0,0,0,0,6,0,13,0,0,0,23.52893283,30.00184089
2877,254,770.5422698,0,0,0,0,0,0,0,0,0,11.07246377,15.0977319,20.00122726
2878,602,1746.034709,48,10,14,7,15,74,16,150,0,0,52.05776388,47.00288405
2879,118,333.3738816,35,6,9,0,49,166,133,331,0,0,43.23441407,9.000552266
2880,399,1127.665742,17,0,3,2,61,1,33,74,0,0,31.6660221,30.00184089
2881,429,1260.487526,0,0,0,0,0,0,0,0,0,0,26.76416109,36.00220906
2882,360,901.6048248,13,0,1,0,12,10,12,58,0,0,43.01901715,32.00196361
2883,405,1172.526079,2,0,2,2,2,108,3,8,0,0,26.22495638,27.0016568
2884,662,1347.569358,2,0,0,0,1,0,26,13,0,0,35.04830619,44.00269997
2885,14,38.70303638,210,50,32,33,199,117,304,452,0,0,78.33173887,1.000061363
2886,215,651.7943172,27,45,6,0,17,20,41,95,0,0,37.45021808,12.00073635
2887,743,1869.180734,471,191,19,1,35,53,78,451,0,0,102.2528206,49.00300678
2888,329,857.6241016,161,61,21,68,274,101,154,547,0,0,93.18437771,31.00190225
2889,411,1093.360778,1,2,3,4,277,48,185,961,0,0,97.0078293,33.00202497
2890,70,200.5520976,112,126,16,1,422,83,382,530,0,0,89.40994474,5.000306814
2891,508,1455.761937,160,27,12,12,155,128,101,202,0,0,66.27316079,35.0021477
2892,639,1724.044348,0,0,6,0,29,159,11,31,0,0,52.02847484,46.00282269
2893,335,922.7155719,51,2,0,1,198,140,23,131,0,0,45.09712125,24.00147271
2894,548,1643.119817,0,0,0,0,0,0,0,0,0,0,30.53859406,41.00251588
2895,337,811.8841496,0,0,0,0,0,0,0,0,0,0,18.23492294,24.00147271
2896,0,0,496,94,26,2,53,68,89,527,0,0,67.7437191,0
2897,28,67.73031367,399,97,8,2,18,33,60,401,0,0,62.20461616,2.000122726
2898,70,174.1636637,1045,850,4,23,255,38,117,646,0,0,151.4184865,5.000306814
2899,568,1360.763575,816,156,51,7,176,189,229,1061,0,0,164.3593976,40.00245406
2900,203,545.3609672,61,89,15,90,31,57,96,276,0,0,46.46964233,13.00079772
2901,7,17.59228926,83,94,2,2,42,22,143,148,0,0,28.7739241,0
2902,0,0,611,643,49,21,129,206,252,1450,0,0,169.9475211,0
2903,212,479.3898825,141,72,6,2,244,54,284,284,0,0,74.55730589,13.00079772
2904,479,1157.572634,16,1,10,13,16,80,16,92,0,0,36.02867839,32.00196361
2905,428,1165.489164,0,0,0,0,0,0,0,0,0,0,24.06813754,32.00196361
2906,844,1608.814853,11,15,0,0,0,0,1,5,0,0,48.62646117,55.00337496
2907,456,1351.96743,4,0,1,0,5,58,5,32,0,0,27.74453329,30.00184089
2908,576,1608.814853,74,76,15,1,28,131,149,306,0,0,68.7240913,39.00239315
2909,399,882.2533066,95,34,28,4,72,97,98,389,0,0,75.88080836,29.00177952
2910,336,954.3816926,0,0,3,0,4,0,95,22,0,0,22.84267229,22.00134998
2911,420,1122.388055,79,251,7,40,194,122,371,217,0,0,84.94925122,28.00171816
2912,153,355.3642431,4,0,1,0,5,7,3,26,0,0,14.80362024,17.00104317
2913,331,870.8183186,0,0,0,0,0,57,0,0,0,0,20.58781622,24.00147271
2914,375,1021.232392,1,0,1,0,15,89,3,5,0,0,24.31323059,25.00153407
2915,467,807.4860772,22,12,13,1,56,64,216,172,0,0,51.32248473,31.00190225
2916,457,1478.631913,262,91,15,4,26,43,88,281,0,0,63.33204419,30.00184089
2917,358,862.022174,107,7,5,0,19,22,30,163,0,0,44.21478627,23.00141135
2918,74,179.4413505,175,11,53,9,35,33,70,1144,0,0,104.988405,4.000245451
2919,347,929.7524876,0,0,0,0,0,0,0,0,0,0,17.45062518,23.00141135
2920,343,1286.87596,0,0,0,0,0,0,0,0,0,0,16.86240186,23.00141135
2921,492,1302.70902,10,107,4,0,32,105,71,65,0,0,44.65595376,33.00202497
2922,287,774.0607276,6,0,10,2,8,2,3,14,0,0,16.81338325,19.00116589
2923,0,0,73,18,16,4,33,159,78,183,0,0,40.78348357,0
2924,125,316.6612068,37,8,72,2,444,173,59,79,0,0,51.12641029,8.000490903
2925,382,935.9097889,0,0,0,0,0,0,0,0,0,0,20.19566734,27.0016568
2926,0,0,57,3,88,0,10,12,24,83,0,0,16.27417854,0
2927,496,1329.977068,6,1,1,0,3,9,5,42,0,0,28.03864495,33.00202497
2928,181,466.1956655,8,3,27,0,1,2,9,29,0,0,17.69571823,11.00067499
2929,353,952.6224637,30,3,57,73,4,6,10,76,0,0,30.93074294,24.00147271
2930,939,2256.211098,173,141,52,3,88,548,301,888,0,0,155.87918,62.0038045
2931,212,528.6482924,8,2,3,1,3,5934,8,52,0,0,305.7780895,14.00085908
2932,591,1453.123093,0,0,1,0,1,7,0,33,0,0,31.61700349,39.00239315
2933,16,45.73995209,5,3,0,0,0,1,0,4,0.76121576,0,30.25234182,18.81701851
2934,608,1584.185648,0,0,0,0,0,0,0,0,0.006006107,0,33.16080597,42.15462442
2935,304,681.701209,46,13,10,0,0,5,42,89,0.241094429,0,9.581608772,5.959780123
2936,64,178.561736,24,3,6,2,9,52,10,58,0.003085262,0,23.37603634,10.07330244
2937,435,1235.858321,102,46,14,0,0,26,86,257,1.011401556,0,69.36133312,57.00349759
2938,351,1033.546994,39,2,18,35,8,8,9,55,2.022803115,0,39.21488804,38.00233179
2939,122,322.818508,0,0,0,0,0,335,0,0,1.011401557,0,22.4505234,8.000490903
2940,397,1038.824681,0,0,0,0,0,68,0,0,1.011401557,0,23.13678395,26.00159543
2941,356,1125.906513,0,0,0,0,0,0,0,0,0,0,22.8916909,31.00190225
2942,7,22.86997604,0,0,0,0,0,0,0,0,7.07981083,0,0.441167533,1.000061415
2943,572,1486.548443,0,0,0,0,0,0,0,0,0,0,31.66602133,42.00257623
2944,126,319.3000501,0,0,0,0,0,0,0,0,0,0,7.303772898,10.00061363
2945,6,20.23113265,0,0,0,0,0,0,0,0,3.166475049,0,5.601525393,3.913714143
2946,466,1496.224202,52,40,27,0,6,29,6,33,0.879131325,0,32.97612189,36.08874147
2947,439,1295.672104,11,19,0,0,2,5,3,25,0,0,25.04850974,29.00177952
2948,2,6.157301243,2,0,3,323,0,14,1,9,3.034204672,0,17.45062518,0
2949,2,3,54,2,21,111,15,18,17,93,3.034204644,0,18.52903443,1.06E-10
2950,37,92.35951864,15,1,13,2,5,98,11,69,3.034204452,0,18.18590301,9.000551612
2951,261,730.9596189,20,1,3,2,11,37,22,115,1.99E-10,0,30.93074288,27.00165674
2952,462,1138.221115,34,3,5,18,8,14,10,57,0,0,30.14644518,31.00190225
2953,299,840.0318124,0,0,0,0,0,65,0,0,0,0,18.43099738,20.00122726
2954,23,67.73031367,0,0,0,0,0,0,0,0,9.214017657,0,4.063616878,5.423580796
2955,6,13.19421695,66,8,63,252,18,11,63,296,0,0,56.17532712,0
2956,32,93.2391331,1,0,0,0,0,0,0,1,0.89999809,0,14.61247466,19.57795385
2957,98,294.6708452,5,0,2,0,20,8,26,21,0,0,29.2641102,34.00208634
2958,156,475.8714246,0,0,0,0,0,59,0,0,0,0,17.5486624,20.00122726
2959,96,302.5873753,0,0,0,0,0,0,0,0,0,0,86.67578511,33.00202497
2960,746,1902.606084,16,82,358,4,25,1,17,51,0,0,64.45947222,49.00300678
2961,321,1291.274032,0,0,0,0,0,25,0,0,0,0,16.96043908,21.00128862
2962,358,1065.213115,0,0,0,0,0,517,0,32,0,0,45.39123291,25.00153407
2963,826,1932.512976,0,0,0,0,0,17,0,0,0,0,41.32268828,54.00331359
2964,648,1893.809939,89,384,36,3,30,136,239,376,0,0,99.26268536,42.00257724
2965,175,697.5342693,42,195,3,0,13,135,36,159,0,0,38.67568333,11.00067499
2966,2,10.55537356,7,3,9,23,4,15637,8,32,0,0,772.9744619,0
2967,349,609.572823,1,1,0,0,6,181,17,25,0,0,30.7346685,23.00141135
2968,168,708.0896429,15,229,4,0,6,23,20,98,0,0,28.47981244,12.00073635
2969,434,784.6161012,45,22,3,1,23,43,198,250,0,0,51.46954056,29.00177952
2970,467,1379.235478,1,0,0,0,0,13,2,9,0,0,24.11715615,31.00190225
2971,562,1388.911237,0,0,0,0,0,0,0,1,0,0,27.59747746,37.00227043
2972,787,1766.265842,154,125,25,2,75,607,174,946,0,0,145.193123,55.00337496
2973,575,1710.850131,2,1,1,0,0,3,4,1,0,0,33.28363623,38.00233179
2974,466,1553.399142,19,6,6,1,6,11,9,96,0,0,30.58761267,31.00190225
2975,391,867.2998607,22,17,0,0,3,16,35,151,0,0,56.76355044,16.00098181
2976,416,1407.383141,0,0,0,0,0,0,0,0,0,0,20.39174178,27.0016568
2977,399,1043.222753,6,1,1,1,56,34,6,40,0,0,43.92067461,21.00128862
2978,288,1038.824681,8,24,0,8,6,1,67,7,0,0,20.09763012,19.00116589
2979,450,1038.824681,0,0,0,0,0,0,0,0,0,0,23.381877,29.00177952
2980,435,1434.65119,2,11,0,0,3,64,440,28,0,0,48.38136812,29.00177952
2981,230,504.8987019,354,234,47,6,135,126,254,660,0,0,103.0371183,15.00092044
2982,244,649.1554739,70,20,9,3,39,65,1276,369,0,0,103.4782858,16.00098181
2983,1,1,103,175,10,64,147,225,4759,526,0,0,297.3468886,0
2984,330,618.3689676,14,3,5,0,5,12,256,39,0,0,33.18559901,22.00134998
2985,109,182.9598083,123,39,47,6,64,518,120,924,0,0,97.89016428,7.00042954
2986,225,460.9179787,0,0,0,0,0,167,156,1,0,0,27.25434719,15.00092044
2987,650,1398.586997,4,6,1,0,1,4,12,13,0,0,42.00894882,36.00220906
2988,259,525.1298345,147,10,11,0,17,57,43,149,0,0,34.1169526,18.00110453
2989,364,794.2918603,43,26,2,0,30,56,32,330,0,0,45.8324004,15.00092044
2990,179,440.6868461,15,24,19,4,62,14,23,120,0,0,53.84206164,2.000122726
2991,322,704.571185,63,28,11,6,279,149,177,389,0,0,94.99806629,14.00085908
2992,197,391.4284361,7,6,0,0,0,1,9,14,0,0,14.50950858,12.00073635
2993,111,241.8939774,0,0,0,0,0,67,0,0,0,0,8.72531259,7.00042954
2994,116,250.690122,0,0,0,0,0,0,0,0,0,0,5.686158766,8.000490903
2995,261,644.7574015,17,5,1,2,9,20,17,90,0,0,22.84267229,18.00110453
2996,318,783.7364867,136,56,23,4,167,756,151,771,0,0,139.0167781,12.00073635
2997,184,454.7606775,107,45,15,834,70,203,334,461,0,0,130.1934283,7.00042954
2998,273,554.1571118,121,44,31,3,66,1165,127,676,0,0,125.3896045,15.00092044
2999,249,543.6017383,9,8,11,2,10,6,30,35,0,0,25.63673306,16.00098181
3000,337,705.4507995,81,12,4,4,18,38,46,238,0,0,39.65605553,22.00134998
3001,363,1074.00926,4,1,2,0,5,17,5,20,0,0,20.53879761,24.00147271
3002,0,0,166,40,46,7,90,260,1193,789,0,0,132.3992658,0
3003,423,1242.895237,0,0,0,0,0,0,0,0,0,0,22.00935591,29.00177952
3004,492,1287.755574,1,13,1,6,1,43,84,13,0,0,32.10718959,32.00196361
3005,291,742.394607,0,0,0,0,0,0,0,0,0,0,19.36235097,26.00159543
3006,222,540.0832804,43,3,11,4,16,117,9,49,0,0,25.73477028,14.00085908
3007,285,659.7108474,13,1,17,2,10,26,18,101,0,0,32.25424542,17.00104317
3008,1353,3349.571876,43,33,4,2,64,62,140,152,0,0,121.1740041,83.00509312
3009,177,365.0400022,42,33,10,2,6,20,30,131,0,0,23.62697005,11.00067499
3010,120,267.4027968,8,1,0,0,1,26,7,13,0,0,11.2252617,8.000490903
3011,337,709.8488718,2,0,3,0,10,7,6,29,0,0,40.58740913,21.00128862
3012,278,560.3144131,30,3,1,0,6,236,193,33,0,0,38.57764611,18.00110453
3013,434,1296.551719,16,1,2,8,4,59,10,35,0,0,28.62686827,29.00177952
3014,225,538.3240515,0,0,0,0,0,0,0,0,0,0,11.12722448,15.00092044
3015,144,446.8441473,10,0,10,0,4,11,67,42,0,0,14.90165746,10.00061363
3016,759,1443.447334,0,0,0,0,0,0,0,0,0,0,37.15610642,50.00306814
3017,242,674.6642933,1,0,1,0,1,1,2,8,0,0,15.587918,15.00092044
3018,70,198.7928687,28,5,3,1,17,20,39,194,0,0,18.18590433,4.000245451
3019,112,289.3931584,31,20,37,36,12,31,103,118,0,0,49.36174032,1.000061363
3020,423,1065.213115,25,3,88,2,14,6,80,78,0,0,36.32279005,28.00171816
3021,986,2997.726091,17,9,9,1,0,48,21,35,0,0,64.50849083,69.00423404
3022,167,512.8152321,30,5,9,0,0,2,16,49,1.011401557,0,24.31323059,11.00067499
3023,313,888.4106079,0,1,1,0,0,1,0,4,0,0,15.93104827,21.00128862
3024,1,3.518457853,658,263,126,9,296,325,452,2431,0,0,228.6718159,0
3025,1,1.759228926,345,376,30,2,58,104,105,594,0,0,84.45906512,0
3026,0,0,631,204,45,20,97,168,162,1001,0,0,117.8407386,0
3027,0,0,100,16,214,203,30,213,88,294,0,0,57.89097847,0
3028,0,0,109,81,41,1,898,33,1455,164,0,0,137.5952384,0
3029,545,1627.286757,50,7,14,10,177,18,45,90,0,0,56.76355044,38.00233179
3030,550,1324.699382,0,0,0,0,0,0,0,0,0,0,26.96023553,36.00220906
3031,174,511.9356176,37,12,27,10,49,19,18,87,0,0,27.3033658,13.00079772
3032,536,1618.490612,0,2,0,2,84,230,23,9,0,0,47.3029587,40.00245451
3033,0,0,73,8,231,56,111,44,63,427,0,0,55.78317824,0
3034,0,0,0,0,0,96,0,0,0,0,1.011401557,0,4.852842395,0
3035,813,2219.267291,5,1,32,1,13,87,8,15,0,0,54.80280604,56.00343632
3036,29,78.28568723,67,25,111,4,189,400,87,203,0,0,55.39102936,4.000245451
3037,0,0,6,2,7,0,5,13,9,20,4.045606229,0,3.284246874,0
3038,59,161.8490612,51,21,304,8,24,34,56,107,0,0,37.89138557,7.00042954
3039,0,0,281,18,623,147,84,49,51,284,1.011401557,0,88.03742366,0
3040,0,0,0,0,1187,69,0,0,2,244,1.011401557,0,73.72398952,0
3041,0,0,121,60,355,101,512,183,76,374,0,0,98.28231316,0
3042,130,351.8457853,111,53,2,0,0,2,4,9,0,0,26.17593777,9.000552266
3043,0,0,204,84,31,80,64,62,61,392,3.034204672,0,116.0869511,0
3044,0,0,37,2,364,79,46,5,6,45,0,0,30.58761267,0
3045,0,0,29,260,958,242,168,15,125,131,0,0,95.43923378,0
3046,224,729.20039,11,15,201,17,5,104,7,61,1.011401557,0,33.67578511,16.00098181
3047,185,536.5648226,14,49,4,14,12,8,62,73,0,0,21.02898371,15.00092044
3048,0,0,110,21,26,11,17,101,102,234,3.034204672,0,108.6752762,0
3049,24,87.08183186,0,0,0,0,0,0,0,0,3.034204672,0,9.01942425,12.00073635
3050,0,0,2,1,8,5,0,0,1,5,3.034204672,0,1.225465251,0
3051,334,1087.203477,88,20,48,154,89,77,45,189,0,0,53.82243384,24.00147271
3052,407,1096.879236,87,27,17,91,45,93,139,194,0,0,58.28312735,30.00184089
3053,497,1618.490612,0,0,0,0,0,0,0,0,0,0,24.95047252,33.00202497
3054,1,3.518457853,45,2,61,42,21,10,9,41,3.034204672,0,27.7935519,0
3055,296,1122.388055,6,2,3,3,0,76,9,13,0,0,28.87196132,31.00190225
3056,430,1636.962516,4,0,0,12,9,50,3,35,0,0,26.02888194,32.00196361
3057,296,681.701209,17,52,1,35,3,4,17,29,0,0,24.46028642,21.00128862
3058,375,870.8183186,23,10,9,94,18,25,12,90,0,0,36.17573422,30.00184089
3059,510,1345.810129,1,1,1,1,4,59,0,1,0,0,36.46984588,44.00269997
3060,330,1003.640103,0,0,0,0,0,0,0,0,0,0,17.84277406,24.00147271
3061,0,0,19,25,10,45,5,2,11,28,3.034204672,0,41.12661384,0
3062,470,1392.429695,61,62,3,40,206,123,111,293,0,0,39.45998109,38.00233179
3063,425,1005.399331,36,3,4,48,16,33,201,174,0,0,47.54805175,30.00184089
3064,319,767.9034264,148,180,1,72,32,111,50,178,0,0,59.41055539,27.0016568
3065,354,876.9756198,106,11,22,190,122,111,137,313,0,0,68.57703547,23.00141135
3066,238,545.3609672,134,2,4,29,13,210,30,111,0,0,39.41096248,17.00104317
3067,393,1159.331863,0,1,2,5,23,19,0,6,0,0,25.58771445,32.00196361
3068,304,935.0301744,0,0,0,0,0,85,0,0,0,0,21.02898371,23.00141135
3069,0,0,670,290,75,50,88,140,163,1079,3.034204672,0,207.9676577,0
3070,390,1050.259669,460,521,14,0,0,187,1985,2605,1.011401557,0,40.39133468,16.00098181
3071,118,353.6050142,320,149,13,47,36,168,42,503,0,0,69.41035184,8.000490903
3072,511,1477.752298,51,20,56,115,74,113,119,167,0,0,61.37129979,34.00208634
3073,264,571.7494011,40,5,4,39,27,24,9,84,0,0,25.88182611,19.00116589
3074,282,551.5182684,47,43,7,75,17,242,255,178,0,0,59.31251817,22.00134998
3075,457,1040.58391,0,0,0,0,0,42,0,0,0,0,27.35238441,34.00208634
3076,259,755.5888239,10,7,5,14,4,384,14,31,0,0,40.63642774,24.00147271
3077,357,1059.935428,2,6,6,0,273,20,12,8,0,0,34.01891538,24.00147271
3078,217,637.7204858,0,0,0,0,0,0,0,0,0,0,76.15641174,30.00184089
3079,611,1563.954516,47,9,103,21,96,8,29,136,1.011401556,0,64.61639281,41.00251589
3080,312,1151.415332,0,0,0,0,0,0,0,0,0,0,21.27407668,28.00171805
3081,518,1545.482612,0,0,0,0,0,0,0,0,0,0,85.76405525,41.00251394
3082,282,895.4475236,42,6,2,41,9,23,27,134,1.011125494,0,76.64400154,67.02756248
3083,53,137.2198563,5,0,21,40,7,8,3,25,0,0,33.00945769,16.00098181
3084,238,738.8761491,1,0,1,6,2,2,0,8,0,0,20.32319715,20.00122726
3085,240,687.8585102,0,0,0,0,0,43,0,0,0,0,16.86240186,20.00122726
3086,357,923.5951864,0,0,0,0,0,0,0,0,0,0,20.9799651,28.00171816
3087,206,615.7301243,0,0,0,0,0,0,0,0,0,0,28.66642919,16.00098181
3088,391,1250.811767,0,0,0,0,0,0,0,0,0,0,21.61720703,29.00177952
3089,159,443.3256895,0,0,0,0,0,0,0,0,0,0,11.96054085,16.00098181
3090,178,540.0832804,4,0,0,6,16,12,1,21,0,0,12.25465251,12.00073635
3091,114,348.3273274,0,0,0,0,0,0,0,0,0,0,6.568493747,9.000552266
3092,110,358.882701,0,0,0,0,0,0,0,0,0,0,9.852740621,13.00079772
3093,0,0,21,5,4,0,0,1,12,58,1.062691264,0,32.57654756,9.456983954
3094,0,0,49,25,32,0,0,16,78,147,2.982914966,0,91.44053987,26.54522521
3095,314,1052.018898,17,3,10,0,0,2,11,42,0.633310935,0,50.52242639,43.8347031
3096,435,1436.410418,0,0,0,0,0,0,0,0,0.393799724,0,55.41766366,48.07446548
3097,137,361.5215444,36,9,91,29,11,8,12,104,0.074943348,0,42.42638048,37.04508669
3098,86,314.9019778,7,0,4,4,13,5,2,27,9.17E-07,0,19.50959345,22.00152058
3099,97,315.7815923,18,2,14,25,8,0,8,46,0,0,12.74483849,10.00061353
3100,189,503.139473,36,2,6,48,8,33,8,65,0,0,23.67598866,18.00110453
3101,223,669.3866065,3,0,0,4,11,2,0,19,0,0,14.55852719,17.00104317
3102,221,716.8857875,0,0,0,0,1,53,0,0,0,0,14.36245275,16.00098181
3103,0,0,183,43,231,18,72,129,552,663,0,0,104.1155278,0
3104,135,387.0303638,12,14,6,0,0,10,22,73,0.515498425,0,39.23015567,39.75804057
3105,210,599.8970639,4,4,4,0,1,5,12,33,0.405525845,0,30.86108766,31.27635756
3106,249,668.506992,1,2,4,0,0,5,4,8,0,0,14.26441553,17.00104317
3107,210,783.7364867,0,0,0,0,0,0,0,0,0,0,15.63693661,21.00128862
3108,490,1573.630275,3,1,2,0,0,7,1,3,0,0,30.16038282,39.31770538
3109,295,1005.399331,0,0,0,0,0,0,0,0,0,0,16.4023026,21.65917902
3110,499,1643.999432,3,5,2,0,0,4,5,28,0,0,29.56321612,39.02925199
3111,180,506.6579308,12,17,3,2,14,7,37,50,0,0,22.05837452,24.00147271
3112,175,476.7510391,15,7,1,12,2,158,14,96,0,0,21.66622564,14.00085908
3113,322,1066.092729,0,0,1,2,7,79,1,102,0,0,27.49944024,23.00141135
3114,311,1019.473163,0,0,0,0,0,0,0,0,0,0,20.04861151,27.0016568
3115,243,556.7959552,108,39,68,16,13,101,18,157,0,0,49.70507414,19.00116589
3116,84,265.6435679,43,5,15,0,0,99,20,81,0,0,15.98006688,15.00092044
3117,147,491.7044849,0,0,0,0,0,0,0,0,0,0,8.382182319,11.00067499
3118,276,811.0045351,0,0,0,0,0,0,0,0,1.011401557,33.2173913,21.22505815,28.00171816
3119,419,1014.195476,0,0,5,4,0,0,1,0,0,0,34.36204565,46.00282269
3120,167,547.9998106,39,1,3,9,16,34,69,150,0,0,27.3033658,15.00092044
3121,39,127.5440972,0,0,0,0,0,0,0,0,0,0,4.362656295,6.000368177
3122,74,242.7735918,17,4,2,0,9,16,8,80,0,0,21.21539692,10.00061363
3123,78,252.4493509,0,0,0,4,0,0,0,0,0,0,9.509610351,12.00073635
3124,86,278.8377848,0,0,0,0,0,0,0,0,0,0,5.882233207,8.000490903
3125,79,216.385158,0,0,0,0,0,0,0,0,0,0,12.47708007,16.65301528
3126,129,412.5391832,0,0,0,0,3,0,0,2,0,0,11.37231754,15.00092045
3127,423,1309.745936,49,24,26,0,0,44,31,120,0,0,48.71669094,59.28705637
3128,1073,3316.146526,0,0,0,0,0,0,0,0,0,0,52.35968329,63.72049158
3129,1174,3914.284361,0,0,0,0,0,0,0,0,0,0,98.89320195,115.3550846
3130,20,46.61956655,0,0,0,0,0,0,0,0,32.36484983,0,7.205735678,10.00061363
3131,8,18.47190373,0,0,0,0,0,0,0,0,19.21662959,0,0.39214888,1.000061363
3132,0,0,0,0,0,0,0,0,0,0,4.744770608,0,25.04796672,0
3133,0,0,93,7,94,48,0,11,21,112,4.371622138,0,23.07809113,1.19E-08
3134,0,0,0,0,0,0,0,0,0,0,7.079810913,0,6.53E-08,0
3135,99,299.0689175,0,0,0,0,0,0,0,0,5.057007786,0,30.2444824,30.00184089
3136,0,0,174,33,33,57,45,169,72,466,1.011401557,0,95.58628961,20.00122726
3137,0,0,214,44,108,52,42,42,37,158,5.057007786,0,39.31292526,0
3138,0,0,149,8,197,185,0,17,37,152,4.031829062,0,21.28429462,5.95E-08
3139,0,0,0,0,0,0,0,0,0,0,7.079810396,0,0.784297705,1.000061291
3140,25,87.08183186,33,10,16,0,0,9,17,73,1.011401557,0,45.3422143,32.00196361
3141,0,0,137,58,20,113,40,23,25,237,1.011401557,0,69.55740767,23.00141135
3142,5,9.675759095,0,0,0,0,0,0,0,0,12.13681869,0,2.450930503,3.000184089
3143,13,30.78650621,0,0,0,0,0,0,0,0,8.091212458,0,2.205837452,3.000184089
3144,12,30.78650621,0,0,0,0,0,0,0,0,3.034204672,0,11.42133614,6.000368177
3145,0,0,19,0,11,22,0,4,2,10,7.839732172,0,4.68618112,0
3146,1,1.759228926,20,0,24,5,17,3,1,16,2.322682061,0,4.474704064,0
3147,282,672.0254499,41,17,60,41,1,7,24,107,0,0,27.25434719,22.00134998
3148,280,680.8215945,317,144,130,395,124,145,125,670,0,0,122.6445624,21.00128862
3149,15,37.82342192,0,0,0,0,0,0,0,0,6.068409344,0,1.519576912,2.000122726
3150,13,35.18457853,13,1,1,0,7,16,5,54,4.045606229,0,10.19587089,2.000122726
3151,18,41.34187977,0,0,0,0,0,0,0,0,5.983890159,0,0.870046055,0.986132775
3152,4,7.916530169,474,21,706,78,32,60,125,596,11.16153658,0,53.01756334,0.013928588
3153,0,0,320,61,234,39,90,1296,139,824,0,0,149.3981608,0
3154,0,0,554,7,210,18,151,21,43,243,1.011401557,0,78.25343122,0
3155,15,35.18457853,0,0,0,0,0,0,0,0,6.068409344,0,1.372521082,2.000122726
3156,19,45.73995209,0,0,0,0,0,0,0,0,5.057007786,0,1.813688572,2.000122726
3157,15,36.94380746,0,0,0,0,0,0,0,0,6.068409344,0,1.617614132,2.000122726
3158,0,0,169,7,462,56,56,19,24,189,0,0,57.74392004,0
3159,8,18.47190373,0,0,0,0,0,0,0,0,0,0,22.10739313,25.00153407
3160,6,14.07383141,0,0,0,0,0,0,0,0,6.068409344,0,1.666632742,2.000122726
3161,6,18.47190373,0,0,0,0,0,0,0,0,0,0,22.84267229,31.00190225
3162,4,7.916530169,0,0,0,0,0,0,0,0,5.057007786,0,0.19607444,0
3163,1,1.759228926,48,3,212,7,6,6,19,68,2.022803115,0,28.93094649,0
3164,1,4.398072316,320,13,406,68,64,56,54,389,0,0,94.89067315,0
3165,0,0,176,12,714,22,58,38,97,347,0,0,78.52781202,0
3166,2,3,0,0,0,0,0,0,0,0,0,0,28.96999854,39.00239315
3167,47,116.9887236,0,0,0,0,0,0,0,0,0,0,15.68595522,21.00128862
3168,3,5.277686779,0,0,0,0,0,0,0,0,5.057007786,0,2.450930503,3.000184089
3169,9,22.86997604,45,2,53,3,11,4,7,46,4.045606229,0,10.29390811,1.000061363
3170,4,9.675759095,0,0,0,0,0,0,0,0,0,0,9.11746147,12.00073635
3171,244,650.9147028,0,0,0,0,0,0,0,0,0,0,23.82304449,21.00128862
3172,2,3,0,0,0,0,0,0,0,0,0,0,24.26421198,15.00092044
3173,0,0,0,0,0,0,0,0,0,0,0,0,16.51927159,14.00085908
3174,3,8.796144632,6,1,0,0,3,6,1,18,0,0,20.24468595,17.00104317
3175,0,0,654,348,17,3,58,43,31,617,0,0,88.47859115,0
3176,205,547.9998106,0,0,0,0,0,0,0,0,0,0,23.92108171,20.00122726
3177,0,0,408,296,341,8,111,155,139,757,0,0,148.2525153,0
3178,0,0,827,451,45,2,78,138,148,956,0,0,145.8794853,0
3179,546,1466.31731,66,11,25,4,20,33,55,119,1.011401541,0,43.08735756,41.00251523
3180,76,177.6821216,158,62,29,4,42,69,128,348,0,0,47.98921924,6.000368177
3181,43,95.87797649,111,157,5,3,9,19,25,110,0,0,22.59757924,3.000184089
3182,134,365.0400022,2,0,1,0,9,69,2,13,0,0,11.86250363,9.000552266
3183,263,714.2469441,84,113,13,2,54,44,189,353,0,5.536231883,55.93023407,18.00110453
3184,294,666.7477631,43,31,28,3,7,16,94,83,0,0,29.16607298,19.00116589
3185,338,690.4973536,32,9,1,2,13,11,27,76,0,0,24.90145391,21.00128862
3186,186,369.4380746,54,94,73,1,6,8,7,159,0,0,29.60724047,13.00079772
3187,543,1399.466611,19,83,4,3,21,51,35,180,0,0,60.50869438,39.00239315
3188,331,1199.794128,0,0,0,0,0,59,0,0,1.011401557,0,27.25434719,33.00202497
3189,242,916.5582707,0,0,0,0,0,0,0,0,0,0,14.75460163,20.00122726
3190,195,732.7188479,8,4,0,0,0,0,8,17,1.011401557,0,19.90155568,15.00092044
3191,303,782.8568723,35,21,17,2,23,75,17,130,0,0,26.56808665,27.0016568
3192,59,153.9325311,0,0,0,0,0,110,0,0,0,0,8.529238149,4.000245451
3193,205,526.8890635,146,22,12,63,47,72,55,327,0,0,49.36174032,13.00079772
3194,248,670.266221,149,108,37,9,88,129,157,447,0,0,69.36133323,16.00098181
3195,262,704.571185,0,0,0,0,0,40,0,0,0,0,15.0977319,18.00110453
3196,241,621.8874255,28,0,0,0,0,84,0,5,0,0,18.33296016,17.00104317
3197,420,1366.041261,0,0,0,0,0,48,0,0,0,5.536231883,23.33285839,28.00171816
3198,185,660.5904619,0,0,0,0,0,122,0,0,0,0,18.18590433,16.00098181
3199,292,1045.861597,0,0,0,0,0,0,0,0,0,0,15.98006688,21.00128862
3200,113,340.4107973,30,3,4,1,9,31,10,128,1.011401557,0,19.75449985,12.00073635
3201,422,1395.948153,0,0,0,0,0,0,0,0,0,0,34.16597121,46.00282269
3202,531,1660.712107,20,7,17,3,4,16,5,39,0,0,33.82284067,37.00227014
3203,304,1066.092729,0,0,0,0,0,48,0,0,0,0,20.53879761,24.00147271
3204,325,685.2196668,21,8,6,4,8,21,190,45,0,0,31.96013376,22.00134998
3205,146,297.3096886,36,54,20,16,79,236,112,233,0,0,51.27346612,10.00061363
3206,173,434.5295448,15,20,0,0,5,20,1,157,0,0,18.92118348,12.00073635
3207,283,772.3014987,42,31,6,131,8,33,15,140,0,0,35.78358534,21.00128862
3208,214,543.6017383,3,14,0,0,2,5,13,12,0,0,12.74483861,14.00085908
3209,406,1181.322224,59,14,14,3,5,19,28,146,1.011401557,0,46.76375399,37.00227043
3210,275,716.8857875,1,0,1,0,1,1,0,22,0,0,14.95067607,18.00110453
3211,636,2111.074712,58,48,4,2,21,127,19,264,0,0,58.57723902,42.00257724
3212,378,1343.171285,4,0,1,0,10,9,3,20,0,0,28.57784966,35.0021477
3213,106,318.4204357,68,24,22,0,0,34,25,123,1.011401557,0,28.67588688,19.00116589
3214,148,316.6612068,84,54,42,3,52,132,92,459,0,0,57.10668071,10.00061363
3215,412,1116.230754,130,50,65,7,64,319,85,673,0,0,110.8800959,43.0026386
3216,279,689.6177392,0,0,0,0,0,93,0,1,0,0,18.5290346,18.00110453
3217,190,586.702847,0,0,0,0,0,0,0,0,0,0,9.803722011,13.00079772
3218,465,1550.760299,1,1,1,0,0,12,2,6,0,0,24.3622492,31.00190225
3219,390,1315.903237,4,1,1,0,7,76,1,24,0,0,23.57795144,27.0016568
3220,359,1287.755574,0,0,0,0,0,0,0,0,0,0,18.72510904,25.00153407
3221,563,1950.105265,0,0,0,0,0,0,0,0,0,0,28.52883105,38.00233179
3222,291,768.7830409,77,41,45,0,0,46,68,302,1.011401557,0,115.802806,40.00245451
3223,239,736.2373057,0,0,0,0,0,0,0,0,0,0,70.59778278,17.00104317
3224,397,1404.744298,32,5,5,1,15,80,12,152,0,0,35.73456673,28.00171816
3225,442,1464.558081,0,0,0,0,0,0,0,0,0,0,25.53869584,34.00208634
3226,263,852.3464149,0,0,0,0,0,68,0,0,0,0,17.64669962,19.00116589
3227,14,41.34187977,0,0,0,0,0,0,0,0,1.011401557,0,77.0781041,10.00061363
3228,39,133.7013984,0,0,0,0,0,0,0,0,2.022803115,0,3.578358534,5.000306814
3229,0,0,0,0,0,0,0,0,0,0,5.057007786,0,0,0
3230,157,482.0287258,0,4,0,5,1,0,3,16,0,0,13.1860061,14.00085908
3231,181,627.1651123,0,0,0,2,0,1,0,0,0,0,9.558628961,13.00079772
3232,257,723.0430888,58,2,49,126,21,9,6,58,0,0,37.94040418,27.0016568
3233,211,644.7574015,0,0,0,0,0,0,0,0,0,0,19.65646263,26.00159543
3234,196,585.8232325,0,0,0,0,0,0,0,0,0,0,41.46974411,55.00337496
3235,110,327.2165803,0,0,0,0,0,0,0,0,0,0,19.75449985,26.00159543
3236,295,890.1698368,0,0,49,7,1,182,0,0,0,0,26.42103082,20.00122726
3237,258,784.6161012,49,2,6,2,12,11,5,150,0,0,18.23492294,23.00141135
3238,0,0,13,11,6,0,0,3,7,27,2.022802787,0,39.99917933,20.00122402
3239,629,1691.498613,51,14,17,0,0,11,10,133,1.011401557,0,86.71422651,84.00515448
3240,57,168.0063625,0,0,0,0,0,0,0,0,1.011401557,0,24.75439808,24.00147271
3241,406,1169.007622,37,9,66,1,7,3,8,61,1.011401557,0,81.27336434,39.00239315
3242,93,276.1989415,3,0,2,0,4,0,0,3,1.011401557,0,24.55832364,20.00122726
3243,526,1304.468249,23,18,10,0,0,3,16,72,0.604077694,0,68.78450154,28.67061439
3244,280,738.8761491,0,0,0,0,0,0,0,0,0.407324316,0,46.38076537,19.33233555
3245,412,1091.601549,95,16,19,9,23,55,70,189,1.011401557,0,75.5866967,41.00251588
3246,16,41.34187977,81,4,96,139,28,11,5,84,0,0,28.52883105,5.000306814
3247,147,451.2422196,15,4,10,0,0,38,8,36,3.034204672,0,18.43099738,17.00104317
3248,195,574.3882445,0,0,15,0,0,0,0,0,2.022803115,0,19.95057429,22.00134998
3249,290,812.763764,1,0,0,0,0,1,0,7,1.011401557,0,37.85233352,40.00245451
3250,44,129.3033261,0,0,0,0,0,0,0,0,0,0,19.61741058,16.00098181
3251,18,56.29532565,0,0,0,0,0,0,0,0,0,0,2.058781622,3.000184089
3252,13,38.70303638,0,0,0,0,0,0,0,0,0,0,1.568595522,2.000122726
3253,13,39.58265084,0,0,0,0,0,0,0,0,0,0,1.960744402,3.000184089
3254,20,61.57301243,0,0,0,0,0,0,0,0,0,0,4.70578654,6.000368145
3255,641,2007.280205,41,17,11,0,0,5,15,80,1.011401557,0,77.44940389,85.00521584
3256,866,2455.883581,6,0,2,0,0,0,0,7,1.011401543,0,77.89057023,50.00306741
3257,106,328.0961948,0,0,0,0,0,0,0,0,2.022803003,0,9.166479574,10.00061308
3258,556,1702.053986,26,10,7,0,0,9,10,55,2.022803115,0,39.0188136,50.00306814
3259,4,14.95344587,0,0,0,0,0,0,0,0,4.045606229,0,1.225465251,2.000122726
3260,146,430.1314725,6,1,7,1,0,3,0,8,1.011401557,0,43.47991422,29.00177952
3261,224,665.8681487,197,120,50,5,59,208,70,511,0,0,79.26309061,22.00134947
3262,44,132.8217839,29,2,5,7,9,20,9,96,0,0,29.41727131,17.41580746
3263,270,764.3849685,3,31,4,0,3,4,3,47,0,0,43.21905633,25.58683155
3264,47,144.256772,0,0,0,0,0,0,0,0,5.70E-08,0,10.97252675,14.70934444
3265,86,253.3289654,0,0,0,0,0,0,0,0,9.34E-09,0,12.89953722,17.29262008
3266,212,577.9067023,0,0,0,0,0,0,0,0,1.415723578,0,15.0265735,17.2648167
3267,137,372.0769179,10,4,12,0,0,7,3,28,1.618481027,0,17.17865288,19.73745329
3268,60,175.0432782,0,0,0,0,0,0,0,0,0,0,13.4282255,18.05524074
3269,474,1488.307672,0,0,0,0,0,0,0,0,0,0,42.35495248,56.94936113
3270,152,409.9003399,132,63,22,39,20,32,27,255,0,0,34.85223175,15.00092044
3271,255,731.8392334,24,2,18,0,5,4,2,19,1.011401557,0,106.7145318,69.00423404
3272,456,1431.132732,2,1,3,0,0,0,1,7,2.022803115,0,101.2724484,91.00558402
3273,470,1461.919238,0,0,0,0,0,0,0,0,2.022803115,0,73.52791508,81.00497039
3274,522,1741.636637,0,0,0,0,0,0,0,0,1.011401557,0,57.64588542,71.00435676
3275,8,23.74959051,0,0,0,0,0,0,0,0,6.068409344,0,5.588121546,7.00042954
3276,21,65.97108474,8,1,2,0,2,17,3,28,2.022803115,0,8.235126489,7.00042954
3277,95,306.1058332,25,4,33,6,14,127,33,66,1.011401557,0,22.49954201,7.00042954
3278,147,429.2518581,11,8,1,6,70,13,3,51,0,0,20.9799651,10.00061363
3279,376,1101.277308,4,2,2,0,0,5,2,15,0,0,21.86230008,27.0016568
3280,193,592.8601482,3,0,0,0,0,2,0,10,0,0,22.84267229,30.00184089
3281,124,396.7061229,0,0,0,0,0,0,0,0,0,0,26.3229936,35.0021477
3282,547,1791.774662,25,84,20,24,3,10,1,29,0,0,66.47940534,59.00362041
3283,248,740.635378,130,2,6,6,8,67,4,74,0,0,27.84257051,29.00177952
3284,226,689.6177392,0,0,0,0,0,0,0,0,2.022803115,0,60.76385577,56.00343632
3285,77,254.2085799,0,0,0,0,0,0,0,0,2.022803115,0,26.8131797,36.00220906
3286,237,548.879425,52,29,2,23,13,17,22,88,0,0,29.27397499,28.00171816
3287,245,538.3240515,53,50,15,35,15,43,12,160,0,0,47.37180866,28.00171816
3288,233,637.7204858,19,5,2,1,8,22,64,59,0,0,37.5482553,36.00220906
3289,76,200.5520976,36,3,3,0,0,3,9,41,2.022803115,0,32.40130125,37.00227043
3290,79,221.6628447,10,4,3,0,9,16,17,88,0,0,18.5290346,14.00085908
3291,122,398.4653518,75,33,5,0,20,157,36,92,0,0,31.86209654,8.000490903
3292,260,585.8232325,24,7,10,21,74,18,25,105,0,0,31.51896626,25.00153407
3293,378,953.5020781,98,23,19,101,65,138,887,433,0,0,119.1152224,28.00171816
3294,335,881.3736921,2,0,0,0,0,0,1,4,0,0,59.08756179,35.0021477
3295,321,868.1794752,9,1,1,1,12,10,1,41,0,0,33.03854318,39.00239315
3296,217,716.8857875,0,0,5,0,24,0,3,4,0,0,12.94091305,15.00092044
3297,207,599.0174495,0,0,0,0,0,0,0,0,0,0,12.74483861,17.00104317
3298,293,924.4748008,0,0,0,0,0,50,0,5,0,0,22.84267229,27.0016568
3299,143,437.1683882,0,0,0,0,0,64,0,0,0,0,87.07790055,31.00190225
3300,218,651.7943172,0,0,0,0,0,0,0,0,0,0,62.79334835,50.00306814
3301,571,1697.655914,0,0,0,0,0,0,0,0,0,0,44.90104681,54.00331359
3302,317,961.4186083,2,1,5,0,0,2,2,11,1.011401557,0,26.27397499,35.0021477
3303,532,1608.814853,2,0,0,5,4,3,0,17,0,16.60869565,44.68544635,52.00319087
3304,280,911.2805839,10,0,1,12,4,9,1,44,0,0,27.20532858,31.00190225
3305,11,28.14766282,0,0,0,0,0,0,0,0,0,0,1.813688572,2.000122726
3306,295,832.1152822,3,1,0,0,2,69,1,11,0,0,68.74432974,45.00276133
3307,281,821.5599086,0,0,0,0,0,47,0,0,0,0,19.9995929,24.00147271
3308,309,880.4940777,0,0,0,2,3,0,0,0,0,0,17.98982989,23.00141135
3309,19,51.89725333,0,0,0,0,0,0,0,0,0,0,9.46059174,13.00079772
3310,359,1134.702658,0,0,0,0,0,0,0,0,0,0,23.97010032,32.00196361
3311,259,818.0414508,0,0,0,0,0,0,0,0,1.011401557,0,18.77412765,18.00110453
3312,331,1048.50044,0,0,0,0,0,0,0,0,1.011401557,0,23.52893283,24.00147271
3313,215,715.1265586,14,1,0,2,6,16,3,46,0,0,20.78389066,22.00134998
3314,362,1227.062176,0,0,2,1,0,7,1,7,0,0,22.59757924,29.00177952
3315,427,1286.87596,18,8,7,2,0,7,3,60,1.011401557,0,101.2724484,99.00607492
3316,415,1282.477887,19,1,2,30,15,13,11,104,0,0,47.25394009,50.00306814
3317,297,974.6128252,6,0,0,14,8,4,1,40,0,0,17.86484887,19.18277364
3318,358,1198.914513,44,12,17,0,2,22,19,124,0,0,61.4009957,45.00276116
3319,355,1198.914513,64,24,11,0,0,13,3,134,2.022803115,0,95.12651206,29.00177952
3320,484,1315.903237,0,0,0,0,0,0,0,0,0,0,38.72470194,52.00319087
3321,6,21.11074712,0,0,0,0,0,0,0,0,0,0,14.46048997,19.00116589
3322,5,7.916530169,0,0,0,0,0,0,0,0,0,0,14.95067607,20.00122726
3323,0,0,0,0,0,0,0,0,0,0,0,0,17.25455074,23.00141135
3324,9,36.06419299,0,0,0,0,0,0,0,0,0,0,17.30356935,23.00141135
3325,7,17.59228926,0,0,0,0,0,0,0,0,0,0,21.27407676,28.00171816
3326,10,25.50881943,0,0,0,0,0,0,0,0,0,0,17.00945769,23.00141135
3327,12,37.82342192,0,0,0,0,0,0,0,0,1.011401557,0,35.04830619,47.00288405
3328,8,24.62920497,0,0,0,0,0,0,0,0,0,0,36.96003198,49.00300678
3329,16,50.1380244,0,0,0,0,0,0,0,0,0,0,15.19576912,20.00122726
3330,7,22.86997604,0,0,0,0,0,0,0,0,0,0,19.75449985,26.00159543
3331,12,29.02727729,0,0,0,0,0,0,0,0,0,0,19.80351846,26.00159543
3332,9,23.74959051,0,0,0,0,0,0,0,0,0,0,22.10739313,30.00184089
3333,56,209.3482422,0,0,0,0,0,0,0,0,32.36484983,0,2.745042163,4.000245451
3334,16,55.41571118,0,0,0,0,11,2,0,0,24.27363737,0,13.08796888,17.00104317
3335,14,48.37879548,0,0,0,0,0,0,0,0,0,0,15.34282495,20.00122726
3336,4,16.7126748,0,0,0,0,0,0,0,0,0,0,18.87216487,25.00153407
3337,4,12.31460249,0,0,0,0,0,0,0,0,0,0,22.64659785,30.00184089
3338,10,32.54573514,0,0,0,0,0,0,0,0,0,0,18.23492294,24.00147271
3339,21,50.1380244,0,0,0,0,0,0,0,0,0,0,17.94081128,24.00147271
3340,7,14.95344587,0,0,0,0,0,0,0,0,0,0,30.04840796,40.00245451
3341,11,38.70303638,0,0,0,0,0,0,0,0,0,0,21.12702093,28.00171816
3342,13,44.86033762,0,0,0,0,0,0,0,0,0,0,22.8916909,31.00190225
3343,9,30.78650621,0,0,0,0,0,0,0,0,0,0,20.44076039,27.0016568
3344,19,65.97108474,17,1,2,1,6,16,4,62,0,0,57.489779,20.00122726
3345,25,61.57301243,11,0,13,1,3,1,0,15,0,0,15.14675051,17.00104317
3346,17,39.58265084,0,0,0,0,0,0,0,0,0,0,14.65656441,20.00122726
3347,16,39.58265084,17,2,2,1,5,16,6,62,0,0,70.86230008,22.00134998
3348,12,41.34187977,0,0,0,0,0,0,0,0,43.49026696,0,2.794060773,4.000245451
3349,271,785.4957157,0,0,0,0,0,0,0,0,0,0,31.27387321,42.00257724
3350,8,27.26804836,0,0,0,0,0,0,0,0,0,0,19.70548124,26.00159543
3351,8,26.3884339,0,0,0,0,0,0,0,0,0,0,19.85253707,27.0016568
3352,17,57.17494011,5,0,4,1,2,28,1,18,0,0,18.43099738,24.00147271
3353,14,31.66612068,0,0,0,0,0,0,0,0,0,0,21.81328147,28.00171816
3354,19,47.49918101,0,0,0,0,0,0,0,0,0,0,12.84287583,17.00104317
3355,21,51.01763887,0,0,0,0,0,0,0,0,0,0,65.68575167,34.00208634
3356,8,24.62920497,0,0,0,0,0,0,0,0,0,0,21.22505815,28.00171816
3357,10,34.30496407,0,0,0,0,0,0,0,0,0,0,19.70548124,26.00159543
3358,18,62.45262689,0,0,0,0,0,0,0,0,0,0,46.28394155,24.00147271
3359,22,76.5264583,1,0,2,0,1,1,0,4,0,0,26.12691916,34.00208634
3360,10,26.3884339,0,0,0,0,0,0,0,0,0,0,26.8131797,36.00220906
3361,16,39.58265084,0,0,0,0,0,0,0,0,0,0,29.01901715,33.00202497
3362,16,45.73995209,0,0,0,0,0,0,0,0,0,0,17.5486624,23.00141135
3363,125,365.9196167,0,0,0,0,0,0,0,0,1.011401557,0,29.90135213,40.00245451
3364,35,103.7945067,0,1,3,0,118,16,4,1,18.20522803,0,9.11746147,3.000184089
3365,7,20.23113265,3,0,0,5,2,3,1,15,4.045606229,0,24.3622492,31.00190225
3366,20,54.53609672,0,0,0,0,0,0,0,0,0,0,24.70537947,33.00202497
3367,13,34.30496407,0,0,0,0,0,0,0,0,0,0,23.92108171,32.00196361
3368,13,35.18457853,0,0,0,0,0,0,0,0,0,0,7.941014829,11.00067499
3369,16,44.86033762,0,0,0,0,0,4,0,1,0,0,9.705684791,13.00079772
3370,13,36.06419299,4,0,0,0,1,6,1,10,0,0,16.96043908,21.00128862
3371,7,20.23113265,0,0,0,0,0,0,0,0,0,0,20.14664873,27.0016568
3372,26,71.24877152,0,0,0,0,0,0,0,0,0,0,20.29370456,27.0016568
3373,27,75.64684384,2,0,6,2,1,1,0,3,0,0,64.08756179,25.00153407
3374,16,51.01763887,5,0,2,0,3,5,1,18,0,0,30.41126781,30.00184089
3375,35,92.35951864,0,0,0,0,0,0,0,0,0,0,25.44065862,26.00159543
3376,44,131.062555,49,12,10,0,0,23,16,87,0,0,40.4893719,37.00227043
3377,66,181.2005794,10,0,2,0,5,14,7,47,2.022803115,0,36.81297615,23.00141135
3378,4,10.55537356,0,0,0,0,0,0,0,0,1.011401557,0,1.127428031,2.000122726
3379,1,1.759228926,0,0,0,0,0,0,0,0,0,0,13.03895027,17.00104317
3380,3,8.796144632,0,0,0,0,0,0,0,0,1.011401557,0,22.98972812,31.00190225
3381,0,0,0,0,0,0,0,0,0,0,1.011401557,0,16.86240186,23.00141135
3382,0,0,0,0,0,0,0,0,0,0,1.011401557,0,18.97020209,25.00153407
3383,4,10.55537356,1,0,1,0,0,0,0,0,3.034204672,0,10.7350756,14.00085908
3384,9,24.62920497,0,0,0,0,0,0,0,0,4.045606229,0,1.666632742,2.000122726
3385,6,14.07383141,0,0,0,0,0,0,0,0,3.034204672,0,82.8904696,82.00503176
3386,3,8.796144632,5,1,1,0,0,1,0,2,3.034204672,0,112.8908767,7.00042954
3387,70,193.5151819,0,0,0,0,0,0,0,0,9.102614016,0,11.61741058,16.00098181
3388,19,52.77686779,0,0,0,0,0,0,0,0,0,0,1.421539692,2.000122726
3389,7,17.59228926,0,0,0,0,0,0,0,0,0,0,7.303772898,10.00061363
3390,7,20.23113265,0,0,0,0,0,0,0,0,0,0,44.13688572,24.00147271
3391,0,0,0,0,0,0,0,0,0,0,3.034204672,0,9.656666181,13.00079772
3392,0,0,0,0,0,0,0,0,0,0,2.022803115,0,28.08766356,32.00196361
3393,13,38.70303638,0,0,0,0,0,0,0,0,1.011401557,0,21.81328147,29.00177952
3394,0,0,0,0,0,0,0,0,0,0,1.011401557,0,77.93958999,59.00362041
3395,11,31.66612068,0,0,0,0,0,0,0,0,0,0,4.411674905,6.000368177
3396,7,16.7126748,0,0,0,0,0,0,0,0,0,0,12.64680139,17.00104317
3397,17,45.73995209,0,0,0,0,0,0,0,0,0,0,42.79375545,24.00147271
3398,8,22.86997604,0,0,0,0,0,0,0,0,0,0,26.96023553,36.00220906
3399,4,10.55537356,0,0,0,0,0,0,0,0,3.034204672,0,15.04871329,20.00122726
3400,1,1.759228926,0,0,0,0,0,0,0,0,2.022803115,0,48.43038673,43.0026386
3401,5,12.31460249,0,0,0,0,0,0,0,0,0,0,22.25444896,30.00184089
3402,4,10.55537356,0,0,0,0,0,0,0,0,0,0,20.63683483,28.00171816
3403,15,42.22149423,0,0,0,0,0,0,0,0,0,0,14.99969468,17.00104317
3404,25,71.24877152,0,0,0,0,0,0,0,0,1.011401557,0,38.23451584,51.00312951
3405,14,38.70303638,84,7,18,2,30,47,31,383,7.079810901,0,108.1656659,8.000490903
3406,0,0,61,13,55,19,16,24,25,174,1.011401557,0,42.79324658,10.00061363
3407,11,28.14766282,0,0,0,0,0,0,0,0,0,0,23.47991422,31.00190225
3408,45,126.6644827,0,1,2,0,69,6,3,0,0,0,47.7931448,58.00355905
3409,11,26.3884339,0,0,0,0,0,0,0,0,0,0,24.46028642,33.00202497
3410,542,1407.383141,20,2,6,57,24,8,10,52,3.034204672,0,73.23380342,67.00411131
3411,34,84.44298847,38,1,27,212,55,5,3,61,0,0,46.42062372,37.00227043
3412,63,155.69176,0,0,0,0,0,0,0,0,1.011401557,0,47.64608897,64.00392722
3413,9,19.35151819,0,0,0,0,0,0,0,0,1.011401557,0,28.18570078,38.00233179
3414,28,77.40607276,1,0,3,5,84,1,0,0,4.045606229,0,16.96043908,16.00098181
3415,38,144.256772,0,0,19,0,77,0,0,2,0,0,101.2146845,60.00368177
3416,102,321.9388935,0,0,0,0,0,0,0,0,0,0,38.77372055,52.00319087
3417,121,425.7334002,0,0,132,0,0,0,0,0,3.034204672,0,30.68564989,32.00196361
3418,592,1962.419867,51,13,33,146,95,8,13,104,3.034204672,0,165.6068334,23.00141135
3419,0,0,25,4,515,154,87,7,16,52,1.011401557,0,40.53839051,0
3420,336,872.5775475,34,51,8,94,19,226,17,170,0,0,76.44981098,38.00233179
3421,224,533.9259792,166,62,19,329,61,218,69,278,0,0,80.90043616,28.00171816
3422,7,23.74959051,589,47,95,30,98,6,3,1,1.011401557,0,44.31282349,0
3423,95,285.8747005,48,55,3,42,152,22,58,85,0,0,29.16607298,13.00079772
3424,363,920.0767285,3,30,1,8,14,77,1,8,0,0,49.07759523,46.00282269
3425,387,953.5020781,134,4,4,36,8,69,2,92,0,0,56.22434573,52.00319087
3426,604,1568.352588,16,39,1,56,7,67,53,57,0,0,81.05756033,65.00398859
3427,30,80.92453062,0,0,0,0,0,0,0,0,0,0,15.63693661,21.00128862
3428,448,1287.755574,32,23,15,83,104,5,12,116,3.034204672,0,56.91060627,30.00184089
3429,66,149.5344587,450,189,20,5,764,39,55,50,0,0,111.0181012,14.00085908
3430,384,811.8841496,0,9,0,1,55,6,58,17,0,0,28.47981244,32.00196361
3431,250,842.6706558,3,0,0,25,11,30,21,9,0,0,12.94091305,17.00104317
3432,327,1147.896875,16,0,32,0,0,0,0,0,0,0,18.18590433,23.00141135
3433,56,156.5713745,0,0,0,0,0,0,0,0,0,0,31.71504071,42.00257724
3434,677,1900.846855,0,0,0,0,0,0,0,0,1.011401557,0,84.26299068,75.00460222
3435,550,1600.898323,0,0,0,0,0,0,0,0,1.011401557,0,22.20543035,27.0016568
3436,291,862.9017884,0,2,1,0,158,16,5,10,0,0,23.92108171,19.00116589
3437,373,1049.380055,0,0,0,0,0,0,0,0,0,0,18.82314626,25.00153407
3438,247,717.765402,0,0,0,0,0,0,0,0,0,0,12.54876417,17.00104317
3439,30,95.87797649,0,0,0,0,0,0,0,0,1.011401557,0,62.44970921,51.00312951
3440,103,285.8747005,0,0,0,0,0,0,0,0,0,0,37.00905059,49.00300678
3441,216,610.4524375,0,1,0,0,22,2,0,0,0,0,28.08766356,38.00233179
3442,651,1994.965603,0,0,0,0,0,59,0,0,0,0,39.55801831,49.00300678
3443,655,2173.527339,0,0,0,0,0,0,0,0,0,0,37.30316225,50.00306814
3444,13,50.1380244,1,0,7,1,161,2,0,0,7.079810901,0,10.83311282,3.000184089
3445,334,1064.3335,0,0,0,0,0,0,0,0,0,0,21.20298357,27.82011058
3446,21,50.1380244,0,1,4,3,148,2,0,0,0,0,72.54845885,26.00159543
3447,8,18.47190373,0,0,0,0,0,0,0,0,1.011401557,0,69.65544489,67.00411131
3448,5,13.19421695,0,0,0,0,0,0,0,0,1.011401557,0,57.10668071,41.00251588
3449,25,58.93416904,0,0,0,0,0,0,0,0,0,0,68.66612387,36.00220906
3450,210,669.3866065,0,0,0,0,0,0,0,0,0,0,17.79375545,24.00147271
3451,3,4.398072316,0,0,0,0,0,0,0,0,5.057007786,0,0.931353591,1.000061363
3452,3,7.036915706,0,0,0,0,0,0,0,0,1.011401557,0,0.931353591,1.000061363
3453,6,14.07383141,0,0,0,0,0,0,0,0,0,0,1.715651352,2.000122726
3454,16,40.46226531,0,0,0,0,0,0,0,0,1.011401557,0,5.441065716,2.000122726
3455,0,0,0,0,0,0,0,0,0,0,0,0,0.588223321,1.000061363
3456,7,14.07383141,0,0,0,0,0,0,0,0,0,0,1.911725792,3.000184089
3457,694,2146.25929,0,3,0,0,85,3,4,16,0,0,54.21458272,62.0038045
3458,5,18.47190373,0,0,0,0,0,0,0,0,17.19382647,0,0.24509305,0
3459,44,160.9694468,0,0,0,0,0,0,0,0,28.3192436,0,2.156818842,3.000184089
3460,196,727.4411611,0,0,0,0,0,0,0,0,44.50166852,0,9.607647571,13.00079772
3461,113,421.3353279,0,0,32,0,17,24,0,0,60.68409344,0,11.02918726,10.00061363
3462,54,197.9132542,0,0,0,0,0,0,0,0,5.057007786,0,2.892097993,4.000245451
3463,52,190.8763385,0,1,3,0,93,9,1,0,2.022803115,0,9.754703401,5.000306814
3464,21,79.16530169,0,0,0,5,75,8,2,0,3.034204672,0,9.705684791,2.000122726
3465,7,20.23113265,0,0,0,0,0,0,0,0,1.011401557,0,1.470558302,2.000122726
3466,1,4.398072316,0,6,9,1,144,42,3,0,0,0,10.63703838,1.000061363
3467,879,2545.604257,0,0,0,0,0,0,0,0,0,0,45.58730735,61.00374314
3468,883,2369.681364,0,0,0,0,0,64,0,0,0,0,46.56767955,58.00355905
3469,6,14.95344587,0,0,0,0,0,0,0,0,0,0,1.568595522,2.000122726
3470,7,17.59228926,0,0,0,0,0,0,0,0,1.011401557,0,1.470558302,2.000122726
3471,3,11.43498802,0,0,0,0,1,0,0,0,1.011401557,0,1.176446641,2.000122726
3472,567,1527.010708,0,3,7,12,136,7,0,0,0,0,52.36194387,48.00294542
3473,233,668.506992,32,20,0,21,45,6,43,1,0,0,28.67588688,27.0016568
3474,420,1131.1842,0,0,1,0,27,0,0,0,0,0,23.43089561,29.00177952
3475,391,1116.230754,12,38,1,0,52,3,13,13,0,0,34.31302704,42.00257724
3476,936,2556.15963,3,20,22,17,220,52,13,3,3.034204672,0,65.29278859,64.00392722
3477,191,524.2502201,171,59,2,1,140,15,4,12,0,0,40.53839051,14.00085908
3478,577,1607.935239,45,97,26,14,216,37,2,16,0,0,47.49903314,38.00233179
3479,149,395.8265084,0,0,0,0,0,0,0,0,0,0,28.96999854,39.00239315
3480,548,1433.771575,0,0,0,0,0,0,0,0,0,0,52.30285693,70.0042954
3481,17,44.86033762,2,1,8,7,39,1,1,1,3.034204672,0,4.999898226,3.000184089
3482,831,2082.927049,0,1,0,0,35,13,1,0,0,0,28.82294271,23.00141135
3483,369,851.4668004,0,24,10,3,1020,332,46,8,0,0,102.448895,41.00251588
3484,326,882.2533066,33,54,2,0,119,8,9,15,0,38.75362319,61.28353445,36.00220906
3485,286,842.6706558,16,39,4,2,170,13,5,7,0,0,17.64669962,22.00134998
3486,767,2172.647724,0,0,0,0,0,0,0,0,0,0,40.44035329,54.00331359
3487,168,449.4829907,0,0,0,0,0,0,0,0,0,0,78.23370165,104.0063817
3488,518,1474.23384,0,0,0,0,0,0,0,0,0,0,40.53839051,54.00331359
3489,1,1,0,0,0,0,0,0,0,0,0,0,1.323502471,2.000122726
3490,91,246.2920497,0,0,0,0,0,0,0,0,1.011401557,0,9.06844286,12.00073635
3491,363,1078.407332,0,0,0,0,0,0,0,0,0,0,37.94040418,51.00312951
3492,134,375.5953758,0,0,0,0,0,0,0,0,0,0,17.00945769,23.00141135
3493,467,1413.540442,0,0,0,0,0,0,0,0,0,0,26.37201221,35.0021477
3494,414,1184.840682,0,0,3,4,8,4,1,1,0,0,21.32309537,27.0016568
3495,64,148.6548443,0,0,0,0,0,0,0,0,2.022803115,0,13.38208054,18.00110453
3496,21,60.69339796,0,5,9,22,580,67,11,0,2.022803115,0,37.30316225,4.000245451
3497,130,374.7157613,0,1,1,0,49,4,0,0,0,0,11.37231753,12.00073635
3498,2059,5549.487648,0,0,1,0,7,51,0,0,0,0,126.5761195,148.0090817
3499,429,1176.924152,0,12,14,0,359,9,10,0,1.011401557,0,64.11634195,28.00171816
3500,0,0,23,17,5,0,296,11,9,0,4.04560618,0,118.8211093,1.000061351
3501,705,2180.564254,0,2,0,0,14,7,0,0,1.82E-08,0,23.53670593,30.52919573
3502,1,1,0,55,28,0,1169,28,45,0,0,0,123.2818043,0
3503,16,58.05455457,0,0,1,1,75,7,0,0,334.7739155,0,4.901861005,1.000061363
3504,1,1.759228926,0,0,0,0,0,0,0,0,39.44466073,0,0.04901861,0
3505,0,0,0,0,0,0,0,0,0,0,86.98053393,0,0,0
3506,33,121.3867959,0,0,0,0,0,0,0,0,3.034204672,0,1.617614132,2.000122726
3507,25,92.35951864,0,1,1,2,80,10,1,4,89.00333704,0,6.127326257,2.000122726
3508,102,378.2342192,11,1,9,0,49,47,1,0,79.90072303,0,10.78409421,7.00042954
3509,48,139.8586997,0,0,0,0,0,0,0,0,202.2803115,0,2.352893283,3.000184089
3510,16,48.37879548,0,1,3,1,189,14,1,0,63.71829811,0,11.07820587,1.000061363
3511,178,507.5375453,0,0,0,1,14,2,0,0,7.079810901,0,9.558628961,12.00073635
3512,79,264.7639534,0,0,0,0,0,0,0,0,11.12541713,0,3.872470194,5.000306814
3513,13,47.49918101,0,0,0,0,0,0,0,0,48.54727475,0,0.637241931,1.000061363
3514,1,4.398072316,0,0,0,0,0,0,0,0,52.59288098,0,0.04901861,0
3515,56,159.2102178,0,0,0,0,0,0,0,0,0,0,2.745042163,4.000245451
3516,2,3,0,0,0,0,0,0,0,0,0,0,0.24509305,0
3517,0,0,0,0,0,0,0,0,0,0,0,0,0,0
3518,1,1,0,0,0,0,0,5,0,0,0,0,0,0
3519,0,0,0,0,0,0,0,0,0,0,0,0,0,0
3520,0,0,0,0,0,0,0,0,0,0,0,0,0,0
3521,1,1.759228926,0,0,0,0,0,0,0,0,0,0,0.04901861,0
3522,0,0,0,0,0,0,0,0,0,0,0,0,0,0
3523,32,90.60028971,112.4,152.2,0,0,0,0,0,114.3,0,0,0,0
3524,0,0,0,0,0,0,0,0,0,0,0,0,0,0
3525,18,83.56337401,0,0,0,0,0,0,0,0,0,0,2,0
3526,0,0,0,0,0,0,0,0,0,0,0,0,0,0
3527,4,8.796144632,0,0,0,0,0,10.5,0,31.5,0,0,0,0
3528,34,73.00800045,0,0,0,0,0,0,0,0,0,0,0,0
3529,6,14.95344587,0,0,0,0,0,0,0,37,0,0,0,0
3530,2,3.518457853,0,0,0,0,0,0,0,0,0,0,0.09803722,0
3531,10,21.99036158,0,0,0,0,0,0,0,0,0,0,0.490186101,1.000061363
3532,41,76.5264583,2,0,0,0,0,0,0,0,0,0,0,0
3533,54,146.0160009,0,0,0,0,0,0,0,0,0,0,0,0
3534,2,3.518457853,0,0,0,0,0,0,0,0,0,0,0.09803722,0
3535,0,0,0,0,0,0,0,0,0,0,0,0,0,0
3536,0,0,0,0,0,0,0,0,0,0,0,0,0,0
3537,0,0,0,0,0,0,0,0,0,0,0,0,0,0
3538,0,0,0,0,0,0,0,0,0,0,0,0,0,0
3539,0,0,0,0,0,0,0,0,0,0,0,0,0,0
3540,65,217.2647724,7.2,0,0,0,0.8,0,0,0,0,0,8,0
3541,0,0,0,0,0,0,0,0,0,0,0,0,0,0
3542,1,5.277686779,0,0,0,0,0,0,0,0,0,0,0,0
3543,0,0,0,0,0,0,0,0,0,0,0,0,0,0
3544,31.8,83.91521979,0,0,0,0,0,0,22,0,0,0,0,0
3545,29.6,113.3823043,0,0,0,0,0,0,0,0,0,0,0,0
3546,0,0,0,0,0,0,0,0,0,0,0,0,0,0
3547,5,21.99036158,0,0,0,0,0,0,0,0,0,0,0,0
3548,2,4.398072316,0,0,0,0,0,0,0,0,0,0,0,0
3549,0,0,0,0,0,0,0,0,0,0,0,0,0,0
3550,0,0,0,0,0,0,0,0,0,0,0,0,0,0
3551,0,0,0,0,0,0,0,0,0,0,0,0,0,0
3552,1,4.398072316,6,4,8,16,29,1,2,13,0,88.57971011,8.774331197,0
3553,0,0,0,0,0,0,0,0,0,0,1.011401557,0,0,0
3554,0,0,0,0,0,0,0,0,0,0,0,0,0,0
3555,5,7.916530169,0,0,0,0,0,0,0,0,0,0,0,0
3556,0,0,0,0,0,0,0,0,0,0,6.068409343,0,0,0
3557,0,0,0,0,0,0,0,0,0,0,0,0,0,0
3558,0,0,0,0,0,0,0,0,0,0,0,0,0,0
3559,3,6.157301243,0,0,0,0,0,0,0,0,0,0,0.14705583,0
3560,0,0,0,0,0,0,0,0,0,0,3.05E-08,0,21.95256563,28.47442469
3561,0,0,0,0,0,0,0,0,0,0,0,0,0,0
3562,0,0,0,0,0,0,0,0,0,0,0,0,0,0
