;TAZID,TOTHH,HHPOP,RETL,FOOD,MANU,WSLE,OFFI,GVED,HLTH,OTHR,FM_AGRI,FM_MING,FM_CONS,HBJ
1,0.0,0.0,0.0,0.0,0.0,0.0,0.0,0.0,0.0,0.0,0.0,0.0,0.0,0.0
2,19.0,45.0,0.0,0.0,0.0,0.0,0.0,0.0,0.0,0.0,0.0,0.0,3.0,1.0
3,30.0,75.0,0.0,0.0,0.0,0.0,0.0,0.0,0.0,0.0,0.0,0.0,3.0,1.0
4,1.0,3.0,0.0,0.0,0.0,0.0,0.0,0.0,0.0,0.0,0.0,0.0,0.0,0.0
5,79.0,222.0,0.0,0.0,0.0,0.0,0.0,0.0,3.0,0.0,0.0,0.0,10.0,5.0
6,4.0,10.0,0.0,0.0,0.0,9.0,0.0,0.0,0.0,0.0,0.0,0.0,1.0,0.0
7,49.0,123.0,2.0,0.0,0.0,31.0,0.0,0.0,0.0,7.0,213.0,0.0,9.0,4.0
8,62.0,174.0,19.0,0.0,0.0,0.0,41.0,0.0,0.0,2.0,0.0,0.0,9.0,4.0
9,19.0,46.0,0.0,0.0,0.0,103.0,0.0,0.0,0.0,0.0,0.0,0.0,3.0,1.0
10,27.0,68.0,0.0,0.0,0.0,108.0,0.0,0.0,0.0,0.0,0.0,0.0,4.0,1.0
11,10.0,27.0,0.0,0.0,0.0,0.0,0.0,0.0,0.0,0.0,0.0,0.0,0.0,0.0
12,21.0,58.0,0.0,0.0,0.0,0.0,0.0,0.0,0.0,0.0,0.0,0.0,3.0,1.0
13,0.0,0.0,0.0,0.0,0.0,0.0,0.0,0.0,0.0,0.0,0.0,0.0,0.0,0.0
14,0.0,0.0,0.0,0.0,0.0,0.0,0.0,0.0,0.0,0.0,0.0,0.0,0.0,0.0
15,1.0,3.0,0.0,0.0,123.0,168.0,0.0,0.0,0.0,10.0,48.0,0.0,6.0,0.0
16,1.0,3.0,0.0,0.0,3.0,85.0,0.0,0.0,0.0,24.0,0.0,0.0,3.0,0.0
17,4.0,12.0,0.0,0.0,0.0,0.0,0.0,0.0,0.0,0.0,0.0,0.0,1.0,0.0
18,0.0,0.0,0.0,0.0,524.0,249.0,0.0,0.0,0.0,0.0,0.0,0.0,14.0,0.0
19,301.0,849.0,17.0,0.0,0.0,11.0,0.0,0.0,0.0,0.0,0.0,0.0,29.0,14.0
20,203.0,438.0,14.0,0.0,0.0,2.0,0.0,0.0,0.0,26.0,0.0,0.0,26.0,12.0
21,0.0,0.0,0.0,0.0,432.0,45.0,0.0,0.0,0.0,0.0,0.0,0.0,10.0,0.0
22,3.0,7.0,0.0,0.0,11.0,0.0,0.0,0.0,0.0,0.0,0.0,0.0,0.0,0.0
23,4.0,12.0,0.0,0.0,22.0,31.0,0.0,0.0,0.0,0.0,0.0,0.0,1.0,0.0
24,178.0,501.0,0.0,0.0,0.0,0.0,0.0,0.0,1.0,0.0,0.0,0.0,16.0,8.0
25,404.0,1140.0,6.0,0.0,0.0,2.0,0.0,122.0,16.0,5.0,0.0,0.0,56.0,25.0
26,272.0,653.0,19.0,0.0,14.0,22.0,0.0,55.0,84.0,21.0,0.0,0.0,38.0,16.0
27,0.0,0.0,0.0,0.0,0.0,0.0,0.0,0.0,0.0,0.0,0.0,0.0,0.0,0.0
28,1.0,3.0,0.0,0.0,87.0,0.0,0.0,0.0,0.0,0.0,0.0,0.0,3.0,0.0
29,311.0,839.0,0.0,0.0,0.0,2.0,0.0,0.0,0.0,0.0,0.0,0.0,26.0,12.0
30,388.0,764.0,16.0,0.0,0.0,9.0,47.0,0.0,37.0,10.0,0.0,0.0,59.0,28.0
31,293.0,605.0,6.0,63.0,82.0,0.0,44.0,0.0,0.0,41.0,0.0,0.0,40.0,17.0
32,150.0,360.0,0.0,0.0,0.0,2.0,0.0,0.0,0.0,0.0,0.0,0.0,18.0,9.0
33,218.0,449.0,0.0,0.0,0.0,16.0,0.0,0.0,0.0,0.0,0.0,0.0,24.0,12.0
34,268.0,643.0,2.0,0.0,16.0,0.0,6.0,0.0,0.0,0.0,0.0,0.0,33.0,15.0
35,375.0,830.0,0.0,0.0,0.0,0.0,0.0,0.0,0.0,0.0,0.0,0.0,47.0,23.0
36,105.0,225.0,0.0,0.0,0.0,0.0,0.0,0.0,0.0,0.0,0.0,0.0,14.0,7.0
37,0.0,0.0,0.0,0.0,0.0,0.0,0.0,0.0,0.0,5.0,0.0,0.0,0.0,0.0
38,0.0,0.0,0.0,0.0,1599.0,0.0,0.0,25.0,4.0,0.0,0.0,0.0,34.0,0.0
39,80.0,216.0,19.0,0.0,0.0,0.0,0.0,0.0,4.0,122.0,0.0,0.0,14.0,5.0
40,391.0,770.0,43.0,0.0,0.0,25.0,65.0,96.0,33.0,60.0,0.0,0.0,70.0,30.0
41,145.0,286.0,243.0,0.0,0.0,0.0,0.0,0.0,30.0,114.0,0.0,0.0,29.0,10.0
42,87.0,172.0,0.0,0.0,0.0,0.0,3.0,0.0,0.0,81.0,0.0,0.0,13.0,5.0
43,258.0,571.0,0.0,0.0,0.0,2.0,0.0,46.0,50.0,0.0,0.0,0.0,34.0,15.0
44,133.0,343.0,0.0,0.0,0.0,0.0,0.0,0.0,0.0,0.0,0.0,0.0,21.0,10.0
45,120.0,309.0,0.0,0.0,0.0,0.0,41.0,0.0,0.0,0.0,0.0,0.0,10.0,4.0
46,0.0,0.0,0.0,0.0,0.0,0.0,0.0,0.0,0.0,0.0,0.0,0.0,0.0,0.0
47,3.0,7.0,0.0,0.0,0.0,0.0,0.0,0.0,0.0,0.0,0.0,0.0,0.0,0.0
48,11.0,30.0,0.0,0.0,0.0,0.0,0.0,0.0,0.0,0.0,0.0,0.0,1.0,0.0
49,0.0,0.0,86.0,27.0,0.0,0.0,0.0,0.0,0.0,0.0,0.0,0.0,3.0,0.0
50,4.0,12.0,0.0,0.0,13.0,47.0,37.0,113.0,58.0,5.0,0.0,0.0,7.0,0.0
51,7.0,16.0,0.0,0.0,12.0,45.0,19.0,0.0,15.0,0.0,0.0,0.0,3.0,0.0
52,67.0,130.0,0.0,0.0,190.0,0.0,0.0,0.0,30.0,1675.0,0.0,0.0,63.0,4.0
53,322.0,621.0,327.0,46.0,7.0,74.0,72.0,400.0,72.0,510.0,0.0,0.0,76.0,19.0
54,188.0,495.0,14.0,51.0,20.0,0.0,103.0,258.0,87.0,188.0,0.0,0.0,47.0,14.0
55,219.0,579.0,0.0,0.0,1.0,0.0,3.0,235.0,0.0,17.0,0.0,0.0,34.0,13.0
56,52.0,132.0,0.0,0.0,0.0,0.0,0.0,0.0,0.0,0.0,0.0,0.0,6.0,3.0
57,69.0,177.0,0.0,0.0,0.0,0.0,0.0,0.0,0.0,0.0,0.0,0.0,13.0,6.0
58,0.0,0.0,0.0,0.0,0.0,0.0,0.0,0.0,0.0,0.0,0.0,0.0,0.0,0.0
59,0.0,0.0,0.0,0.0,0.0,0.0,0.0,0.0,0.0,0.0,0.0,0.0,0.0,0.0
60,0.0,0.0,0.0,0.0,0.0,0.0,0.0,0.0,0.0,0.0,0.0,0.0,0.0,0.0
61,344.0,1010.0,0.0,0.0,0.0,0.0,0.0,0.0,0.0,0.0,0.0,0.0,36.0,17.0
62,271.0,795.0,2.0,0.0,0.0,0.0,0.0,0.0,0.0,14.0,0.0,0.0,34.0,16.0
63,26.0,60.0,0.0,0.0,0.0,0.0,0.0,239.0,0.0,0.0,0.0,0.0,9.0,2.0
64,296.0,871.0,0.0,86.0,0.0,0.0,0.0,0.0,0.0,24.0,0.0,0.0,40.0,18.0
65,367.0,860.0,49.0,0.0,0.0,0.0,0.0,6.0,1.0,26.0,0.0,0.0,50.0,23.0
66,183.0,336.0,60.0,25.0,0.0,0.0,0.0,0.0,9.0,43.0,0.0,0.0,33.0,14.0
67,182.0,479.0,97.0,0.0,0.0,0.0,3.0,0.0,1.0,43.0,0.0,0.0,29.0,12.0
68,228.0,600.0,0.0,0.0,0.0,0.0,0.0,0.0,22.0,19.0,0.0,0.0,33.0,16.0
69,39.0,102.0,0.0,0.0,0.0,0.0,0.0,0.0,0.0,24.0,0.0,0.0,6.0,2.0
70,137.0,252.0,0.0,0.0,0.0,0.0,9.0,0.0,0.0,17.0,0.0,0.0,16.0,7.0
71,0.0,0.0,0.0,0.0,0.0,0.0,0.0,0.0,0.0,0.0,0.0,0.0,0.0,0.0
72,123.0,324.0,2.0,0.0,0.0,4.0,0.0,0.0,0.0,84.0,0.0,0.0,16.0,7.0
73,4.0,13.0,0.0,0.0,0.0,0.0,0.0,0.0,0.0,0.0,0.0,0.0,1.0,0.0
74,0.0,0.0,0.0,0.0,0.0,0.0,0.0,0.0,0.0,0.0,0.0,0.0,0.0,0.0
75,176.0,517.0,6.0,15.0,0.0,0.0,0.0,50.0,117.0,17.0,0.0,0.0,27.0,11.0
76,116.0,340.0,0.0,0.0,0.0,0.0,0.0,0.0,7.0,2.0,0.0,0.0,13.0,6.0
77,103.0,302.0,0.0,0.0,42.0,0.0,0.0,187.0,635.0,10.0,0.0,0.0,44.0,11.0
78,564.0,1285.0,76.0,21.0,0.0,2.0,0.0,0.0,12.0,74.0,0.0,0.0,81.0,37.0
79,54.0,124.0,70.0,110.0,0.0,0.0,16.0,69.0,119.0,24.0,0.0,0.0,20.0,5.0
80,215.0,489.0,23.0,96.0,0.0,0.0,25.0,142.0,0.0,0.0,0.0,0.0,33.0,13.0
81,31.0,57.0,0.0,0.0,0.0,0.0,0.0,69.0,0.0,114.0,0.0,0.0,18.0,6.0
82,451.0,828.0,58.0,79.0,4.0,9.0,53.0,0.0,87.0,145.0,0.0,0.0,80.0,34.0
83,0.0,0.0,88.0,127.0,0.0,0.0,0.0,0.0,0.0,12.0,0.0,0.0,6.0,0.0
84,0.0,0.0,97.0,25.0,0.0,0.0,6.0,76.0,16.0,17.0,0.0,0.0,6.0,0.0
85,56.0,156.0,4.0,0.0,0.0,25.0,6.0,0.0,13.0,48.0,0.0,0.0,10.0,3.0
86,1.0,3.0,25.0,4.0,0.0,0.0,0.0,0.0,0.0,0.0,0.0,0.0,0.0,0.0
87,0.0,0.0,0.0,0.0,0.0,0.0,0.0,0.0,0.0,0.0,0.0,0.0,0.0,0.0
88,4.0,12.0,0.0,0.0,0.0,0.0,0.0,0.0,0.0,0.0,29.0,0.0,0.0,0.0
89,90.0,252.0,4.0,317.0,0.0,9.0,0.0,0.0,0.0,43.0,0.0,0.0,14.0,3.0
90,72.0,200.0,592.0,76.0,22.0,0.0,187.0,63.0,0.0,10.0,0.0,0.0,29.0,4.0
91,272.0,763.0,0.0,0.0,0.0,4.0,137.0,0.0,3.0,26.0,0.0,0.0,37.0,17.0
92,283.0,795.0,0.0,0.0,9.0,2.0,12.0,0.0,25.0,33.0,0.0,0.0,33.0,15.0
93,0.0,0.0,0.0,0.0,0.0,0.0,0.0,0.0,0.0,0.0,0.0,0.0,0.0,0.0
94,29.0,85.0,0.0,0.0,0.0,0.0,0.0,0.0,0.0,0.0,0.0,0.0,4.0,2.0
95,334.0,989.0,0.0,51.0,0.0,2.0,6.0,0.0,25.0,36.0,0.0,0.0,46.0,21.0
96,331.0,927.0,0.0,0.0,0.0,0.0,0.0,0.0,12.0,5.0,0.0,0.0,50.0,24.0
97,0.0,0.0,0.0,0.0,0.0,0.0,0.0,0.0,0.0,0.0,0.0,0.0,0.0,0.0
98,0.0,0.0,0.0,0.0,0.0,0.0,0.0,0.0,0.0,0.0,0.0,0.0,0.0,0.0
99,0.0,0.0,0.0,0.0,0.0,0.0,0.0,0.0,0.0,0.0,0.0,0.0,0.0,0.0
100,27.0,67.0,0.0,0.0,0.0,0.0,0.0,0.0,3.0,0.0,0.0,0.0,3.0,2.0
101,606.0,1500.0,0.0,15.0,0.0,11.0,6.0,21.0,32.0,48.0,0.0,0.0,76.0,35.0
102,0.0,0.0,0.0,0.0,0.0,0.0,0.0,0.0,0.0,0.0,0.0,0.0,0.0,0.0
103,301.0,744.0,0.0,0.0,0.0,4.0,0.0,0.0,3.0,2.0,0.0,0.0,34.0,16.0
104,90.0,223.0,0.0,0.0,1.0,0.0,0.0,142.0,0.0,0.0,0.0,0.0,14.0,5.0
105,37.0,87.0,0.0,5.0,0.0,0.0,0.0,0.0,0.0,0.0,0.0,0.0,6.0,2.0
106,10.0,24.0,12.0,0.0,0.0,0.0,0.0,0.0,0.0,0.0,533.0,0.0,3.0,1.0
107,0.0,0.0,0.0,0.0,0.0,0.0,0.0,0.0,0.0,0.0,0.0,0.0,0.0,0.0
108,13.0,30.0,0.0,0.0,0.0,0.0,0.0,0.0,0.0,0.0,0.0,0.0,1.0,1.0
109,0.0,0.0,0.0,0.0,0.0,0.0,0.0,0.0,0.0,0.0,0.0,0.0,0.0,0.0
110,3.0,6.0,0.0,0.0,0.0,0.0,0.0,0.0,0.0,0.0,0.0,0.0,0.0,0.0
111,0.0,0.0,0.0,0.0,0.0,0.0,0.0,0.0,0.0,0.0,0.0,0.0,0.0,0.0
112,0.0,0.0,0.0,0.0,0.0,0.0,0.0,0.0,0.0,0.0,0.0,0.0,0.0,0.0
113,34.0,80.0,0.0,0.0,0.0,0.0,0.0,0.0,0.0,0.0,0.0,0.0,4.0,2.0
114,44.0,108.0,0.0,0.0,0.0,2.0,0.0,0.0,0.0,0.0,0.0,0.0,6.0,3.0
115,0.0,0.0,68.0,0.0,0.0,0.0,0.0,0.0,0.0,0.0,0.0,0.0,1.0,0.0
116,0.0,0.0,0.0,0.0,22.0,0.0,0.0,0.0,0.0,0.0,0.0,0.0,0.0,0.0
117,27.0,64.0,25.0,0.0,0.0,0.0,0.0,0.0,0.0,0.0,0.0,0.0,4.0,2.0
118,6.0,14.0,0.0,0.0,0.0,0.0,0.0,0.0,0.0,0.0,0.0,0.0,0.0,0.0
119,0.0,0.0,0.0,0.0,0.0,0.0,0.0,44.0,0.0,0.0,0.0,0.0,1.0,0.0
120,31.0,73.0,2.0,0.0,0.0,0.0,0.0,0.0,0.0,0.0,0.0,0.0,4.0,2.0
121,64.0,150.0,0.0,0.0,0.0,2.0,0.0,0.0,0.0,2.0,0.0,11.0,7.0,4.0
122,20.0,49.0,0.0,0.0,0.0,0.0,0.0,0.0,0.0,0.0,0.0,0.0,3.0,1.0
123,0.0,0.0,0.0,0.0,0.0,0.0,0.0,0.0,0.0,0.0,0.0,0.0,0.0,0.0
124,97.0,228.0,0.0,0.0,0.0,0.0,0.0,0.0,0.0,2.0,0.0,0.0,13.0,6.0
125,86.0,201.0,0.0,0.0,0.0,0.0,16.0,67.0,0.0,0.0,0.0,0.0,13.0,5.0
126,251.0,608.0,0.0,0.0,8.0,2.0,0.0,0.0,0.0,0.0,0.0,0.0,31.0,16.0
127,29.0,67.0,0.0,0.0,0.0,0.0,0.0,0.0,0.0,0.0,0.0,0.0,17.0,8.0
128,115.0,269.0,0.0,0.0,0.0,11.0,0.0,0.0,0.0,0.0,0.0,0.0,10.0,4.0
129,94.0,221.0,0.0,0.0,0.0,0.0,0.0,0.0,0.0,0.0,0.0,0.0,1.0,1.0
130,64.0,156.0,0.0,0.0,1.0,0.0,0.0,0.0,0.0,0.0,0.0,0.0,11.0,6.0
131,156.0,379.0,0.0,0.0,0.0,0.0,0.0,0.0,0.0,0.0,0.0,0.0,10.0,5.0
132,46.0,111.0,0.0,0.0,4.0,0.0,0.0,0.0,0.0,0.0,145.0,0.0,6.0,3.0
133,241.0,564.0,0.0,0.0,0.0,0.0,3.0,0.0,0.0,5.0,0.0,0.0,27.0,13.0
134,3.0,6.0,0.0,0.0,0.0,0.0,0.0,0.0,0.0,0.0,0.0,0.0,1.0,0.0
135,9.0,20.0,0.0,0.0,0.0,0.0,0.0,0.0,0.0,0.0,0.0,0.0,0.0,0.0
136,213.0,517.0,0.0,0.0,0.0,11.0,12.0,0.0,0.0,2.0,0.0,0.0,27.0,13.0
137,6.0,13.0,0.0,0.0,0.0,63.0,0.0,0.0,0.0,0.0,0.0,0.0,1.0,0.0
138,210.0,493.0,0.0,0.0,14.0,0.0,37.0,0.0,0.0,19.0,0.0,0.0,27.0,13.0
139,57.0,139.0,0.0,0.0,0.0,0.0,0.0,15.0,0.0,0.0,0.0,55.0,7.0,3.0
140,4.0,9.0,0.0,0.0,0.0,0.0,0.0,0.0,0.0,0.0,0.0,0.0,1.0,0.0
141,0.0,0.0,0.0,0.0,0.0,0.0,0.0,0.0,0.0,0.0,0.0,0.0,0.0,0.0
142,0.0,0.0,0.0,0.0,0.0,0.0,0.0,0.0,0.0,0.0,0.0,0.0,0.0,0.0
143,79.0,184.0,47.0,0.0,0.0,76.0,0.0,0.0,0.0,0.0,0.0,0.0,13.0,5.0
144,0.0,0.0,0.0,0.0,0.0,0.0,0.0,0.0,0.0,0.0,0.0,0.0,0.0,0.0
145,20.0,43.0,0.0,0.0,0.0,0.0,0.0,0.0,0.0,0.0,0.0,0.0,3.0,1.0
146,0.0,0.0,0.0,0.0,0.0,0.0,0.0,0.0,0.0,0.0,0.0,0.0,0.0,0.0
147,0.0,0.0,0.0,0.0,0.0,0.0,0.0,0.0,0.0,0.0,0.0,0.0,0.0,0.0
148,0.0,0.0,0.0,0.0,0.0,0.0,0.0,0.0,0.0,0.0,0.0,0.0,0.0,0.0
149,0.0,0.0,0.0,0.0,0.0,0.0,0.0,0.0,0.0,0.0,0.0,0.0,0.0,0.0
150,627.0,1996.0,33.0,0.0,0.0,4.0,6.0,57.0,11.0,26.0,0.0,0.0,64.0,30.0
151,46.0,146.0,0.0,0.0,29.0,0.0,0.0,0.0,0.0,0.0,0.0,0.0,4.0,2.0
152,4.0,10.0,0.0,0.0,0.0,0.0,0.0,0.0,0.0,0.0,0.0,0.0,0.0,0.0
153,0.0,0.0,0.0,0.0,0.0,0.0,0.0,0.0,0.0,0.0,0.0,0.0,0.0,0.0
154,0.0,0.0,0.0,0.0,0.0,0.0,0.0,0.0,0.0,0.0,9.0,0.0,0.0,0.0
155,27.0,72.0,0.0,0.0,0.0,0.0,0.0,0.0,0.0,0.0,6.0,0.0,15.0,1.0
156,6.0,17.0,0.0,0.0,0.0,0.0,0.0,0.0,0.0,0.0,6.0,0.0,0.0,0.0
157,111.0,294.0,0.0,0.0,0.0,0.0,0.0,0.0,0.0,0.0,69.0,0.0,37.0,5.0
158,342.0,759.0,0.0,0.0,0.0,0.0,0.0,0.0,0.0,0.0,8.0,0.0,53.0,16.0
159,0.0,0.0,42.0,56.0,282.0,3.0,0.0,0.0,1.0,16.0,10.0,66.0,13.0,0.0
160,3.0,8.0,0.0,0.0,0.0,0.0,0.0,0.0,0.0,0.0,767.0,0.0,0.0,0.0
161,34.0,80.0,0.0,0.0,5.0,0.0,0.0,0.0,0.0,0.0,1.0,0.0,1.0,2.0
162,139.0,378.0,0.0,0.0,0.0,0.0,0.0,0.0,0.0,0.0,84.0,0.0,34.0,6.0
163,15.0,31.0,0.0,0.0,0.0,0.0,0.0,0.0,0.0,0.0,1.0,0.0,8.0,1.0
164,188.0,459.0,0.0,0.0,0.0,0.0,0.0,0.0,0.0,0.0,7.0,0.0,26.0,8.0
165,0.0,0.0,0.0,3.0,435.0,1.0,0.0,0.0,0.0,17.0,2.0,0.0,15.0,0.0
166,183.0,501.0,0.0,0.0,0.0,0.0,0.0,0.0,0.0,0.0,37.0,0.0,48.0,8.0
167,18.0,41.0,0.0,0.0,0.0,0.0,0.0,0.0,0.0,0.0,4.0,0.0,1.0,1.0
168,53.0,127.0,0.0,0.0,0.0,0.0,0.0,0.0,0.0,0.0,1.0,0.0,2.0,2.0
169,51.0,126.0,0.0,0.0,0.0,0.0,0.0,0.0,0.0,0.0,2.0,0.0,16.0,2.0
170,42.0,109.0,0.0,7.0,0.0,0.0,0.0,0.0,0.0,0.0,30.0,0.0,2.0,2.0
171,170.0,457.0,0.0,0.0,0.0,0.0,0.0,0.0,0.0,0.0,3.0,0.0,41.0,8.0
172,97.0,230.0,0.0,0.0,0.0,0.0,0.0,79.0,0.0,0.0,2.0,0.0,6.0,4.0
173,287.0,778.0,0.0,0.0,0.0,0.0,0.0,0.0,0.0,0.0,7.0,0.0,88.0,13.0
174,241.0,657.0,0.0,0.0,0.0,0.0,0.0,0.0,0.0,0.0,6.0,0.0,7.0,11.0
175,1724.0,4731.0,9.0,0.0,10.0,2.0,9.0,6.0,27.0,82.0,1.0,0.0,617.0,78.0
176,135.0,333.0,0.0,0.0,1.0,0.0,1.0,1.0,1.0,5.0,2.0,0.0,13.0,6.0
177,44.0,120.0,0.0,0.0,0.0,0.0,0.0,0.0,0.0,0.0,2.0,0.0,3.0,2.0
178,225.0,642.0,0.0,0.0,0.0,0.0,0.0,9.0,0.0,4.0,9.0,0.0,36.0,10.0
179,122.0,334.0,10.0,9.0,1.0,7.0,0.0,0.0,1.0,2.0,7.0,0.0,39.0,6.0
180,29.0,72.0,0.0,0.0,0.0,0.0,0.0,0.0,0.0,0.0,9.0,0.0,1.0,1.0
181,117.0,313.0,0.0,0.0,0.0,0.0,0.0,0.0,0.0,0.0,2.0,0.0,4.0,6.0
182,115.0,306.0,0.0,0.0,1.0,2.0,1.0,2.0,1.0,2.0,4.0,0.0,4.0,5.0
183,24.0,61.0,7.0,14.0,0.0,0.0,0.0,5.0,1.0,7.0,8.0,0.0,4.0,1.0
184,116.0,293.0,0.0,0.0,0.0,0.0,0.0,0.0,0.0,0.0,9.0,0.0,11.0,5.0
185,88.0,227.0,0.0,0.0,0.0,0.0,0.0,0.0,0.0,0.0,3.0,0.0,10.0,4.0
186,15.0,42.0,0.0,0.0,0.0,0.0,0.0,0.0,0.0,0.0,1.0,0.0,0.0,0.0
187,15.0,39.0,0.0,4.0,0.0,0.0,1.0,0.0,0.0,0.0,1.0,0.0,28.0,1.0
188,23.0,63.0,0.0,0.0,0.0,0.0,0.0,0.0,0.0,0.0,19.0,0.0,28.0,1.0
189,82.0,204.0,0.0,0.0,0.0,0.0,0.0,0.0,0.0,0.0,4.0,0.0,5.0,4.0
190,69.0,170.0,0.0,0.0,4.0,0.0,0.0,0.0,0.0,0.0,4.0,0.0,8.0,3.0
191,160.0,399.0,0.0,0.0,0.0,0.0,0.0,0.0,0.0,0.0,3.0,0.0,12.0,7.0
192,178.0,494.0,0.0,0.0,0.0,0.0,0.0,0.0,0.0,0.0,3.0,0.0,13.0,8.0
193,220.0,549.0,0.0,0.0,0.0,0.0,0.0,0.0,0.0,0.0,1.0,0.0,19.0,10.0
194,0.0,0.0,0.0,0.0,0.0,0.0,0.0,0.0,0.0,0.0,70.0,0.0,0.0,0.0
195,73.0,223.0,0.0,0.0,0.0,0.0,0.0,0.0,0.0,0.0,2.0,0.0,16.0,3.0
196,127.0,383.0,0.0,0.0,0.0,0.0,0.0,0.0,0.0,0.0,2.0,0.0,13.0,6.0
197,155.0,469.0,0.0,0.0,0.0,0.0,0.0,0.0,0.0,0.0,2.0,0.0,10.0,7.0
198,116.0,318.0,0.0,0.0,0.0,0.0,0.0,0.0,0.0,0.0,3.0,0.0,11.0,5.0
199,1167.0,2905.0,27.0,9.0,1.0,0.0,0.0,0.0,0.0,4.0,2.0,0.0,256.0,53.0
200,628.0,1675.0,0.0,0.0,0.0,0.0,0.0,0.0,0.0,0.0,4.0,0.0,114.0,28.0
201,51.0,141.0,0.0,0.0,0.0,0.0,0.0,0.0,0.0,0.0,4.0,0.0,5.0,2.0
202,219.0,444.0,0.0,0.0,0.0,0.0,0.0,0.0,0.0,0.0,3.0,0.0,129.0,10.0
203,149.0,325.0,0.0,0.0,0.0,1.0,7.0,0.0,0.0,1.0,4.0,0.0,41.0,7.0
204,133.0,357.0,0.0,0.0,0.0,0.0,0.0,0.0,0.0,0.0,2.0,0.0,12.0,6.0
205,255.0,725.0,0.0,0.0,0.0,0.0,0.0,0.0,0.0,0.0,1.0,0.0,8.0,11.0
206,114.0,320.0,0.0,0.0,2.0,4.0,0.0,2.0,1.0,10.0,1.0,0.0,15.0,5.0
207,272.0,595.0,0.0,0.0,0.0,0.0,0.0,0.0,0.0,0.0,3.0,0.0,71.0,12.0
208,96.0,267.0,0.0,0.0,0.0,0.0,0.0,0.0,0.0,0.0,1.0,0.0,3.0,4.0
209,283.0,719.0,0.0,0.0,0.0,0.0,1.0,3.0,0.0,3.0,3.0,0.0,30.0,13.0
210,334.0,740.0,0.0,0.0,0.0,0.0,0.0,0.0,0.0,0.0,3.0,0.0,120.0,15.0
211,68.0,171.0,1.0,11.0,0.0,0.0,0.0,0.0,0.0,0.0,1.0,0.0,3.0,3.0
212,125.0,307.0,1.0,0.0,3.0,8.0,2.0,6.0,2.0,17.0,1.0,0.0,5.0,6.0
213,281.0,956.0,130.0,57.0,17.0,34.0,19.0,129.0,13.0,83.0,1.0,0.0,34.0,13.0
214,367.0,1271.0,0.0,0.0,0.0,0.0,0.0,0.0,0.0,1.0,2.0,0.0,26.0,17.0
215,158.0,393.0,1.0,0.0,5.0,5.0,5.0,9.0,5.0,19.0,2.0,0.0,10.0,7.0
216,84.0,203.0,0.0,0.0,0.0,1.0,0.0,0.0,0.0,2.0,0.0,0.0,3.0,4.0
217,175.0,573.0,16.0,0.0,0.0,1.0,0.0,0.0,0.0,10.0,0.0,0.0,7.0,8.0
218,265.0,915.0,0.0,0.0,0.0,0.0,0.0,0.0,0.0,1.0,0.0,0.0,21.0,12.0
219,139.0,347.0,0.0,0.0,0.0,0.0,0.0,178.0,0.0,2.0,0.0,0.0,14.0,6.0
220,255.0,511.0,0.0,0.0,0.0,0.0,0.0,0.0,1.0,0.0,2.0,0.0,18.0,11.0
221,719.0,1497.0,0.0,0.0,0.0,0.0,0.0,0.0,0.0,0.0,2.0,0.0,78.0,33.0
222,164.0,405.0,0.0,0.0,0.0,0.0,0.0,0.0,0.0,0.0,2.0,0.0,15.0,8.0
223,93.0,220.0,0.0,0.0,0.0,0.0,0.0,0.0,0.0,0.0,0.0,0.0,3.0,4.0
224,693.0,1838.0,0.0,0.0,0.0,1.0,23.0,112.0,0.0,65.0,0.0,0.0,28.0,31.0
225,29.0,77.0,239.0,228.0,35.0,309.0,65.0,139.0,151.0,351.0,0.0,0.0,248.0,1.0
226,397.0,1032.0,0.0,0.0,0.0,0.0,0.0,0.0,15.0,0.0,1.0,0.0,18.0,18.0
227,356.0,742.0,27.0,8.0,5.0,74.0,12.0,109.0,11.0,58.0,2.0,0.0,50.0,16.0
228,310.0,1038.0,0.0,0.0,0.0,0.0,0.0,124.0,0.0,0.0,0.0,0.0,14.0,14.0
229,178.0,549.0,1.0,0.0,1.0,0.0,2.0,6.0,1.0,26.0,1.0,0.0,12.0,8.0
230,35.0,92.0,24.0,142.0,4.0,1068.0,3.0,1.0,1.0,162.0,0.0,0.0,46.0,2.0
231,15.0,36.0,416.0,249.0,1981.0,195.0,49.0,44.0,42.0,532.0,0.0,0.0,112.0,1.0
232,120.0,370.0,0.0,0.0,0.0,0.0,0.0,0.0,0.0,0.0,0.0,0.0,4.0,6.0
233,90.0,248.0,8.0,0.0,12.0,8.0,23.0,41.0,29.0,99.0,0.0,0.0,33.0,4.0
234,167.0,487.0,8.0,2.0,10.0,1.0,2.0,4.0,4.0,35.0,1.0,0.0,10.0,8.0
235,1918.0,4205.0,13.0,0.0,523.0,31.0,39.0,72.0,71.0,207.0,1.0,0.0,307.0,87.0
236,293.0,843.0,12.0,0.0,11.0,0.0,0.0,0.0,0.0,13.0,2.0,0.0,19.0,13.0
237,69.0,176.0,7.0,0.0,8.0,8.0,22.0,79.0,27.0,114.0,1.0,0.0,11.0,3.0
238,1030.0,2110.0,46.0,0.0,11.0,114.0,18.0,95.0,21.0,98.0,1.0,0.0,72.0,47.0
239,9.0,27.0,0.0,0.0,0.0,1.0,0.0,0.0,0.0,0.0,1.0,0.0,0.0,0.0
240,21.0,50.0,0.0,0.0,0.0,0.0,0.0,0.0,0.0,0.0,0.0,0.0,1.0,1.0
241,23.0,41.0,0.0,0.0,0.0,0.0,0.0,0.0,0.0,0.0,0.0,0.0,1.0,1.0
242,7.0,19.0,0.0,0.0,0.0,0.0,0.0,0.0,0.0,0.0,1.0,0.0,0.0,0.0
243,134.0,328.0,0.0,0.0,0.0,1.0,1.0,1.0,0.0,2.0,1.0,0.0,4.0,6.0
244,0.0,0.0,0.0,4.0,0.0,0.0,0.0,0.0,0.0,0.0,2.0,0.0,0.0,0.0
245,295.0,927.0,17.0,77.0,121.0,52.0,16.0,14.0,12.0,59.0,1.0,0.0,26.0,13.0
246,117.0,294.0,0.0,0.0,0.0,0.0,0.0,0.0,0.0,0.0,1.0,0.0,13.0,5.0
247,486.0,1454.0,0.0,0.0,0.0,0.0,0.0,0.0,0.0,0.0,0.0,0.0,17.0,22.0
248,108.0,264.0,0.0,0.0,0.0,0.0,0.0,0.0,0.0,0.0,0.0,0.0,3.0,5.0
249,324.0,1049.0,0.0,0.0,0.0,0.0,0.0,0.0,0.0,0.0,0.0,0.0,11.0,15.0
250,282.0,690.0,2.0,0.0,5.0,17.0,12.0,119.0,34.0,73.0,0.0,0.0,17.0,13.0
251,94.0,303.0,0.0,0.0,0.0,1.0,0.0,200.0,0.0,0.0,0.0,0.0,9.0,4.0
252,223.0,482.0,101.0,300.0,421.0,51.0,61.0,22.0,44.0,167.0,2.0,0.0,104.0,10.0
253,554.0,1800.0,258.0,114.0,252.0,286.0,48.0,68.0,171.0,259.0,1.0,0.0,68.0,25.0
254,431.0,1352.0,1.0,21.0,17.0,9.0,3.0,91.0,6.0,30.0,1.0,0.0,30.0,20.0
255,243.0,529.0,0.0,0.0,1.0,1.0,16.0,30.0,14.0,79.0,0.0,0.0,44.0,11.0
256,96.0,203.0,1.0,0.0,0.0,6.0,1.0,3.0,2.0,14.0,0.0,0.0,4.0,4.0
257,377.0,970.0,152.0,122.0,40.0,65.0,20.0,20.0,25.0,141.0,0.0,0.0,48.0,17.0
258,1.0,4.0,123.0,20.0,49.0,37.0,23.0,22.0,27.0,109.0,0.0,0.0,14.0,0.0
259,138.0,298.0,7.0,0.0,15.0,6.0,26.0,56.0,43.0,123.0,0.0,0.0,13.0,6.0
260,28.0,68.0,0.0,0.0,0.0,0.0,0.0,0.0,0.0,0.0,0.0,0.0,1.0,1.0
261,128.0,370.0,0.0,0.0,0.0,0.0,0.0,0.0,0.0,0.0,0.0,0.0,17.0,6.0
262,459.0,867.0,0.0,0.0,0.0,0.0,0.0,0.0,0.0,0.0,0.0,0.0,50.0,21.0
263,407.0,1153.0,2.0,0.0,0.0,1.0,3.0,0.0,0.0,2.0,0.0,0.0,32.0,19.0
264,761.0,2201.0,0.0,0.0,0.0,0.0,0.0,0.0,0.0,0.0,0.0,0.0,34.0,35.0
265,410.0,1083.0,0.0,0.0,0.0,0.0,0.0,86.0,0.0,0.0,0.0,0.0,18.0,19.0
266,216.0,630.0,0.0,0.0,0.0,0.0,0.0,0.0,0.0,0.0,0.0,0.0,7.0,10.0
267,299.0,957.0,0.0,0.0,0.0,0.0,0.0,0.0,0.0,0.0,0.0,0.0,10.0,14.0
268,158.0,427.0,0.0,0.0,0.0,0.0,0.0,0.0,0.0,0.0,0.0,0.0,7.0,7.0
269,199.0,421.0,2.0,0.0,14.0,7.0,25.0,12.0,76.0,46.0,1.0,0.0,15.0,9.0
270,107.0,232.0,163.0,101.0,4.0,9.0,1.0,2.0,3.0,50.0,0.0,0.0,22.0,5.0
271,380.0,961.0,6.0,0.0,3.0,2.0,3.0,68.0,27.0,29.0,0.0,0.0,22.0,17.0
272,228.0,581.0,0.0,0.0,7.0,0.0,0.0,92.0,0.0,13.0,0.0,0.0,17.0,10.0
273,319.0,829.0,0.0,0.0,0.0,0.0,0.0,0.0,0.0,0.0,0.0,0.0,13.0,14.0
274,668.0,1857.0,0.0,0.0,0.0,0.0,0.0,0.0,0.0,0.0,0.0,0.0,25.0,30.0
275,50.0,95.0,0.0,0.0,0.0,1.0,1.0,3.0,1.0,5.0,0.0,0.0,3.0,2.0
276,1122.0,2716.0,48.0,27.0,5.0,6.0,9.0,89.0,24.0,81.0,0.0,0.0,49.0,51.0
277,66.0,125.0,31.0,0.0,2.0,2.0,3.0,3.0,6.0,35.0,0.0,0.0,5.0,3.0
278,674.0,1619.0,262.0,159.0,26.0,9.0,22.0,161.0,145.0,129.0,0.0,0.0,51.0,31.0
279,292.0,714.0,2.0,0.0,6.0,2.0,7.0,23.0,10.0,38.0,2.0,0.0,17.0,13.0
280,159.0,410.0,0.0,0.0,0.0,0.0,0.0,0.0,0.0,0.0,0.0,0.0,7.0,7.0
281,382.0,874.0,0.0,0.0,0.0,0.0,0.0,1.0,0.0,0.0,1.0,0.0,25.0,17.0
282,881.0,2445.0,54.0,14.0,20.0,15.0,52.0,45.0,60.0,208.0,1.0,0.0,54.0,40.0
283,520.0,1383.0,18.0,73.0,10.0,6.0,15.0,100.0,20.0,72.0,0.0,0.0,27.0,24.0
284,383.0,1006.0,0.0,0.0,0.0,0.0,2.0,0.0,4.0,1.0,0.0,0.0,17.0,17.0
285,110.0,284.0,0.0,0.0,0.0,0.0,0.0,0.0,1.0,5.0,1.0,0.0,23.0,5.0
286,218.0,553.0,2.0,6.0,3.0,2.0,44.0,3.0,43.0,33.0,0.0,0.0,13.0,10.0
287,159.0,415.0,0.0,0.0,0.0,0.0,0.0,0.0,0.0,0.0,0.0,0.0,7.0,7.0
288,988.0,2337.0,216.0,80.0,65.0,59.0,13.0,224.0,18.0,144.0,0.0,0.0,58.0,45.0
289,99.0,274.0,53.0,4.0,15.0,2.0,14.0,16.0,16.0,106.0,1.0,0.0,10.0,4.0
290,119.0,356.0,0.0,0.0,0.0,0.0,0.0,0.0,0.0,0.0,0.0,0.0,4.0,5.0
291,1791.0,5327.0,0.0,0.0,0.0,0.0,0.0,2.0,0.0,0.0,0.0,0.0,57.0,81.0
292,156.0,429.0,57.0,14.0,17.0,8.0,23.0,20.0,40.0,122.0,3.0,0.0,28.0,7.0
293,603.0,1726.0,19.0,0.0,13.0,12.0,21.0,46.0,22.0,89.0,1.0,0.0,26.0,27.0
294,316.0,912.0,456.0,105.0,46.0,33.0,66.0,127.0,113.0,345.0,0.0,0.0,51.0,14.0
295,9.0,16.0,0.0,0.0,0.0,0.0,0.0,0.0,0.0,0.0,1.0,0.0,0.0,0.0
296,11.0,26.0,0.0,0.0,0.0,0.0,0.0,0.0,0.0,0.0,2.0,0.0,0.0,0.0
297,45.0,111.0,0.0,0.0,0.0,0.0,0.0,0.0,0.0,0.0,4.0,0.0,1.0,2.0
298,36.0,70.0,0.0,0.0,0.0,0.0,0.0,0.0,0.0,0.0,2.0,0.0,1.0,2.0
299,23.0,45.0,50.0,19.0,13.0,61.0,22.0,24.0,18.0,84.0,1.0,0.0,11.0,1.0
300,4.0,14.0,124.0,10.0,275.0,2.0,57.0,151.0,62.0,429.0,1.0,0.0,717.0,0.0
301,12.0,36.0,0.0,0.0,0.0,0.0,0.0,0.0,0.0,0.0,1.0,0.0,0.0,1.0
302,86.0,214.0,0.0,0.0,0.0,0.0,3.0,5.0,1.0,6.0,3.0,0.0,5.0,4.0
303,58.0,147.0,17.0,37.0,3.0,4.0,9.0,8.0,11.0,61.0,1.0,0.0,7.0,3.0
304,79.0,191.0,1.0,0.0,0.0,0.0,2.0,56.0,2.0,7.0,1.0,0.0,5.0,3.0
305,2.0,4.0,0.0,0.0,0.0,0.0,0.0,0.0,0.0,0.0,2.0,0.0,0.0,0.0
306,28.0,70.0,0.0,0.0,0.0,0.0,0.0,0.0,0.0,0.0,2.0,0.0,1.0,1.0
307,94.0,231.0,0.0,0.0,0.0,0.0,0.0,0.0,0.0,0.0,2.0,0.0,3.0,4.0
308,240.0,671.0,85.0,3.0,18.0,17.0,41.0,82.0,50.0,186.0,1.0,0.0,45.0,11.0
309,207.0,492.0,39.0,9.0,82.0,8.0,22.0,31.0,22.0,88.0,2.0,0.0,17.0,9.0
310,0.0,0.0,58.0,1.0,19.0,25.0,7.0,0.0,4.0,66.0,0.0,0.0,6.0,0.0
311,24.0,59.0,273.0,151.0,183.0,41.0,115.0,238.0,119.0,514.0,1.0,0.0,53.0,1.0
312,417.0,1378.0,1.0,0.0,4.0,3.0,7.0,50.0,233.0,182.0,1.0,0.0,29.0,19.0
313,713.0,1773.0,0.0,17.0,0.0,1.0,1.0,44.0,2.0,9.0,0.0,0.0,25.0,32.0
314,612.0,1548.0,0.0,0.0,0.0,1.0,0.0,1.0,1.0,11.0,0.0,0.0,20.0,28.0
315,0.0,0.0,177.0,2.0,340.0,267.0,66.0,4.0,53.0,566.0,0.0,0.0,47.0,0.0
316,1195.0,3296.0,5.0,0.0,8.0,11.0,21.0,33.0,69.0,121.0,0.0,0.0,46.0,54.0
317,534.0,1224.0,0.0,0.0,0.0,1.0,0.0,0.0,1.0,5.0,0.0,0.0,18.0,24.0
318,126.0,281.0,0.0,0.0,0.0,0.0,0.0,0.0,0.0,0.0,0.0,0.0,5.0,6.0
319,0.0,0.0,278.0,15.0,1604.0,484.0,112.0,254.0,47.0,402.0,0.0,0.0,102.0,0.0
320,732.0,1781.0,0.0,0.0,0.0,1.0,0.0,27.0,0.0,19.0,0.0,0.0,25.0,33.0
321,522.0,1149.0,0.0,0.0,0.0,1.0,4.0,116.0,0.0,5.0,0.0,0.0,21.0,24.0
322,334.0,628.0,39.0,0.0,27.0,17.0,43.0,85.0,61.0,214.0,0.0,0.0,26.0,15.0
323,374.0,775.0,44.0,0.0,6.0,65.0,6.0,8.0,14.0,65.0,0.0,0.0,19.0,17.0
324,596.0,1425.0,117.0,9.0,37.0,14.0,33.0,62.0,43.0,169.0,0.0,0.0,36.0,27.0
325,508.0,1129.0,0.0,0.0,0.0,0.0,0.0,0.0,0.0,0.0,0.0,0.0,16.0,23.0
326,0.0,0.0,152.0,3.0,1390.0,388.0,320.0,625.0,245.0,1600.0,1.0,0.0,150.0,0.0
327,535.0,1164.0,0.0,0.0,2.0,30.0,3.0,76.0,4.0,52.0,0.0,0.0,25.0,24.0
328,328.0,615.0,56.0,52.0,12.0,5.0,9.0,31.0,20.0,343.0,0.0,0.0,29.0,15.0
329,900.0,1930.0,64.0,3.0,25.0,11.0,13.0,137.0,22.0,107.0,0.0,0.0,41.0,41.0
330,440.0,1193.0,28.0,0.0,3.0,5.0,9.0,82.0,9.0,33.0,0.0,0.0,20.0,20.0
331,321.0,613.0,0.0,0.0,1.0,0.0,0.0,411.0,0.0,0.0,0.0,0.0,23.0,14.0
332,400.0,877.0,3.0,0.0,6.0,3.0,9.0,52.0,13.0,54.0,0.0,0.0,17.0,18.0
333,751.0,2002.0,93.0,29.0,170.0,37.0,76.0,116.0,91.0,392.0,0.0,0.0,56.0,34.0
334,314.0,597.0,255.0,280.0,31.0,29.0,50.0,55.0,115.0,277.0,0.0,0.0,47.0,14.0
335,465.0,1116.0,24.0,422.0,17.0,43.0,17.0,23.0,31.0,166.0,0.0,0.0,39.0,21.0
336,236.0,648.0,2.0,0.0,5.0,3.0,6.0,94.0,14.0,31.0,0.0,0.0,17.0,11.0
337,338.0,933.0,1.0,0.0,6.0,9.0,10.0,300.0,71.0,36.0,0.0,0.0,28.0,15.0
338,687.0,1708.0,0.0,0.0,0.0,0.0,0.0,2.0,0.0,5.0,0.0,0.0,22.0,31.0
339,1.0,2.0,39.0,12.0,40.0,21.0,44.0,378.0,93.0,199.0,0.0,0.0,26.0,0.0
340,557.0,1140.0,171.0,76.0,1610.0,147.0,93.0,164.0,134.0,312.0,0.0,0.0,104.0,25.0
341,88.0,174.0,84.0,65.0,22.0,12.0,40.0,150.0,33.0,92.0,0.0,0.0,19.0,4.0
342,238.0,636.0,0.0,65.0,1.0,0.0,1.0,0.0,0.0,3.0,0.0,0.0,10.0,11.0
343,152.0,403.0,9.0,129.0,3.0,2.0,3.0,4.0,4.0,41.0,0.0,0.0,13.0,7.0
344,384.0,767.0,61.0,6.0,39.0,20.0,40.0,28.0,65.0,167.0,0.0,0.0,26.0,17.0
345,240.0,462.0,0.0,0.0,0.0,1.0,1.0,8.0,26.0,11.0,0.0,0.0,9.0,11.0
346,418.0,655.0,2.0,44.0,1.0,0.0,1.0,66.0,2.0,11.0,0.0,0.0,17.0,19.0
347,727.0,1161.0,160.0,0.0,10.0,5.0,17.0,14.0,34.0,81.0,0.0,0.0,33.0,33.0
348,233.0,468.0,1.0,96.0,4.0,2.0,16.0,25.0,17.0,127.0,0.0,0.0,17.0,11.0
349,226.0,456.0,0.0,0.0,0.0,0.0,0.0,0.0,0.0,0.0,0.0,0.0,21.0,10.0
350,259.0,502.0,6.0,0.0,0.0,1.0,1.0,1.0,1.0,8.0,0.0,0.0,9.0,12.0
351,2.0,6.0,13.0,0.0,24.0,25.0,10.0,12.0,12.0,50.0,0.0,0.0,5.0,0.0
352,48.0,91.0,2.0,0.0,5.0,209.0,1.0,0.0,2.0,58.0,0.0,0.0,10.0,2.0
353,484.0,876.0,321.0,9.0,28.0,20.0,50.0,8.0,65.0,171.0,0.0,0.0,41.0,22.0
354,7.0,16.0,44.0,0.0,10.0,7.0,8.0,0.0,11.0,56.0,0.0,0.0,9.0,0.0
355,41.0,85.0,38.0,0.0,20.0,18.0,5.0,4.0,7.0,18.0,0.0,0.0,5.0,2.0
356,302.0,579.0,9.0,10.0,7.0,4.0,8.0,2.0,12.0,41.0,0.0,0.0,29.0,14.0
357,51.0,133.0,0.0,0.0,1.0,0.0,0.0,1.0,1.0,2.0,0.0,0.0,2.0,2.0
358,109.0,201.0,24.0,123.0,31.0,0.0,2.0,0.0,1.0,2.0,0.0,0.0,9.0,5.0
359,179.0,396.0,12.0,0.0,7.0,2.0,9.0,2.0,17.0,40.0,0.0,0.0,19.0,8.0
360,413.0,709.0,0.0,30.0,5.0,0.0,1.0,3.0,18.0,144.0,0.0,0.0,20.0,19.0
361,167.0,419.0,0.0,0.0,0.0,0.0,0.0,300.0,0.0,0.0,0.0,0.0,15.0,8.0
362,319.0,643.0,101.0,27.0,6.0,6.0,13.0,10.0,21.0,94.0,0.0,0.0,19.0,14.0
363,275.0,668.0,0.0,0.0,0.0,0.0,0.0,0.0,0.0,0.0,0.0,0.0,18.0,13.0
364,2.0,2.0,145.0,77.0,85.0,273.0,13.0,4.0,8.0,66.0,0.0,0.0,21.0,0.0
365,0.0,0.0,269.0,155.0,731.0,86.0,71.0,80.0,162.0,532.0,0.0,0.0,65.0,0.0
366,81.0,223.0,128.0,2.0,350.0,84.0,55.0,48.0,73.0,348.0,0.0,0.0,45.0,4.0
367,0.0,0.0,3.0,0.0,2.0,2.0,2.0,5.0,3.0,11.0,0.0,0.0,1.0,0.0
368,179.0,330.0,14.0,0.0,7.0,41.0,8.0,7.0,14.0,26.0,0.0,0.0,11.0,8.0
369,9.0,17.0,64.0,2.0,114.0,87.0,176.0,23.0,245.0,492.0,0.0,0.0,39.0,0.0
370,86.0,186.0,21.0,12.0,49.0,65.0,54.0,26.0,51.0,361.0,0.0,0.0,23.0,4.0
371,8.0,16.0,24.0,4.0,116.0,54.0,106.0,60.0,153.0,351.0,0.0,0.0,28.0,0.0
372,293.0,551.0,188.0,35.0,27.0,16.0,75.0,461.0,39.0,293.0,0.0,0.0,45.0,13.0
373,169.0,313.0,54.0,197.0,98.0,60.0,326.0,88.0,166.0,1085.0,0.0,0.0,71.0,8.0
374,268.0,570.0,6.0,0.0,4.0,3.0,6.0,1.0,8.0,30.0,0.0,0.0,10.0,12.0
375,187.0,352.0,40.0,6.0,89.0,46.0,199.0,307.0,292.0,446.0,0.0,0.0,51.0,8.0
376,259.0,577.0,10.0,0.0,22.0,13.0,22.0,10.0,44.0,97.0,0.0,0.0,15.0,12.0
377,795.0,1340.0,5.0,0.0,10.0,9.0,39.0,23.0,159.0,85.0,0.0,0.0,36.0,36.0
378,328.0,537.0,3.0,0.0,0.0,0.0,0.0,54.0,1.0,2.0,0.0,0.0,12.0,15.0
379,708.0,1639.0,1.0,0.0,4.0,3.0,6.0,4.0,6.0,24.0,0.0,0.0,24.0,32.0
380,474.0,1182.0,1.0,0.0,4.0,4.0,3.0,7.0,6.0,17.0,0.0,0.0,20.0,22.0
381,388.0,899.0,15.0,0.0,2.0,0.0,2.0,4.0,2.0,13.0,0.0,0.0,15.0,18.0
382,161.0,411.0,0.0,0.0,0.0,0.0,1.0,0.0,0.0,0.0,0.0,0.0,5.0,7.0
383,0.0,0.0,86.0,18.0,1047.0,257.0,254.0,82.0,59.0,149.0,0.0,0.0,62.0,0.0
384,6.0,13.0,126.0,20.0,310.0,233.0,81.0,36.0,40.0,183.0,0.0,0.0,33.0,0.0
385,8.0,22.0,56.0,6.0,172.0,27.0,20.0,25.0,26.0,103.0,0.0,0.0,14.0,0.0
386,6.0,15.0,40.0,7.0,146.0,494.0,8.0,15.0,8.0,62.0,0.0,0.0,25.0,0.0
387,311.0,865.0,13.0,14.0,201.0,29.0,41.0,12.0,14.0,98.0,0.0,0.0,26.0,14.0
388,0.0,0.0,0.0,0.0,0.0,11.0,0.0,0.0,0.0,0.0,0.0,0.0,0.0,0.0
389,164.0,290.0,8.0,3.0,61.0,15.0,26.0,36.0,50.0,141.0,0.0,0.0,16.0,8.0
390,122.0,187.0,38.0,187.0,63.0,38.0,121.0,54.0,122.0,378.0,0.0,0.0,36.0,6.0
391,77.0,154.0,2.0,0.0,16.0,4.0,31.0,397.0,17.0,69.0,0.0,0.0,19.0,3.0
392,357.0,615.0,57.0,263.0,106.0,53.0,160.0,93.0,228.0,403.0,0.0,0.0,55.0,16.0
393,320.0,608.0,52.0,2.0,42.0,25.0,111.0,33.0,132.0,344.0,0.0,0.0,55.0,15.0
394,22.0,39.0,64.0,121.0,271.0,158.0,1070.0,5590.0,536.0,1084.0,0.0,0.0,284.0,1.0
395,202.0,316.0,26.0,4.0,45.0,34.0,105.0,88.0,157.0,316.0,0.0,0.0,35.0,9.0
396,451.0,684.0,41.0,131.0,96.0,47.0,180.0,322.0,195.0,545.0,0.0,0.0,64.0,20.0
397,629.0,1471.0,27.0,0.0,12.0,18.0,17.0,26.0,102.0,69.0,0.0,0.0,30.0,29.0
398,763.0,1333.0,19.0,3.0,12.0,8.0,141.0,60.0,39.0,122.0,0.0,0.0,38.0,35.0
399,548.0,1117.0,56.0,0.0,3.0,1.0,5.0,6.0,8.0,30.0,0.0,0.0,21.0,25.0
400,662.0,1218.0,29.0,1.0,20.0,17.0,39.0,84.0,52.0,197.0,0.0,0.0,35.0,30.0
401,322.0,740.0,0.0,13.0,0.0,2.0,1.0,38.0,1.0,20.0,0.0,0.0,13.0,15.0
402,357.0,761.0,2.0,0.0,1.0,1.0,3.0,9.0,56.0,15.0,0.0,0.0,14.0,16.0
403,230.0,472.0,0.0,0.0,0.0,0.0,3.0,0.0,3.0,13.0,0.0,0.0,9.0,10.0
404,199.0,409.0,0.0,0.0,0.0,0.0,0.0,37.0,1.0,0.0,0.0,0.0,14.0,9.0
405,10.0,25.0,568.0,135.0,190.0,66.0,88.0,6.0,53.0,527.0,0.0,0.0,52.0,0.0
406,2.0,3.0,55.0,32.0,5.0,1.0,6.0,2.0,5.0,57.0,0.0,0.0,5.0,0.0
407,0.0,0.0,131.0,35.0,70.0,33.0,4.0,0.0,6.0,117.0,0.0,0.0,13.0,0.0
408,0.0,0.0,163.0,12.0,31.0,359.0,24.0,0.0,14.0,125.0,0.0,0.0,23.0,0.0
409,80.0,200.0,57.0,2.0,357.0,346.0,35.0,39.0,44.0,121.0,0.0,0.0,34.0,3.0
410,89.0,256.0,40.0,0.0,9.0,10.0,15.0,4.0,19.0,54.0,0.0,0.0,8.0,4.0
411,317.0,900.0,6.0,0.0,11.0,6.0,12.0,5.0,15.0,40.0,0.0,0.0,14.0,14.0
412,96.0,194.0,31.0,5.0,11.0,4.0,6.0,6.0,14.0,611.0,0.0,0.0,27.0,4.0
413,168.0,345.0,32.0,14.0,38.0,26.0,55.0,15.0,67.0,178.0,0.0,0.0,19.0,8.0
414,68.0,138.0,19.0,5.0,8.0,62.0,14.0,36.0,18.0,40.0,0.0,0.0,9.0,3.0
415,415.0,1128.0,3.0,0.0,7.0,6.0,8.0,7.0,12.0,43.0,0.0,0.0,17.0,19.0
416,428.0,906.0,6.0,0.0,2.0,1.0,2.0,1.0,4.0,11.0,0.0,0.0,14.0,19.0
417,364.0,829.0,50.0,23.0,16.0,12.0,34.0,62.0,81.0,179.0,0.0,0.0,26.0,17.0
418,411.0,1061.0,2.0,0.0,1.0,1.0,1.0,34.0,10.0,85.0,0.0,0.0,17.0,19.0
419,522.0,1016.0,0.0,0.0,0.0,0.0,7.0,1.0,14.0,7.0,0.0,0.0,17.0,24.0
420,149.0,340.0,0.0,0.0,0.0,0.0,0.0,157.0,0.0,0.0,0.0,0.0,10.0,7.0
421,108.0,245.0,0.0,0.0,1.0,0.0,7.0,35.0,5.0,12.0,0.0,0.0,5.0,5.0
422,0.0,0.0,1.0,0.0,3265.0,69.0,421.0,53.0,56.0,38.0,0.0,0.0,124.0,0.0
423,37.0,79.0,147.0,4.0,89.0,110.0,55.0,15.0,70.0,265.0,0.0,0.0,25.0,2.0
424,3.0,6.0,157.0,2.0,115.0,13.0,23.0,11.0,59.0,107.0,0.0,0.0,28.0,0.0
425,142.0,355.0,187.0,14.0,33.0,27.0,54.0,21.0,84.0,312.0,0.0,0.0,29.0,6.0
426,180.0,451.0,76.0,0.0,32.0,34.0,78.0,11.0,196.0,180.0,0.0,0.0,25.0,8.0
427,96.0,247.0,31.0,32.0,24.0,17.0,46.0,78.0,79.0,151.0,0.0,0.0,18.0,5.0
428,58.0,139.0,28.0,1.0,26.0,25.0,47.0,14.0,55.0,160.0,0.0,0.0,13.0,3.0
429,145.0,363.0,64.0,0.0,35.0,26.0,56.0,36.0,80.0,228.0,0.0,0.0,21.0,7.0
430,384.0,994.0,0.0,0.0,0.0,0.0,0.0,0.0,0.0,0.0,0.0,0.0,14.0,17.0
431,241.0,651.0,0.0,0.0,0.0,4.0,4.0,7.0,3.0,29.0,0.0,0.0,9.0,11.0
432,830.0,1529.0,15.0,32.0,25.0,13.0,31.0,55.0,35.0,159.0,0.0,0.0,38.0,38.0
433,387.0,887.0,6.0,0.0,12.0,6.0,17.0,169.0,57.0,104.0,0.0,0.0,24.0,18.0
434,44.0,134.0,464.0,248.0,34.0,119.0,104.0,54.0,85.0,328.0,0.0,0.0,47.0,2.0
435,77.0,183.0,11.0,1.0,16.0,14.0,29.0,11.0,53.0,199.0,0.0,0.0,14.0,3.0
436,508.0,970.0,35.0,24.0,35.0,21.0,64.0,65.0,74.0,289.0,0.0,0.0,39.0,23.0
437,240.0,670.0,1.0,41.0,1.0,15.0,14.0,3824.0,22.0,62.0,0.0,0.0,134.0,11.0
438,210.0,478.0,0.0,0.0,0.0,0.0,0.0,0.0,0.0,0.0,0.0,0.0,14.0,9.0
439,275.0,593.0,11.0,1.0,38.0,21.0,191.0,59.0,426.0,1006.0,0.0,0.0,64.0,12.0
440,172.0,367.0,171.0,60.0,16.0,16.0,29.0,26.0,4104.0,435.0,0.0,0.0,160.0,8.0
441,315.0,744.0,31.0,120.0,5.0,14.0,9.0,107.0,13.0,78.0,0.0,0.0,56.0,14.0
442,264.0,582.0,2.0,29.0,1.0,47.0,2.0,0.0,1.0,517.0,0.0,0.0,27.0,12.0
443,443.0,991.0,11.0,99.0,25.0,3.0,12.0,180.0,258.0,128.0,0.0,0.0,46.0,20.0
444,462.0,1186.0,0.0,0.0,0.0,0.0,0.0,0.0,0.0,0.0,0.0,0.0,15.0,21.0
445,193.0,478.0,0.0,0.0,0.0,0.0,0.0,0.0,0.0,0.0,0.0,0.0,7.0,9.0
446,240.0,600.0,3.0,47.0,11.0,3.0,9.0,21.0,10.0,92.0,0.0,0.0,14.0,11.0
447,469.0,1241.0,76.0,7.0,20.0,3.0,14.0,1.0,8.0,98.0,1.0,0.0,22.0,21.0
448,950.0,2544.0,79.0,13.0,38.0,113.0,49.0,98.0,64.0,237.0,0.0,0.0,61.0,43.0
449,288.0,706.0,0.0,0.0,0.0,0.0,0.0,0.0,0.0,0.0,2.0,0.0,12.0,13.0
450,412.0,995.0,0.0,0.0,0.0,112.0,0.0,52.0,0.0,1.0,1.0,0.0,24.0,19.0
451,18.0,44.0,55.0,83.0,37.0,56.0,55.0,104.0,77.0,217.0,0.0,0.0,22.0,1.0
452,112.0,264.0,0.0,0.0,0.0,0.0,0.0,0.0,0.0,0.0,3.0,0.0,4.0,5.0
453,364.0,980.0,136.0,68.0,167.0,43.0,35.0,13.0,14.0,158.0,1.0,0.0,32.0,16.0
454,202.0,554.0,2.0,12.0,215.0,14.0,1.0,31.0,9.0,42.0,1.0,0.0,17.0,9.0
455,667.0,1828.0,63.0,82.0,48.0,49.0,67.0,79.0,88.0,330.0,0.0,0.0,48.0,30.0
456,171.0,503.0,0.0,0.0,0.0,0.0,0.0,0.0,0.0,0.0,1.0,0.0,7.0,8.0
457,159.0,423.0,96.0,35.0,37.0,13.0,38.0,67.0,39.0,172.0,3.0,0.0,21.0,8.0
458,188.0,576.0,1.0,0.0,1.0,0.0,6.0,118.0,16.0,15.0,3.0,0.0,12.0,9.0
459,539.0,1406.0,66.0,126.0,90.0,186.0,23.0,5.0,10.0,178.0,2.0,17.0,82.0,25.0
460,365.0,989.0,0.0,45.0,0.0,5.0,0.0,169.0,1.0,48.0,0.0,0.0,20.0,17.0
461,375.0,1003.0,0.0,0.0,0.0,0.0,0.0,0.0,0.0,0.0,4.0,0.0,34.0,17.0
462,758.0,2159.0,0.0,0.0,0.0,0.0,0.0,1.0,0.0,34.0,1.0,0.0,114.0,34.0
463,412.0,1150.0,0.0,0.0,0.0,1.0,5.0,0.0,1.0,21.0,5.0,0.0,14.0,19.0
464,429.0,1155.0,7.0,9.0,7.0,15.0,11.0,9.0,14.0,52.0,1.0,0.0,18.0,19.0
465,786.0,1842.0,12.0,44.0,11.0,3.0,6.0,2.0,2.0,19.0,2.0,0.0,28.0,36.0
466,377.0,982.0,1.0,0.0,0.0,1.0,2.0,4.0,2.0,10.0,0.0,0.0,29.0,17.0
467,725.0,1979.0,2.0,0.0,1.0,0.0,7.0,1.0,4.0,12.0,0.0,0.0,24.0,33.0
468,299.0,829.0,0.0,0.0,0.0,1.0,1.0,0.0,1.0,3.0,0.0,0.0,10.0,14.0
469,327.0,814.0,0.0,0.0,0.0,0.0,0.0,0.0,0.0,0.0,0.0,0.0,10.0,15.0
470,223.0,570.0,0.0,0.0,1.0,5.0,0.0,187.0,0.0,3.0,0.0,0.0,13.0,10.0
471,152.0,419.0,0.0,0.0,0.0,0.0,0.0,94.0,0.0,0.0,0.0,0.0,9.0,7.0
472,311.0,850.0,1.0,0.0,2.0,12.0,4.0,16.0,4.0,20.0,0.0,0.0,12.0,14.0
473,468.0,1259.0,8.0,28.0,10.0,7.0,35.0,20.0,27.0,159.0,1.0,0.0,59.0,21.0
474,158.0,430.0,0.0,0.0,0.0,0.0,0.0,0.0,0.0,0.0,0.0,0.0,5.0,7.0
475,283.0,896.0,0.0,0.0,0.0,0.0,0.0,0.0,0.0,0.0,5.0,0.0,9.0,13.0
476,45.0,143.0,0.0,0.0,0.0,0.0,0.0,0.0,0.0,0.0,7.0,0.0,1.0,2.0
477,111.0,351.0,0.0,0.0,0.0,0.0,0.0,0.0,0.0,0.0,4.0,0.0,4.0,5.0
478,31.0,99.0,0.0,0.0,0.0,0.0,0.0,0.0,0.0,0.0,2.0,0.0,1.0,1.0
479,114.0,359.0,4.0,0.0,0.0,0.0,6.0,21.0,1.0,7.0,1.0,0.0,5.0,5.0
480,130.0,404.0,2.0,4.0,2.0,10.0,6.0,5.0,17.0,27.0,1.0,0.0,7.0,6.0
481,95.0,298.0,0.0,0.0,7.0,0.0,1.0,0.0,0.0,1.0,1.0,0.0,3.0,4.0
482,68.0,212.0,0.0,0.0,0.0,0.0,0.0,0.0,0.0,0.0,1.0,0.0,2.0,3.0
483,114.0,353.0,0.0,0.0,0.0,0.0,0.0,0.0,0.0,0.0,1.0,0.0,4.0,5.0
484,228.0,755.0,0.0,0.0,0.0,0.0,0.0,0.0,0.0,0.0,6.0,0.0,8.0,10.0
485,251.0,836.0,1.0,0.0,0.0,1.0,2.0,1.0,1.0,18.0,1.0,0.0,9.0,11.0
486,81.0,209.0,0.0,0.0,0.0,0.0,0.0,0.0,0.0,0.0,5.0,0.0,3.0,4.0
487,112.0,290.0,0.0,0.0,0.0,0.0,0.0,0.0,0.0,0.0,6.0,0.0,6.0,5.0
488,100.0,259.0,0.0,0.0,0.0,0.0,0.0,0.0,0.0,0.0,3.0,0.0,3.0,4.0
489,168.0,476.0,9.0,8.0,0.0,4.0,1.0,0.0,0.0,4.0,0.0,0.0,11.0,8.0
490,107.0,300.0,11.0,3.0,29.0,6.0,4.0,96.0,2.0,20.0,0.0,0.0,9.0,5.0
491,144.0,393.0,16.0,0.0,0.0,0.0,0.0,2.0,0.0,2.0,1.0,0.0,12.0,7.0
492,165.0,428.0,0.0,0.0,0.0,0.0,0.0,0.0,0.0,0.0,1.0,0.0,5.0,7.0
493,92.0,234.0,0.0,0.0,0.0,15.0,3.0,5.0,3.0,16.0,2.0,0.0,4.0,4.0
494,256.0,668.0,0.0,0.0,0.0,0.0,0.0,0.0,0.0,0.0,2.0,0.0,8.0,11.0
495,68.0,220.0,0.0,0.0,0.0,0.0,0.0,0.0,0.0,0.0,1.0,0.0,2.0,3.0
496,461.0,1486.0,0.0,0.0,0.0,0.0,5.0,94.0,0.0,0.0,0.0,0.0,18.0,21.0
497,664.0,1601.0,21.0,0.0,2.0,28.0,5.0,3.0,5.0,37.0,0.0,0.0,24.0,30.0
498,725.0,1465.0,10.0,5.0,2.0,2.0,2.0,4.0,3.0,23.0,0.0,0.0,25.0,33.0
499,520.0,1335.0,80.0,65.0,4.0,1.0,6.0,88.0,3.0,30.0,0.0,0.0,25.0,24.0
500,798.0,1780.0,41.0,73.0,4.0,5.0,18.0,12.0,12.0,80.0,0.0,0.0,36.0,36.0
501,363.0,810.0,0.0,0.0,0.0,0.0,0.0,51.0,0.0,0.0,0.0,0.0,13.0,16.0
502,439.0,1190.0,43.0,50.0,52.0,71.0,43.0,146.0,24.0,307.0,0.0,0.0,37.0,20.0
503,721.0,1772.0,35.0,0.0,9.0,3.0,16.0,9.0,14.0,103.0,0.0,0.0,29.0,33.0
504,497.0,1185.0,5.0,0.0,5.0,4.0,17.0,314.0,11.0,62.0,0.0,0.0,29.0,23.0
505,746.0,1697.0,23.0,25.0,31.0,10.0,26.0,32.0,34.0,129.0,0.0,0.0,34.0,34.0
506,633.0,2146.0,1.0,2.0,0.0,2.0,0.0,0.0,0.0,5.0,0.0,0.0,27.0,29.0
507,101.0,312.0,11.0,6.0,2.0,0.0,3.0,94.0,4.0,44.0,0.0,0.0,10.0,5.0
508,416.0,1148.0,0.0,0.0,1.0,0.0,2.0,1.0,2.0,50.0,0.0,0.0,15.0,19.0
509,430.0,1171.0,14.0,0.0,11.0,3.0,6.0,6.0,7.0,44.0,0.0,0.0,22.0,20.0
510,477.0,1124.0,0.0,0.0,0.0,0.0,0.0,0.0,0.0,0.0,0.0,0.0,15.0,22.0
511,397.0,959.0,8.0,0.0,0.0,5.0,0.0,192.0,26.0,62.0,0.0,0.0,22.0,18.0
512,438.0,1028.0,10.0,24.0,13.0,9.0,26.0,31.0,52.0,197.0,0.0,0.0,25.0,20.0
513,581.0,1360.0,0.0,0.0,0.0,0.0,0.0,0.0,0.0,0.0,0.0,0.0,18.0,26.0
514,210.0,668.0,16.0,98.0,9.0,4.0,22.0,26.0,24.0,136.0,0.0,0.0,17.0,10.0
515,332.0,914.0,2.0,0.0,2.0,2.0,7.0,14.0,37.0,33.0,0.0,0.0,14.0,15.0
516,415.0,1035.0,12.0,0.0,14.0,8.0,32.0,180.0,112.0,304.0,0.0,0.0,35.0,19.0
517,607.0,1558.0,0.0,0.0,1.0,1.0,3.0,118.0,2.0,13.0,0.0,0.0,24.0,28.0
518,256.0,549.0,39.0,127.0,23.0,17.0,30.0,36.0,46.0,282.0,0.0,0.0,34.0,12.0
519,123.0,229.0,292.0,68.0,52.0,66.0,97.0,44.0,97.0,303.0,0.0,0.0,36.0,6.0
520,699.0,1590.0,0.0,0.0,0.0,0.0,0.0,0.0,0.0,0.0,0.0,0.0,22.0,32.0
521,446.0,1030.0,141.0,21.0,3.0,2.0,12.0,16.0,62.0,107.0,0.0,0.0,26.0,20.0
522,356.0,1100.0,147.0,18.0,17.0,8.0,41.0,38.0,90.0,215.0,0.0,0.0,30.0,16.0
523,611.0,1416.0,7.0,0.0,3.0,0.0,4.0,0.0,5.0,20.0,0.0,0.0,21.0,28.0
524,478.0,1341.0,1.0,0.0,0.0,1.0,0.0,0.0,0.0,1.0,0.0,0.0,15.0,22.0
525,342.0,896.0,0.0,0.0,0.0,0.0,0.0,57.0,0.0,0.0,0.0,0.0,13.0,16.0
526,395.0,969.0,156.0,107.0,52.0,35.0,88.0,58.0,278.0,589.0,0.0,0.0,58.0,18.0
527,0.0,0.0,0.0,0.0,178.0,0.0,85.0,77.0,0.0,0.0,0.0,0.0,11.0,0.0
528,348.0,845.0,0.0,0.0,0.0,0.0,0.0,0.0,0.0,0.0,0.0,0.0,11.0,16.0
529,314.0,680.0,0.0,0.0,4.0,29.0,5.0,27.0,5.0,26.0,0.0,0.0,13.0,14.0
530,665.0,1611.0,5.0,0.0,3.0,9.0,13.0,106.0,8.0,27.0,0.0,0.0,27.0,30.0
531,310.0,678.0,22.0,0.0,4.0,1.0,3.0,8.0,9.0,24.0,0.0,0.0,12.0,14.0
532,0.0,0.0,546.0,488.0,85.0,55.0,140.0,238.0,185.0,682.0,0.0,0.0,77.0,0.0
533,126.0,295.0,153.0,289.0,58.0,31.0,71.0,58.0,101.0,265.0,0.0,0.0,37.0,6.0
534,3.0,5.0,97.0,21.0,311.0,11.0,309.0,339.0,1288.0,2816.0,0.0,0.0,164.0,0.0
535,316.0,750.0,474.0,108.0,65.0,193.0,137.0,235.0,166.0,606.0,0.0,0.0,73.0,14.0
536,264.0,549.0,616.0,226.0,35.0,40.0,67.0,113.0,75.0,265.0,0.0,0.0,104.0,12.0
537,655.0,1375.0,183.0,1.0,19.0,38.0,31.0,91.0,145.0,309.0,0.0,0.0,47.0,30.0
538,1056.0,2065.0,834.0,276.0,58.0,165.0,127.0,158.0,146.0,560.0,0.0,0.0,174.0,48.0
539,225.0,465.0,0.0,0.0,0.0,0.0,0.0,0.0,1.0,43.0,1.0,0.0,12.0,10.0
540,0.0,0.0,0.0,0.0,2.0,0.0,0.0,87.0,0.0,1.0,0.0,0.0,3.0,0.0
541,0.0,0.0,0.0,0.0,1374.0,0.0,279.0,1829.0,0.0,0.0,0.0,0.0,111.0,0.0
542,338.0,818.0,9.0,25.0,2.0,4.0,7.0,14.0,7.0,28.0,0.0,0.0,14.0,15.0
543,851.0,2307.0,7.0,0.0,9.0,5.0,13.0,118.0,23.0,95.0,0.0,0.0,36.0,39.0
544,530.0,1243.0,0.0,0.0,0.0,0.0,0.0,0.0,0.0,0.0,0.0,0.0,17.0,24.0
545,393.0,765.0,0.0,0.0,1.0,0.0,1.0,166.0,1.0,28.0,0.0,0.0,19.0,18.0
546,439.0,1152.0,0.0,0.0,1.0,0.0,0.0,2.0,3.0,6.0,0.0,0.0,14.0,20.0
547,426.0,1113.0,0.0,0.0,0.0,0.0,0.0,124.0,0.0,0.0,0.0,0.0,19.0,19.0
548,386.0,879.0,30.0,1.0,14.0,12.0,67.0,18.0,98.0,347.0,0.0,0.0,31.0,18.0
549,43.0,129.0,1.0,0.0,2.0,1.0,2.0,0.0,1952.0,10.0,0.0,0.0,64.0,2.0
550,108.0,246.0,15.0,0.0,35.0,27.0,50.0,350.0,100.0,292.0,0.0,0.0,31.0,5.0
551,369.0,825.0,0.0,0.0,0.0,0.0,0.0,16.0,0.0,0.0,2.0,0.0,12.0,17.0
552,370.0,732.0,2.0,0.0,3.0,26.0,7.0,15.0,14.0,34.0,1.0,0.0,121.0,17.0
553,65.0,205.0,367.0,48.0,57.0,48.0,87.0,48.0,127.0,338.0,0.0,0.0,42.0,3.0
554,291.0,708.0,337.0,144.0,77.0,57.0,120.0,49.0,198.0,592.0,0.0,0.0,59.0,13.0
555,133.0,269.0,19.0,35.0,23.0,12.0,37.0,13.0,61.0,173.0,0.0,0.0,16.0,6.0
556,313.0,635.0,1.0,7.0,2.0,1.0,4.0,39.0,10.0,27.0,0.0,0.0,14.0,14.0
557,326.0,560.0,0.0,0.0,1.0,0.0,8.0,2.0,9.0,6.0,0.0,0.0,11.0,15.0
558,159.0,382.0,0.0,0.0,0.0,0.0,0.0,1.0,0.0,150.0,0.0,0.0,11.0,7.0
559,0.0,0.0,30.0,22.0,8.0,5.0,11.0,6.0,67.0,62.0,0.0,0.0,7.0,0.0
560,459.0,1072.0,0.0,0.0,0.0,0.0,0.0,0.0,0.0,9.0,0.0,0.0,16.0,21.0
561,553.0,1252.0,6.0,0.0,11.0,14.0,24.0,110.0,31.0,122.0,0.0,0.0,29.0,25.0
562,163.0,374.0,4.0,0.0,5.0,7.0,13.0,8.0,18.0,100.0,0.0,0.0,13.0,7.0
563,496.0,1128.0,1.0,0.0,2.0,2.0,11.0,28.0,6.0,33.0,0.0,0.0,19.0,22.0
564,390.0,962.0,0.0,0.0,0.0,0.0,2.0,0.0,1.0,5.0,0.0,0.0,22.0,18.0
565,289.0,655.0,0.0,0.0,2.0,0.0,1.0,169.0,2.0,21.0,0.0,0.0,15.0,13.0
566,367.0,890.0,32.0,17.0,132.0,2.0,3.0,1.0,106.0,124.0,0.0,0.0,27.0,17.0
567,168.0,423.0,0.0,0.0,0.0,0.0,0.0,0.0,0.0,0.0,0.0,0.0,12.0,8.0
568,959.0,2326.0,16.0,59.0,12.0,10.0,22.0,70.0,59.0,288.0,0.0,83.0,51.0,44.0
569,245.0,593.0,114.0,84.0,22.0,16.0,124.0,45.0,320.0,405.0,0.0,0.0,44.0,11.0
570,1201.0,2577.0,51.0,23.0,28.0,11.0,151.0,37.0,341.0,403.0,0.0,0.0,80.0,55.0
571,419.0,1130.0,5.0,0.0,9.0,27.0,18.0,149.0,35.0,136.0,0.0,0.0,46.0,19.0
572,948.0,1956.0,189.0,104.0,12.0,57.0,26.0,34.0,372.0,480.0,0.0,0.0,71.0,43.0
573,307.0,721.0,0.0,0.0,0.0,0.0,0.0,0.0,0.0,0.0,0.0,0.0,21.0,14.0
574,99.0,263.0,0.0,0.0,0.0,0.0,0.0,0.0,0.0,0.0,2.0,0.0,3.0,4.0
575,312.0,833.0,44.0,28.0,78.0,21.0,36.0,32.0,18.0,131.0,1.0,0.0,23.0,14.0
576,9.0,21.0,8.0,22.0,91.0,32.0,25.0,37.0,26.0,165.0,0.0,0.0,13.0,0.0
577,1.0,3.0,0.0,0.0,0.0,0.0,0.0,0.0,0.0,0.0,0.0,0.0,0.0,0.0
578,4.0,8.0,0.0,0.0,0.0,0.0,0.0,0.0,0.0,0.0,0.0,0.0,0.0,0.0
579,36.0,68.0,0.0,0.0,0.0,0.0,0.0,0.0,0.0,0.0,0.0,0.0,1.0,2.0
580,2.0,5.0,0.0,0.0,0.0,0.0,1.0,6.0,1.0,4.0,0.0,0.0,0.0,0.0
581,8.0,18.0,0.0,0.0,0.0,0.0,0.0,0.0,0.0,0.0,0.0,0.0,0.0,0.0
582,269.0,769.0,0.0,0.0,0.0,0.0,0.0,0.0,0.0,0.0,42.0,0.0,25.0,13.0
583,1742.0,5001.0,0.0,0.0,0.0,0.0,0.0,0.0,0.0,0.0,32.0,0.0,231.0,81.0
584,301.0,893.0,0.0,0.0,0.0,0.0,0.0,0.0,0.0,0.0,9.0,0.0,25.0,14.0
585,1630.0,4988.0,6.0,4.0,1.0,1.0,4.0,2.0,6.0,31.0,3.0,0.0,61.0,76.0
586,188.0,485.0,0.0,0.0,0.0,0.0,0.0,0.0,0.0,0.0,12.0,0.0,37.0,9.0
587,253.0,759.0,0.0,0.0,0.0,0.0,3.0,0.0,0.0,2.0,8.0,0.0,8.0,12.0
588,294.0,913.0,0.0,0.0,0.0,29.0,30.0,0.0,3.0,8.0,4.0,0.0,59.0,14.0
589,203.0,589.0,0.0,0.0,0.0,0.0,0.0,0.0,0.0,0.0,6.0,0.0,8.0,10.0
590,354.0,1071.0,0.0,0.0,0.0,0.0,0.0,0.0,0.0,0.0,4.0,0.0,13.0,17.0
591,336.0,1015.0,0.0,0.0,0.0,0.0,0.0,0.0,0.0,0.0,2.0,0.0,35.0,16.0
592,228.0,548.0,0.0,0.0,0.0,0.0,0.0,0.0,0.0,0.0,3.0,0.0,9.0,11.0
593,463.0,1335.0,1.0,0.0,0.0,0.0,1.0,90.0,2.0,6.0,3.0,0.0,23.0,22.0
594,358.0,1004.0,15.0,2.0,3.0,20.0,50.0,75.0,92.0,255.0,0.0,0.0,37.0,17.0
595,585.0,1629.0,4.0,1.0,2.0,4.0,4.0,163.0,11.0,40.0,1.0,0.0,33.0,27.0
596,409.0,1050.0,12.0,2.0,1.0,2.0,6.0,3.0,7.0,36.0,1.0,0.0,14.0,19.0
597,365.0,903.0,0.0,0.0,0.0,0.0,0.0,0.0,0.0,0.0,5.0,0.0,13.0,17.0
598,1742.0,4900.0,23.0,7.0,6.0,8.0,14.0,4.0,20.0,109.0,9.0,0.0,129.0,81.0
599,1138.0,3343.0,2.0,1.0,0.0,7.0,7.0,4.0,14.0,88.0,6.0,0.0,92.0,53.0
600,354.0,918.0,278.0,135.0,20.0,42.0,59.0,27.0,86.0,373.0,10.0,0.0,107.0,17.0
601,399.0,1045.0,0.0,0.0,0.0,0.0,0.0,0.0,0.0,0.0,1.0,0.0,31.0,19.0
602,713.0,2317.0,0.0,0.0,0.0,0.0,0.0,0.0,0.0,0.0,9.0,0.0,67.0,33.0
603,377.0,1164.0,0.0,0.0,0.0,0.0,36.0,1.0,2.0,9.0,0.0,0.0,12.0,18.0
604,720.0,1441.0,0.0,0.0,1.0,1.0,0.0,0.0,0.0,0.0,0.0,0.0,33.0,34.0
605,723.0,1519.0,16.0,4.0,2.0,13.0,21.0,7.0,22.0,207.0,2.0,0.0,71.0,34.0
606,343.0,964.0,0.0,0.0,0.0,0.0,0.0,0.0,0.0,0.0,0.0,0.0,12.0,16.0
607,317.0,791.0,1.0,0.0,0.0,6.0,0.0,0.0,1.0,4.0,0.0,0.0,17.0,15.0
608,300.0,882.0,0.0,0.0,0.0,0.0,0.0,0.0,0.0,2.0,3.0,0.0,21.0,14.0
609,960.0,3652.0,89.0,78.0,15.0,31.0,52.0,103.0,43.0,401.0,0.0,0.0,60.0,45.0
610,240.0,654.0,405.0,185.0,8.0,63.0,120.0,259.0,132.0,825.0,0.0,0.0,74.0,11.0
611,390.0,1100.0,30.0,1.0,1.0,6.0,16.0,59.0,11.0,68.0,0.0,0.0,17.0,18.0
612,478.0,1281.0,6.0,1.0,0.0,6.0,6.0,7.0,7.0,56.0,0.0,0.0,20.0,22.0
613,165.0,489.0,0.0,0.0,0.0,0.0,0.0,0.0,0.0,0.0,0.0,0.0,17.0,8.0
614,868.0,2560.0,35.0,62.0,4.0,7.0,16.0,6.0,134.0,89.0,0.0,0.0,38.0,40.0
615,182.0,510.0,681.0,156.0,6.0,56.0,114.0,43.0,164.0,804.0,0.0,0.0,65.0,9.0
616,397.0,1117.0,3.0,0.0,0.0,2.0,3.0,51.0,7.0,20.0,0.0,0.0,16.0,19.0
617,520.0,1353.0,1.0,0.0,1.0,7.0,0.0,0.0,2.0,14.0,0.0,0.0,16.0,24.0
618,603.0,1829.0,10.0,3.0,21.0,31.0,43.0,41.0,27.0,312.0,1.0,0.0,54.0,28.0
619,673.0,2089.0,18.0,5.0,3.0,4.0,5.0,6.0,18.0,77.0,3.0,0.0,210.0,31.0
620,403.0,1052.0,0.0,0.0,0.0,0.0,0.0,0.0,0.0,0.0,1.0,0.0,21.0,19.0
621,573.0,1463.0,0.0,0.0,2.0,1.0,0.0,0.0,2.0,4.0,0.0,0.0,19.0,27.0
622,537.0,1351.0,137.0,6.0,3.0,34.0,76.0,69.0,59.0,253.0,0.0,0.0,93.0,25.0
623,0.0,0.0,0.0,2.0,971.0,0.0,1819.0,484.0,0.0,807.0,0.0,0.0,119.0,0.0
624,607.0,1614.0,35.0,3.0,2.0,20.0,16.0,64.0,35.0,122.0,0.0,0.0,54.0,28.0
625,543.0,1420.0,6.0,2.0,1.0,8.0,6.0,103.0,14.0,62.0,0.0,0.0,26.0,25.0
626,0.0,0.0,7.0,1.0,2.0,1.0,283.0,425.0,18.0,76.0,0.0,0.0,24.0,0.0
627,559.0,1505.0,36.0,13.0,24.0,16.0,28.0,56.0,48.0,226.0,0.0,0.0,39.0,26.0
628,0.0,0.0,21.0,5.0,13.0,8.0,1276.0,2153.0,360.0,294.0,0.0,0.0,121.0,0.0
629,0.0,0.0,0.0,0.0,423.0,0.0,0.0,1420.0,1.0,52.0,0.0,0.0,55.0,0.0
630,0.0,0.0,0.0,0.0,314.0,0.0,376.0,4502.0,2.0,72.0,0.0,0.0,154.0,0.0
631,0.0,0.0,0.0,0.0,253.0,0.0,1108.0,6775.0,0.0,187.0,0.0,0.0,243.0,0.0
632,393.0,904.0,0.0,0.0,0.0,0.0,0.0,1.0,0.0,44.0,0.0,0.0,13.0,18.0
633,0.0,0.0,0.0,0.0,0.0,0.0,318.0,135.0,3.0,57.0,0.0,0.0,15.0,0.0
634,46.0,143.0,254.0,57.0,22.0,18.0,730.0,11824.0,426.0,745.0,0.0,0.0,413.0,2.0
635,270.0,811.0,19.0,7.0,4.0,18.0,34.0,10.0,34.0,316.0,13.0,0.0,38.0,13.0
636,540.0,1627.0,7.0,3.0,4.0,19.0,45.0,118.0,62.0,315.0,18.0,0.0,34.0,25.0
637,594.0,1550.0,1.0,1.0,1.0,7.0,5.0,45.0,4.0,40.0,5.0,0.0,41.0,28.0
638,692.0,1787.0,37.0,2.0,1.0,12.0,31.0,68.0,24.0,218.0,2.0,0.0,56.0,32.0
639,4.0,9.0,1.0,41.0,0.0,0.0,5.0,1.0,10.0,39.0,0.0,108.0,3.0,0.0
640,0.0,0.0,0.0,0.0,0.0,0.0,0.0,0.0,0.0,0.0,0.0,0.0,0.0,0.0
641,161.0,468.0,5.0,4.0,1.0,7.0,12.0,1.0,8.0,52.0,7.0,0.0,15.0,7.0
642,451.0,1265.0,0.0,0.0,0.0,0.0,9.0,0.0,1.0,8.0,0.0,0.0,18.0,21.0
643,665.0,1719.0,85.0,19.0,9.0,35.0,22.0,73.0,41.0,192.0,0.0,0.0,41.0,31.0
644,448.0,1090.0,0.0,0.0,0.0,0.0,0.0,0.0,0.0,0.0,0.0,0.0,18.0,21.0
645,735.0,2209.0,32.0,49.0,2.0,10.0,42.0,20.0,43.0,190.0,0.0,0.0,212.0,34.0
646,894.0,1812.0,105.0,39.0,8.0,101.0,151.0,193.0,239.0,842.0,0.0,0.0,85.0,42.0
647,0.0,0.0,30.0,0.0,714.0,0.0,1894.0,59.0,1.0,1062.0,0.0,0.0,110.0,0.0
648,534.0,1139.0,2.0,0.0,0.0,0.0,2.0,0.0,3.0,4.0,1.0,0.0,22.0,25.0
649,357.0,826.0,16.0,0.0,1.0,0.0,0.0,0.0,0.0,6.0,2.0,0.0,30.0,17.0
650,411.0,944.0,0.0,0.0,0.0,3.0,0.0,0.0,0.0,2.0,0.0,0.0,14.0,19.0
651,0.0,0.0,16.0,4.0,41.0,173.0,4.0,0.0,32.0,163.0,0.0,0.0,13.0,0.0
652,37.0,87.0,8.0,1.0,157.0,101.0,11.0,15.0,199.0,107.0,0.0,0.0,19.0,2.0
653,937.0,1835.0,48.0,3.0,2.0,22.0,48.0,2.0,115.0,253.0,0.0,0.0,90.0,44.0
654,720.0,1564.0,47.0,24.0,6.0,16.0,55.0,13.0,98.0,210.0,0.0,0.0,59.0,34.0
655,694.0,2051.0,1.0,0.0,0.0,0.0,0.0,54.0,5.0,19.0,0.0,0.0,23.0,32.0
656,414.0,1373.0,0.0,0.0,0.0,0.0,0.0,0.0,0.0,0.0,1.0,0.0,18.0,19.0
657,1.0,2.0,76.0,13.0,2600.0,391.0,199.0,64.0,196.0,721.0,0.0,0.0,125.0,0.0
658,789.0,1535.0,3.0,2.0,1.0,6.0,16.0,1.0,9.0,30.0,0.0,0.0,38.0,37.0
659,358.0,699.0,14.0,20.0,1.0,6.0,39.0,142.0,51.0,262.0,0.0,0.0,59.0,17.0
660,868.0,1636.0,53.0,9.0,13.0,34.0,123.0,412.0,489.0,806.0,0.0,0.0,237.0,40.0
661,1200.0,2483.0,276.0,93.0,17.0,58.0,790.0,56.0,420.0,1296.0,1.0,0.0,271.0,56.0
662,943.0,1928.0,118.0,4.0,3.0,70.0,69.0,35.0,92.0,972.0,0.0,0.0,67.0,44.0
663,332.0,701.0,53.0,47.0,3318.0,351.0,67.0,343.0,138.0,502.0,2.0,0.0,157.0,16.0
664,1255.0,2382.0,46.0,64.0,6.0,35.0,37.0,48.0,101.0,373.0,0.0,0.0,89.0,58.0
665,1243.0,3081.0,39.0,4.0,7.0,22.0,21.0,73.0,43.0,122.0,1.0,0.0,100.0,58.0
666,1256.0,3656.0,79.0,24.0,1.0,20.0,38.0,58.0,146.0,159.0,0.0,0.0,59.0,59.0
667,1502.0,4430.0,10.0,2.0,3.0,2.0,5.0,6.0,6.0,42.0,3.0,0.0,58.0,70.0
668,1422.0,4377.0,40.0,11.0,9.0,5.0,60.0,3.0,120.0,164.0,16.0,0.0,142.0,66.0
669,242.0,617.0,49.0,44.0,67.0,179.0,53.0,316.0,62.0,234.0,2.0,0.0,209.0,11.0
670,988.0,2869.0,9.0,2.0,1.0,3.0,9.0,2.0,5.0,72.0,2.0,0.0,130.0,46.0
671,418.0,1113.0,7.0,40.0,4.0,29.0,12.0,2.0,123.0,64.0,4.0,0.0,37.0,20.0
672,374.0,1249.0,7.0,44.0,0.0,4.0,15.0,2.0,29.0,32.0,1.0,0.0,15.0,17.0
673,412.0,1376.0,0.0,0.0,0.0,0.0,5.0,0.0,0.0,7.0,2.0,0.0,41.0,19.0
674,593.0,1723.0,480.0,174.0,11.0,76.0,68.0,173.0,71.0,412.0,2.0,0.0,61.0,28.0
675,817.0,2249.0,40.0,9.0,1.0,4.0,19.0,240.0,87.0,73.0,0.0,0.0,57.0,38.0
676,6.0,15.0,2.0,2.0,0.0,40.0,8.0,20.0,5.0,48.0,13.0,0.0,4.0,0.0
677,808.0,2398.0,18.0,5.0,8.0,9.0,6.0,62.0,10.0,78.0,19.0,0.0,124.0,37.0
678,587.0,1707.0,7.0,1.0,3.0,3.0,25.0,222.0,94.0,185.0,5.0,0.0,57.0,27.0
679,835.0,2476.0,26.0,17.0,1.0,15.0,33.0,9.0,122.0,153.0,1.0,0.0,59.0,39.0
680,1415.0,3709.0,135.0,59.0,8.0,68.0,132.0,175.0,167.0,443.0,0.0,0.0,88.0,66.0
681,765.0,2130.0,209.0,142.0,11.0,70.0,23.0,94.0,23.0,187.0,0.0,7.0,46.0,36.0
682,683.0,1823.0,1.0,0.0,1.0,10.0,3.0,0.0,1.0,8.0,1.0,0.0,26.0,32.0
683,4431.0,12998.0,0.0,0.0,0.0,0.0,0.0,0.0,0.0,0.0,39.0,0.0,358.0,207.0
684,1020.0,2944.0,0.0,0.0,0.0,1.0,4.0,4.0,0.0,4.0,11.0,0.0,83.0,47.0
685,755.0,2188.0,0.0,0.0,0.0,0.0,0.0,0.0,0.0,3.0,0.0,0.0,46.0,35.0
686,405.0,1350.0,0.0,0.0,0.0,0.0,3.0,0.0,7.0,0.0,0.0,0.0,24.0,19.0
687,773.0,2314.0,0.0,0.0,4.0,0.0,6.0,0.0,0.0,1.0,4.0,0.0,30.0,36.0
688,579.0,1652.0,0.0,0.0,0.0,0.0,0.0,0.0,0.0,0.0,0.0,0.0,34.0,27.0
689,0.0,0.0,0.0,0.0,0.0,0.0,0.0,0.0,0.0,0.0,42.0,0.0,0.0,0.0
690,742.0,1792.0,61.0,3.0,3.0,21.0,145.0,143.0,326.0,377.0,13.0,0.0,53.0,35.0
691,598.0,1423.0,74.0,7.0,295.0,94.0,106.0,29.0,141.0,355.0,12.0,0.0,50.0,28.0
692,621.0,1603.0,10.0,3.0,2.0,20.0,176.0,26.0,56.0,477.0,0.0,0.0,41.0,29.0
693,1374.0,3351.0,69.0,23.0,31.0,52.0,260.0,392.0,454.0,1002.0,2.0,0.0,107.0,64.0
694,600.0,1276.0,86.0,37.0,13.0,92.0,97.0,171.0,72.0,510.0,2.0,0.0,49.0,28.0
695,29.0,83.0,3.0,0.0,46.0,17.0,0.0,1.0,1.0,138.0,13.0,0.0,7.0,1.0
696,557.0,1551.0,182.0,130.0,12.0,53.0,88.0,54.0,48.0,337.0,2.0,0.0,43.0,26.0
697,686.0,1713.0,2.0,1.0,16.0,11.0,52.0,13.0,214.0,195.0,2.0,0.0,37.0,32.0
698,1007.0,2716.0,0.0,0.0,0.0,0.0,0.0,50.0,0.0,1.0,0.0,0.0,42.0,47.0
699,724.0,1926.0,0.0,9.0,0.0,1.0,9.0,2.0,6.0,45.0,2.0,0.0,70.0,34.0
700,576.0,1208.0,191.0,339.0,35.0,30.0,23.0,110.0,45.0,277.0,0.0,0.0,48.0,27.0
701,783.0,1745.0,42.0,19.0,8.0,53.0,41.0,150.0,302.0,232.0,1.0,0.0,48.0,36.0
702,1186.0,2336.0,119.0,24.0,17.0,94.0,36.0,63.0,47.0,391.0,0.0,0.0,85.0,55.0
703,1202.0,2799.0,302.0,85.0,35.0,82.0,66.0,21.0,2335.0,406.0,0.0,0.0,147.0,56.0
704,1543.0,2795.0,704.0,811.0,127.0,40.0,420.0,111.0,651.0,1364.0,0.0,0.0,432.0,72.0
705,1736.0,4382.0,227.0,71.0,22.0,112.0,246.0,39.0,438.0,984.0,2.0,0.0,114.0,81.0
706,135.0,335.0,14.0,3.0,1.0,16.0,10.0,10.0,12.0,89.0,4.0,0.0,8.0,6.0
707,1859.0,4564.0,0.0,0.0,0.0,0.0,4.0,0.0,12.0,0.0,7.0,0.0,60.0,87.0
708,1129.0,3107.0,0.0,0.0,0.0,0.0,4.0,0.0,4.0,0.0,0.0,0.0,33.0,53.0
709,296.0,670.0,10.0,2.0,48.0,88.0,57.0,16.0,24.0,148.0,2.0,0.0,20.0,14.0
710,751.0,1693.0,326.0,128.0,11.0,122.0,45.0,24.0,98.0,361.0,0.0,0.0,134.0,35.0
711,229.0,411.0,471.0,503.0,19.0,46.0,29.0,26.0,80.0,359.0,0.0,0.0,58.0,11.0
712,205.0,489.0,55.0,26.0,10.0,102.0,161.0,140.0,261.0,670.0,4.0,0.0,50.0,9.0
713,847.0,2133.0,3.0,0.0,0.0,0.0,2.0,0.0,13.0,23.0,0.0,0.0,29.0,39.0
714,1206.0,3647.0,22.0,0.0,0.0,0.0,7.0,54.0,23.0,12.0,1.0,0.0,70.0,56.0
715,606.0,1582.0,0.0,0.0,0.0,0.0,3.0,0.0,0.0,11.0,0.0,0.0,29.0,28.0
716,258.0,788.0,14.0,6.0,0.0,2.0,5.0,0.0,108.0,16.0,0.0,0.0,14.0,12.0
717,1089.0,2737.0,4.0,0.0,6.0,11.0,3.0,2.0,3.0,24.0,4.0,0.0,78.0,51.0
718,256.0,819.0,3.0,0.0,1.0,5.0,15.0,68.0,6.0,49.0,3.0,0.0,12.0,12.0
719,0.0,0.0,26.0,1.0,255.0,497.0,83.0,7.0,12.0,177.0,0.0,23.0,31.0,0.0
720,1102.0,2198.0,1423.0,311.0,52.0,89.0,87.0,55.0,162.0,488.0,0.0,0.0,325.0,52.0
721,639.0,1443.0,35.0,9.0,5.0,25.0,33.0,136.0,48.0,202.0,0.0,0.0,38.0,30.0
722,305.0,587.0,72.0,62.0,5.0,36.0,135.0,357.0,190.0,510.0,1.0,0.0,62.0,14.0
723,1342.0,2635.0,3.0,19.0,0.0,1.0,11.0,67.0,12.0,101.0,0.0,0.0,61.0,63.0
724,1754.0,4018.0,31.0,17.0,2.0,5.0,26.0,15.0,58.0,139.0,3.0,0.0,87.0,82.0
725,212.0,677.0,1.0,0.0,1.0,1.0,1.0,103.0,1.0,3.0,1.0,0.0,9.0,10.0
726,237.0,679.0,1.0,0.0,0.0,0.0,0.0,81.0,1.0,5.0,1.0,0.0,38.0,11.0
727,228.0,558.0,0.0,0.0,0.0,0.0,0.0,0.0,0.0,0.0,1.0,0.0,7.0,11.0
728,529.0,1411.0,7.0,11.0,6.0,19.0,28.0,138.0,20.0,128.0,10.0,0.0,141.0,25.0
729,365.0,832.0,85.0,1.0,480.0,857.0,111.0,6.0,83.0,203.0,2.0,0.0,66.0,17.0
730,1101.0,2874.0,42.0,4.0,0.0,6.0,5.0,9.0,9.0,47.0,2.0,0.0,117.0,51.0
731,420.0,1262.0,0.0,0.0,0.0,0.0,10.0,0.0,0.0,0.0,7.0,0.0,35.0,20.0
732,695.0,2089.0,5.0,0.0,1.0,2.0,24.0,61.0,3.0,44.0,7.0,0.0,26.0,32.0
733,190.0,602.0,0.0,0.0,0.0,0.0,0.0,0.0,0.0,0.0,3.0,0.0,218.0,9.0
734,286.0,904.0,60.0,7.0,8.0,56.0,41.0,39.0,44.0,298.0,6.0,0.0,175.0,13.0
735,431.0,1413.0,0.0,0.0,0.0,0.0,0.0,0.0,0.0,0.0,0.0,0.0,13.0,20.0
736,412.0,935.0,0.0,0.0,1.0,3.0,3.0,0.0,0.0,3.0,1.0,0.0,40.0,19.0
737,1032.0,2379.0,19.0,7.0,29.0,24.0,49.0,94.0,131.0,381.0,0.0,0.0,58.0,48.0
738,199.0,354.0,246.0,147.0,10.0,60.0,76.0,24.0,188.0,576.0,0.0,0.0,50.0,9.0
739,1526.0,3594.0,71.0,37.0,10.0,37.0,79.0,48.0,106.0,402.0,1.0,0.0,91.0,71.0
740,3.0,9.0,0.0,0.0,0.0,0.0,0.0,0.0,0.0,0.0,26.0,0.0,0.0,0.0
741,177.0,520.0,0.0,0.0,0.0,0.0,0.0,0.0,0.0,0.0,0.0,0.0,5.0,8.0
742,351.0,953.0,8.0,1.0,1.0,10.0,21.0,6.0,1019.0,70.0,0.0,0.0,49.0,16.0
743,716.0,2283.0,12.0,0.0,1.0,15.0,22.0,135.0,23.0,89.0,3.0,3.0,38.0,33.0
744,866.0,2128.0,1.0,0.0,0.0,0.0,3.0,52.0,7.0,3.0,2.0,0.0,172.0,40.0
745,282.0,794.0,2.0,0.0,0.0,3.0,2.0,0.0,0.0,1.0,0.0,0.0,10.0,13.0
746,138.0,452.0,6.0,1.0,2.0,11.0,29.0,21.0,20.0,136.0,0.0,0.0,11.0,6.0
747,1098.0,2449.0,223.0,44.0,13.0,53.0,166.0,210.0,370.0,660.0,0.0,0.0,213.0,51.0
748,568.0,1443.0,0.0,0.0,0.0,0.0,10.0,0.0,3.0,1.0,2.0,0.0,54.0,26.0
749,485.0,1506.0,0.0,0.0,0.0,0.0,0.0,0.0,0.0,0.0,2.0,0.0,71.0,23.0
750,476.0,1395.0,260.0,113.0,3.0,31.0,27.0,19.0,25.0,229.0,0.0,0.0,44.0,22.0
751,12.0,36.0,286.0,14.0,262.0,285.0,536.0,6.0,192.0,284.0,0.0,0.0,254.0,1.0
752,54.0,124.0,217.0,148.0,69.0,121.0,203.0,104.0,927.0,1113.0,1.0,0.0,144.0,2.0
753,1.0,3.0,0.0,0.0,0.0,0.0,0.0,0.0,0.0,0.0,12.0,0.0,0.0,0.0
754,487.0,1743.0,10.0,1.0,1.0,8.0,16.0,43.0,10.0,40.0,5.0,0.0,29.0,23.0
755,567.0,1898.0,0.0,0.0,0.0,0.0,0.0,0.0,0.0,0.0,3.0,0.0,28.0,27.0
756,457.0,1421.0,37.0,4.0,14.0,99.0,32.0,109.0,123.0,526.0,0.0,0.0,41.0,21.0
757,913.0,1758.0,38.0,83.0,8.0,17.0,29.0,17.0,62.0,167.0,0.0,0.0,103.0,43.0
758,1013.0,2092.0,30.0,11.0,9.0,21.0,83.0,290.0,87.0,410.0,0.0,0.0,127.0,47.0
759,304.0,1057.0,0.0,0.0,1.0,1.0,11.0,0.0,0.0,0.0,8.0,0.0,9.0,14.0
760,617.0,1943.0,2.0,0.0,1.0,2.0,13.0,120.0,6.0,59.0,19.0,0.0,37.0,29.0
761,351.0,1088.0,10.0,2.0,8.0,9.0,46.0,976.0,83.0,191.0,3.0,0.0,62.0,16.0
762,432.0,1451.0,7.0,1.0,2.0,7.0,36.0,218.0,16.0,105.0,4.0,0.0,28.0,20.0
763,417.0,1424.0,0.0,0.0,0.0,0.0,0.0,0.0,0.0,0.0,1.0,0.0,16.0,20.0
764,1362.0,3474.0,5.0,0.0,2.0,10.0,16.0,71.0,8.0,32.0,1.0,0.0,60.0,63.0
765,349.0,1204.0,9.0,1.0,3.0,45.0,12.0,72.0,12.0,91.0,1.0,0.0,36.0,16.0
766,214.0,451.0,1.0,0.0,0.0,39.0,4.0,2.0,7.0,12.0,6.0,0.0,8.0,10.0
767,458.0,1120.0,61.0,5.0,5.0,9.0,25.0,3.0,58.0,144.0,2.0,0.0,55.0,22.0
768,586.0,1476.0,0.0,0.0,10.0,0.0,1.0,0.0,4.0,3.0,0.0,0.0,36.0,27.0
769,625.0,1450.0,3.0,15.0,1.0,9.0,8.0,3.0,6.0,365.0,0.0,0.0,33.0,29.0
770,743.0,1914.0,0.0,0.0,9.0,0.0,18.0,83.0,3.0,5.0,0.0,0.0,53.0,35.0
771,544.0,1533.0,138.0,25.0,18.0,74.0,210.0,49.0,317.0,1062.0,0.0,0.0,119.0,25.0
772,387.0,1086.0,0.0,0.0,0.0,0.0,0.0,0.0,0.0,0.0,0.0,0.0,29.0,18.0
773,514.0,1424.0,9.0,0.0,1.0,0.0,0.0,2.0,6.0,11.0,0.0,0.0,24.0,24.0
774,269.0,794.0,203.0,48.0,8.0,44.0,77.0,21.0,200.0,531.0,1.0,0.0,42.0,13.0
775,3744.0,7916.0,188.0,228.0,25.0,37.0,121.0,106.0,252.0,687.0,5.0,0.0,275.0,175.0
776,914.0,1938.0,26.0,0.0,0.0,3.0,37.0,35.0,56.0,117.0,0.0,0.0,41.0,43.0
777,1162.0,2507.0,119.0,86.0,28.0,52.0,72.0,84.0,188.0,486.0,0.0,0.0,146.0,54.0
778,898.0,3406.0,0.0,0.0,10.0,4.0,1.0,0.0,0.0,0.0,2.0,0.0,27.0,42.0
779,434.0,1081.0,0.0,0.0,0.0,1.0,9.0,0.0,0.0,1.0,0.0,0.0,67.0,20.0
780,357.0,1047.0,1375.0,601.0,29.0,83.0,130.0,86.0,565.0,1370.0,0.0,0.0,134.0,16.0
781,19.0,45.0,16.0,2.0,2.0,3.0,18.0,38.0,9.0,2276.0,1.0,0.0,72.0,1.0
782,467.0,1171.0,0.0,0.0,15.0,1.0,2.0,6.0,2.0,26.0,0.0,0.0,37.0,22.0
783,77.0,189.0,7.0,1.0,1.0,7.0,4.0,7.0,5.0,65.0,19.0,0.0,35.0,3.0
784,404.0,1432.0,29.0,3.0,5.0,26.0,15.0,70.0,14.0,226.0,6.0,0.0,23.0,19.0
785,1403.0,3654.0,0.0,0.0,0.0,0.0,0.0,17.0,0.0,0.0,5.0,0.0,145.0,65.0
786,489.0,1314.0,9.0,1.0,7.0,31.0,38.0,692.0,21.0,110.0,2.0,0.0,56.0,23.0
787,419.0,985.0,52.0,13.0,83.0,26.0,130.0,747.0,270.0,852.0,0.0,0.0,97.0,20.0
788,277.0,690.0,4.0,1.0,1.0,23.0,2.0,110.0,48.0,35.0,0.0,0.0,59.0,13.0
789,495.0,1224.0,0.0,0.0,0.0,0.0,0.0,2.0,0.0,0.0,0.0,0.0,21.0,23.0
790,436.0,1097.0,0.0,0.0,0.0,3.0,2.0,4.0,2.0,21.0,0.0,0.0,29.0,20.0
791,1.0,3.0,10.0,3.0,12.0,50.0,3.0,0.0,9.0,91.0,9.0,0.0,5.0,0.0
792,86.0,203.0,3.0,0.0,2.0,10.0,0.0,0.0,1.0,13.0,0.0,0.0,13.0,4.0
793,799.0,2198.0,0.0,0.0,0.0,0.0,0.0,0.0,2.0,0.0,1.0,0.0,64.0,37.0
794,112.0,347.0,7.0,5.0,39.0,21.0,11.0,27.0,5.0,89.0,63.0,0.0,18.0,5.0
795,458.0,1384.0,1.0,0.0,0.0,0.0,0.0,41.0,1.0,2.0,2.0,0.0,26.0,21.0
796,356.0,998.0,0.0,0.0,0.0,0.0,0.0,0.0,0.0,0.0,2.0,0.0,19.0,17.0
797,446.0,989.0,0.0,0.0,0.0,0.0,0.0,0.0,0.0,0.0,0.0,0.0,13.0,21.0
798,428.0,973.0,1.0,0.0,0.0,0.0,0.0,51.0,2.0,3.0,0.0,0.0,25.0,20.0
799,544.0,1362.0,12.0,0.0,2.0,4.0,1.0,3.0,4.0,18.0,0.0,0.0,28.0,25.0
800,0.0,0.0,0.0,0.0,0.0,0.0,1.0,2.0,1.0,6.0,6.0,0.0,0.0,0.0
801,60.0,168.0,76.0,14.0,193.0,170.0,56.0,24.0,14.0,145.0,0.0,0.0,22.0,3.0
802,263.0,562.0,39.0,218.0,6.0,17.0,230.0,21.0,179.0,662.0,0.0,0.0,58.0,12.0
803,700.0,1578.0,80.0,45.0,2.0,2.0,15.0,1.0,2.0,56.0,0.0,0.0,30.0,33.0
804,273.0,589.0,0.0,0.0,0.0,0.0,0.0,0.0,0.0,0.0,0.0,0.0,9.0,13.0
805,762.0,2086.0,0.0,0.0,0.0,0.0,0.0,0.0,0.0,0.0,0.0,0.0,28.0,36.0
806,632.0,1627.0,144.0,52.0,153.0,69.0,348.0,24.0,132.0,819.0,1.0,0.0,109.0,30.0
807,96.0,243.0,876.0,210.0,63.0,108.0,254.0,147.0,217.0,1370.0,0.0,0.0,101.0,5.0
808,697.0,1695.0,509.0,197.0,21.0,48.0,71.0,56.0,105.0,496.0,0.0,0.0,82.0,33.0
809,355.0,889.0,45.0,28.0,9.0,23.0,35.0,95.0,81.0,125.0,0.0,0.0,43.0,16.0
810,324.0,724.0,142.0,21.0,10.0,44.0,46.0,39.0,33.0,271.0,0.0,0.0,28.0,15.0
811,451.0,979.0,0.0,0.0,0.0,0.0,0.0,0.0,0.0,0.0,0.0,0.0,14.0,21.0
812,303.0,659.0,1.0,1.0,1.0,1.0,0.0,110.0,1.0,6.0,0.0,0.0,16.0,14.0
813,61.0,178.0,0.0,0.0,0.0,1.0,1.0,2.0,1.0,16.0,2.0,0.0,2.0,3.0
814,238.0,578.0,0.0,0.0,3.0,0.0,0.0,0.0,9.0,0.0,2.0,0.0,7.0,11.0
815,444.0,1079.0,0.0,1.0,0.0,2.0,0.0,0.0,0.0,2.0,0.0,0.0,14.0,21.0
816,3.0,7.0,1.0,0.0,1.0,51.0,2.0,1.0,2.0,49.0,1.0,0.0,3.0,0.0
817,115.0,275.0,15.0,7.0,3.0,8.0,7.0,5.0,5.0,43.0,14.0,0.0,6.0,5.0
818,403.0,1130.0,0.0,0.0,1.0,3.0,0.0,0.0,0.0,20.0,0.0,0.0,18.0,19.0
819,505.0,1419.0,3.0,2.0,3.0,2.0,10.0,93.0,6.0,35.0,0.0,0.0,20.0,24.0
820,25.0,70.0,1.0,20.0,1.0,5.0,0.0,0.0,0.0,4.0,9.0,0.0,2.0,1.0
821,150.0,389.0,80.0,40.0,13.0,30.0,19.0,23.0,13.0,86.0,4.0,0.0,87.0,7.0
822,77.0,179.0,5.0,73.0,3.0,9.0,5.0,1.0,2.0,30.0,0.0,10.0,6.0,4.0
823,108.0,256.0,20.0,50.0,8.0,9.0,30.0,5.0,11.0,61.0,0.0,0.0,9.0,5.0
824,0.0,1.0,1035.0,409.0,61.0,108.0,178.0,132.0,120.0,971.0,0.0,0.0,88.0,0.0
825,801.0,1736.0,267.0,123.0,60.0,72.0,162.0,182.0,245.0,785.0,0.0,0.0,81.0,37.0
826,816.0,1877.0,90.0,49.0,20.0,29.0,159.0,260.0,434.0,937.0,0.0,0.0,86.0,38.0
827,643.0,1715.0,212.0,87.0,24.0,62.0,92.0,177.0,133.0,762.0,0.0,0.0,70.0,30.0
828,743.0,1975.0,0.0,0.0,0.0,0.0,0.0,0.0,0.0,0.0,1.0,0.0,23.0,35.0
829,404.0,1098.0,0.0,0.0,0.0,0.0,0.0,0.0,0.0,0.0,0.0,0.0,15.0,19.0
830,773.0,2028.0,333.0,206.0,28.0,67.0,216.0,114.0,151.0,630.0,0.0,0.0,75.0,36.0
831,636.0,1746.0,198.0,97.0,36.0,78.0,133.0,278.0,197.0,570.0,0.0,26.0,107.0,30.0
832,851.0,2390.0,189.0,36.0,40.0,62.0,112.0,99.0,559.0,744.0,0.0,0.0,132.0,40.0
833,471.0,1315.0,223.0,12.0,37.0,50.0,237.0,130.0,1686.0,916.0,0.0,0.0,133.0,22.0
834,361.0,951.0,0.0,0.0,0.0,0.0,0.0,55.0,1.0,3.0,0.0,0.0,12.0,17.0
835,591.0,1852.0,1.0,2.0,0.0,5.0,16.0,49.0,5.0,19.0,0.0,0.0,27.0,27.0
836,264.0,623.0,232.0,448.0,21.0,87.0,87.0,72.0,58.0,429.0,0.0,0.0,53.0,12.0
837,383.0,808.0,566.0,102.0,45.0,75.0,103.0,127.0,253.0,982.0,0.0,0.0,105.0,18.0
838,561.0,1200.0,23.0,13.0,6.0,12.0,46.0,180.0,58.0,124.0,0.0,0.0,31.0,26.0
839,324.0,616.0,3.0,0.0,1.0,0.0,0.0,105.0,2.0,10.0,0.0,0.0,26.0,15.0
840,474.0,1240.0,18.0,0.0,5.0,19.0,16.0,50.0,28.0,56.0,0.0,0.0,20.0,22.0
841,378.0,1009.0,38.0,0.0,0.0,1.0,2.0,64.0,0.0,8.0,0.0,0.0,17.0,18.0
842,541.0,1327.0,1.0,4.0,3.0,0.0,6.0,0.0,7.0,5.0,0.0,0.0,38.0,25.0
843,212.0,564.0,0.0,0.0,0.0,0.0,0.0,0.0,0.0,0.0,0.0,0.0,34.0,10.0
844,489.0,990.0,214.0,81.0,23.0,29.0,23.0,102.0,93.0,341.0,0.0,0.0,44.0,23.0
845,336.0,799.0,115.0,5.0,14.0,20.0,107.0,43.0,363.0,329.0,0.0,0.0,50.0,16.0
846,440.0,1030.0,104.0,15.0,5.0,36.0,7.0,10.0,8.0,70.0,1.0,0.0,41.0,21.0
847,558.0,1602.0,173.0,26.0,20.0,45.0,62.0,50.0,43.0,367.0,0.0,0.0,39.0,26.0
848,960.0,2523.0,0.0,0.0,0.0,0.0,0.0,0.0,0.0,0.0,0.0,0.0,28.0,45.0
849,274.0,746.0,1.0,0.0,1.0,0.0,0.0,78.0,0.0,4.0,0.0,0.0,10.0,13.0
850,359.0,1014.0,2.0,0.0,1.0,0.0,0.0,63.0,2.0,2.0,0.0,0.0,14.0,17.0
851,210.0,593.0,0.0,0.0,0.0,0.0,0.0,0.0,3.0,0.0,0.0,0.0,7.0,10.0
852,526.0,1465.0,3.0,0.0,2.0,3.0,13.0,74.0,6.0,68.0,0.0,0.0,22.0,24.0
853,621.0,1648.0,0.0,0.0,0.0,0.0,0.0,0.0,0.0,0.0,0.0,0.0,73.0,29.0
854,315.0,713.0,16.0,0.0,1.0,2.0,39.0,6.0,8.0,32.0,0.0,0.0,15.0,15.0
855,403.0,979.0,127.0,90.0,18.0,14.0,26.0,16.0,15.0,177.0,0.0,0.0,27.0,19.0
856,525.0,1319.0,37.0,9.0,11.0,20.0,22.0,40.0,17.0,179.0,0.0,0.0,27.0,24.0
857,698.0,1972.0,0.0,0.0,0.0,0.0,0.0,0.0,0.0,0.0,0.0,0.0,21.0,33.0
858,502.0,1541.0,0.0,0.0,0.0,0.0,0.0,5.0,0.0,0.0,0.0,0.0,22.0,23.0
859,0.0,0.0,0.0,0.0,0.0,0.0,0.0,0.0,0.0,0.0,4.0,0.0,0.0,0.0
860,96.0,230.0,63.0,4.0,17.0,3.0,31.0,26.0,15.0,66.0,3.0,0.0,9.0,4.0
861,445.0,1272.0,7.0,4.0,2.0,33.0,0.0,3.0,3.0,6.0,2.0,0.0,59.0,21.0
862,294.0,868.0,182.0,227.0,37.0,69.0,23.0,26.0,42.0,128.0,16.0,0.0,64.0,14.0
863,250.0,716.0,28.0,193.0,77.0,75.0,13.0,8.0,21.0,56.0,1.0,0.0,21.0,12.0
864,380.0,905.0,82.0,38.0,390.0,28.0,146.0,80.0,50.0,183.0,0.0,0.0,49.0,18.0
865,194.0,299.0,422.0,213.0,44.0,132.0,405.0,68.0,638.0,1049.0,0.0,0.0,93.0,9.0
866,601.0,1574.0,5.0,30.0,191.0,133.0,8.0,0.0,2.0,88.0,0.0,0.0,31.0,28.0
867,3.0,10.0,184.0,564.0,258.0,458.0,74.0,13.0,181.0,435.0,1.0,0.0,63.0,0.0
868,820.0,2552.0,36.0,92.0,38.0,104.0,54.0,177.0,30.0,311.0,0.0,0.0,49.0,38.0
869,12.0,33.0,23.0,111.0,143.0,83.0,10.0,8.0,15.0,64.0,0.0,0.0,14.0,1.0
870,324.0,924.0,55.0,26.0,27.0,54.0,32.0,20.0,21.0,97.0,0.0,0.0,19.0,15.0
871,332.0,861.0,72.0,63.0,11.0,23.0,29.0,71.0,20.0,133.0,0.0,0.0,22.0,15.0
872,155.0,316.0,669.0,245.0,42.0,28.0,99.0,132.0,99.0,319.0,0.0,0.0,52.0,7.0
873,319.0,753.0,22.0,10.0,2.0,3.0,2.0,1.0,2.0,42.0,0.0,0.0,12.0,15.0
874,1184.0,3101.0,19.0,8.0,6.0,5.0,8.0,3.0,9.0,69.0,0.0,0.0,38.0,55.0
875,0.0,0.0,0.0,0.0,0.0,0.0,0.0,0.0,0.0,0.0,0.0,0.0,0.0,0.0
876,1523.0,4043.0,534.0,99.0,353.0,453.0,271.0,773.0,252.0,1031.0,0.0,0.0,158.0,71.0
877,0.0,0.0,425.0,73.0,551.0,728.0,102.0,106.0,75.0,512.0,0.0,7.0,75.0,0.0
878,0.0,0.0,11.0,29.0,135.0,961.0,2.0,4.0,6.0,117.0,0.0,0.0,37.0,0.0
879,138.0,256.0,69.0,56.0,408.0,204.0,28.0,51.0,22.0,244.0,0.0,131.0,36.0,6.0
880,451.0,842.0,259.0,162.0,55.0,37.0,100.0,42.0,89.0,485.0,0.0,0.0,49.0,21.0
881,0.0,0.0,160.0,56.0,589.0,331.0,83.0,13.0,17.0,946.0,0.0,0.0,64.0,0.0
882,0.0,0.0,8.0,7.0,179.0,145.0,7.0,9.0,3.0,243.0,0.0,0.0,18.0,0.0
883,635.0,1733.0,81.0,24.0,11.0,17.0,52.0,19.0,31.0,145.0,0.0,0.0,32.0,30.0
884,625.0,1427.0,24.0,1.0,11.0,2.0,45.0,83.0,10.0,49.0,0.0,0.0,34.0,29.0
885,232.0,520.0,58.0,3.0,11.0,12.0,15.0,75.0,17.0,141.0,0.0,0.0,16.0,11.0
886,404.0,1028.0,0.0,0.0,0.0,0.0,3.0,0.0,0.0,2.0,0.0,0.0,13.0,19.0
887,337.0,852.0,0.0,0.0,0.0,0.0,0.0,0.0,0.0,0.0,0.0,0.0,11.0,16.0
888,0.0,0.0,81.0,17.0,113.0,112.0,95.0,113.0,41.0,210.0,0.0,0.0,23.0,0.0
889,0.0,0.0,1.0,0.0,6.0,231.0,2.0,0.0,1.0,1.0,0.0,0.0,7.0,0.0
890,0.0,0.0,64.0,4.0,349.0,149.0,3.0,1.0,4.0,146.0,0.0,0.0,21.0,0.0
891,683.0,1498.0,45.0,9.0,8.0,7.0,13.0,78.0,15.0,105.0,0.0,0.0,37.0,32.0
892,691.0,1573.0,4.0,0.0,1.0,3.0,31.0,2.0,3.0,63.0,0.0,0.0,24.0,32.0
893,0.0,0.0,108.0,40.0,423.0,114.0,63.0,49.0,52.0,203.0,0.0,0.0,31.0,0.0
894,1051.0,2647.0,10.0,0.0,4.0,1.0,0.0,0.0,0.0,30.0,0.0,95.0,32.0,49.0
895,293.0,746.0,5.0,0.0,3.0,1.0,1.0,1.0,0.0,57.0,0.0,0.0,12.0,14.0
896,421.0,1259.0,1.0,0.0,0.0,0.0,13.0,0.0,0.0,72.0,0.0,0.0,32.0,20.0
897,0.0,0.0,0.0,0.0,0.0,0.0,0.0,0.0,0.0,0.0,0.0,0.0,0.0,0.0
898,0.0,0.0,0.0,0.0,0.0,0.0,0.0,0.0,0.0,0.0,5.0,0.0,0.0,0.0
899,0.0,0.0,0.0,0.0,0.0,0.0,0.0,0.0,0.0,0.0,20.0,0.0,0.0,0.0
900,0.0,0.0,0.0,0.0,0.0,0.0,0.0,5.0,0.0,0.0,0.0,0.0,0.0,0.0
901,0.0,0.0,0.0,0.0,0.0,0.0,0.0,0.0,0.0,0.0,0.0,0.0,0.0,0.0
902,0.0,0.0,0.0,0.0,0.0,0.0,0.0,0.0,0.0,0.0,0.0,0.0,0.0,0.0
903,7.0,18.0,0.0,0.0,0.0,0.0,0.0,0.0,0.0,0.0,0.0,0.0,0.0,0.0
904,15.0,38.0,0.0,0.0,0.0,0.0,0.0,0.0,0.0,0.0,0.0,0.0,0.0,1.0
905,1.0,2.0,0.0,0.0,0.0,0.0,0.0,0.0,0.0,0.0,0.0,0.0,0.0,0.0
906,0.0,0.0,0.0,0.0,0.0,0.0,0.0,0.0,0.0,0.0,0.0,0.0,0.0,0.0
907,0.0,0.0,6.0,20.0,547.0,100.0,9.0,322.0,0.0,93.0,0.0,0.0,40.0,0.0
908,0.0,0.0,0.0,6.0,158.0,0.0,0.0,88.0,0.0,0.0,0.0,0.0,9.0,0.0
909,0.0,0.0,0.0,3.0,56.0,0.0,0.0,30.0,0.0,0.0,0.0,0.0,3.0,0.0
910,0.0,0.0,0.0,0.0,0.0,0.0,0.0,0.0,0.0,0.0,0.0,0.0,0.0,0.0
911,0.0,0.0,0.0,18.0,556.0,0.0,0.0,343.0,0.0,0.0,0.0,0.0,34.0,0.0
912,0.0,0.0,0.0,0.0,0.0,0.0,0.0,0.0,0.0,0.0,0.0,0.0,0.0,0.0
913,0.0,0.0,0.0,0.0,0.0,0.0,0.0,0.0,0.0,0.0,0.0,0.0,0.0,0.0
914,0.0,0.0,0.0,0.0,13.0,0.0,0.0,0.0,0.0,0.0,0.0,0.0,0.0,0.0
915,0.0,0.0,0.0,0.0,0.0,0.0,0.0,0.0,0.0,0.0,0.0,0.0,0.0,0.0
916,0.0,0.0,0.0,0.0,0.0,0.0,0.0,0.0,0.0,0.0,0.0,0.0,0.0,0.0
917,0.0,0.0,0.0,0.0,0.0,0.0,0.0,0.0,0.0,0.0,0.0,0.0,0.0,0.0
918,0.0,0.0,0.0,0.0,0.0,0.0,0.0,0.0,0.0,0.0,0.0,0.0,0.0,0.0
919,0.0,0.0,0.0,0.0,0.0,0.0,0.0,0.0,0.0,0.0,0.0,0.0,0.0,0.0
920,0.0,0.0,0.0,0.0,0.0,0.0,0.0,0.0,0.0,0.0,0.0,0.0,0.0,0.0
921,0.0,0.0,0.0,0.0,0.0,0.0,0.0,0.0,0.0,0.0,2.0,0.0,0.0,0.0
922,0.0,0.0,0.0,0.0,0.0,0.0,0.0,0.0,0.0,0.0,0.0,0.0,0.0,0.0
923,0.0,0.0,0.0,0.0,0.0,0.0,0.0,0.0,0.0,0.0,0.0,0.0,0.0,0.0
924,0.0,0.0,0.0,0.0,0.0,0.0,0.0,0.0,0.0,0.0,0.0,2070.0,0.0,0.0
925,0.0,0.0,0.0,3.0,546.0,0.0,0.0,55.0,0.0,0.0,0.0,512.0,22.0,0.0
926,382.0,945.0,0.0,22.0,106.0,25.0,1.0,12.0,4.0,6.0,0.0,0.0,21.0,29.0
927,0.0,0.0,0.0,0.0,3.0,34.0,0.0,0.0,0.0,0.0,0.0,0.0,1.0,0.0
928,0.0,0.0,0.0,0.0,18.0,0.0,0.0,1.0,0.0,0.0,0.0,0.0,1.0,0.0
929,0.0,0.0,0.0,0.0,24.0,0.0,0.0,3.0,0.0,0.0,93.0,0.0,1.0,0.0
930,0.0,0.0,0.0,9.0,421.0,0.0,0.0,213.0,0.0,0.0,0.0,0.0,24.0,0.0
931,120.0,267.0,24.0,21.0,553.0,4.0,21.0,22.0,0.0,84.0,3.0,0.0,31.0,9.0
932,2093.0,4618.0,0.0,8.0,217.0,0.0,0.0,8.0,0.0,0.0,21.0,0.0,249.0,161.0
933,3553.0,7979.0,2.0,82.0,2690.0,2.0,3.0,144.0,0.0,11.0,0.0,0.0,238.0,273.0
934,192.0,496.0,0.0,0.0,0.0,0.0,0.0,0.0,0.0,0.0,1.0,0.0,49.0,15.0
935,0.0,0.0,0.0,0.0,0.0,0.0,0.0,0.0,0.0,0.0,0.0,0.0,0.0,0.0
936,86.0,254.0,0.0,0.0,0.0,0.0,0.0,0.0,0.0,0.0,0.0,0.0,11.0,7.0
937,0.0,0.0,0.0,0.0,0.0,0.0,0.0,0.0,0.0,0.0,0.0,0.0,0.0,0.0
938,52.0,157.0,0.0,0.0,0.0,0.0,0.0,0.0,0.0,0.0,0.0,0.0,2.0,4.0
939,56.0,132.0,792.0,458.0,0.0,312.0,1051.0,664.0,0.0,3690.0,4.0,0.0,777.0,4.0
940,0.0,0.0,36.0,10.0,0.0,113.0,38.0,89.0,0.0,262.0,0.0,0.0,20.0,0.0
941,237.0,569.0,0.0,0.0,0.0,0.0,0.0,152.0,0.0,0.0,0.0,0.0,14.0,18.0
942,0.0,0.0,0.0,0.0,279.0,0.0,0.0,923.0,0.0,0.0,0.0,0.0,44.0,0.0
943,0.0,0.0,0.0,0.0,6.0,0.0,0.0,2.0,0.0,0.0,8.0,0.0,0.0,0.0
944,0.0,0.0,155.0,46.0,7.0,347.0,127.0,263.0,0.0,633.0,0.0,0.0,58.0,0.0
945,0.0,0.0,102.0,28.0,103.0,220.0,38.0,117.0,0.0,420.0,0.0,0.0,38.0,0.0
946,0.0,0.0,167.0,64.0,6.0,287.0,109.0,147.0,0.0,530.0,0.0,11.0,128.0,0.0
947,0.0,0.0,4.0,2.0,0.0,2050.0,18.0,485.0,0.0,1413.0,2.0,0.0,146.0,0.0
948,2.0,5.0,65.0,26.0,3.0,163.0,154.0,104.0,0.0,508.0,0.0,0.0,57.0,0.0
949,34.0,55.0,129.0,54.0,0.0,134.0,175.0,102.0,0.0,487.0,0.0,0.0,152.0,3.0
950,0.0,0.0,67.0,39.0,51.0,141.0,149.0,99.0,0.0,382.0,2.0,0.0,152.0,0.0
951,1362.0,4335.0,18.0,0.0,0.0,0.0,0.0,57.0,0.0,0.0,0.0,0.0,53.0,105.0
952,149.0,414.0,9.0,5.0,0.0,3.0,18.0,39.0,0.0,70.0,0.0,0.0,11.0,11.0
953,0.0,0.0,34.0,7.0,0.0,61.0,16.0,179.0,0.0,117.0,0.0,0.0,15.0,0.0
954,0.0,0.0,0.0,0.0,0.0,0.0,0.0,0.0,0.0,0.0,0.0,0.0,0.0,0.0
955,0.0,0.0,0.0,1.0,26.0,0.0,0.0,12.0,0.0,0.0,0.0,0.0,1.0,0.0
956,0.0,0.0,0.0,3.0,483.0,0.0,0.0,41.0,0.0,0.0,5.0,0.0,19.0,0.0
957,0.0,0.0,333.0,234.0,10340.0,999.0,436.0,867.0,0.0,2397.0,7.0,0.0,1325.0,0.0
958,0.0,0.0,32.0,11.0,31.0,5659.0,23.0,65.0,0.0,239.0,4.0,0.0,222.0,0.0
959,0.0,0.0,32.0,21.0,544.0,444.0,127.0,241.0,165.0,531.0,0.0,0.0,77.0,0.0
960,652.0,1892.0,112.0,35.0,0.0,34.0,88.0,162.0,6.0,230.0,0.0,0.0,51.0,50.0
961,721.0,1956.0,2.0,1.0,0.0,0.0,9.0,155.0,8.0,26.0,0.0,0.0,38.0,55.0
962,480.0,1154.0,24.0,10.0,0.0,2.0,7.0,10.0,0.0,70.0,0.0,0.0,24.0,37.0
963,93.0,184.0,335.0,226.0,316.0,579.0,865.0,399.0,0.0,1334.0,0.0,0.0,757.0,7.0
964,575.0,1302.0,0.0,0.0,0.0,0.0,0.0,0.0,0.0,0.0,0.0,0.0,33.0,44.0
965,0.0,0.0,19.0,378.0,0.0,7713.0,166.0,3361.0,14.0,1139.0,0.0,0.0,469.0,0.0
966,203.0,563.0,14.0,11.0,1.0,1.0,33.0,8.0,9.0,43.0,0.0,0.0,30.0,16.0
967,336.0,845.0,5.0,11.0,0.0,2.0,3.0,49.0,22.0,18.0,0.0,0.0,21.0,26.0
968,453.0,735.0,7.0,13.0,0.0,0.0,2.0,1.0,0.0,5.0,0.0,0.0,19.0,35.0
969,367.0,1104.0,0.0,0.0,0.0,0.0,0.0,55.0,0.0,0.0,0.0,0.0,15.0,28.0
970,661.0,850.0,14.0,13.0,0.0,0.0,2.0,4.0,0.0,48.0,0.0,0.0,33.0,51.0
971,575.0,1001.0,48.0,16.0,5.0,24.0,45.0,42.0,0.0,141.0,0.0,0.0,42.0,44.0
972,319.0,597.0,38.0,22.0,95.0,24.0,125.0,32.0,88.0,197.0,0.0,0.0,38.0,25.0
973,711.0,1423.0,0.0,0.0,0.0,0.0,0.0,0.0,0.0,0.0,0.0,0.0,26.0,55.0
974,910.0,1906.0,43.0,13.0,1.0,16.0,71.0,152.0,9.0,158.0,0.0,0.0,57.0,70.0
975,0.0,0.0,0.0,1.0,175.0,0.0,0.0,21.0,0.0,0.0,0.0,0.0,7.0,0.0
976,0.0,0.0,0.0,0.0,1.0,2.0,0.0,1.0,0.0,3.0,886.0,0.0,0.0,0.0
977,0.0,0.0,132.0,12.0,2190.0,276.0,186.0,21.0,0.0,175.0,0.0,0.0,110.0,0.0
978,0.0,0.0,1061.0,863.0,2181.0,1758.0,2344.0,2352.0,0.0,6640.0,0.0,0.0,754.0,0.0
979,0.0,0.0,13.0,53.0,1811.0,309.0,1596.0,110.0,316.0,401.0,0.0,84.0,169.0,0.0
980,697.0,2232.0,20.0,52.0,11.0,3.0,19.0,2.0,24.0,47.0,0.0,0.0,74.0,54.0
981,512.0,1017.0,41.0,35.0,0.0,15.0,66.0,215.0,3.0,158.0,0.0,0.0,52.0,39.0
982,310.0,772.0,138.0,7.0,3.0,6.0,13.0,16.0,0.0,64.0,0.0,0.0,20.0,24.0
983,258.0,602.0,0.0,0.0,0.0,0.0,0.0,0.0,0.0,0.0,0.0,0.0,9.0,20.0
984,1809.0,3746.0,205.0,200.0,0.0,36.0,575.0,2488.0,0.0,965.0,0.0,0.0,250.0,139.0
985,1192.0,2715.0,155.0,119.0,0.0,22.0,247.0,1129.0,0.0,592.0,0.0,0.0,127.0,92.0
986,534.0,1234.0,93.0,47.0,0.0,43.0,182.0,362.0,0.0,414.0,0.0,0.0,67.0,41.0
987,517.0,1287.0,0.0,0.0,0.0,0.0,0.0,0.0,0.0,0.0,0.0,0.0,19.0,40.0
988,657.0,1421.0,78.0,46.0,0.0,6.0,181.0,75.0,0.0,275.0,0.0,0.0,75.0,51.0
989,441.0,1379.0,0.0,1.0,0.0,2.0,1.0,12.0,65.0,9.0,0.0,0.0,20.0,34.0
990,763.0,1286.0,19.0,16.0,0.0,20.0,58.0,44.0,87.0,114.0,0.0,0.0,41.0,59.0
991,459.0,771.0,6.0,3.0,3.0,246.0,20.0,8.0,19.0,57.0,0.0,0.0,30.0,35.0
992,1269.0,2064.0,83.0,26.0,8.0,56.0,324.0,57.0,186.0,279.0,0.0,0.0,84.0,98.0
993,502.0,840.0,14.0,8.0,34.0,93.0,10.0,3.0,8.0,57.0,0.0,0.0,33.0,39.0
994,414.0,690.0,59.0,62.0,0.0,6.0,84.0,376.0,45.0,255.0,0.0,0.0,73.0,32.0
995,1220.0,2084.0,15.0,58.0,1.0,3.0,9.0,3.0,36.0,20.0,0.0,0.0,51.0,94.0
996,732.0,1372.0,22.0,10.0,0.0,7.0,59.0,91.0,38.0,150.0,0.0,0.0,41.0,56.0
997,539.0,812.0,17.0,6.0,0.0,7.0,10.0,12.0,6.0,27.0,0.0,0.0,26.0,41.0
998,546.0,875.0,25.0,11.0,0.0,15.0,74.0,59.0,22.0,151.0,0.0,0.0,34.0,42.0
999,0.0,0.0,313.0,123.0,0.0,138.0,283.0,985.0,0.0,635.0,0.0,0.0,91.0,0.0
1000,292.0,578.0,194.0,111.0,24.0,95.0,497.0,425.0,1759.0,944.0,0.0,0.0,160.0,23.0
1001,554.0,964.0,130.0,31.0,4.0,2.0,20.0,12.0,0.0,113.0,0.0,0.0,32.0,43.0
1002,471.0,942.0,0.0,0.0,0.0,0.0,0.0,0.0,0.0,0.0,0.0,0.0,17.0,36.0
1003,645.0,1007.0,5.0,1.0,0.0,0.0,1.0,0.0,0.0,17.0,0.0,0.0,25.0,50.0
1004,444.0,874.0,2.0,1.0,1.0,0.0,2.0,1.0,0.0,12.0,0.0,0.0,18.0,34.0
1005,51.0,96.0,0.0,0.0,0.0,0.0,0.0,0.0,0.0,0.0,0.0,0.0,3.0,4.0
1006,450.0,1371.0,26.0,19.0,0.0,18.0,46.0,51.0,150.0,111.0,0.0,0.0,36.0,35.0
1007,0.0,0.0,2.0,1.0,0.0,0.0,946.0,8.0,14543.0,28.0,0.0,0.0,570.0,0.0
1008,0.0,0.0,0.0,0.0,0.0,3.0,0.0,0.0,0.0,0.0,0.0,0.0,0.0,0.0
1009,0.0,0.0,29.0,10.0,34.0,187.0,26.0,84.0,0.0,256.0,0.0,0.0,23.0,0.0
1010,0.0,0.0,70.0,20.0,434.0,399.0,53.0,170.0,0.0,544.0,0.0,0.0,62.0,0.0
1011,57.0,155.0,125.0,35.0,89.0,1289.0,256.0,300.0,0.0,854.0,0.0,0.0,114.0,4.0
1012,0.0,0.0,39.0,9.0,37.0,233.0,62.0,49.0,0.0,336.0,0.0,0.0,28.0,0.0
1013,0.0,0.0,0.0,0.0,0.0,0.0,0.0,0.0,0.0,0.0,0.0,0.0,0.0,0.0
1014,0.0,0.0,0.0,0.0,0.0,0.0,0.0,0.0,0.0,0.0,0.0,0.0,0.0,0.0
1015,0.0,0.0,1.0,0.0,0.0,0.0,0.0,1.0,0.0,22.0,0.0,0.0,1.0,0.0
1016,1895.0,4387.0,8.0,13.0,0.0,2.0,9.0,32.0,0.0,31.0,0.0,0.0,73.0,146.0
1017,0.0,0.0,116.0,37.0,0.0,277.0,295.0,250.0,0.0,879.0,0.0,0.0,68.0,0.0
1018,171.0,468.0,13.0,7.0,25.0,14.0,10.0,12.0,0.0,71.0,0.0,0.0,14.0,13.0
1019,324.0,899.0,150.0,64.0,17.0,150.0,702.0,339.0,0.0,490.0,0.0,0.0,82.0,25.0
1020,470.0,1287.0,18.0,8.0,110.0,28.0,8.0,17.0,0.0,56.0,0.0,0.0,27.0,36.0
1021,692.0,1883.0,19.0,7.0,16.0,7.0,19.0,15.0,51.0,64.0,0.0,0.0,35.0,53.0
1022,873.0,2327.0,13.0,25.0,1.0,3.0,26.0,14.0,14.0,55.0,0.0,0.0,38.0,67.0
1023,0.0,0.0,10.0,2.0,54.0,401.0,7.0,8.0,0.0,19.0,0.0,0.0,18.0,0.0
1024,86.0,154.0,28.0,27.0,0.0,148.0,99.0,44.0,1.0,127.0,0.0,0.0,21.0,7.0
1025,674.0,1088.0,0.0,0.0,0.0,0.0,0.0,0.0,0.0,8.0,0.0,0.0,25.0,52.0
1026,1323.0,1736.0,10.0,4.0,0.0,10.0,11.0,28.0,26.0,44.0,0.0,0.0,53.0,102.0
1027,424.0,534.0,89.0,703.0,4.0,84.0,1639.0,40.0,220.0,2424.0,0.0,25.0,206.0,33.0
1028,0.0,0.0,58.0,33.0,0.0,38.0,139.0,65.0,185.0,1254.0,0.0,0.0,65.0,0.0
1029,0.0,0.0,178.0,7.0,0.0,2.0,853.0,43.0,473.0,61.0,0.0,0.0,59.0,0.0
1030,0.0,0.0,63.0,92.0,0.0,9.0,88.0,29.0,242.0,468.0,0.0,0.0,36.0,0.0
1031,494.0,913.0,0.0,0.0,0.0,0.0,0.0,0.0,0.0,0.0,0.0,0.0,18.0,38.0
1032,0.0,0.0,68.0,45.0,0.0,15.0,186.0,32.0,179.0,1210.0,0.0,0.0,64.0,0.0
1033,65.0,158.0,102.0,94.0,0.0,51.0,219.0,88.0,329.0,553.0,0.0,0.0,55.0,5.0
1034,468.0,844.0,1063.0,418.0,136.0,142.0,1069.0,44.0,310.0,2828.0,0.0,0.0,238.0,36.0
1035,0.0,0.0,0.0,8.0,0.0,5.0,3969.0,14.0,1204.0,2973.0,0.0,0.0,300.0,0.0
1036,145.0,258.0,293.0,407.0,3.0,24.0,3658.0,103.0,302.0,733.0,0.0,0.0,208.0,11.0
1037,262.0,495.0,231.0,14.0,10.0,76.0,398.0,84.0,296.0,882.0,0.0,0.0,97.0,20.0
1038,1026.0,1894.0,29.0,14.0,0.0,24.0,152.0,54.0,396.0,144.0,0.0,0.0,70.0,79.0
1039,705.0,1174.0,4.0,8.0,0.0,1.0,37.0,47.0,8.0,28.0,0.0,0.0,31.0,54.0
1040,564.0,1500.0,20.0,6.0,0.0,6.0,89.0,16.0,90.0,173.0,0.0,0.0,35.0,43.0
1041,711.0,1503.0,18.0,6.0,0.0,10.0,74.0,22.0,57.0,137.0,0.0,0.0,38.0,55.0
1042,362.0,699.0,49.0,16.0,0.0,40.0,220.0,37.0,134.0,501.0,0.0,0.0,50.0,28.0
1043,628.0,967.0,62.0,152.0,8.0,24.0,253.0,108.0,34.0,282.0,0.0,0.0,57.0,48.0
1044,453.0,894.0,223.0,104.0,0.0,116.0,893.0,413.0,34.0,1592.0,0.0,0.0,140.0,35.0
1045,685.0,1031.0,32.0,4.0,3.0,7.0,80.0,19.0,70.0,136.0,0.0,0.0,40.0,53.0
1046,501.0,772.0,46.0,12.0,0.0,7.0,74.0,78.0,187.0,73.0,0.0,0.0,37.0,39.0
1047,501.0,919.0,5.0,44.0,0.0,4.0,27.0,3.0,19.0,30.0,0.0,0.0,23.0,39.0
1048,540.0,1010.0,141.0,55.0,0.0,57.0,264.0,194.0,659.0,529.0,0.0,0.0,89.0,42.0
1049,396.0,626.0,1.0,0.0,4.0,0.0,0.0,40.0,0.0,57.0,0.0,0.0,18.0,30.0
1050,453.0,732.0,0.0,0.0,0.0,0.0,7.0,0.0,1.0,15.0,0.0,0.0,19.0,35.0
1051,621.0,977.0,182.0,160.0,0.0,36.0,160.0,25340.0,696.0,286.0,0.0,0.0,1008.0,48.0
1052,0.0,0.0,200.0,128.0,0.0,142.0,469.0,856.0,0.0,854.0,0.0,0.0,97.0,0.0
1053,0.0,0.0,0.0,0.0,0.0,0.0,0.0,0.0,0.0,0.0,0.0,0.0,0.0,0.0
1054,0.0,0.0,5.0,4.0,5.0,2485.0,120.0,8.0,0.0,33.0,2.0,0.0,98.0,0.0
1055,0.0,0.0,85.0,27.0,50.0,1611.0,69.0,142.0,0.0,428.0,0.0,0.0,88.0,0.0
1056,0.0,0.0,132.0,35.0,369.0,524.0,111.0,170.0,0.0,836.0,0.0,9.0,80.0,0.0
1057,0.0,0.0,61.0,16.0,111.0,321.0,61.0,74.0,0.0,225.0,0.0,0.0,32.0,0.0
1058,0.0,0.0,90.0,37.0,127.0,85.0,159.0,190.0,0.0,470.0,0.0,0.0,43.0,0.0
1059,1.0,3.0,63.0,24.0,12.0,155.0,105.0,47.0,325.0,485.0,0.0,0.0,45.0,0.0
1060,448.0,961.0,0.0,0.0,0.0,1.0,0.0,0.0,0.0,0.0,0.0,0.0,17.0,34.0
1061,412.0,1092.0,28.0,4.0,0.0,2.0,15.0,105.0,68.0,36.0,0.0,0.0,36.0,32.0
1062,248.0,660.0,10.0,11.0,0.0,1.0,4.0,5.0,0.0,19.0,0.0,0.0,16.0,19.0
1063,236.0,711.0,4.0,18.0,0.0,1.0,9.0,14.0,14.0,18.0,0.0,0.0,16.0,18.0
1064,274.0,498.0,8.0,2.0,0.0,32.0,9.0,71.0,0.0,28.0,0.0,0.0,16.0,21.0
1065,665.0,1177.0,12.0,1.0,16.0,12.0,19.0,30.0,0.0,179.0,0.0,0.0,34.0,51.0
1066,807.0,1464.0,186.0,79.0,0.0,64.0,321.0,145.0,38.0,904.0,0.0,0.0,96.0,62.0
1067,159.0,199.0,58.0,302.0,0.0,5.0,147.0,24.0,119.0,355.0,0.0,0.0,43.0,12.0
1068,0.0,0.0,0.0,0.0,0.0,0.0,0.0,0.0,0.0,0.0,0.0,0.0,0.0,0.0
1069,483.0,874.0,114.0,96.0,7.0,66.0,214.0,26.0,209.0,125.0,0.0,2.0,49.0,37.0
1070,344.0,445.0,84.0,157.0,0.0,22.0,250.0,55.0,216.0,732.0,0.0,0.0,68.0,26.0
1071,249.0,412.0,138.0,87.0,0.0,26.0,231.0,50.0,44.0,764.0,0.0,0.0,58.0,19.0
1072,353.0,593.0,38.0,200.0,1.0,13.0,312.0,29.0,154.0,242.0,0.0,0.0,49.0,27.0
1073,485.0,620.0,12.0,30.0,0.0,16.0,131.0,6.0,119.0,192.0,0.0,0.0,36.0,37.0
1074,271.0,476.0,45.0,96.0,1.0,10.0,137.0,77.0,165.0,283.0,0.0,0.0,40.0,21.0
1075,150.0,263.0,104.0,379.0,0.0,101.0,196.0,95.0,963.0,559.0,0.0,0.0,93.0,11.0
1076,78.0,131.0,110.0,185.0,0.0,90.0,721.0,530.0,596.0,746.0,0.0,0.0,112.0,6.0
1077,357.0,551.0,56.0,349.0,23.0,47.0,958.0,31.0,397.0,1354.0,0.0,0.0,131.0,27.0
1078,79.0,152.0,16.0,187.0,2.0,11.0,420.0,30.0,344.0,382.0,0.0,0.0,56.0,6.0
1079,86.0,136.0,156.0,606.0,0.0,155.0,1139.0,278.0,2026.0,936.0,0.0,0.0,197.0,7.0
1080,0.0,0.0,32.0,280.0,12.0,72.0,1267.0,13.0,136.0,2201.0,0.0,0.0,147.0,0.0
1081,51.0,85.0,27.0,175.0,0.0,48.0,979.0,64.0,917.0,801.0,0.0,0.0,112.0,4.0
1082,121.0,184.0,66.0,34.0,2.0,161.0,1273.0,1507.0,185.0,757.0,0.0,50.0,151.0,9.0
1083,265.0,417.0,68.0,144.0,0.0,10.0,709.0,22.0,169.0,698.0,0.0,0.0,76.0,20.0
1084,498.0,892.0,546.0,106.0,0.0,12.0,456.0,513.0,136.0,232.0,0.0,0.0,92.0,38.0
1085,223.0,329.0,111.0,67.0,5.0,40.0,273.0,474.0,163.0,499.0,0.0,0.0,68.0,17.0
1086,443.0,640.0,97.0,177.0,0.0,62.0,452.0,93.0,619.0,775.0,0.0,0.0,100.0,34.0
1087,211.0,309.0,50.0,29.0,2.0,53.0,1043.0,83.0,298.0,949.0,0.0,0.0,100.0,16.0
1088,358.0,510.0,12.0,7.0,9.0,4.0,69.0,11.0,145.0,96.0,0.0,0.0,28.0,28.0
1089,411.0,572.0,65.0,20.0,8.0,13.0,102.0,29.0,37.0,244.0,0.0,0.0,43.0,32.0
1090,690.0,1092.0,40.0,80.0,0.0,15.0,116.0,14.0,42.0,165.0,0.0,0.0,43.0,53.0
1091,715.0,1021.0,15.0,16.0,0.0,9.0,12.0,6.0,8.0,33.0,0.0,0.0,30.0,55.0
1092,463.0,728.0,65.0,11.0,2.0,22.0,152.0,23.0,47.0,224.0,0.0,0.0,37.0,36.0
1093,217.0,416.0,66.0,38.0,0.0,17.0,185.0,269.0,144.0,387.0,0.0,0.0,49.0,17.0
1094,760.0,1091.0,23.0,40.0,0.0,3.0,62.0,14.0,3.0,96.0,0.0,0.0,37.0,58.0
1095,285.0,469.0,86.0,35.0,4.0,29.0,226.0,81.0,41.0,687.0,0.0,0.0,64.0,22.0
1096,476.0,863.0,59.0,28.0,0.0,27.0,256.0,64.0,74.0,375.0,0.0,0.0,53.0,37.0
1097,552.0,797.0,40.0,24.0,0.0,7.0,77.0,32.0,516.0,149.0,0.0,4.0,51.0,42.0
1098,629.0,1053.0,6.0,16.0,0.0,4.0,22.0,8.0,77.0,62.0,0.0,0.0,32.0,48.0
1099,620.0,910.0,40.0,7.0,3.0,9.0,50.0,23.0,107.0,89.0,0.0,0.0,35.0,48.0
1100,483.0,914.0,15.0,6.0,0.0,7.0,31.0,16.0,12.0,55.0,0.0,0.0,24.0,37.0
1101,314.0,701.0,85.0,188.0,0.0,0.0,5.0,0.0,17.0,8.0,0.0,0.0,23.0,24.0
1102,372.0,817.0,32.0,51.0,446.0,62.0,1598.0,233.0,4784.0,338.0,0.0,0.0,290.0,29.0
1103,0.0,0.0,0.0,0.0,0.0,0.0,0.0,0.0,0.0,0.0,0.0,0.0,0.0,0.0
1104,0.0,0.0,20.0,7.0,0.0,161.0,14.0,49.0,0.0,140.0,0.0,0.0,14.0,0.0
1105,0.0,0.0,14.0,4.0,283.0,1310.0,1795.0,15.0,0.0,51.0,0.0,0.0,127.0,0.0
1106,0.0,0.0,90.0,1.0,440.0,995.0,14.0,1.0,6.0,7.0,0.0,0.0,57.0,0.0
1107,0.0,0.0,11.0,2.0,305.0,355.0,7.0,8.0,0.0,122.0,0.0,0.0,30.0,0.0
1108,698.0,1202.0,0.0,8.0,0.0,0.0,1.0,0.0,1.0,28.0,0.0,0.0,35.0,54.0
1109,346.0,1036.0,0.0,0.0,0.0,0.0,1.0,1.0,0.0,9.0,0.0,0.0,15.0,27.0
1110,236.0,427.0,27.0,9.0,0.0,11.0,42.0,49.0,80.0,77.0,0.0,0.0,22.0,18.0
1111,247.0,468.0,5.0,4.0,0.0,0.0,8.0,202.0,0.0,15.0,0.0,0.0,27.0,19.0
1112,112.0,216.0,19.0,8.0,2.0,2.0,19.0,9.0,93.0,63.0,0.0,0.0,21.0,9.0
1113,83.0,153.0,5.0,1.0,0.0,0.0,5.0,3.0,0.0,14.0,0.0,0.0,8.0,6.0
1114,1020.0,1830.0,61.0,19.0,59.0,116.0,345.0,52.0,0.0,216.0,0.0,0.0,85.0,78.0
1115,445.0,924.0,84.0,32.0,124.0,108.0,240.0,46.0,0.0,391.0,0.0,0.0,106.0,34.0
1116,389.0,677.0,64.0,21.0,3.0,16.0,155.0,45.0,0.0,216.0,0.0,0.0,36.0,30.0
1117,126.0,219.0,8.0,4.0,0.0,6.0,22.0,6.0,0.0,48.0,0.0,0.0,8.0,10.0
1118,660.0,1123.0,5.0,1.0,4.0,19.0,6.0,5.0,0.0,23.0,0.0,0.0,27.0,51.0
1119,0.0,0.0,52.0,7.0,83.0,30.0,43.0,32.0,0.0,109.0,0.0,0.0,13.0,0.0
1120,258.0,464.0,61.0,15.0,14.0,13.0,135.0,29.0,0.0,193.0,0.0,0.0,26.0,20.0
1121,467.0,833.0,2.0,43.0,0.0,4.0,1.0,0.0,0.0,6.0,0.0,0.0,19.0,36.0
1122,772.0,1266.0,3.0,0.0,2.0,2.0,0.0,0.0,0.0,3.0,0.0,0.0,29.0,59.0
1123,0.0,0.0,126.0,27.0,17.0,49.0,50.0,116.0,75.0,178.0,0.0,0.0,23.0,0.0
1124,361.0,611.0,51.0,41.0,0.0,12.0,238.0,49.0,34.0,386.0,0.0,0.0,46.0,28.0
1125,229.0,377.0,81.0,57.0,0.0,33.0,147.0,39.0,0.0,360.0,0.0,0.0,38.0,18.0
1126,233.0,418.0,73.0,83.0,0.0,12.0,179.0,17.0,0.0,356.0,0.0,0.0,44.0,18.0
1127,260.0,430.0,175.0,204.0,0.0,15.0,229.0,57.0,3.0,697.0,0.0,0.0,60.0,20.0
1128,697.0,1164.0,26.0,3.0,0.0,1.0,29.0,9.0,0.0,44.0,0.0,0.0,30.0,54.0
1129,100.0,161.0,108.0,42.0,0.0,10.0,240.0,32.0,0.0,427.0,0.0,0.0,35.0,8.0
1130,368.0,578.0,213.0,160.0,0.0,25.0,218.0,42.0,1.0,857.0,0.0,0.0,85.0,28.0
1131,75.0,133.0,383.0,303.0,0.0,55.0,406.0,129.0,229.0,1409.0,0.0,0.0,110.0,6.0
1132,1209.0,2061.0,19.0,7.0,7.0,17.0,24.0,11.0,0.0,77.0,0.0,0.0,50.0,93.0
1133,0.0,0.0,55.0,41.0,0.0,91.0,270.0,53.0,0.0,488.0,0.0,0.0,37.0,0.0
1134,0.0,0.0,15.0,195.0,0.0,1.0,7.0,6.0,0.0,40.0,0.0,0.0,10.0,0.0
1135,0.0,0.0,0.0,0.0,0.0,0.0,0.0,0.0,0.0,0.0,0.0,0.0,0.0,0.0
1136,906.0,1516.0,35.0,38.0,0.0,4.0,15.0,14.0,0.0,56.0,0.0,0.0,65.0,70.0
1137,642.0,1049.0,119.0,27.0,0.0,10.0,117.0,23.0,0.0,258.0,0.0,0.0,54.0,50.0
1138,0.0,0.0,14.0,572.0,0.0,1.0,10.0,1.0,0.0,43.0,0.0,0.0,23.0,0.0
1139,0.0,0.0,176.0,81.0,0.0,97.0,746.0,606.0,235.0,1041.0,0.0,0.0,109.0,0.0
1140,282.0,474.0,179.0,88.0,33.0,37.0,271.0,171.0,32.0,590.0,0.0,0.0,62.0,22.0
1141,0.0,0.0,159.0,79.0,0.0,51.0,249.0,139.0,41.0,529.0,0.0,0.0,46.0,0.0
1142,0.0,0.0,211.0,20.0,0.0,8.0,59.0,12.0,0.0,225.0,0.0,0.0,20.0,0.0
1143,0.0,0.0,22.0,9.0,1.0,10.0,20.0,503.0,14.0,33.0,0.0,0.0,22.0,0.0
1144,180.0,293.0,34.0,11.0,0.0,32.0,43.0,23.0,0.0,94.0,0.0,0.0,16.0,14.0
1145,385.0,611.0,43.0,15.0,0.0,21.0,97.0,176.0,66.0,236.0,0.0,0.0,38.0,30.0
1146,459.0,611.0,9.0,10.0,0.0,6.0,16.0,370.0,12.0,34.0,0.0,0.0,34.0,35.0
1147,0.0,0.0,1.0,1.0,0.0,0.0,226.0,2.0,0.0,71.0,0.0,0.0,11.0,0.0
1148,479.0,830.0,4.0,7.0,0.0,4.0,9.0,5.0,0.0,29.0,0.0,0.0,20.0,37.0
1149,97.0,167.0,0.0,0.0,0.0,0.0,1.0,0.0,0.0,0.0,0.0,0.0,4.0,7.0
1150,379.0,472.0,15.0,7.0,1.0,6.0,145.0,27.0,0.0,115.0,0.0,0.0,39.0,29.0
1151,493.0,643.0,33.0,10.0,1.0,256.0,102.0,479.0,8.0,224.0,0.0,0.0,59.0,38.0
1152,312.0,451.0,11.0,24.0,0.0,0.0,3.0,4.0,6.0,25.0,0.0,0.0,14.0,24.0
1153,434.0,689.0,60.0,18.0,0.0,6.0,33.0,21.0,0.0,115.0,0.0,0.0,25.0,33.0
1154,226.0,355.0,15.0,5.0,0.0,4.0,52.0,30.0,0.0,91.0,0.0,0.0,21.0,17.0
1155,412.0,666.0,0.0,0.0,0.0,0.0,10.0,1.0,0.0,103.0,0.0,0.0,24.0,32.0
1156,533.0,797.0,3.0,60.0,0.0,0.0,1.0,1.0,0.0,1.0,0.0,0.0,22.0,41.0
1157,321.0,537.0,430.0,272.0,0.0,20.0,209.0,70.0,11.0,491.0,0.0,0.0,72.0,25.0
1158,282.0,483.0,148.0,45.0,0.0,43.0,164.0,36.0,0.0,239.0,0.0,0.0,35.0,22.0
1159,666.0,1095.0,88.0,52.0,26.0,7.0,97.0,24.0,81.0,134.0,0.0,0.0,44.0,51.0
1160,568.0,966.0,8.0,22.0,0.0,0.0,15.0,3.0,692.0,42.0,0.0,0.0,49.0,44.0
1161,521.0,872.0,170.0,161.0,0.0,11.0,21.0,58.0,180.0,140.0,0.0,0.0,48.0,40.0
1162,452.0,869.0,84.0,139.0,5.0,3.0,23.0,178.0,2.0,46.0,0.0,0.0,36.0,35.0
1163,658.0,1190.0,0.0,0.0,0.0,0.0,0.0,0.0,0.0,10.0,0.0,0.0,25.0,51.0
1164,444.0,800.0,1.0,20.0,2.0,0.0,0.0,0.0,0.0,4.0,0.0,2.0,17.0,34.0
1165,406.0,781.0,11.0,2.0,0.0,1.0,10.0,229.0,1.0,17.0,0.0,0.0,26.0,31.0
1166,225.0,524.0,12.0,9.0,0.0,6.0,16.0,532.0,3.0,51.0,0.0,0.0,31.0,17.0
1167,0.0,0.0,4.0,2.0,0.0,1.0,99.0,551.0,2804.0,127.0,0.0,0.0,132.0,0.0
1168,634.0,1455.0,0.0,0.0,0.0,0.0,0.0,0.0,0.0,0.0,0.0,0.0,23.0,49.0
1169,0.0,0.0,5.0,3.0,0.0,3.0,20.0,33.0,0.0,197.0,1.0,0.0,10.0,0.0
1170,0.0,0.0,6.0,2.0,0.0,7.0,11.0,23.0,0.0,23.0,0.0,0.0,3.0,0.0
1171,0.0,0.0,64.0,11.0,183.0,157.0,59.0,65.0,0.0,208.0,0.0,0.0,27.0,0.0
1172,0.0,0.0,0.0,0.0,0.0,0.0,0.0,0.0,0.0,0.0,0.0,0.0,0.0,0.0
1173,0.0,0.0,131.0,1.0,546.0,868.0,65.0,10.0,90.0,119.0,0.0,0.0,67.0,0.0
1174,0.0,0.0,46.0,12.0,702.0,893.0,249.0,52.0,7.0,373.0,0.0,0.0,86.0,0.0
1175,0.0,0.0,82.0,23.0,283.0,451.0,117.0,95.0,0.0,284.0,0.0,0.0,49.0,0.0
1176,0.0,0.0,65.0,0.0,348.0,4.0,0.0,0.0,0.0,8.0,0.0,0.0,16.0,0.0
1177,83.0,228.0,122.0,88.0,87.0,315.0,139.0,180.0,9.0,616.0,0.0,0.0,60.0,6.0
1178,468.0,1286.0,34.0,20.0,25.0,44.0,116.0,97.0,2.0,150.0,0.0,0.0,49.0,36.0
1179,406.0,1114.0,39.0,16.0,0.0,28.0,25.0,21.0,1.0,91.0,0.0,0.0,51.0,31.0
1180,519.0,1403.0,0.0,0.0,0.0,0.0,0.0,0.0,0.0,0.0,0.0,0.0,30.0,40.0
1181,182.0,554.0,0.0,0.0,0.0,0.0,0.0,92.0,0.0,0.0,0.0,0.0,10.0,14.0
1182,83.0,244.0,9.0,4.0,0.0,0.0,6.0,2.0,0.0,15.0,0.0,0.0,6.0,6.0
1183,132.0,397.0,7.0,5.0,114.0,24.0,75.0,6.0,0.0,33.0,0.0,0.0,27.0,10.0
1184,89.0,166.0,19.0,23.0,41.0,12.0,33.0,27.0,0.0,79.0,0.0,0.0,18.0,7.0
1185,0.0,0.0,4.0,1.0,303.0,124.0,2.0,3.0,0.0,19.0,0.0,0.0,17.0,0.0
1186,361.0,688.0,254.0,75.0,22.0,29.0,416.0,132.0,0.0,770.0,0.0,0.0,79.0,28.0
1187,269.0,627.0,23.0,7.0,11.0,5.0,97.0,47.0,0.0,134.0,0.0,0.0,22.0,21.0
1188,514.0,1136.0,203.0,65.0,10.0,22.0,246.0,89.0,19.0,600.0,0.0,0.0,86.0,40.0
1189,381.0,821.0,64.0,29.0,2.0,21.0,163.0,34.0,0.0,325.0,0.0,7.0,39.0,29.0
1190,808.0,1450.0,10.0,66.0,7.0,1.0,27.0,7.0,0.0,63.0,0.0,0.0,43.0,62.0
1191,384.0,721.0,76.0,43.0,0.0,15.0,251.0,98.0,41.0,405.0,0.0,0.0,55.0,30.0
1192,462.0,838.0,140.0,66.0,0.0,72.0,291.0,394.0,3.0,526.0,0.0,0.0,75.0,35.0
1193,476.0,860.0,268.0,105.0,15.0,33.0,549.0,310.0,8.0,1010.0,0.0,0.0,114.0,37.0
1194,819.0,1570.0,113.0,49.0,0.0,8.0,128.0,100.0,15.0,279.0,0.0,0.0,72.0,63.0
1195,690.0,1254.0,28.0,69.0,0.0,3.0,20.0,5.0,99.0,127.0,0.0,0.0,41.0,53.0
1196,0.0,0.0,0.0,0.0,0.0,0.0,0.0,44.0,0.0,31.0,0.0,0.0,3.0,0.0
1197,697.0,1355.0,23.0,90.0,1.0,4.0,18.0,4.0,2.0,91.0,0.0,0.0,35.0,54.0
1198,643.0,1393.0,61.0,20.0,1.0,3.0,12.0,14.0,34.0,66.0,0.0,0.0,31.0,49.0
1199,228.0,492.0,4.0,0.0,0.0,0.0,0.0,0.0,0.0,4.0,0.0,0.0,11.0,18.0
1200,321.0,758.0,0.0,0.0,0.0,0.0,0.0,0.0,0.0,0.0,0.0,0.0,20.0,25.0
1201,313.0,660.0,0.0,0.0,0.0,0.0,0.0,49.0,0.0,0.0,0.0,0.0,16.0,24.0
1202,145.0,306.0,0.0,0.0,0.0,0.0,0.0,0.0,0.0,0.0,0.0,0.0,7.0,11.0
1203,531.0,1291.0,2.0,55.0,0.0,0.0,0.0,1.0,0.0,2.0,0.0,0.0,25.0,41.0
1204,591.0,1093.0,19.0,8.0,0.0,22.0,31.0,53.0,5.0,53.0,0.0,0.0,31.0,45.0
1205,239.0,587.0,4.0,146.0,0.0,1.0,3.0,16.0,1.0,256.0,0.0,0.0,35.0,18.0
1206,934.0,1992.0,0.0,0.0,0.0,0.0,0.0,0.0,0.0,0.0,0.0,0.0,34.0,72.0
1207,0.0,0.0,143.0,83.0,3.0,157.0,252.0,105.0,0.0,661.0,0.0,0.0,119.0,0.0
1208,0.0,0.0,0.0,0.0,0.0,0.0,0.0,0.0,0.0,0.0,0.0,0.0,0.0,0.0
1209,0.0,0.0,3.0,1.0,0.0,2.0,7.0,19.0,0.0,12.0,0.0,0.0,2.0,0.0
1210,0.0,0.0,55.0,14.0,0.0,224.0,29.0,68.0,0.0,322.0,0.0,0.0,26.0,0.0
1211,0.0,0.0,494.0,22.0,1548.0,3025.0,293.0,134.0,0.0,599.0,0.0,0.0,224.0,0.0
1212,0.0,0.0,318.0,56.0,818.0,2756.0,437.0,210.0,105.0,1268.0,0.0,0.0,219.0,0.0
1213,0.0,0.0,714.0,704.0,1774.0,1839.0,985.0,923.0,217.0,4228.0,0.0,0.0,418.0,0.0
1214,0.0,0.0,98.0,21.0,1277.0,820.0,81.0,325.0,27.0,258.0,0.0,0.0,107.0,0.0
1215,0.0,0.0,50.0,8.0,395.0,362.0,18.0,24.0,0.0,241.0,0.0,915.0,40.0,0.0
1216,65.0,181.0,301.0,30.0,924.0,395.0,256.0,121.0,36.0,423.0,0.0,0.0,94.0,5.0
1217,320.0,1027.0,209.0,144.0,12.0,126.0,364.0,283.0,241.0,807.0,0.0,5.0,118.0,25.0
1218,284.0,967.0,2.0,0.0,0.0,0.0,3.0,154.0,0.0,9.0,0.0,0.0,32.0,22.0
1219,348.0,1231.0,16.0,2.0,0.0,2.0,18.0,9.0,0.0,13.0,0.0,0.0,16.0,27.0
1220,265.0,742.0,24.0,26.0,0.0,1.0,23.0,19.0,0.0,46.0,0.0,0.0,46.0,20.0
1221,82.0,211.0,2.0,0.0,0.0,0.0,0.0,0.0,0.0,4.0,0.0,0.0,9.0,6.0
1222,19.0,51.0,61.0,25.0,111.0,110.0,99.0,240.0,71.0,428.0,0.0,0.0,58.0,2.0
1223,212.0,633.0,4.0,0.0,0.0,2.0,61.0,7.0,1.0,19.0,0.0,0.0,16.0,16.0
1224,0.0,0.0,22.0,6.0,148.0,122.0,7.0,14.0,0.0,68.0,0.0,0.0,14.0,0.0
1225,0.0,0.0,259.0,28.0,0.0,54.0,80.0,78.0,0.0,933.0,0.0,0.0,52.0,0.0
1226,515.0,1372.0,587.0,167.0,8.0,82.0,696.0,221.0,0.0,1376.0,0.0,0.0,177.0,40.0
1227,581.0,1163.0,178.0,38.0,29.0,164.0,119.0,71.0,80.0,327.0,0.0,0.0,61.0,44.0
1228,627.0,1303.0,86.0,56.0,3.0,178.0,221.0,123.0,106.0,400.0,0.0,0.0,76.0,48.0
1229,931.0,1807.0,22.0,67.0,0.0,3.0,96.0,90.0,674.0,131.0,0.0,0.0,98.0,71.0
1230,465.0,849.0,48.0,80.0,14.0,19.0,64.0,154.0,1065.0,172.0,0.0,0.0,104.0,36.0
1231,649.0,1487.0,19.0,12.0,0.0,13.0,76.0,771.0,270.0,142.0,0.0,0.0,73.0,50.0
1232,734.0,1426.0,7.0,12.0,6.0,0.0,18.0,4.0,8.0,23.0,0.0,0.0,32.0,56.0
1233,584.0,1138.0,7.0,45.0,6.0,0.0,28.0,109.0,32.0,5.0,0.0,0.0,30.0,45.0
1234,593.0,1204.0,112.0,35.0,0.0,10.0,102.0,51.0,16.0,145.0,0.0,0.0,39.0,46.0
1235,689.0,1431.0,38.0,94.0,0.0,23.0,56.0,122.0,90.0,119.0,0.0,0.0,46.0,53.0
1236,603.0,1291.0,53.0,23.0,0.0,23.0,130.0,92.0,79.0,167.0,0.0,0.0,46.0,46.0
1237,196.0,426.0,0.0,19.0,0.0,1.0,3.0,2.0,0.0,10.0,0.0,0.0,9.0,15.0
1238,626.0,1322.0,5.0,28.0,0.0,0.0,2.0,4.0,4.0,19.0,0.0,0.0,26.0,48.0
1239,209.0,488.0,0.0,0.0,0.0,0.0,0.0,0.0,0.0,0.0,0.0,0.0,11.0,16.0
1240,494.0,1159.0,87.0,49.0,5.0,7.0,4.0,3.0,2.0,36.0,0.0,0.0,30.0,38.0
1241,373.0,981.0,0.0,0.0,0.0,0.0,0.0,62.0,0.0,0.0,0.0,0.0,19.0,29.0
1242,384.0,1193.0,22.0,7.0,0.0,16.0,20.0,10.0,13.0,76.0,0.0,0.0,29.0,30.0
1243,515.0,1119.0,368.0,175.0,18.0,23.0,89.0,118.0,30.0,555.0,0.0,0.0,75.0,40.0
1244,358.0,823.0,60.0,47.0,0.0,3.0,52.0,46.0,21.0,258.0,0.0,0.0,43.0,28.0
1245,510.0,1205.0,0.0,0.0,0.0,0.0,0.0,29.0,0.0,0.0,0.0,0.0,26.0,39.0
1246,0.0,0.0,258.0,13.0,227.0,191.0,43.0,31.0,0.0,395.0,0.0,0.0,42.0,0.0
1247,0.0,0.0,91.0,79.0,73.0,2347.0,450.0,150.0,7.0,220.0,0.0,0.0,125.0,0.0
1248,0.0,0.0,0.0,0.0,0.0,0.0,0.0,0.0,0.0,0.0,0.0,0.0,0.0,0.0
1249,411.0,1120.0,86.0,32.0,229.0,100.0,194.0,74.0,0.0,474.0,0.0,0.0,244.0,32.0
1250,0.0,0.0,381.0,50.0,1.0,479.0,77.0,51.0,0.0,362.0,0.0,0.0,51.0,0.0
1251,0.0,0.0,63.0,11.0,0.0,142.0,67.0,58.0,0.0,154.0,0.0,0.0,18.0,0.0
1252,0.0,0.0,17.0,24.0,15.0,146.0,5.0,9.0,0.0,133.0,0.0,0.0,13.0,0.0
1253,877.0,1910.0,137.0,43.0,0.0,11.0,115.0,60.0,0.0,254.0,0.0,0.0,55.0,67.0
1254,644.0,1178.0,209.0,33.0,30.0,10.0,59.0,44.0,0.0,301.0,0.0,0.0,64.0,50.0
1255,691.0,1173.0,176.0,73.0,0.0,26.0,491.0,227.0,27.0,695.0,0.0,0.0,88.0,53.0
1256,516.0,822.0,41.0,20.0,0.0,13.0,67.0,43.0,84.0,137.0,0.0,0.0,53.0,40.0
1257,405.0,699.0,34.0,107.0,0.0,25.0,97.0,32.0,109.0,135.0,0.0,0.0,50.0,31.0
1258,1032.0,1637.0,194.0,72.0,0.0,24.0,146.0,6293.0,381.0,524.0,0.0,0.0,318.0,79.0
1259,736.0,1306.0,168.0,82.0,1.0,106.0,333.0,317.0,117.0,655.0,0.0,0.0,95.0,57.0
1260,768.0,1499.0,66.0,139.0,0.0,8.0,46.0,40.0,48.0,237.0,0.0,0.0,50.0,59.0
1261,710.0,1533.0,55.0,50.0,6.0,18.0,94.0,69.0,100.0,201.0,0.0,0.0,51.0,55.0
1262,499.0,893.0,30.0,18.0,0.0,1.0,44.0,16.0,55.0,94.0,0.0,0.0,29.0,38.0
1263,254.0,398.0,18.0,32.0,0.0,9.0,47.0,428.0,113.0,112.0,0.0,0.0,38.0,20.0
1264,496.0,879.0,28.0,149.0,1.0,5.0,48.0,28.0,145.0,110.0,0.0,0.0,38.0,38.0
1265,520.0,1239.0,10.0,2.0,0.0,2.0,5.0,5.0,0.0,36.0,0.0,0.0,25.0,40.0
1266,537.0,1152.0,11.0,0.0,0.0,1.0,0.0,1.0,0.0,11.0,0.0,0.0,23.0,41.0
1267,498.0,1128.0,27.0,4.0,2.0,3.0,16.0,4.0,8.0,32.0,0.0,0.0,24.0,38.0
1268,677.0,1538.0,73.0,8.0,0.0,2.0,12.0,72.0,0.0,63.0,0.0,0.0,38.0,52.0
1269,564.0,1167.0,0.0,0.0,0.0,0.0,0.0,138.0,0.0,0.0,0.0,0.0,35.0,43.0
1270,456.0,1024.0,0.0,9.0,0.0,0.0,0.0,0.0,0.0,0.0,0.0,0.0,19.0,35.0
1271,326.0,536.0,99.0,66.0,0.0,7.0,40.0,31.0,58.0,174.0,0.0,0.0,33.0,25.0
1272,417.0,727.0,29.0,27.0,0.0,6.0,44.0,21.0,5.0,80.0,0.0,0.0,24.0,32.0
1273,1330.0,2211.0,213.0,228.0,2.0,13.0,141.0,68.0,1.0,430.0,0.0,0.0,89.0,102.0
1274,371.0,735.0,64.0,64.0,0.0,5.0,40.0,22.0,5.0,131.0,0.0,0.0,28.0,29.0
1275,316.0,682.0,18.0,14.0,0.0,4.0,826.0,6.0,29.0,389.0,0.0,16.0,59.0,24.0
1276,706.0,1158.0,77.0,51.0,3.0,57.0,101.0,46.0,181.0,282.0,0.0,0.0,55.0,54.0
1277,0.0,0.0,1.0,1.0,0.0,0.0,1.0,135.0,4.0,5.0,0.0,0.0,11.0,0.0
1278,555.0,1207.0,1.0,4.0,0.0,0.0,15.0,28.0,20.0,38.0,0.0,0.0,29.0,43.0
1279,320.0,811.0,18.0,0.0,21.0,0.0,1.0,2.0,0.0,11.0,0.0,0.0,14.0,25.0
1280,792.0,1677.0,30.0,29.0,0.0,7.0,187.0,41.0,31.0,201.0,0.0,0.0,52.0,61.0
1281,564.0,1288.0,1.0,0.0,0.0,3.0,40.0,0.0,59.0,3.0,0.0,5.0,25.0,43.0
1282,374.0,688.0,33.0,4.0,0.0,30.0,3.0,2.0,0.0,13.0,0.0,0.0,18.0,29.0
1283,284.0,469.0,15.0,6.0,0.0,9.0,9.0,8.0,0.0,39.0,0.0,0.0,14.0,22.0
1284,568.0,1114.0,11.0,3.0,0.0,5.0,8.0,7.0,0.0,18.0,0.0,0.0,23.0,44.0
1285,215.0,340.0,0.0,0.0,0.0,1.0,0.0,0.0,0.0,0.0,0.0,0.0,10.0,17.0
1286,550.0,926.0,14.0,7.0,0.0,3.0,19.0,2.0,0.0,71.0,0.0,0.0,25.0,42.0
1287,213.0,435.0,87.0,37.0,2.0,14.0,120.0,73.0,10.0,250.0,0.0,0.0,35.0,16.0
1288,385.0,751.0,289.0,231.0,0.0,27.0,409.0,45.0,210.0,324.0,0.0,0.0,73.0,30.0
1289,196.0,337.0,2.0,0.0,0.0,0.0,8.0,0.0,0.0,55.0,0.0,0.0,10.0,15.0
1290,773.0,1623.0,0.0,12.0,33.0,0.0,22.0,0.0,9.0,49.0,0.0,0.0,34.0,59.0
1291,429.0,1179.0,24.0,5.0,0.0,6.0,16.0,19.0,9.0,224.0,0.0,0.0,27.0,33.0
1292,429.0,1092.0,14.0,10.0,0.0,11.0,15.0,31.0,4.0,199.0,0.0,0.0,41.0,33.0
1293,365.0,874.0,164.0,50.0,0.0,11.0,101.0,83.0,70.0,341.0,0.0,0.0,57.0,28.0
1294,0.0,0.0,0.0,0.0,0.0,0.0,0.0,0.0,0.0,30.0,0.0,0.0,1.0,0.0
1295,190.0,378.0,0.0,0.0,0.0,0.0,0.0,45.0,0.0,0.0,0.0,0.0,9.0,15.0
1296,436.0,870.0,0.0,0.0,17.0,0.0,0.0,0.0,0.0,7.0,0.0,0.0,18.0,34.0
1297,585.0,1044.0,63.0,22.0,0.0,12.0,133.0,47.0,61.0,216.0,0.0,0.0,45.0,45.0
1298,738.0,1720.0,78.0,50.0,4.0,3.0,21.0,22.0,0.0,94.0,0.0,0.0,38.0,57.0
1299,374.0,762.0,22.0,3.0,3.0,3.0,14.0,90.0,0.0,34.0,0.0,0.0,26.0,29.0
1300,182.0,497.0,53.0,25.0,0.0,0.0,133.0,0.0,79.0,1.0,0.0,0.0,18.0,14.0
1301,684.0,1194.0,642.0,96.0,0.0,15.0,150.0,90.0,28.0,979.0,0.0,0.0,100.0,53.0
1302,3.0,9.0,69.0,37.0,133.0,55.0,123.0,70.0,0.0,364.0,2.0,0.0,48.0,0.0
1303,421.0,1129.0,35.0,21.0,24.0,49.0,73.0,151.0,9.0,227.0,2.0,0.0,39.0,32.0
1304,306.0,759.0,3.0,1.0,0.0,3.0,4.0,8.0,0.0,13.0,1.0,0.0,12.0,24.0
1305,20.0,53.0,18.0,1.0,0.0,585.0,2.0,4.0,0.0,15.0,1.0,0.0,24.0,2.0
1306,1398.0,3981.0,52.0,58.0,35.0,24.0,77.0,194.0,8.0,224.0,0.0,0.0,77.0,107.0
1307,497.0,1270.0,8.0,2.0,0.0,0.0,5.0,47.0,0.0,14.0,0.0,0.0,27.0,38.0
1308,814.0,2136.0,0.0,0.0,0.0,0.0,0.0,0.0,0.0,0.0,0.0,0.0,41.0,63.0
1309,1102.0,3389.0,5.0,1.0,0.0,3.0,4.0,45.0,0.0,23.0,0.0,0.0,44.0,85.0
1310,1229.0,3820.0,8.0,0.0,0.0,0.0,0.0,0.0,0.0,5.0,0.0,0.0,50.0,94.0
1311,872.0,2510.0,4.0,5.0,0.0,15.0,8.0,8.0,0.0,20.0,0.0,0.0,37.0,67.0
1312,1250.0,3146.0,19.0,6.0,0.0,9.0,18.0,86.0,4.0,32.0,0.0,0.0,73.0,96.0
1313,1012.0,3068.0,30.0,14.0,26.0,36.0,52.0,17.0,0.0,132.0,1.0,0.0,49.0,78.0
1314,723.0,1705.0,6.0,23.0,22.0,8.0,3.0,85.0,0.0,29.0,0.0,0.0,37.0,55.0
1315,605.0,1738.0,160.0,64.0,0.0,0.0,8.0,2.0,84.0,331.0,0.0,0.0,46.0,47.0
1316,1118.0,3456.0,27.0,4.0,8.0,9.0,17.0,143.0,39.0,57.0,0.0,0.0,87.0,86.0
1317,82.0,236.0,10.0,2.0,1.0,64.0,12.0,26.0,0.0,73.0,1.0,0.0,10.0,6.0
1318,327.0,950.0,0.0,0.0,0.0,0.0,0.0,0.0,0.0,0.0,0.0,0.0,18.0,25.0
1319,0.0,0.0,41.0,12.0,180.0,193.0,32.0,55.0,0.0,234.0,0.0,0.0,103.0,0.0
1320,499.0,1458.0,0.0,0.0,0.0,0.0,0.0,0.0,0.0,0.0,1.0,0.0,23.0,38.0
1321,0.0,0.0,27.0,5.0,8.0,349.0,209.0,38.0,0.0,174.0,0.0,0.0,30.0,0.0
1322,0.0,0.0,20.0,8.0,0.0,250.0,19.0,39.0,0.0,183.0,0.0,0.0,19.0,0.0
1323,0.0,0.0,44.0,2.0,0.0,30.0,12.0,5.0,0.0,48.0,0.0,0.0,5.0,0.0
1324,0.0,0.0,263.0,42.0,15.0,1173.0,129.0,139.0,0.0,1234.0,0.0,0.0,110.0,0.0
1325,0.0,0.0,94.0,20.0,268.0,1932.0,465.0,24.0,0.0,222.0,0.0,7.0,111.0,0.0
1326,0.0,0.0,341.0,2.0,1761.0,787.0,171.0,4.0,149.0,265.0,0.0,0.0,128.0,0.0
1327,338.0,1305.0,77.0,45.0,1279.0,680.0,183.0,108.0,4.0,702.0,0.0,0.0,125.0,26.0
1328,0.0,0.0,213.0,32.0,290.0,2044.0,367.0,99.0,3.0,577.0,0.0,0.0,133.0,0.0
1329,0.0,0.0,22.0,2.0,359.0,333.0,8.0,25.0,0.0,105.0,0.0,0.0,31.0,0.0
1330,0.0,0.0,250.0,189.0,1174.0,1256.0,407.0,532.0,179.0,1465.0,0.0,0.0,200.0,0.0
1331,859.0,2058.0,70.0,42.0,105.0,254.0,571.0,152.0,344.0,1495.0,0.0,0.0,163.0,66.0
1332,53.0,172.0,79.0,15.0,293.0,598.0,43.0,100.0,0.0,437.0,0.0,0.0,59.0,4.0
1333,100.0,287.0,1.0,0.0,0.0,1.0,3.0,58.0,0.0,8.0,0.0,0.0,10.0,8.0
1334,300.0,978.0,201.0,59.0,0.0,31.0,78.0,71.0,16.0,379.0,0.0,0.0,42.0,23.0
1335,107.0,305.0,380.0,374.0,169.0,1034.0,224.0,214.0,0.0,893.0,0.0,0.0,134.0,8.0
1336,21.0,56.0,80.0,42.0,53.0,47.0,1983.0,111.0,39.0,417.0,0.0,0.0,102.0,2.0
1337,0.0,0.0,42.0,56.0,0.0,28.0,925.0,225.0,4.0,3292.0,0.0,0.0,188.0,0.0
1338,623.0,2106.0,0.0,0.0,0.0,0.0,0.0,63.0,0.0,0.0,0.0,0.0,25.0,48.0
1339,264.0,876.0,1.0,1.0,0.0,3.0,2.0,2.0,0.0,14.0,0.0,0.0,16.0,20.0
1340,356.0,1025.0,0.0,0.0,0.0,0.0,0.0,0.0,0.0,0.0,0.0,0.0,19.0,27.0
1341,211.0,607.0,95.0,149.0,0.0,27.0,120.0,104.0,43.0,416.0,0.0,0.0,43.0,16.0
1342,1026.0,2839.0,239.0,492.0,0.0,10.0,86.0,244.0,77.0,409.0,0.0,0.0,99.0,79.0
1343,0.0,0.0,89.0,44.0,0.0,79.0,714.0,520.0,0.0,1051.0,0.0,0.0,92.0,0.0
1344,0.0,0.0,29.0,12.0,0.0,184.0,1124.0,23.0,56.0,240.0,0.0,0.0,61.0,0.0
1345,275.0,753.0,0.0,0.0,0.0,0.0,0.0,0.0,0.0,0.0,0.0,0.0,10.0,21.0
1346,0.0,0.0,23.0,12.0,10.0,125.0,71.0,239.0,0.0,197.0,0.0,0.0,25.0,0.0
1347,626.0,1919.0,48.0,34.0,66.0,74.0,66.0,50.0,0.0,203.0,0.0,0.0,51.0,48.0
1348,614.0,1753.0,20.0,22.0,0.0,3.0,4.0,132.0,0.0,20.0,0.0,0.0,30.0,47.0
1349,377.0,1238.0,0.0,2.0,0.0,0.0,0.0,0.0,0.0,6.0,0.0,0.0,14.0,29.0
1350,1250.0,3799.0,97.0,117.0,4.0,21.0,153.0,274.0,34.0,630.0,0.0,0.0,97.0,96.0
1351,495.0,1291.0,41.0,19.0,59.0,79.0,423.0,116.0,298.0,513.0,0.0,0.0,75.0,38.0
1352,340.0,869.0,48.0,3.0,6.0,41.0,42.0,212.0,40.0,196.0,0.0,0.0,48.0,26.0
1353,275.0,610.0,20.0,16.0,0.0,12.0,52.0,65.0,8.0,118.0,0.0,0.0,22.0,21.0
1354,1093.0,3010.0,4.0,29.0,0.0,4.0,2.0,2.0,0.0,19.0,0.0,0.0,48.0,84.0
1355,672.0,2386.0,2.0,1.0,0.0,0.0,2.0,79.0,10.0,10.0,0.0,0.0,42.0,52.0
1356,2.0,7.0,519.0,278.0,0.0,25.0,49.0,215.0,199.0,283.0,0.0,0.0,59.0,0.0
1357,249.0,773.0,36.0,105.0,0.0,1.0,4.0,8.0,43.0,19.0,0.0,0.0,22.0,19.0
1358,522.0,1679.0,66.0,68.0,8.0,13.0,62.0,122.0,22.0,316.0,0.0,0.0,44.0,40.0
1359,348.0,970.0,0.0,0.0,0.0,0.0,0.0,0.0,0.0,0.0,0.0,0.0,13.0,27.0
1360,404.0,1350.0,35.0,13.0,0.0,81.0,37.0,43.0,4.0,56.0,0.0,0.0,30.0,31.0
1361,291.0,809.0,0.0,0.0,0.0,0.0,0.0,44.0,0.0,0.0,0.0,0.0,12.0,22.0
1362,311.0,1349.0,0.0,0.0,0.0,0.0,0.0,0.0,0.0,0.0,0.0,0.0,16.0,24.0
1363,646.0,2081.0,154.0,36.0,0.0,32.0,140.0,229.0,480.0,439.0,0.0,0.0,86.0,50.0
1364,714.0,2226.0,126.0,81.0,0.0,18.0,83.0,74.0,9.0,371.0,0.0,0.0,58.0,55.0
1365,143.0,449.0,32.0,56.0,0.0,0.0,0.0,2.0,45.0,102.0,0.0,0.0,26.0,11.0
1366,668.0,2005.0,58.0,146.0,26.0,12.0,45.0,275.0,22.0,233.0,0.0,0.0,64.0,51.0
1367,632.0,1639.0,36.0,19.0,0.0,2.0,32.0,16.0,0.0,109.0,0.0,0.0,31.0,49.0
1368,383.0,1111.0,0.0,0.0,0.0,0.0,0.0,2.0,6.0,3.0,0.0,0.0,14.0,30.0
1369,451.0,1132.0,80.0,105.0,0.0,5.0,115.0,25.0,0.0,359.0,0.0,0.0,161.0,35.0
1370,570.0,1643.0,136.0,159.0,0.0,52.0,97.0,62.0,0.0,348.0,0.0,0.0,61.0,44.0
1371,672.0,1448.0,97.0,77.0,10.0,24.0,124.0,113.0,0.0,322.0,0.0,0.0,59.0,52.0
1372,837.0,2389.0,46.0,15.0,18.0,10.0,28.0,93.0,1.0,157.0,0.0,0.0,69.0,64.0
1373,1005.0,2729.0,12.0,2.0,0.0,4.0,5.0,81.0,56.0,32.0,0.0,0.0,52.0,77.0
1374,159.0,489.0,202.0,78.0,0.0,71.0,578.0,321.0,0.0,954.0,0.0,0.0,94.0,12.0
1375,262.0,791.0,324.0,14.0,0.0,28.0,20.0,59.0,20.0,81.0,0.0,0.0,42.0,20.0
1376,905.0,2813.0,30.0,24.0,0.0,16.0,0.0,58.0,7.0,164.0,0.0,0.0,72.0,69.0
1377,1007.0,2958.0,41.0,14.0,14.0,16.0,27.0,32.0,0.0,114.0,0.0,0.0,71.0,78.0
1378,479.0,1538.0,102.0,42.0,0.0,23.0,44.0,117.0,12.0,225.0,0.0,0.0,38.0,37.0
1379,430.0,1071.0,380.0,47.0,7.0,26.0,274.0,217.0,51.0,408.0,0.0,0.0,74.0,33.0
1380,220.0,712.0,172.0,32.0,0.0,10.0,42.0,50.0,0.0,211.0,0.0,0.0,28.0,17.0
1381,81.0,264.0,2.0,1.0,0.0,1.0,4.0,205.0,2.0,24.0,0.0,0.0,14.0,6.0
1382,661.0,1942.0,164.0,104.0,0.0,18.0,111.0,124.0,2.0,375.0,0.0,0.0,87.0,51.0
1383,1042.0,2507.0,104.0,134.0,0.0,78.0,386.0,1027.0,234.0,984.0,0.0,0.0,146.0,80.0
1384,283.0,644.0,637.0,458.0,0.0,21.0,256.0,88.0,0.0,523.0,0.0,0.0,88.0,22.0
1385,600.0,1301.0,29.0,17.0,0.0,6.0,26.0,18.0,0.0,123.0,0.0,0.0,30.0,46.0
1386,759.0,1654.0,147.0,82.0,16.0,52.0,107.0,158.0,28.0,471.0,0.0,0.0,104.0,58.0
1387,820.0,2929.0,234.0,79.0,31.0,65.0,118.0,125.0,3.0,491.0,0.0,0.0,148.0,63.0
1388,879.0,2235.0,0.0,0.0,0.0,0.0,0.0,0.0,0.0,0.0,0.0,0.0,32.0,68.0
1389,1199.0,3383.0,0.0,0.0,0.0,3.0,1.0,0.0,0.0,4.0,0.0,2.0,48.0,92.0
1390,518.0,1534.0,12.0,16.0,0.0,13.0,20.0,35.0,0.0,68.0,0.0,0.0,27.0,40.0
1391,518.0,1619.0,40.0,1.0,0.0,3.0,16.0,26.0,20.0,38.0,0.0,0.0,38.0,40.0
1392,256.0,764.0,4.0,1.0,0.0,5.0,18.0,17.0,16.0,26.0,0.0,0.0,20.0,20.0
1393,262.0,797.0,10.0,4.0,0.0,9.0,6.0,11.0,1.0,21.0,0.0,0.0,12.0,20.0
1394,418.0,984.0,0.0,0.0,0.0,0.0,0.0,72.0,0.0,0.0,0.0,0.0,36.0,32.0
1395,413.0,1273.0,7.0,3.0,0.0,3.0,11.0,58.0,19.0,26.0,0.0,0.0,23.0,32.0
1396,311.0,825.0,0.0,0.0,0.0,0.0,0.0,0.0,0.0,0.0,0.0,0.0,16.0,24.0
1397,368.0,734.0,0.0,0.0,0.0,0.0,0.0,0.0,0.0,0.0,0.0,0.0,13.0,28.0
1398,128.0,485.0,1.0,0.0,0.0,0.0,1.0,2.0,0.0,1.0,0.0,0.0,11.0,10.0
1399,2733.0,8489.0,24.0,60.0,0.0,4.0,25.0,17.0,10.0,112.0,0.0,0.0,120.0,210.0
1400,1064.0,2315.0,65.0,20.0,0.0,6.0,52.0,44.0,0.0,142.0,0.0,0.0,100.0,82.0
1401,0.0,0.0,15.0,4.0,87.0,136.0,10.0,40.0,0.0,98.0,0.0,0.0,14.0,0.0
1402,1.0,2.0,7.0,2.0,0.0,1.0,15.0,2.0,0.0,15.0,0.0,0.0,6.0,0.0
1403,0.0,0.0,29.0,16.0,0.0,79.0,62.0,138.0,0.0,164.0,0.0,0.0,18.0,0.0
1404,208.0,695.0,2.0,0.0,0.0,0.0,5.0,19.0,31.0,21.0,0.0,0.0,40.0,16.0
1405,554.0,1587.0,6.0,0.0,0.0,0.0,0.0,49.0,0.0,0.0,0.0,0.0,22.0,43.0
1406,302.0,846.0,3.0,2.0,0.0,3.0,5.0,366.0,0.0,18.0,0.0,0.0,26.0,23.0
1407,385.0,1647.0,41.0,27.0,0.0,87.0,32.0,39.0,29.0,113.0,0.0,0.0,83.0,30.0
1408,484.0,1388.0,13.0,0.0,0.0,0.0,0.0,0.0,0.0,2.0,0.0,0.0,21.0,37.0
1409,539.0,1596.0,0.0,0.0,0.0,0.0,1.0,0.0,1.0,8.0,0.0,0.0,21.0,41.0
1410,398.0,1268.0,15.0,49.0,0.0,0.0,2.0,1.0,0.0,31.0,0.0,0.0,20.0,31.0
1411,361.0,1055.0,1.0,0.0,0.0,0.0,1.0,0.0,0.0,4.0,0.0,0.0,13.0,28.0
1412,242.0,698.0,28.0,12.0,0.0,28.0,125.0,122.0,79.0,206.0,0.0,0.0,40.0,19.0
1413,534.0,1678.0,15.0,1.0,0.0,3.0,7.0,75.0,0.0,11.0,0.0,0.0,24.0,41.0
1414,541.0,1424.0,0.0,0.0,0.0,0.0,0.0,129.0,0.0,0.0,0.0,0.0,25.0,42.0
1415,631.0,1985.0,15.0,8.0,0.0,2.0,31.0,9.0,0.0,54.0,0.0,0.0,28.0,48.0
1416,896.0,3029.0,22.0,4.0,0.0,10.0,18.0,74.0,1.0,41.0,0.0,0.0,48.0,69.0
1417,370.0,1302.0,11.0,5.0,0.0,12.0,31.0,131.0,6.0,55.0,0.0,0.0,23.0,28.0
1418,484.0,1739.0,22.0,5.0,4.0,11.0,9.0,168.0,0.0,57.0,0.0,0.0,28.0,37.0
1419,598.0,1620.0,300.0,13.0,0.0,11.0,33.0,42.0,0.0,160.0,0.0,0.0,50.0,46.0
1420,436.0,1230.0,387.0,70.0,0.0,26.0,73.0,86.0,9.0,351.0,0.0,0.0,55.0,33.0
1421,112.0,317.0,19.0,6.0,0.0,4.0,18.0,16.0,98.0,85.0,0.0,0.0,13.0,9.0
1422,493.0,1434.0,14.0,8.0,1.0,1.0,16.0,5.0,0.0,66.0,0.0,0.0,40.0,38.0
1423,732.0,1716.0,22.0,43.0,3.0,16.0,73.0,101.0,60.0,195.0,0.0,0.0,48.0,56.0
1424,0.0,0.0,1.0,0.0,491.0,4.0,0.0,0.0,0.0,3.0,0.0,0.0,18.0,0.0
1425,0.0,0.0,4.0,0.0,993.0,21.0,1.0,4.0,0.0,19.0,0.0,0.0,38.0,0.0
1426,308.0,968.0,28.0,3.0,0.0,86.0,19.0,229.0,0.0,372.0,0.0,0.0,38.0,24.0
1427,0.0,0.0,9.0,3.0,720.0,249.0,37.0,24.0,2.0,43.0,0.0,0.0,40.0,0.0
1428,0.0,0.0,15.0,8.0,0.0,18.0,17.0,12.0,0.0,57.0,0.0,0.0,5.0,0.0
1429,0.0,0.0,0.0,0.0,2.0,4.0,0.0,2.0,0.0,3.0,2.0,0.0,0.0,0.0
1430,124.0,281.0,0.0,0.0,0.0,0.0,0.0,0.0,0.0,0.0,0.0,0.0,33.0,9.0
1431,3.0,6.0,0.0,0.0,0.0,0.0,0.0,0.0,0.0,0.0,0.0,0.0,0.0,0.0
1432,0.0,0.0,2.0,1.0,19.0,9.0,1.0,2.0,0.0,12.0,0.0,178.0,2.0,0.0
1433,801.0,2438.0,56.0,24.0,191.0,35.0,51.0,1.0,1.0,217.0,0.0,0.0,55.0,62.0
1434,747.0,2069.0,87.0,35.0,20.0,6.0,64.0,21.0,0.0,263.0,2.0,0.0,88.0,58.0
1435,344.0,792.0,104.0,48.0,12.0,7.0,83.0,28.0,0.0,284.0,0.0,0.0,157.0,27.0
1436,622.0,2128.0,0.0,0.0,0.0,13.0,3.0,82.0,2.0,5.0,0.0,0.0,27.0,48.0
1437,514.0,1320.0,474.0,118.0,12.0,14.0,57.0,77.0,7.0,242.0,1.0,0.0,56.0,40.0
1438,687.0,2451.0,0.0,0.0,0.0,0.0,0.0,0.0,0.0,0.0,0.0,0.0,25.0,53.0
1439,0.0,0.0,16.0,8.0,769.0,368.0,232.0,101.0,0.0,370.0,0.0,0.0,68.0,0.0
1440,0.0,0.0,184.0,17.0,329.0,387.0,49.0,99.0,0.0,218.0,0.0,0.0,47.0,0.0
1441,0.0,0.0,23.0,7.0,63.0,109.0,18.0,38.0,0.0,122.0,0.0,0.0,14.0,0.0
1442,0.0,0.0,72.0,37.0,0.0,113.0,23.0,20.0,0.0,142.0,0.0,0.0,15.0,0.0
1443,0.0,0.0,166.0,27.0,0.0,122.0,51.0,33.0,0.0,246.0,0.0,0.0,24.0,0.0
1444,310.0,649.0,74.0,38.0,4.0,18.0,178.0,69.0,0.0,276.0,0.0,0.0,51.0,24.0
1445,618.0,1172.0,152.0,86.0,0.0,22.0,304.0,138.0,0.0,604.0,0.0,0.0,73.0,47.0
1446,250.0,445.0,42.0,68.0,8.0,5.0,71.0,49.0,99.0,69.0,0.0,0.0,28.0,19.0
1447,85.0,146.0,21.0,5.0,0.0,68.0,16.0,19.0,12.0,64.0,0.0,0.0,11.0,7.0
1448,0.0,0.0,29.0,14.0,275.0,114.0,98.0,1.0,0.0,51.0,0.0,0.0,23.0,0.0
1449,242.0,657.0,82.0,38.0,1.0,16.0,229.0,63.0,0.0,437.0,0.0,0.0,41.0,19.0
1450,0.0,0.0,31.0,6.0,180.0,193.0,15.0,18.0,0.0,75.0,0.0,0.0,19.0,0.0
1451,0.0,0.0,507.0,59.0,107.0,65.0,149.0,134.0,0.0,661.0,0.0,0.0,62.0,0.0
1452,104.0,290.0,46.0,8.0,31.0,76.0,23.0,46.0,0.0,198.0,0.0,0.0,37.0,8.0
1453,277.0,682.0,123.0,57.0,1.0,29.0,342.0,84.0,1.0,527.0,0.0,0.0,58.0,21.0
1454,199.0,404.0,41.0,17.0,21.0,30.0,86.0,84.0,6.0,167.0,0.0,0.0,27.0,15.0
1455,531.0,1162.0,183.0,70.0,25.0,55.0,319.0,120.0,0.0,533.0,0.0,0.0,92.0,41.0
1456,4.0,12.0,34.0,5.0,4.0,43.0,8.0,268.0,1.0,57.0,0.0,0.0,16.0,0.0
1457,299.0,766.0,188.0,87.0,0.0,52.0,277.0,253.0,68.0,636.0,0.0,0.0,68.0,23.0
1458,599.0,1080.0,57.0,8.0,0.0,7.0,17.0,11.0,0.0,50.0,0.0,0.0,28.0,46.0
1459,427.0,1129.0,26.0,9.0,1.0,15.0,27.0,46.0,54.0,71.0,0.0,0.0,27.0,33.0
1460,485.0,869.0,0.0,0.0,0.0,0.0,0.0,0.0,0.0,0.0,0.0,0.0,18.0,37.0
1461,0.0,0.0,55.0,10.0,37.0,189.0,108.0,38.0,0.0,90.0,0.0,0.0,19.0,0.0
1462,0.0,0.0,143.0,39.0,75.0,210.0,105.0,120.0,14.0,454.0,0.0,0.0,43.0,0.0
1463,0.0,0.0,85.0,10.0,64.0,97.0,62.0,30.0,0.0,184.0,0.0,0.0,20.0,0.0
1464,257.0,576.0,36.0,2.0,39.0,240.0,11.0,8.0,0.0,71.0,0.0,0.0,24.0,20.0
1465,142.0,301.0,109.0,27.0,56.0,48.0,265.0,131.0,11.0,349.0,0.0,0.0,49.0,11.0
1466,223.0,568.0,66.0,13.0,10.0,6.0,63.0,156.0,34.0,281.0,0.0,0.0,41.0,17.0
1467,740.0,1653.0,80.0,27.0,5.0,6.0,43.0,39.0,24.0,162.0,0.0,0.0,60.0,57.0
1468,664.0,1826.0,0.0,0.0,0.0,0.0,0.0,0.0,0.0,0.0,0.0,0.0,27.0,51.0
1469,281.0,560.0,46.0,14.0,139.0,614.0,40.0,72.0,204.0,505.0,0.0,0.0,70.0,22.0
1470,0.0,0.0,19.0,10.0,46.0,44.0,38.0,148.0,0.0,131.0,0.0,0.0,16.0,0.0
1471,54.0,164.0,94.0,6.0,34.0,58.0,22.0,504.0,0.0,71.0,0.0,0.0,35.0,4.0
1472,129.0,307.0,45.0,17.0,40.0,144.0,99.0,45.0,0.0,250.0,0.0,0.0,28.0,10.0
1473,204.0,583.0,55.0,12.0,2.0,55.0,43.0,34.0,0.0,154.0,0.0,0.0,38.0,16.0
1474,194.0,441.0,157.0,57.0,20.0,192.0,310.0,120.0,36.0,454.0,0.0,0.0,58.0,15.0
1475,307.0,885.0,67.0,38.0,3.0,37.0,56.0,50.0,14.0,206.0,0.0,0.0,34.0,24.0
1476,609.0,1737.0,62.0,29.0,0.0,3.0,26.0,137.0,0.0,111.0,0.0,0.0,70.0,47.0
1477,414.0,888.0,61.0,14.0,13.0,17.0,42.0,30.0,0.0,193.0,0.0,0.0,29.0,32.0
1478,535.0,1234.0,72.0,15.0,0.0,6.0,34.0,41.0,2.0,172.0,0.0,0.0,38.0,41.0
1479,44.0,110.0,254.0,118.0,0.0,337.0,634.0,3019.0,120.0,1157.0,0.0,0.0,208.0,3.0
1480,0.0,0.0,42.0,3.0,883.0,348.0,21.0,7.0,0.0,378.0,0.0,0.0,62.0,0.0
1481,192.0,457.0,128.0,24.0,223.0,115.0,62.0,54.0,0.0,242.0,0.0,0.0,54.0,15.0
1482,181.0,390.0,132.0,9.0,7.0,68.0,77.0,13.0,2.0,167.0,0.0,0.0,27.0,14.0
1483,193.0,416.0,63.0,53.0,4.0,18.0,69.0,45.0,120.0,196.0,0.0,0.0,83.0,15.0
1484,154.0,404.0,261.0,177.0,5.0,16.0,81.0,90.0,3.0,604.0,0.0,0.0,59.0,12.0
1485,881.0,2007.0,93.0,83.0,0.0,8.0,51.0,49.0,3.0,280.0,0.0,0.0,60.0,67.0
1486,825.0,1776.0,10.0,9.0,0.0,77.0,13.0,0.0,5.0,16.0,0.0,0.0,36.0,63.0
1487,401.0,865.0,2.0,1.0,0.0,2.0,12.0,19.0,30.0,42.0,0.0,0.0,24.0,31.0
1488,1109.0,2651.0,0.0,0.0,0.0,0.0,0.0,50.0,0.0,1.0,0.0,0.0,43.0,85.0
1489,307.0,686.0,41.0,4.0,42.0,105.0,47.0,8.0,0.0,90.0,0.0,0.0,29.0,24.0
1490,0.0,0.0,0.0,0.0,23.0,0.0,0.0,0.0,0.0,0.0,0.0,0.0,1.0,0.0
1491,7.0,20.0,103.0,40.0,106.0,205.0,149.0,151.0,0.0,342.0,0.0,0.0,62.0,0.0
1492,496.0,919.0,15.0,8.0,5.0,15.0,23.0,22.0,2.0,77.0,0.0,0.0,40.0,38.0
1493,419.0,953.0,30.0,12.0,296.0,117.0,244.0,69.0,6.0,203.0,0.0,0.0,64.0,32.0
1494,85.0,233.0,141.0,68.0,5.0,34.0,147.0,137.0,213.0,452.0,0.0,0.0,81.0,7.0
1495,565.0,1132.0,86.0,22.0,6.0,24.0,44.0,53.0,23.0,159.0,0.0,0.0,50.0,43.0
1496,365.0,782.0,15.0,6.0,6.0,8.0,71.0,190.0,66.0,85.0,0.0,0.0,38.0,28.0
1497,263.0,561.0,3.0,11.0,0.0,5.0,218.0,77.0,334.0,31.0,0.0,0.0,45.0,20.0
1498,260.0,568.0,10.0,0.0,0.0,0.0,0.0,0.0,0.0,0.0,0.0,0.0,10.0,20.0
1499,453.0,1149.0,4.0,9.0,0.0,1.0,37.0,85.0,0.0,22.0,0.0,0.0,26.0,35.0
1500,343.0,903.0,0.0,0.0,0.0,0.0,0.0,0.0,0.0,0.0,0.0,0.0,17.0,26.0
1501,505.0,1163.0,3.0,1.0,1.0,1.0,20.0,149.0,3.0,116.0,0.0,0.0,34.0,39.0
1502,618.0,1689.0,51.0,63.0,0.0,4.0,24.0,66.0,10.0,119.0,0.0,0.0,41.0,48.0
1503,563.0,1435.0,391.0,101.0,43.0,13.0,89.0,146.0,0.0,563.0,0.0,0.0,73.0,43.0
1504,906.0,1993.0,0.0,0.0,0.0,0.0,0.0,52.0,3.0,0.0,0.0,0.0,47.0,70.0
1505,377.0,846.0,24.0,9.0,0.0,3.0,23.0,65.0,0.0,59.0,0.0,0.0,25.0,29.0
1506,354.0,643.0,66.0,14.0,5.0,27.0,191.0,67.0,3.0,176.0,0.0,0.0,34.0,27.0
1507,1093.0,2778.0,117.0,88.0,0.0,18.0,173.0,132.0,9.0,472.0,0.0,0.0,79.0,84.0
1508,507.0,1157.0,68.0,10.0,0.0,7.0,61.0,52.0,28.0,147.0,0.0,0.0,33.0,39.0
1509,416.0,902.0,1.0,0.0,0.0,2.0,11.0,3.0,1.0,4.0,0.0,0.0,19.0,32.0
1510,321.0,664.0,7.0,16.0,1.0,3.0,19.0,21.0,8.0,43.0,0.0,0.0,21.0,25.0
1511,449.0,1160.0,57.0,19.0,0.0,10.0,55.0,38.0,2.0,142.0,0.0,0.0,38.0,35.0
1512,443.0,1106.0,9.0,2.0,0.0,2.0,35.0,25.0,42.0,80.0,0.0,0.0,31.0,34.0
1513,567.0,876.0,99.0,6.0,0.0,42.0,35.0,42.0,9.0,119.0,0.0,0.0,48.0,44.0
1514,303.0,647.0,30.0,18.0,6.0,18.0,68.0,79.0,6.0,188.0,0.0,0.0,28.0,23.0
1515,368.0,801.0,70.0,20.0,0.0,6.0,69.0,39.0,25.0,178.0,0.0,0.0,33.0,28.0
1516,146.0,317.0,167.0,56.0,19.0,35.0,338.0,212.0,127.0,595.0,0.0,0.0,67.0,11.0
1517,265.0,665.0,12.0,13.0,1.0,10.0,54.0,60.0,25.0,133.0,0.0,0.0,42.0,20.0
1518,246.0,598.0,0.0,1.0,0.0,0.0,0.0,0.0,0.0,16.0,0.0,0.0,15.0,19.0
1519,515.0,1515.0,44.0,83.0,0.0,28.0,125.0,346.0,87.0,269.0,0.0,0.0,73.0,40.0
1520,380.0,970.0,64.0,11.0,0.0,5.0,27.0,33.0,18.0,100.0,0.0,0.0,39.0,29.0
1521,771.0,2254.0,36.0,43.0,5.0,45.0,85.0,144.0,87.0,205.0,0.0,0.0,57.0,59.0
1522,424.0,693.0,43.0,41.0,5.0,43.0,176.0,243.0,455.0,404.0,0.0,0.0,71.0,33.0
1523,421.0,861.0,20.0,62.0,1.0,6.0,117.0,36.0,89.0,131.0,0.0,0.0,40.0,32.0
1524,249.0,541.0,48.0,40.0,0.0,24.0,129.0,190.0,748.0,242.0,0.0,0.0,63.0,19.0
1525,563.0,1106.0,138.0,54.0,2.0,68.0,220.0,416.0,222.0,491.0,0.0,0.0,90.0,43.0
1526,128.0,312.0,13.0,36.0,1.0,0.0,14.0,85.0,4.0,58.0,0.0,0.0,40.0,10.0
1527,202.0,481.0,0.0,0.0,0.0,0.0,0.0,0.0,0.0,0.0,0.0,0.0,15.0,15.0
1528,386.0,1159.0,28.0,8.0,0.0,5.0,37.0,30.0,10.0,184.0,0.0,0.0,31.0,30.0
1529,488.0,1250.0,24.0,1.0,0.0,2.0,21.0,7.0,0.0,39.0,0.0,0.0,36.0,38.0
1530,802.0,2216.0,1.0,0.0,0.0,0.0,1.0,531.0,0.0,0.0,0.0,0.0,63.0,61.0
1531,1500.0,3777.0,47.0,60.0,4.0,2.0,10.0,14.0,0.0,62.0,0.0,0.0,154.0,115.0
1532,561.0,1095.0,88.0,27.0,28.0,184.0,104.0,40.0,1.0,268.0,0.0,0.0,48.0,43.0
1533,0.0,0.0,18.0,2.0,146.0,160.0,24.0,12.0,0.0,58.0,0.0,0.0,15.0,0.0
1534,786.0,1794.0,139.0,49.0,31.0,78.0,167.0,76.0,15.0,468.0,0.0,0.0,107.0,60.0
1535,595.0,1253.0,64.0,21.0,6.0,56.0,74.0,30.0,0.0,268.0,0.0,0.0,48.0,45.0
1536,504.0,1045.0,83.0,29.0,26.0,101.0,129.0,94.0,4.0,357.0,0.0,0.0,54.0,39.0
1537,514.0,1031.0,5.0,2.0,1.0,7.0,19.0,27.0,24.0,107.0,0.0,0.0,26.0,39.0
1538,804.0,1595.0,48.0,9.0,0.0,33.0,40.0,47.0,121.0,116.0,0.0,0.0,47.0,62.0
1539,693.0,1424.0,261.0,1.0,16.0,19.0,84.0,84.0,231.0,317.0,0.0,2.0,67.0,53.0
1540,559.0,1073.0,21.0,6.0,47.0,36.0,82.0,81.0,346.0,116.0,0.0,2.0,55.0,43.0
1541,502.0,971.0,242.0,38.0,0.0,7.0,78.0,42.0,23.0,167.0,0.0,0.0,57.0,39.0
1542,272.0,506.0,17.0,32.0,7.0,6.0,387.0,2269.0,205.0,476.0,0.0,0.0,138.0,21.0
1543,327.0,648.0,18.0,41.0,0.0,10.0,41.0,60.0,56.0,109.0,0.0,0.0,24.0,25.0
1544,355.0,646.0,22.0,8.0,0.0,11.0,70.0,31.0,26.0,96.0,0.0,0.0,27.0,27.0
1545,225.0,416.0,0.0,0.0,0.0,1.0,16.0,0.0,2445.0,148.0,0.0,0.0,104.0,17.0
1546,315.0,769.0,0.0,0.0,0.0,0.0,4.0,1.0,10.0,10.0,0.0,0.0,15.0,24.0
1547,263.0,516.0,21.0,39.0,21.0,8.0,35.0,44.0,83.0,80.0,0.0,0.0,23.0,20.0
1548,707.0,1489.0,50.0,52.0,0.0,82.0,213.0,63.0,186.0,325.0,0.0,0.0,64.0,54.0
1549,1142.0,1811.0,489.0,81.0,0.0,93.0,453.0,351.0,237.0,752.0,0.0,0.0,141.0,88.0
1550,108.0,207.0,2.0,0.0,0.0,1.0,0.0,3.0,4.0,1.0,0.0,0.0,4.0,8.0
1551,683.0,1349.0,146.0,65.0,1.0,39.0,176.0,79.0,283.0,265.0,0.0,0.0,75.0,52.0
1552,649.0,1586.0,0.0,0.0,0.0,0.0,0.0,0.0,1.0,0.0,0.0,0.0,24.0,50.0
1553,355.0,705.0,12.0,5.0,24.0,10.0,90.0,81.0,102.0,142.0,0.0,0.0,35.0,27.0
1554,713.0,1767.0,0.0,0.0,0.0,0.0,0.0,224.0,0.0,1.0,0.0,0.0,59.0,55.0
1555,567.0,1356.0,1.0,0.0,24.0,14.0,130.0,0.0,116.0,72.0,0.0,0.0,60.0,44.0
1556,252.0,497.0,3.0,0.0,0.0,12.0,16.0,4.0,6.0,33.0,0.0,0.0,12.0,19.0
1557,897.0,2410.0,62.0,24.0,0.0,63.0,113.0,46.0,0.0,250.0,0.0,0.0,191.0,69.0
1558,241.0,555.0,158.0,66.0,147.0,208.0,206.0,156.0,0.0,611.0,0.0,0.0,101.0,19.0
1559,1011.0,2758.0,0.0,0.0,0.0,0.0,0.0,132.0,0.0,0.0,0.0,0.0,46.0,78.0
1560,958.0,2479.0,0.0,0.0,0.0,0.0,0.0,84.0,0.0,0.0,0.0,0.0,41.0,74.0
1561,417.0,986.0,29.0,13.0,0.0,4.0,19.0,238.0,6.0,72.0,0.0,0.0,30.0,32.0
1562,721.0,3312.0,10.0,0.0,2.0,0.0,3.0,243.0,0.0,85.0,0.0,0.0,41.0,55.0
1563,897.0,2370.0,54.0,61.0,3.0,15.0,75.0,102.0,1.0,174.0,0.0,0.0,51.0,69.0
1564,629.0,1867.0,4.0,1.0,0.0,37.0,9.0,84.0,0.0,41.0,0.0,0.0,30.0,48.0
1565,654.0,1693.0,0.0,0.0,0.0,0.0,0.0,0.0,0.0,0.0,0.0,0.0,24.0,50.0
1566,368.0,1041.0,1.0,34.0,1.0,0.0,0.0,310.0,0.0,23.0,0.0,0.0,27.0,28.0
1567,486.0,1382.0,3.0,16.0,0.0,10.0,4.0,66.0,0.0,14.0,0.0,0.0,26.0,37.0
1568,351.0,892.0,94.0,47.0,10.0,23.0,218.0,121.0,49.0,390.0,0.0,0.0,144.0,27.0
1569,432.0,1114.0,80.0,48.0,0.0,15.0,110.0,32.0,0.0,289.0,0.0,0.0,37.0,33.0
1570,494.0,1825.0,151.0,61.0,2.0,24.0,17.0,77.0,0.0,481.0,0.0,0.0,48.0,38.0
1571,833.0,2605.0,3.0,1.0,2.0,17.0,3.0,53.0,0.0,17.0,0.0,0.0,34.0,64.0
1572,442.0,1266.0,0.0,0.0,0.0,0.0,0.0,0.0,0.0,0.0,0.0,0.0,16.0,34.0
1573,494.0,1208.0,179.0,69.0,0.0,110.0,661.0,2044.0,49.0,1018.0,0.0,0.0,170.0,38.0
1574,269.0,674.0,0.0,0.0,0.0,0.0,0.0,0.0,0.0,0.0,0.0,0.0,11.0,21.0
1575,381.0,948.0,184.0,94.0,4.0,26.0,120.0,167.0,81.0,408.0,0.0,0.0,73.0,29.0
1576,536.0,1306.0,79.0,40.0,0.0,7.0,25.0,97.0,0.0,119.0,0.0,0.0,37.0,41.0
1577,1286.0,2471.0,429.0,16.0,587.0,201.0,963.0,103.0,266.0,447.0,0.0,0.0,159.0,99.0
1578,597.0,1140.0,114.0,63.0,0.0,25.0,368.0,76.0,371.0,512.0,0.0,0.0,78.0,46.0
1579,324.0,823.0,0.0,0.0,0.0,0.0,0.0,0.0,0.0,0.0,0.0,0.0,16.0,25.0
1580,183.0,547.0,24.0,14.0,0.0,27.0,1.0,1787.0,21.0,4.0,0.0,0.0,78.0,14.0
1581,765.0,2048.0,34.0,86.0,4.0,18.0,2.0,121.0,14.0,32.0,0.0,0.0,57.0,59.0
1582,687.0,1347.0,46.0,57.0,0.0,34.0,103.0,45.0,376.0,157.0,0.0,0.0,55.0,53.0
1583,277.0,994.0,92.0,86.0,0.0,18.0,83.0,88.0,120.0,343.0,0.0,0.0,59.0,21.0
1584,207.0,751.0,0.0,0.0,0.0,0.0,0.0,0.0,0.0,0.0,0.0,0.0,8.0,16.0
1585,726.0,2247.0,7.0,9.0,0.0,0.0,0.0,54.0,9.0,39.0,0.0,0.0,61.0,56.0
1586,262.0,638.0,31.0,9.0,6.0,7.0,34.0,37.0,66.0,123.0,0.0,0.0,30.0,20.0
1587,534.0,1317.0,16.0,6.0,0.0,9.0,43.0,184.0,2.0,88.0,0.0,0.0,39.0,41.0
1588,492.0,1170.0,17.0,18.0,0.0,3.0,15.0,13.0,11.0,76.0,0.0,0.0,46.0,38.0
1589,1064.0,2581.0,281.0,278.0,51.0,65.0,228.0,327.0,211.0,807.0,0.0,0.0,178.0,82.0
1590,560.0,1284.0,17.0,12.0,0.0,10.0,51.0,60.0,4.0,109.0,0.0,0.0,45.0,43.0
1591,796.0,2039.0,0.0,0.0,0.0,0.0,0.0,0.0,0.0,2.0,0.0,2.0,79.0,61.0
1592,697.0,1223.0,9.0,5.0,0.0,18.0,53.0,68.0,130.0,183.0,0.0,0.0,43.0,53.0
1593,246.0,622.0,0.0,0.0,0.0,0.0,0.0,0.0,0.0,0.0,0.0,0.0,19.0,19.0
1594,144.0,395.0,66.0,94.0,0.0,17.0,93.0,186.0,38.0,301.0,0.0,0.0,43.0,11.0
1595,366.0,1022.0,37.0,10.0,0.0,5.0,18.0,19.0,0.0,115.0,0.0,0.0,24.0,28.0
1596,334.0,1096.0,3.0,27.0,0.0,0.0,1.0,1.0,0.0,6.0,0.0,0.0,17.0,26.0
1597,262.0,639.0,12.0,1.0,1.0,6.0,2.0,5.0,0.0,11.0,0.0,0.0,16.0,20.0
1598,502.0,963.0,11.0,4.0,0.0,10.0,23.0,377.0,7.0,47.0,0.0,0.0,48.0,39.0
1599,414.0,1011.0,172.0,113.0,0.0,23.0,318.0,62.0,0.0,686.0,0.0,0.0,165.0,32.0
1600,909.0,2094.0,430.0,171.0,0.0,47.0,511.0,243.0,192.0,1190.0,0.0,0.0,135.0,70.0
1601,1019.0,2546.0,18.0,29.0,1.0,13.0,9.0,56.0,6.0,70.0,0.0,0.0,79.0,78.0
1602,625.0,1599.0,0.0,0.0,0.0,1.0,0.0,103.0,0.0,0.0,0.0,0.0,32.0,48.0
1603,299.0,699.0,2.0,1.0,0.0,1.0,20.0,13.0,40.0,20.0,0.0,0.0,18.0,23.0
1604,984.0,2182.0,343.0,348.0,0.0,20.0,148.0,94.0,10.0,604.0,0.0,0.0,108.0,76.0
1605,787.0,2173.0,451.0,111.0,0.0,22.0,233.0,160.0,472.0,451.0,0.0,0.0,103.0,61.0
1606,419.0,1220.0,0.0,0.0,0.0,0.0,0.0,114.0,0.0,0.0,0.0,0.0,20.0,32.0
1607,119.0,302.0,13.0,5.0,26.0,26.0,23.0,102.0,24.0,63.0,0.0,0.0,35.0,9.0
1608,520.0,1600.0,0.0,0.0,0.0,0.0,0.0,0.0,0.0,0.0,0.0,0.0,19.0,40.0
1609,638.0,1330.0,7.0,3.0,0.0,6.0,17.0,65.0,30.0,39.0,0.0,0.0,29.0,49.0
1610,425.0,1182.0,0.0,0.0,0.0,0.0,1.0,0.0,0.0,0.0,0.0,0.0,16.0,33.0
1611,568.0,1473.0,0.0,0.0,0.0,0.0,1.0,0.0,38.0,0.0,0.0,0.0,23.0,44.0
1612,242.0,702.0,7.0,1.0,0.0,5.0,616.0,4.0,149.0,31.0,0.0,0.0,42.0,19.0
1613,469.0,908.0,32.0,19.0,19.0,43.0,154.0,187.0,138.0,281.0,0.0,0.0,67.0,36.0
1614,303.0,789.0,35.0,26.0,8.0,53.0,174.0,93.0,116.0,213.0,0.0,0.0,47.0,23.0
1615,18.0,38.0,199.0,146.0,657.0,432.0,148.0,52.0,26.0,550.0,0.0,2.0,82.0,1.0
1616,1.0,1.0,86.0,75.0,7.0,61.0,153.0,52.0,0.0,203.0,0.0,0.0,78.0,0.0
1617,568.0,1497.0,335.0,153.0,5.0,92.0,787.0,175.0,3.0,1421.0,0.0,0.0,168.0,44.0
1618,1178.0,3090.0,229.0,98.0,25.0,89.0,532.0,150.0,1.0,901.0,0.0,0.0,117.0,91.0
1619,1534.0,2691.0,22.0,11.0,1.0,26.0,72.0,65.0,3.0,164.0,0.0,0.0,70.0,118.0
1620,1053.0,2912.0,334.0,100.0,1.0,41.0,476.0,147.0,5.0,746.0,0.0,0.0,107.0,81.0
1621,356.0,665.0,98.0,27.0,0.0,24.0,64.0,47.0,0.0,195.0,0.0,0.0,40.0,28.0
1622,505.0,1308.0,168.0,32.0,0.0,27.0,196.0,105.0,0.0,348.0,0.0,0.0,56.0,39.0
1623,439.0,645.0,37.0,33.0,0.0,5.0,21.0,20.0,4.0,125.0,0.0,0.0,25.0,34.0
1624,201.0,448.0,29.0,66.0,0.0,25.0,298.0,92.0,204.0,321.0,0.0,0.0,61.0,15.0
1625,670.0,1428.0,27.0,12.0,0.0,25.0,264.0,120.0,162.0,245.0,0.0,0.0,67.0,51.0
1626,900.0,2182.0,8.0,6.0,0.0,5.0,68.0,165.0,71.0,68.0,0.0,0.0,97.0,69.0
1627,884.0,2113.0,109.0,59.0,6.0,59.0,306.0,131.0,653.0,595.0,0.0,73.0,252.0,68.0
1628,441.0,1064.0,35.0,12.0,0.0,19.0,49.0,118.0,23.0,139.0,0.0,0.0,39.0,34.0
1629,566.0,1308.0,132.0,77.0,0.0,37.0,215.0,499.0,56.0,513.0,0.0,0.0,82.0,44.0
1630,948.0,2050.0,23.0,10.0,0.0,29.0,175.0,102.0,35.0,203.0,0.0,0.0,79.0,73.0
1631,707.0,1563.0,4.0,2.0,0.0,1.0,13.0,53.0,94.0,69.0,0.0,0.0,86.0,54.0
1632,847.0,1962.0,102.0,72.0,0.0,53.0,889.0,325.0,1635.0,1152.0,0.0,0.0,186.0,65.0
1633,504.0,1340.0,40.0,68.0,1.0,19.0,227.0,220.0,1620.0,435.0,0.0,0.0,213.0,39.0
1634,0.0,0.0,334.0,9.0,0.0,46.0,144.0,76.0,10142.0,184.0,0.0,0.0,401.0,0.0
1635,65.0,166.0,165.0,356.0,0.0,13.0,93.0,95.0,0.0,438.0,0.0,0.0,46.0,5.0
1636,226.0,510.0,0.0,10.0,0.0,0.0,0.0,42.0,0.0,21.0,0.0,0.0,14.0,17.0
1637,850.0,1285.0,32.0,10.0,0.0,60.0,158.0,136.0,167.0,333.0,0.0,0.0,68.0,65.0
1638,324.0,908.0,0.0,0.0,0.0,0.0,0.0,0.0,0.0,0.0,0.0,0.0,16.0,25.0
1639,495.0,1288.0,0.0,0.0,0.0,0.0,0.0,0.0,0.0,0.0,0.0,0.0,32.0,38.0
1640,544.0,1549.0,223.0,29.0,3.0,38.0,328.0,60.0,849.0,1650.0,0.0,0.0,144.0,42.0
1641,0.0,0.0,66.0,59.0,46.0,40.0,119.0,288.0,170.0,366.0,0.0,0.0,48.0,0.0
1642,5.0,8.0,13.0,3.0,6.0,89.0,12.0,22.0,83.0,65.0,0.0,0.0,14.0,0.0
1643,649.0,1368.0,550.0,123.0,45.0,97.0,243.0,335.0,261.0,688.0,0.0,0.0,167.0,50.0
1644,681.0,1620.0,103.0,102.0,1.0,30.0,261.0,394.0,150.0,370.0,0.0,0.0,111.0,52.0
1645,1091.0,1725.0,187.0,71.0,0.0,67.0,217.0,162.0,90.0,535.0,0.0,2.0,89.0,84.0
1646,655.0,1749.0,19.0,11.0,0.0,21.0,123.0,127.0,40.0,197.0,0.0,0.0,53.0,51.0
1647,538.0,1128.0,3.0,1.0,0.0,0.0,3.0,0.0,0.0,14.0,0.0,0.0,23.0,41.0
1648,667.0,1856.0,0.0,0.0,0.0,0.0,5.0,92.0,0.0,1.0,0.0,0.0,43.0,51.0
1649,228.0,558.0,161.0,79.0,0.0,70.0,202.0,298.0,888.0,494.0,0.0,0.0,101.0,18.0
1650,333.0,812.0,13.0,3.0,0.0,28.0,50.0,68.0,50.0,62.0,0.0,0.0,30.0,26.0
1651,413.0,1115.0,117.0,56.0,0.0,45.0,186.0,85.0,132.0,306.0,0.0,0.0,110.0,32.0
1652,753.0,1905.0,6.0,4.0,0.0,9.0,31.0,17.0,80.0,83.0,0.0,0.0,63.0,58.0
1653,840.0,1599.0,20.0,8.0,11.0,27.0,145.0,432.0,36.0,163.0,0.0,0.0,72.0,64.0
1654,502.0,1311.0,0.0,0.0,2.0,8.0,3.0,0.0,0.0,3.0,0.0,0.0,21.0,39.0
1655,11.0,21.0,0.0,0.0,0.0,0.0,1.0,1.0,0.0,37.0,0.0,0.0,2.0,1.0
1656,266.0,703.0,4.0,0.0,0.0,4.0,0.0,26.0,0.0,6.0,0.0,0.0,22.0,20.0
1657,12.0,29.0,23.0,1.0,116.0,76.0,21.0,6.0,1.0,151.0,0.0,0.0,15.0,1.0
1658,15.0,27.0,46.0,26.0,145.0,109.0,58.0,19.0,27.0,130.0,0.0,0.0,21.0,1.0
1659,1212.0,2386.0,506.0,129.0,0.0,70.0,308.0,266.0,44.0,892.0,0.0,0.0,129.0,93.0
1660,1131.0,2256.0,1339.0,537.0,8.0,153.0,940.0,300.0,183.0,1643.0,0.0,0.0,291.0,87.0
1661,819.0,1483.0,20.0,116.0,31.0,59.0,532.0,126.0,223.0,330.0,0.0,0.0,96.0,63.0
1662,250.0,685.0,18.0,5.0,0.0,9.0,32.0,33.0,262.0,100.0,0.0,0.0,49.0,19.0
1663,369.0,1104.0,230.0,146.0,24.0,90.0,639.0,376.0,262.0,1207.0,0.0,0.0,147.0,28.0
1664,660.0,1384.0,58.0,69.0,2.0,19.0,185.0,72.0,189.0,571.0,0.0,2.0,80.0,51.0
1665,883.0,2006.0,37.0,4.0,5.0,13.0,124.0,20.0,64.0,122.0,0.0,0.0,70.0,68.0
1666,369.0,694.0,0.0,0.0,0.0,0.0,0.0,0.0,0.0,0.0,0.0,0.0,14.0,28.0
1667,253.0,487.0,0.0,0.0,0.0,0.0,0.0,0.0,0.0,0.0,0.0,0.0,11.0,19.0
1668,287.0,685.0,82.0,23.0,118.0,118.0,208.0,36.0,0.0,269.0,0.0,0.0,42.0,22.0
1669,1348.0,2501.0,90.0,39.0,0.0,30.0,174.0,101.0,5.0,416.0,0.0,0.0,89.0,104.0
1670,588.0,1288.0,3.0,1.0,1.0,2.0,109.0,7.0,13.0,41.0,0.0,0.0,40.0,45.0
1671,380.0,835.0,43.0,12.0,0.0,7.0,64.0,52.0,89.0,128.0,0.0,0.0,44.0,29.0
1672,496.0,1179.0,37.0,7.0,8.0,12.0,28.0,35.0,126.0,70.0,0.0,0.0,45.0,38.0
1673,560.0,1548.0,0.0,0.0,0.0,0.0,0.0,72.0,0.0,0.0,0.0,0.0,45.0,43.0
1674,344.0,1069.0,20.0,12.0,126.0,11.0,36.0,14.0,51.0,47.0,0.0,0.0,37.0,26.0
1675,355.0,974.0,0.0,0.0,0.0,0.0,0.0,33.0,0.0,0.0,0.0,0.0,19.0,27.0
1676,303.0,656.0,4.0,1.0,0.0,0.0,3.0,293.0,4.0,10.0,0.0,2.0,23.0,23.0
1677,451.0,1247.0,3.0,0.0,0.0,0.0,0.0,0.0,0.0,3.0,0.0,0.0,18.0,35.0
1678,519.0,1080.0,0.0,0.0,0.0,0.0,0.0,19.0,0.0,17.0,0.0,0.0,24.0,40.0
1679,220.0,569.0,0.0,0.0,0.0,0.0,9.0,0.0,0.0,11.0,0.0,0.0,11.0,17.0
1680,580.0,1278.0,86.0,35.0,14.0,6.0,6.0,41.0,0.0,47.0,0.0,0.0,31.0,45.0
1681,761.0,1925.0,8.0,5.0,3.0,4.0,25.0,1.0,4.0,35.0,0.0,0.0,60.0,58.0
1682,213.0,544.0,0.0,0.0,0.0,0.0,0.0,0.0,0.0,0.0,0.0,0.0,8.0,16.0
1683,474.0,1262.0,0.0,0.0,0.0,0.0,0.0,43.0,0.0,0.0,0.0,0.0,31.0,36.0
1684,686.0,1856.0,15.0,4.0,0.0,4.0,32.0,14.0,24.0,37.0,0.0,0.0,59.0,53.0
1685,832.0,1660.0,28.0,23.0,7.0,40.0,62.0,43.0,130.0,114.0,0.0,0.0,51.0,64.0
1686,507.0,1034.0,98.0,70.0,2.0,13.0,169.0,322.0,140.0,303.0,0.0,0.0,71.0,39.0
1687,372.0,984.0,0.0,0.0,0.0,0.0,0.0,0.0,0.0,0.0,0.0,0.0,17.0,29.0
1688,917.0,1996.0,40.0,38.0,1.0,28.0,185.0,466.0,55.0,469.0,0.0,0.0,84.0,71.0
1689,1043.0,2100.0,66.0,23.0,0.0,4.0,66.0,52.0,62.0,154.0,0.0,5.0,57.0,80.0
1690,939.0,2678.0,231.0,133.0,0.0,33.0,361.0,187.0,20.0,895.0,0.0,0.0,103.0,72.0
1691,212.0,569.0,6.0,3.0,1.0,3.0,31.0,25.0,8.0,47.0,0.0,0.0,14.0,16.0
1692,307.0,880.0,0.0,0.0,0.0,0.0,0.0,0.0,0.0,0.0,0.0,0.0,18.0,24.0
1693,348.0,893.0,0.0,5.0,0.0,0.0,0.0,0.0,7.0,0.0,0.0,0.0,19.0,27.0
1694,592.0,1569.0,0.0,0.0,0.0,0.0,6.0,52.0,0.0,26.0,0.0,0.0,43.0,45.0
1695,346.0,779.0,0.0,0.0,3.0,2.0,2.0,1.0,0.0,78.0,0.0,0.0,25.0,26.0
1696,678.0,1498.0,22.0,7.0,4.0,11.0,7.0,6.0,138.0,48.0,0.0,0.0,49.0,52.0
1697,367.0,951.0,115.0,47.0,20.0,5.0,34.0,100.0,19.0,278.0,0.0,0.0,38.0,28.0
1698,283.0,745.0,16.0,12.0,6.0,4.0,37.0,31.0,0.0,144.0,0.0,0.0,23.0,22.0
1699,101.0,264.0,1.0,76.0,0.0,1.0,1.0,0.0,0.0,13.0,0.0,0.0,7.0,8.0
1700,24.0,55.0,51.0,192.0,345.0,68.0,1151.0,215.0,227.0,1928.0,0.0,0.0,387.0,2.0
1701,1225.0,3094.0,15.0,0.0,0.0,7.0,4.0,46.0,1.0,10.0,0.0,0.0,48.0,94.0
1702,0.0,0.0,19.0,38.0,100.0,172.0,95.0,149.0,18.0,434.0,0.0,0.0,38.0,0.0
1703,389.0,1119.0,55.0,27.0,0.0,10.0,38.0,65.0,1.0,154.0,0.0,0.0,29.0,30.0
1704,621.0,1871.0,0.0,0.0,0.0,0.0,0.0,0.0,0.0,0.0,0.0,0.0,23.0,48.0
1705,1691.0,4538.0,5.0,19.0,0.0,18.0,0.0,2.0,0.0,30.0,0.0,0.0,65.0,130.0
1706,1283.0,2427.0,27.0,16.0,0.0,38.0,355.0,141.0,17.0,466.0,0.0,0.0,86.0,99.0
1707,446.0,1374.0,0.0,0.0,0.0,0.0,0.0,0.0,0.0,0.0,0.0,0.0,16.0,34.0
1708,420.0,1294.0,0.0,0.0,0.0,0.0,0.0,0.0,0.0,0.0,0.0,0.0,15.0,32.0
1709,340.0,941.0,0.0,0.0,0.0,0.0,0.0,1.0,19.0,0.0,0.0,0.0,13.0,26.0
1710,345.0,1066.0,0.0,0.0,0.0,0.0,0.0,0.0,0.0,0.0,0.0,0.0,13.0,27.0
1711,210.0,616.0,232.0,123.0,0.0,55.0,133.0,205.0,8.0,678.0,0.0,0.0,72.0,16.0
1712,822.0,1839.0,72.0,5.0,0.0,20.0,56.0,55.0,74.0,115.0,0.0,0.0,46.0,63.0
1713,331.0,767.0,13.0,2.0,0.0,0.0,1.0,1.0,29.0,26.0,0.0,0.0,18.0,25.0
1714,4251.0,9017.0,272.0,133.0,253.0,19.0,246.0,103.0,0.0,840.0,1.0,0.0,413.0,327.0
1715,0.0,0.0,0.0,0.0,0.0,0.0,0.0,0.0,0.0,0.0,0.0,0.0,0.0,0.0
1716,295.0,770.0,0.0,0.0,0.0,0.0,0.0,64.0,0.0,0.0,2.0,0.0,55.0,23.0
1717,24.0,61.0,18.0,144.0,2.0,14.0,13.0,9.0,0.0,56.0,0.0,0.0,19.0,2.0
1718,465.0,1483.0,0.0,0.0,0.0,0.0,0.0,61.0,0.0,0.0,0.0,0.0,19.0,36.0
1719,688.0,2198.0,0.0,0.0,0.0,0.0,0.0,0.0,0.0,0.0,0.0,0.0,25.0,53.0
1720,536.0,1317.0,19.0,10.0,0.0,13.0,16.0,18.0,0.0,60.0,0.0,0.0,31.0,41.0
1721,0.0,0.0,2131.0,1318.0,39.0,126.0,1347.0,491.0,309.0,2660.0,0.0,0.0,492.0,0.0
1722,719.0,2239.0,15.0,2.0,1.0,4.0,6.0,90.0,165.0,14.0,0.0,0.0,38.0,55.0
1723,693.0,2150.0,45.0,39.0,0.0,10.0,37.0,81.0,20.0,154.0,0.0,0.0,40.0,53.0
1724,743.0,1572.0,29.0,8.0,1.0,1.0,6.0,76.0,50.0,36.0,0.0,0.0,43.0,57.0
1725,1088.0,2639.0,221.0,151.0,0.0,61.0,213.0,330.0,109.0,722.0,0.0,0.0,144.0,84.0
1726,1347.0,3063.0,262.0,107.0,6.0,58.0,176.0,207.0,173.0,525.0,0.0,0.0,117.0,104.0
1727,810.0,1893.0,72.0,48.0,3.0,42.0,133.0,229.0,2.0,300.0,0.0,0.0,67.0,62.0
1728,998.0,2886.0,22.0,4.0,6.0,5.0,16.0,3.0,0.0,44.0,5.0,0.0,59.0,77.0
1729,790.0,2284.0,17.0,9.0,0.0,0.0,17.0,4.0,0.0,63.0,1.0,0.0,86.0,61.0
1730,451.0,1209.0,345.0,261.0,0.0,54.0,97.0,48.0,17.0,383.0,1.0,0.0,94.0,35.0
1731,917.0,2387.0,4.0,2.0,0.0,1.0,6.0,4.0,0.0,20.0,0.0,0.0,45.0,71.0
1732,669.0,1768.0,41.0,22.0,0.0,4.0,41.0,102.0,0.0,119.0,0.0,0.0,37.0,51.0
1733,530.0,1396.0,84.0,33.0,8.0,40.0,94.0,158.0,0.0,333.0,0.0,0.0,47.0,41.0
1734,863.0,1858.0,50.0,66.0,6.0,9.0,54.0,132.0,7.0,128.0,0.0,0.0,48.0,66.0
1735,508.0,2048.0,27.0,6.0,0.0,1.0,11.0,71.0,0.0,25.0,0.0,0.0,36.0,39.0
1736,138.0,335.0,10.0,0.0,0.0,0.0,2.0,3.0,7.0,10.0,0.0,0.0,6.0,11.0
1737,1.0,1.0,97.0,39.0,275.0,638.0,155.0,180.0,7.0,487.0,0.0,0.0,136.0,0.0
1738,474.0,1370.0,28.0,39.0,0.0,20.0,48.0,44.0,145.0,101.0,0.0,0.0,33.0,36.0
1739,684.0,1555.0,85.0,76.0,3.0,51.0,135.0,186.0,43.0,345.0,0.0,0.0,157.0,53.0
1740,512.0,1108.0,207.0,96.0,23.0,53.0,238.0,96.0,0.0,658.0,0.0,0.0,225.0,40.0
1741,718.0,1911.0,186.0,49.0,0.0,103.0,124.0,300.0,25.0,193.0,0.0,0.0,73.0,55.0
1742,480.0,1184.0,43.0,35.0,7.0,29.0,88.0,127.0,6.0,296.0,0.0,0.0,41.0,37.0
1743,226.0,586.0,9.0,12.0,0.0,6.0,21.0,403.0,8.0,40.0,0.0,0.0,57.0,17.0
1744,629.0,1714.0,89.0,34.0,4.0,49.0,80.0,325.0,0.0,280.0,0.0,0.0,124.0,48.0
1745,450.0,1205.0,84.0,28.0,0.0,23.0,197.0,68.0,0.0,327.0,1.0,0.0,61.0,34.0
1746,869.0,2795.0,4.0,3.0,0.0,0.0,5.0,171.0,0.0,13.0,0.0,0.0,46.0,67.0
1747,512.0,1702.0,5.0,3.0,0.0,0.0,3.0,0.0,0.0,18.0,0.0,0.0,28.0,39.0
1748,246.0,647.0,4.0,3.0,0.0,0.0,2.0,1.0,0.0,5.0,0.0,0.0,14.0,19.0
1749,763.0,2296.0,0.0,0.0,0.0,0.0,1.0,65.0,4.0,0.0,0.0,0.0,31.0,59.0
1750,793.0,2502.0,0.0,0.0,0.0,0.0,0.0,0.0,0.0,0.0,0.0,0.0,29.0,61.0
1751,676.0,1962.0,0.0,0.0,3.0,1.0,0.0,0.0,0.0,0.0,0.0,0.0,25.0,52.0
1752,228.0,566.0,4.0,2.0,0.0,6.0,12.0,82.0,0.0,23.0,0.0,0.0,13.0,18.0
1753,448.0,1146.0,23.0,8.0,0.0,12.0,61.0,88.0,0.0,68.0,0.0,0.0,44.0,34.0
1754,1202.0,3624.0,207.0,110.0,50.0,93.0,323.0,179.0,119.0,959.0,0.0,0.0,149.0,93.0
1755,97.0,232.0,5.0,3.0,0.0,0.0,4.0,60.0,0.0,17.0,2.0,0.0,9.0,8.0
1756,272.0,900.0,13.0,7.0,0.0,7.0,24.0,19.0,67.0,61.0,1.0,0.0,157.0,21.0
1757,0.0,0.0,46.0,26.0,0.0,9.0,54.0,22.0,0.0,166.0,0.0,0.0,12.0,0.0
1758,383.0,1107.0,8.0,27.0,0.0,0.0,4.0,280.0,0.0,19.0,0.0,0.0,35.0,29.0
1759,5.0,13.0,96.0,5.0,40.0,364.0,22.0,68.0,0.0,317.0,1.0,0.0,34.0,0.0
1760,1633.0,4491.0,198.0,122.0,0.0,72.0,317.0,261.0,1097.0,690.0,0.0,0.0,290.0,125.0
1761,311.0,748.0,33.0,6.0,237.0,21.0,39.0,45.0,36.0,108.0,0.0,0.0,46.0,24.0
1762,55.0,139.0,106.0,36.0,0.0,15.0,35.0,91.0,12.0,196.0,0.0,0.0,20.0,4.0
1763,226.0,561.0,354.0,93.0,0.0,68.0,230.0,317.0,198.0,627.0,0.0,0.0,80.0,17.0
1764,476.0,1176.0,301.0,269.0,3.0,105.0,422.0,370.0,68.0,780.0,0.0,0.0,115.0,37.0
1765,468.0,1258.0,9.0,2.0,0.0,15.0,119.0,88.0,0.0,150.0,1.0,0.0,58.0,36.0
1766,1403.0,3082.0,731.0,387.0,1873.0,149.0,1021.0,411.0,0.0,2762.0,6.0,0.0,393.0,108.0
1767,423.0,1172.0,98.0,41.0,465.0,1149.0,202.0,169.0,2.0,605.0,1.0,0.0,117.0,33.0
1768,3146.0,7031.0,190.0,82.0,24.0,26.0,242.0,46.0,0.0,635.0,1.0,0.0,228.0,242.0
1769,0.0,0.0,78.0,5.0,875.0,233.0,50.0,71.0,0.0,205.0,0.0,2.0,56.0,0.0
1770,0.0,0.0,118.0,2.0,888.0,291.0,2.0,12.0,0.0,112.0,3.0,0.0,52.0,0.0
1771,771.0,2094.0,9.0,4.0,1.0,51.0,8.0,10.0,0.0,43.0,0.0,0.0,33.0,59.0
1772,314.0,882.0,0.0,0.0,0.0,0.0,0.0,0.0,0.0,0.0,0.0,0.0,12.0,24.0
1773,491.0,1403.0,17.0,9.0,0.0,1.0,20.0,3.0,0.0,51.0,0.0,0.0,31.0,38.0
1774,151.0,420.0,119.0,33.0,0.0,163.0,49.0,61.0,147.0,134.0,0.0,0.0,43.0,12.0
1775,337.0,941.0,75.0,113.0,0.0,27.0,34.0,22.0,13.0,162.0,0.0,0.0,38.0,26.0
1776,11.0,33.0,3.0,1.0,0.0,44.0,56.0,82.0,60.0,20.0,0.0,0.0,12.0,1.0
1777,320.0,838.0,9.0,28.0,0.0,2.0,17.0,4.0,248.0,40.0,0.0,0.0,44.0,25.0
1778,183.0,462.0,0.0,0.0,0.0,0.0,1.0,90.0,74.0,10.0,0.0,0.0,21.0,14.0
1779,989.0,1991.0,130.0,22.0,0.0,18.0,69.0,52.0,26.0,408.0,0.0,0.0,93.0,76.0
1780,539.0,1334.0,241.0,161.0,1.0,218.0,377.0,248.0,168.0,885.0,0.0,0.0,108.0,41.0
1781,297.0,794.0,144.0,77.0,15.0,39.0,182.0,151.0,137.0,338.0,0.0,0.0,113.0,23.0
1782,9.0,24.0,40.0,12.0,562.0,392.0,47.0,72.0,58.0,332.0,0.0,0.0,56.0,1.0
1783,0.0,0.0,5.0,1.0,0.0,0.0,4.0,1.0,0.0,12.0,2.0,20.0,1.0,0.0
1784,143.0,433.0,266.0,119.0,0.0,34.0,323.0,103.0,0.0,851.0,0.0,0.0,68.0,11.0
1785,0.0,0.0,0.0,0.0,173.0,4.0,0.0,1.0,0.0,1.0,0.0,0.0,7.0,0.0
1786,138.0,376.0,93.0,44.0,4.0,212.0,356.0,229.0,0.0,566.0,0.0,0.0,187.0,11.0
1787,969.0,2338.0,395.0,105.0,0.0,48.0,215.0,278.0,55.0,650.0,0.0,0.0,102.0,75.0
1788,586.0,1200.0,0.0,0.0,0.0,0.0,0.0,0.0,0.0,0.0,0.0,0.0,27.0,45.0
1789,725.0,1538.0,163.0,262.0,0.0,7.0,27.0,18.0,163.0,540.0,0.0,0.0,70.0,56.0
1790,0.0,0.0,137.0,70.0,0.0,835.0,1413.0,907.0,0.0,1414.0,0.0,0.0,175.0,0.0
1791,100.0,207.0,423.0,205.0,133.0,173.0,987.0,193.0,0.0,1551.0,0.0,0.0,141.0,8.0
1792,1057.0,1549.0,384.0,151.0,43.0,126.0,732.0,100.0,24.0,954.0,0.0,0.0,158.0,81.0
1793,391.0,726.0,45.0,28.0,0.0,19.0,93.0,97.0,8.0,244.0,0.0,0.0,35.0,30.0
1794,642.0,1226.0,34.0,51.0,0.0,25.0,143.0,110.0,74.0,276.0,0.0,0.0,76.0,49.0
1795,576.0,1141.0,514.0,342.0,0.0,25.0,292.0,34.0,15.0,441.0,0.0,0.0,121.0,44.0
1796,867.0,1668.0,9.0,31.0,1.0,10.0,41.0,26.0,14.0,91.0,0.0,0.0,46.0,67.0
1797,1092.0,2301.0,0.0,0.0,0.0,0.0,0.0,0.0,0.0,0.0,0.0,0.0,40.0,84.0
1798,0.0,0.0,510.0,149.0,0.0,16.0,92.0,73.0,18.0,351.0,0.0,0.0,44.0,0.0
1799,752.0,1684.0,12.0,9.0,1.0,8.0,28.0,6.0,2.0,50.0,0.0,0.0,32.0,58.0
1800,451.0,1222.0,214.0,75.0,173.0,49.0,179.0,73.0,464.0,681.0,0.0,0.0,225.0,35.0
1801,1011.0,1822.0,100.0,192.0,0.0,66.0,127.0,101.0,30.0,377.0,0.0,0.0,88.0,78.0
1802,584.0,1066.0,341.0,173.0,79.0,76.0,242.0,277.0,153.0,897.0,0.0,0.0,122.0,45.0
1803,575.0,1197.0,78.0,29.0,9.0,27.0,73.0,90.0,176.0,221.0,0.0,0.0,57.0,44.0
1804,383.0,870.0,22.0,2.0,3.0,4.0,32.0,10.0,14.0,26.0,0.0,0.0,20.0,29.0
1805,269.0,641.0,38.0,162.0,0.0,12.0,29.0,180.0,35.0,207.0,0.0,0.0,41.0,21.0
1806,1022.0,2172.0,187.0,51.0,17.0,14.0,43.0,41.0,13.0,201.0,0.0,0.0,65.0,79.0
1807,406.0,867.0,19.0,16.0,0.0,3.0,202.0,95.0,28.0,157.0,0.0,0.0,38.0,31.0
1808,1054.0,2860.0,82.0,60.0,0.0,49.0,337.0,273.0,0.0,588.0,0.0,0.0,90.0,81.0
1809,1298.0,3043.0,12.0,5.0,0.0,39.0,34.0,36.0,3.0,111.0,0.0,0.0,56.0,100.0
1810,283.0,371.0,8.0,10.0,0.0,86.0,19.0,29.0,0.0,39.0,0.0,0.0,17.0,22.0
1811,281.0,609.0,2.0,0.0,0.0,11.0,2.0,250.0,8.0,6.0,0.0,0.0,29.0,22.0
1812,224.0,502.0,68.0,34.0,0.0,43.0,39.0,57.0,2.0,163.0,0.0,0.0,29.0,17.0
1813,789.0,1628.0,40.0,7.0,0.0,32.0,59.0,66.0,0.0,142.0,0.0,0.0,45.0,61.0
1814,451.0,1285.0,88.0,25.0,9.0,51.0,71.0,139.0,0.0,228.0,0.0,0.0,51.0,35.0
1815,558.0,1133.0,39.0,3.0,87.0,24.0,30.0,32.0,3.0,97.0,0.0,0.0,69.0,43.0
1816,463.0,1039.0,1.0,1.0,0.0,1.0,5.0,8.0,80.0,14.0,0.0,0.0,27.0,36.0
1817,283.0,736.0,78.0,20.0,0.0,23.0,66.0,57.0,0.0,207.0,0.0,0.0,31.0,22.0
1818,208.0,498.0,32.0,11.0,22.0,100.0,62.0,87.0,0.0,184.0,0.0,0.0,51.0,16.0
1819,252.0,636.0,0.0,0.0,0.0,0.0,0.0,0.0,0.0,0.0,0.0,0.0,12.0,19.0
1820,343.0,771.0,6.0,3.0,0.0,6.0,17.0,5.0,0.0,39.0,0.0,0.0,18.0,26.0
1821,135.0,354.0,28.0,3.0,13.0,3.0,3.0,47.0,1.0,304.0,0.0,0.0,30.0,10.0
1822,361.0,671.0,6.0,4.0,0.0,17.0,55.0,22.0,84.0,103.0,0.0,0.0,33.0,28.0
1823,476.0,1132.0,144.0,44.0,18.0,154.0,124.0,143.0,98.0,276.0,0.0,0.0,57.0,36.0
1824,996.0,2307.0,73.0,26.0,30.0,59.0,152.0,230.0,128.0,333.0,0.0,0.0,74.0,77.0
1825,1262.0,2667.0,15.0,23.0,27.0,10.0,53.0,38.0,33.0,145.0,0.0,0.0,60.0,97.0
1826,34.0,76.0,173.0,135.0,125.0,702.0,3422.0,682.0,263.0,3824.0,0.0,0.0,343.0,3.0
1827,759.0,1704.0,46.0,60.0,69.0,2.0,45.0,17.0,2.0,143.0,0.0,0.0,47.0,58.0
1828,2031.0,4438.0,0.0,5.0,125.0,1.0,0.0,29.0,0.0,0.0,0.0,0.0,80.0,156.0
1829,686.0,1261.0,32.0,9.0,1.0,37.0,251.0,88.0,84.0,288.0,0.0,0.0,55.0,53.0
1830,18.0,48.0,211.0,91.0,1.0,172.0,1206.0,448.0,37.0,1713.0,0.0,0.0,270.0,2.0
1831,1213.0,2957.0,6.0,3.0,1.0,3.0,51.0,6.0,8.0,24.0,0.0,0.0,52.0,93.0
1832,479.0,1231.0,415.0,171.0,0.0,65.0,898.0,86.0,0.0,1327.0,0.0,0.0,133.0,37.0
1833,651.0,1716.0,40.0,24.0,2.0,1.0,143.0,93.0,120.0,81.0,0.0,0.0,47.0,50.0
1834,859.0,2193.0,57.0,60.0,5.0,9.0,51.0,15.0,28.0,67.0,0.0,0.0,60.0,66.0
1835,692.0,1652.0,127.0,69.0,135.0,31.0,90.0,517.0,46.0,409.0,0.0,0.0,78.0,53.0
1836,778.0,1700.0,0.0,0.0,1.0,0.0,20.0,0.0,0.0,0.0,0.0,0.0,36.0,60.0
1837,431.0,936.0,14.0,5.0,0.0,8.0,45.0,31.0,79.0,89.0,0.0,0.0,29.0,33.0
1838,227.0,488.0,3.0,0.0,1.0,4.0,6.0,8.0,36.0,15.0,0.0,0.0,18.0,17.0
1839,137.0,293.0,1.0,0.0,21.0,1.0,6.0,7.0,10.0,8.0,0.0,0.0,8.0,11.0
1840,716.0,1444.0,0.0,0.0,0.0,0.0,0.0,137.0,0.0,0.0,0.0,0.0,32.0,55.0
1841,1090.0,2634.0,15.0,255.0,270.0,11.0,43.0,48.0,6.0,84.0,0.0,0.0,106.0,84.0
1842,861.0,1846.0,0.0,0.0,11.0,4.0,20.0,5.0,5.0,21.0,0.0,0.0,42.0,66.0
1843,366.0,1020.0,6.0,3.0,3.0,7.0,16.0,8.0,49.0,109.0,0.0,0.0,30.0,28.0
1844,364.0,809.0,6.0,0.0,4.0,0.0,0.0,2.0,0.0,11.0,0.0,0.0,17.0,28.0
1845,534.0,1563.0,0.0,0.0,0.0,0.0,0.0,0.0,0.0,0.0,0.0,0.0,21.0,41.0
1846,997.0,2208.0,0.0,2.0,16.0,0.0,8.0,45.0,8.0,10.0,0.0,0.0,62.0,77.0
1847,676.0,1543.0,0.0,0.0,1.0,41.0,22.0,0.0,32.0,24.0,0.0,0.0,55.0,52.0
1848,211.0,444.0,0.0,0.0,0.0,0.0,0.0,0.0,0.0,0.0,0.0,0.0,9.0,16.0
1849,274.0,582.0,27.0,136.0,3.0,15.0,324.0,20.0,200.0,497.0,0.0,0.0,55.0,21.0
1850,497.0,1052.0,13.0,3.0,0.0,6.0,27.0,27.0,6.0,50.0,0.0,0.0,24.0,38.0
1851,199.0,412.0,4.0,40.0,0.0,1.0,3.0,74.0,0.0,14.0,0.0,0.0,12.0,15.0
1852,1140.0,2794.0,66.0,31.0,0.0,36.0,141.0,205.0,80.0,285.0,0.0,0.0,86.0,88.0
1853,1467.0,3106.0,40.0,62.0,0.0,21.0,248.0,143.0,215.0,392.0,0.0,0.0,172.0,113.0
1854,662.0,1691.0,0.0,0.0,1.0,0.0,6.0,0.0,1.0,0.0,0.0,0.0,39.0,51.0
1855,313.0,765.0,0.0,0.0,0.0,0.0,0.0,0.0,0.0,0.0,0.0,0.0,13.0,24.0
1856,442.0,1053.0,30.0,31.0,12.0,51.0,128.0,113.0,82.0,233.0,0.0,0.0,59.0,34.0
1857,707.0,1636.0,0.0,0.0,0.0,0.0,0.0,96.0,0.0,0.0,0.0,0.0,46.0,54.0
1858,395.0,1164.0,37.0,1.0,9.0,3.0,52.0,57.0,33.0,40.0,0.0,0.0,40.0,30.0
1859,699.0,1786.0,19.0,9.0,7.0,13.0,61.0,110.0,31.0,165.0,0.0,0.0,64.0,54.0
1860,821.0,2116.0,0.0,0.0,3.0,0.0,0.0,0.0,0.0,216.0,0.0,0.0,81.0,63.0
1861,0.0,0.0,280.0,63.0,332.0,469.0,1388.0,474.0,11.0,1422.0,0.0,0.0,163.0,0.0
1862,609.0,1369.0,27.0,14.0,37.0,168.0,48.0,63.0,1.0,274.0,0.0,0.0,56.0,47.0
1863,386.0,815.0,41.0,33.0,3.0,15.0,118.0,31.0,0.0,172.0,0.0,0.0,165.0,30.0
1864,581.0,1416.0,20.0,7.0,0.0,32.0,20.0,35.0,0.0,103.0,0.0,0.0,35.0,45.0
1865,468.0,925.0,29.0,7.0,0.0,8.0,42.0,34.0,0.0,77.0,0.0,0.0,37.0,36.0
1866,986.0,1896.0,55.0,57.0,25.0,61.0,160.0,107.0,87.0,355.0,0.0,0.0,73.0,76.0
1867,284.0,736.0,10.0,3.0,0.0,8.0,53.0,36.0,8.0,75.0,0.0,0.0,29.0,22.0
1868,564.0,1656.0,3.0,0.0,0.0,0.0,0.0,60.0,0.0,44.0,0.0,0.0,37.0,44.0
1869,352.0,1067.0,0.0,0.0,0.0,0.0,0.0,0.0,0.0,0.0,0.0,0.0,15.0,27.0
1870,508.0,1151.0,178.0,11.0,217.0,265.0,339.0,369.0,54.0,377.0,0.0,0.0,92.0,39.0
1871,0.0,0.0,227.0,8.0,180.0,127.0,82.0,14.0,1.0,138.0,0.0,0.0,28.0,0.0
1872,44.0,135.0,363.0,233.0,0.0,146.0,897.0,377.0,155.0,1903.0,0.0,0.0,178.0,4.0
1873,495.0,1345.0,242.0,106.0,3.0,124.0,1050.0,192.0,93.0,1187.0,0.0,0.0,150.0,38.0
1874,171.0,429.0,66.0,12.0,3.0,23.0,107.0,21.0,2.0,101.0,0.0,0.0,38.0,13.0
1875,149.0,351.0,0.0,0.0,0.0,51.0,0.0,78.0,0.0,10.0,0.0,0.0,12.0,11.0
1876,158.0,408.0,32.0,13.0,20.0,5.0,27.0,19.0,2.0,71.0,0.0,0.0,24.0,12.0
1877,500.0,1375.0,87.0,38.0,0.0,67.0,109.0,175.0,44.0,329.0,0.0,0.0,54.0,38.0
1878,681.0,1608.0,31.0,32.0,0.0,55.0,138.0,244.0,1.0,352.0,0.0,0.0,66.0,52.0
1879,706.0,1544.0,84.0,61.0,7.0,28.0,89.0,156.0,43.0,393.0,0.0,0.0,64.0,55.0
1880,484.0,1176.0,716.0,244.0,0.0,50.0,234.0,281.0,13.0,1023.0,0.0,0.0,118.0,37.0
1881,412.0,880.0,47.0,61.0,0.0,13.0,96.0,55.0,175.0,242.0,0.0,0.0,51.0,32.0
1882,455.0,1135.0,0.0,0.0,0.0,0.0,0.0,0.0,0.0,0.0,0.0,0.0,18.0,35.0
1883,1740.0,4391.0,88.0,41.0,23.0,52.0,50.0,91.0,84.0,140.0,0.0,0.0,117.0,134.0
1884,402.0,1048.0,0.0,0.0,0.0,0.0,1.0,72.0,0.0,0.0,0.0,0.0,20.0,31.0
1885,639.0,1109.0,115.0,13.0,84.0,152.0,193.0,30.0,78.0,345.0,0.0,0.0,60.0,49.0
1886,1.0,2.0,46.0,53.0,38.0,60.0,588.0,463.0,819.0,1501.0,0.0,0.0,133.0,0.0
1887,198.0,374.0,82.0,61.0,0.0,77.0,341.0,286.0,164.0,1070.0,0.0,0.0,92.0,15.0
1888,10.0,21.0,75.0,38.0,0.0,83.0,301.0,447.0,0.0,944.0,0.0,37.0,70.0,1.0
1889,276.0,701.0,0.0,0.0,0.0,0.0,0.0,0.0,0.0,0.0,0.0,0.0,13.0,21.0
1890,634.0,1537.0,19.0,12.0,10.0,18.0,107.0,78.0,54.0,224.0,0.0,0.0,75.0,49.0
1891,623.0,1676.0,19.0,18.0,2.0,95.0,132.0,210.0,113.0,249.0,0.0,0.0,65.0,48.0
1892,365.0,925.0,15.0,2.0,1.0,0.0,3.0,52.0,922.0,13.0,0.0,0.0,53.0,28.0
1893,304.0,782.0,20.0,26.0,0.0,36.0,147.0,606.0,49.0,173.0,0.0,0.0,67.0,23.0
1894,557.0,1249.0,181.0,152.0,10.0,10.0,69.0,79.0,0.0,355.0,0.0,0.0,63.0,43.0
1895,561.0,1519.0,42.0,15.0,5.0,20.0,81.0,95.0,10.0,319.0,0.0,0.0,54.0,43.0
1896,379.0,965.0,0.0,0.0,0.0,0.0,0.0,0.0,0.0,0.0,0.0,0.0,27.0,29.0
1897,577.0,1207.0,45.0,116.0,36.0,275.0,2487.0,687.0,576.0,2885.0,0.0,0.0,343.0,44.0
1898,1345.0,2733.0,0.0,0.0,0.0,0.0,3.0,0.0,343.0,30.0,0.0,0.0,63.0,103.0
1899,320.0,706.0,68.0,18.0,7.0,15.0,47.0,64.0,20.0,181.0,0.0,0.0,37.0,25.0
1900,205.0,559.0,0.0,0.0,0.0,0.0,7.0,1.0,15.0,7.0,0.0,0.0,9.0,16.0
1901,507.0,1408.0,7.0,10.0,0.0,11.0,29.0,102.0,104.0,115.0,0.0,0.0,39.0,39.0
1902,153.0,394.0,37.0,5.0,14.0,12.0,41.0,66.0,154.0,51.0,0.0,0.0,33.0,12.0
1903,787.0,2110.0,0.0,0.0,4.0,0.0,0.0,0.0,0.0,0.0,0.0,0.0,60.0,60.0
1904,1006.0,2246.0,0.0,0.0,0.0,0.0,0.0,0.0,0.0,0.0,0.0,0.0,62.0,77.0
1905,674.0,1644.0,0.0,0.0,0.0,0.0,0.0,93.0,0.0,0.0,0.0,0.0,77.0,52.0
1906,245.0,572.0,0.0,0.0,0.0,0.0,0.0,0.0,0.0,0.0,0.0,0.0,28.0,19.0
1907,260.0,641.0,0.0,73.0,5.0,0.0,0.0,0.0,0.0,0.0,0.0,0.0,16.0,20.0
1908,563.0,1498.0,583.0,350.0,8.0,159.0,1111.0,359.0,100.0,2173.0,0.0,192.0,259.0,44.0
1909,544.0,1371.0,205.0,137.0,13.0,31.0,85.0,83.0,0.0,366.0,0.0,0.0,65.0,42.0
1910,684.0,1716.0,11.0,66.0,2.0,3.0,5.0,5.0,2.0,65.0,0.0,0.0,36.0,52.0
1911,694.0,1505.0,13.0,47.0,0.0,5.0,11.0,67.0,0.0,93.0,0.0,0.0,46.0,53.0
1912,254.0,704.0,0.0,0.0,0.0,0.0,0.0,0.0,0.0,0.0,0.0,0.0,9.0,20.0
1913,301.0,811.0,4.0,12.0,0.0,4.0,15.0,19.0,4.0,34.0,0.0,0.0,24.0,23.0
1914,353.0,1017.0,22.0,9.0,0.0,3.0,14.0,8.0,0.0,40.0,0.0,0.0,16.0,27.0
1915,343.0,914.0,0.0,0.0,0.0,0.0,0.0,0.0,0.0,0.0,0.0,0.0,20.0,26.0
1916,409.0,957.0,3.0,4.0,28.0,1.0,10.0,27.0,0.0,28.0,0.0,0.0,74.0,31.0
1917,239.0,517.0,0.0,0.0,0.0,0.0,0.0,0.0,0.0,0.0,0.0,0.0,19.0,18.0
1918,0.0,0.0,662.0,368.0,48.0,13.0,44.0,34.0,0.0,426.0,0.0,0.0,59.0,0.0
1919,492.0,1368.0,419.0,216.0,0.0,60.0,384.0,97.0,0.0,629.0,0.0,0.0,258.0,38.0
1920,507.0,1326.0,3.0,5.0,0.0,8.0,43.0,22.0,17.0,94.0,0.0,0.0,141.0,39.0
1921,252.0,697.0,47.0,11.0,0.0,13.0,26.0,72.0,0.0,118.0,0.0,0.0,42.0,19.0
1922,550.0,1492.0,57.0,17.0,0.0,24.0,96.0,99.0,30.0,241.0,0.0,0.0,86.0,42.0
1923,427.0,1106.0,5.0,3.0,0.0,11.0,37.0,86.0,40.0,154.0,0.0,0.0,50.0,33.0
1924,440.0,1225.0,5.0,15.0,2.0,0.0,2.0,3.0,4.0,81.0,0.0,0.0,63.0,34.0
1925,39.0,101.0,38.0,2.0,14.0,4.0,22.0,31.0,0.0,33.0,0.0,0.0,18.0,3.0
1926,131.0,355.0,0.0,0.0,0.0,0.0,0.0,0.0,0.0,0.0,0.0,0.0,14.0,10.0
1927,534.0,1295.0,0.0,0.0,0.0,0.0,0.0,0.0,0.0,0.0,0.0,0.0,33.0,41.0
1928,0.0,1.0,871.0,376.0,49.0,22.0,135.0,53.0,0.0,367.0,0.0,0.0,69.0,0.0
1929,815.0,2188.0,109.0,32.0,4.0,109.0,169.0,176.0,54.0,289.0,0.0,0.0,400.0,63.0
1930,457.0,1240.0,5.0,4.0,0.0,6.0,27.0,30.0,0.0,46.0,0.0,0.0,21.0,35.0
1931,494.0,1384.0,25.0,2.0,0.0,13.0,53.0,74.0,7.0,46.0,0.0,0.0,38.0,38.0
1932,401.0,1176.0,3.0,1.0,0.0,4.0,17.0,164.0,64.0,43.0,0.0,0.0,32.0,31.0
1933,475.0,1302.0,0.0,0.0,0.0,0.0,0.0,42.0,0.0,0.0,0.0,0.0,44.0,36.0
1934,470.0,1184.0,0.0,0.0,0.0,5.0,5.0,8.0,4.0,5.0,0.0,0.0,44.0,36.0
1935,496.0,1251.0,0.0,0.0,0.0,0.0,0.0,0.0,0.0,0.0,0.0,0.0,63.0,38.0
1936,110.0,246.0,0.0,0.0,0.0,0.0,0.0,0.0,0.0,0.0,0.0,0.0,12.0,9.0
1937,245.0,681.0,18.0,2.0,2.0,34.0,13.0,10.0,11.0,40.0,0.0,0.0,36.0,19.0
1938,932.0,2879.0,1.0,17.0,1.0,8.0,39.0,139.0,63.0,45.0,0.0,0.0,57.0,72.0
1939,742.0,1980.0,0.0,0.0,1.0,1.0,3.0,0.0,2.0,7.0,0.0,0.0,63.0,57.0
1940,211.0,564.0,0.0,0.0,0.0,0.0,0.0,0.0,0.0,0.0,0.0,0.0,13.0,16.0
1941,628.0,1550.0,0.0,0.0,2.0,4.0,17.0,46.0,19.0,45.0,0.0,0.0,109.0,48.0
1942,290.0,792.0,2.0,0.0,0.0,0.0,6.0,3.0,0.0,227.0,0.0,0.0,40.0,23.0
1943,258.0,713.0,0.0,0.0,0.0,0.0,0.0,0.0,0.0,0.0,0.0,0.0,9.0,20.0
1944,251.0,629.0,0.0,0.0,0.0,0.0,1.0,1.0,1.0,3.0,0.0,0.0,9.0,19.0
1945,699.0,1985.0,0.0,1.0,0.0,1.0,8.0,74.0,0.0,42.0,0.0,0.0,33.0,54.0
1946,220.0,706.0,12.0,13.0,0.0,15.0,18.0,18.0,0.0,83.0,0.0,0.0,34.0,17.0
1947,284.0,831.0,0.0,0.0,0.0,0.0,0.0,71.0,114.0,0.0,0.0,0.0,17.0,22.0
1948,346.0,895.0,0.0,0.0,0.0,0.0,0.0,0.0,0.0,0.0,0.0,0.0,15.0,27.0
1949,289.0,705.0,0.0,0.0,0.0,0.0,0.0,73.0,0.0,0.0,0.0,0.0,31.0,22.0
1950,401.0,1019.0,14.0,11.0,0.0,17.0,64.0,71.0,122.0,105.0,0.0,0.0,83.0,31.0
1951,371.0,832.0,24.0,10.0,0.0,1.0,17.0,4.0,0.0,62.0,0.0,0.0,25.0,29.0
1952,362.0,991.0,0.0,0.0,0.0,0.0,0.0,0.0,0.0,0.0,0.0,0.0,54.0,28.0
1953,0.0,0.0,0.0,0.0,0.0,0.0,0.0,0.0,0.0,0.0,0.0,0.0,0.0,0.0
1954,743.0,2233.0,0.0,0.0,0.0,0.0,0.0,0.0,0.0,0.0,0.0,0.0,32.0,57.0
1955,280.0,906.0,0.0,0.0,0.0,0.0,0.0,98.0,0.0,0.0,0.0,0.0,14.0,22.0
1956,464.0,1282.0,414.0,104.0,12.0,10.0,54.0,34.0,1.0,280.0,0.0,0.0,115.0,36.0
1957,428.0,1020.0,1.0,0.0,0.0,0.0,0.0,1.0,0.0,1.0,0.0,0.0,68.0,33.0
1958,381.0,1128.0,9.0,1.0,0.0,4.0,5.0,101.0,0.0,19.0,0.0,0.0,100.0,29.0
1959,274.0,700.0,15.0,2.0,0.0,0.0,6.0,1.0,3.0,44.0,0.0,0.0,14.0,21.0
1960,468.0,725.0,270.0,139.0,2854.0,110.0,310.0,604.0,144.0,623.0,0.0,0.0,226.0,36.0
1961,254.0,614.0,86.0,43.0,8.0,78.0,330.0,302.0,344.0,832.0,0.0,4.0,88.0,20.0
1962,282.0,684.0,50.0,39.0,2.0,28.0,295.0,136.0,91.0,490.0,2.0,2.0,62.0,22.0
1963,335.0,511.0,28.0,3.0,75.0,166.0,826.0,11.0,102.0,546.0,0.0,0.0,79.0,26.0
1964,7.0,20.0,25.0,11.0,18.0,199.0,232.0,206.0,0.0,358.0,0.0,0.0,39.0,1.0
1965,15.0,37.0,15.0,2.0,12.0,165.0,14.0,27.0,0.0,108.0,0.0,0.0,13.0,1.0
1966,308.0,776.0,404.0,199.0,0.0,187.0,1097.0,239.0,0.0,1367.0,8.0,0.0,448.0,24.0
1967,1720.0,4570.0,39.0,17.0,0.0,18.0,76.0,152.0,0.0,108.0,0.0,0.0,78.0,132.0
1968,680.0,2012.0,0.0,0.0,0.0,0.0,0.0,0.0,0.0,0.0,0.0,0.0,25.0,52.0
1969,150.0,493.0,0.0,0.0,0.0,0.0,0.0,0.0,0.0,0.0,0.0,0.0,6.0,12.0
1970,120.0,371.0,36.0,13.0,0.0,26.0,106.0,99.0,63.0,186.0,0.0,0.0,24.0,9.0
1971,188.0,476.0,80.0,40.0,4.0,140.0,149.0,291.0,12.0,345.0,0.0,0.0,46.0,14.0
1972,621.0,1048.0,54.0,23.0,876.0,47.0,180.0,58.0,23.0,253.0,3.0,0.0,141.0,48.0
1973,25.0,67.0,434.0,163.0,0.0,199.0,561.0,359.0,158.0,1473.0,0.0,0.0,124.0,2.0
1974,1391.0,3538.0,147.0,53.0,50.0,111.0,305.0,233.0,0.0,531.0,1.0,0.0,214.0,107.0
1975,3137.0,6340.0,23.0,13.0,0.0,12.0,48.0,16.0,0.0,58.0,0.0,0.0,121.0,241.0
1976,503.0,1268.0,0.0,0.0,0.0,0.0,0.0,0.0,0.0,0.0,0.0,0.0,18.0,39.0
1977,940.0,2323.0,110.0,23.0,0.0,24.0,3.0,1.0,0.0,263.0,0.0,0.0,50.0,72.0
1978,726.0,2354.0,0.0,0.0,0.0,0.0,0.0,75.0,0.0,0.0,0.0,0.0,29.0,56.0
1979,248.0,815.0,9.0,1.0,0.0,2.0,13.0,16.0,8.0,25.0,0.0,0.0,12.0,19.0
1980,700.0,2156.0,64.0,113.0,0.0,12.0,34.0,26.0,0.0,285.0,0.0,0.0,45.0,54.0
1981,412.0,1046.0,414.0,58.0,2.0,100.0,250.0,168.0,125.0,711.0,0.0,0.0,95.0,32.0
1982,851.0,2713.0,0.0,0.0,0.0,0.0,0.0,0.0,6.0,0.0,0.0,0.0,116.0,65.0
1983,625.0,1824.0,24.0,2.0,1.0,7.0,34.0,89.0,53.0,40.0,0.0,0.0,161.0,48.0
1984,217.0,645.0,88.0,42.0,0.0,34.0,91.0,133.0,24.0,250.0,0.0,0.0,34.0,17.0
1985,540.0,1147.0,284.0,314.0,0.0,69.0,210.0,546.0,306.0,577.0,0.0,0.0,172.0,42.0
1986,337.0,716.0,5.0,4.0,0.0,6.0,105.0,119.0,56.0,46.0,0.0,0.0,42.0,26.0
1987,376.0,1043.0,555.0,557.0,22.0,401.0,3859.0,1523.0,215.0,3814.0,1.0,2.0,759.0,29.0
1988,958.0,1920.0,22.0,34.0,1.0,29.0,291.0,77.0,37.0,949.0,0.0,0.0,134.0,74.0
1989,161.0,479.0,907.0,193.0,0.0,114.0,282.0,235.0,7.0,769.0,0.0,0.0,124.0,12.0
1990,0.0,0.0,0.0,0.0,14.0,0.0,0.0,6.0,0.0,0.0,14.0,0.0,1.0,0.0
1991,366.0,785.0,0.0,0.0,0.0,0.0,0.0,0.0,0.0,0.0,0.0,0.0,30.0,28.0
1992,1466.0,3392.0,0.0,0.0,0.0,0.0,0.0,0.0,0.0,0.0,1.0,0.0,54.0,113.0
1993,550.0,1210.0,0.0,0.0,0.0,0.0,0.0,0.0,0.0,0.0,0.0,0.0,43.0,42.0
1994,584.0,1028.0,267.0,96.0,66.0,159.0,630.0,285.0,0.0,954.0,0.0,0.0,148.0,45.0
1995,245.0,446.0,189.0,115.0,0.0,124.0,574.0,273.0,0.0,781.0,0.0,0.0,838.0,19.0
1996,1661.0,4131.0,218.0,197.0,49.0,208.0,973.0,480.0,202.0,1303.0,0.0,0.0,194.0,128.0
1997,582.0,1892.0,1.0,1.0,4.0,18.0,44.0,10.0,3.0,24.0,0.0,0.0,25.0,45.0
1998,470.0,1448.0,0.0,0.0,0.0,0.0,0.0,0.0,0.0,0.0,0.0,0.0,19.0,36.0
1999,811.0,1697.0,25.0,420.0,0.0,51.0,142.0,44.0,1.0,169.0,0.0,0.0,61.0,62.0
2000,444.0,1334.0,2.0,1.0,0.0,3.0,12.0,10.0,0.0,32.0,0.0,0.0,21.0,34.0
2001,54.0,156.0,8.0,10.0,0.0,13.0,50.0,88.0,0.0,155.0,0.0,0.0,14.0,4.0
2002,296.0,817.0,0.0,0.0,0.0,0.0,14.0,0.0,0.0,1.0,0.0,0.0,11.0,23.0
2003,149.0,428.0,0.0,0.0,0.0,0.0,0.0,0.0,0.0,0.0,0.0,0.0,77.0,11.0
2004,604.0,1368.0,3.0,1.0,0.0,0.0,4.0,0.0,0.0,9.0,0.0,0.0,23.0,46.0
2005,526.0,1035.0,0.0,0.0,0.0,0.0,0.0,0.0,0.0,0.0,0.0,0.0,35.0,40.0
2006,1294.0,3345.0,0.0,3.0,0.0,0.0,0.0,0.0,0.0,0.0,0.0,0.0,48.0,99.0
2007,456.0,1234.0,8.0,2.0,0.0,5.0,7.0,4.0,0.0,26.0,0.0,0.0,19.0,35.0
2008,0.0,0.0,233.0,183.0,14.0,165.0,81.0,58.0,0.0,378.0,0.0,0.0,41.0,0.0
2009,478.0,1076.0,496.0,247.0,23.0,274.0,1660.0,539.0,15.0,2182.0,1.0,0.0,217.0,37.0
2010,476.0,1214.0,0.0,0.0,0.0,0.0,0.0,0.0,0.0,0.0,0.0,0.0,17.0,37.0
2011,483.0,1728.0,0.0,0.0,2.0,0.0,0.0,81.0,0.0,20.0,0.0,0.0,21.0,37.0
2012,457.0,1471.0,0.0,0.0,0.0,0.0,20.0,0.0,4.0,0.0,0.0,0.0,18.0,35.0
2013,146.0,468.0,145.0,178.0,0.0,27.0,107.0,167.0,20.0,371.0,0.0,0.0,43.0,11.0
2014,480.0,1012.0,834.0,657.0,0.0,92.0,313.0,274.0,19.0,1569.0,0.0,0.0,155.0,37.0
2015,267.0,804.0,6.0,216.0,13.0,1.0,12.0,74.0,1.0,40.0,0.0,0.0,23.0,20.0
2016,391.0,1264.0,0.0,0.0,0.0,0.0,0.0,0.0,0.0,0.0,0.0,0.0,35.0,30.0
2017,184.0,557.0,0.0,0.0,0.0,0.0,8.0,0.0,20.0,0.0,0.0,0.0,16.0,14.0
2018,261.0,744.0,28.0,13.0,0.0,39.0,179.0,149.0,55.0,214.0,0.0,0.0,96.0,20.0
2019,226.0,483.0,50.0,52.0,0.0,32.0,140.0,194.0,26.0,423.0,0.0,0.0,44.0,17.0
2020,289.0,960.0,0.0,0.0,0.0,0.0,0.0,0.0,0.0,0.0,0.0,0.0,13.0,22.0
2021,319.0,815.0,9.0,4.0,1.0,7.0,32.0,151.0,1.0,49.0,0.0,0.0,21.0,25.0
2022,857.0,2025.0,23.0,10.0,35.0,3.0,22.0,8.0,0.0,71.0,70.0,0.0,55.0,66.0
2023,1269.0,2745.0,17.0,9.0,0.0,0.0,15.0,39.0,0.0,59.0,2.0,0.0,60.0,97.0
2024,188.0,400.0,0.0,0.0,0.0,1.0,0.0,338.0,0.0,1.0,0.0,0.0,20.0,14.0
2025,811.0,1743.0,10.0,11.0,1.0,7.0,36.0,104.0,19.0,82.0,0.0,0.0,40.0,62.0
2026,443.0,948.0,74.0,68.0,4.0,33.0,47.0,28.0,0.0,193.0,0.0,0.0,33.0,34.0
2027,0.0,0.0,371.0,287.0,57.0,81.0,411.0,141.0,0.0,1100.0,1.0,0.0,95.0,0.0
2028,769.0,2100.0,15.0,0.0,1.0,0.0,0.0,0.0,0.0,2.0,0.0,0.0,29.0,59.0
2029,1529.0,3281.0,3.0,2.0,3.0,11.0,4.0,1.0,0.0,32.0,0.0,0.0,58.0,118.0
2030,283.0,1027.0,0.0,4.0,37.0,0.0,2.0,13.0,0.0,4.0,1.0,0.0,13.0,22.0
2031,218.0,796.0,13.0,8.0,36.0,7.0,18.0,16.0,0.0,44.0,1.0,0.0,13.0,17.0
2032,483.0,1755.0,15.0,16.0,80.0,19.0,12.0,110.0,61.0,46.0,0.0,0.0,31.0,37.0
2033,686.0,1990.0,0.0,0.0,3.0,2.0,7.0,236.0,0.0,8.0,0.0,0.0,35.0,53.0
2034,113.0,236.0,0.0,0.0,0.0,0.0,0.0,0.0,0.0,0.0,0.0,0.0,7.0,9.0
2035,458.0,1419.0,0.0,3.0,39.0,0.0,0.0,0.0,1.0,0.0,1.0,0.0,63.0,35.0
2036,870.0,1973.0,0.0,1.0,37.0,0.0,0.0,61.0,0.0,0.0,0.0,0.0,39.0,67.0
2037,164.0,433.0,16.0,1.0,15.0,5.0,0.0,69.0,1.0,0.0,0.0,0.0,21.0,13.0
2038,205.0,592.0,48.0,122.0,403.0,14.0,1.0,76.0,77.0,168.0,0.0,0.0,44.0,16.0
2039,1202.0,3579.0,328.0,283.0,42.0,27.0,11.0,9.0,4.0,112.0,0.0,0.0,74.0,92.0
2040,1181.0,3134.0,44.0,22.0,255.0,29.0,52.0,55.0,0.0,152.0,0.0,0.0,66.0,91.0
2041,495.0,1617.0,0.0,0.0,0.0,12.0,7.0,0.0,0.0,0.0,0.0,0.0,58.0,38.0
2042,258.0,966.0,2.0,0.0,34.0,0.0,3.0,14.0,0.0,18.0,0.0,0.0,12.0,20.0
2043,372.0,1397.0,26.0,1.0,11.0,2.0,0.0,2.0,0.0,23.0,0.0,0.0,16.0,29.0
2044,879.0,2862.0,0.0,0.0,1.0,0.0,0.0,75.0,0.0,6.0,0.0,0.0,72.0,68.0
2045,298.0,784.0,0.0,1.0,41.0,0.0,5.0,29.0,2.0,6.0,0.0,0.0,14.0,23.0
2046,259.0,864.0,0.0,0.0,0.0,0.0,0.0,0.0,0.0,0.0,0.0,0.0,10.0,20.0
2047,657.0,1577.0,1.0,0.0,0.0,0.0,1.0,365.0,0.0,0.0,0.0,0.0,38.0,50.0
2048,1061.0,3016.0,0.0,0.0,0.0,0.0,0.0,0.0,0.0,0.0,0.0,0.0,87.0,82.0
2049,14.0,37.0,0.0,0.0,1.0,0.0,0.0,94.0,0.0,0.0,0.0,0.0,4.0,1.0
2050,395.0,1336.0,0.0,0.0,0.0,0.0,0.0,0.0,0.0,0.0,0.0,0.0,14.0,30.0
2051,339.0,1373.0,0.0,0.0,0.0,0.0,0.0,0.0,0.0,0.0,0.0,0.0,12.0,26.0
2052,613.0,2147.0,2.0,4.0,100.0,0.0,5.0,96.0,0.0,5.0,0.0,0.0,30.0,47.0
2053,1972.0,4711.0,137.0,36.0,19.0,47.0,139.0,227.0,3.0,267.0,0.0,0.0,104.0,152.0
2054,548.0,1359.0,0.0,0.0,0.0,0.0,0.0,0.0,0.0,0.0,0.0,0.0,20.0,42.0
2055,718.0,1942.0,4.0,32.0,3.0,0.0,0.0,0.0,0.0,0.0,0.0,0.0,28.0,55.0
2056,1889.0,4405.0,64.0,45.0,30.0,15.0,75.0,25.0,0.0,229.0,0.0,0.0,114.0,145.0
2057,457.0,1150.0,0.0,0.0,0.0,4.0,10.0,301.0,56.0,28.0,0.0,0.0,31.0,35.0
2058,2286.0,5447.0,154.0,129.0,115.0,108.0,321.0,236.0,6.0,647.0,0.0,0.0,184.0,176.0
2059,244.0,606.0,69.0,40.0,0.0,13.0,74.0,20.0,0.0,228.0,0.0,0.0,42.0,19.0
2060,0.0,0.0,11.0,6.0,1.0,67.0,38.0,75.0,0.0,59.0,0.0,0.0,9.0,0.0
2061,1.0,3.0,26.0,48.0,0.0,163.0,46.0,56.0,0.0,191.0,0.0,0.0,19.0,0.0
2062,598.0,2027.0,0.0,0.0,0.0,0.0,0.0,74.0,0.0,0.0,0.0,0.0,27.0,46.0
2063,357.0,1022.0,51.0,137.0,7.0,44.0,169.0,65.0,354.0,283.0,1.0,0.0,76.0,28.0
2064,406.0,1279.0,281.0,243.0,13.0,79.0,113.0,86.0,24.0,219.0,0.0,0.0,65.0,31.0
2065,268.0,784.0,0.0,0.0,0.0,0.0,0.0,29.0,0.0,0.0,0.0,0.0,40.0,21.0
2066,703.0,2109.0,17.0,64.0,5.0,17.0,34.0,212.0,18.0,95.0,0.0,0.0,50.0,54.0
2067,523.0,1341.0,32.0,49.0,3.0,23.0,60.0,55.0,85.0,183.0,0.0,0.0,88.0,40.0
2068,174.0,445.0,0.0,0.0,0.0,0.0,0.0,0.0,0.0,0.0,0.0,0.0,12.0,13.0
2069,1134.0,3050.0,139.0,77.0,1.0,23.0,54.0,118.0,49.0,228.0,0.0,0.0,156.0,87.0
2070,1065.0,2491.0,18.0,2.0,4.0,6.0,55.0,9.0,24.0,68.0,0.0,0.0,81.0,82.0
2071,759.0,1928.0,152.0,76.0,1.0,3.0,29.0,2.0,1.0,76.0,0.0,0.0,43.0,59.0
2072,619.0,1551.0,0.0,0.0,0.0,0.0,0.0,0.0,0.0,0.0,0.0,0.0,23.0,48.0
2073,282.0,696.0,30.0,7.0,3.0,20.0,8.0,5.0,0.0,40.0,0.0,0.0,29.0,22.0
2074,684.0,1835.0,44.0,18.0,12.0,79.0,57.0,33.0,28.0,178.0,0.0,0.0,42.0,53.0
2075,121.0,367.0,1.0,2.0,0.0,2.0,20.0,69.0,1305.0,6.0,0.0,0.0,56.0,9.0
2076,114.0,359.0,104.0,39.0,22.0,164.0,563.0,325.0,120.0,499.0,0.0,0.0,82.0,9.0
2077,354.0,1099.0,22.0,8.0,6.0,28.0,54.0,51.0,36.0,91.0,0.0,0.0,32.0,27.0
2078,279.0,894.0,10.0,2.0,1.0,8.0,12.0,188.0,3.0,46.0,0.0,0.0,24.0,21.0
2079,805.0,1755.0,42.0,39.0,0.0,103.0,61.0,291.0,42.0,195.0,0.0,0.0,109.0,62.0
2080,552.0,1388.0,71.0,5.0,0.0,3.0,10.0,13.0,14.0,111.0,0.0,0.0,50.0,42.0
2081,183.0,439.0,6.0,3.0,0.0,2.0,20.0,19.0,21.0,32.0,0.0,0.0,19.0,14.0
2082,498.0,1211.0,766.0,516.0,564.0,234.0,46.0,84.0,0.0,300.0,0.0,0.0,110.0,38.0
2083,2191.0,4874.0,619.0,327.0,86.0,117.0,681.0,192.0,8.0,1905.0,1.0,0.0,225.0,168.0
2084,0.0,0.0,344.0,171.0,19.0,64.0,87.0,96.0,21.0,356.0,0.0,0.0,43.0,0.0
2085,134.0,410.0,0.0,0.0,0.0,0.0,16.0,0.0,0.0,0.0,0.0,0.0,8.0,10.0
2086,407.0,1230.0,0.0,0.0,0.0,0.0,0.0,0.0,0.0,0.0,0.0,0.0,34.0,31.0
2087,380.0,1064.0,0.0,0.0,0.0,0.0,0.0,0.0,0.0,0.0,0.0,0.0,15.0,29.0
2088,498.0,1441.0,0.0,0.0,0.0,14.0,2.0,69.0,1.0,14.0,0.0,0.0,59.0,38.0
2089,130.0,334.0,0.0,3.0,74.0,0.0,2.0,12.0,44.0,5.0,0.0,0.0,21.0,10.0
2090,500.0,1671.0,0.0,0.0,0.0,0.0,0.0,87.0,0.0,0.0,0.0,2.0,22.0,38.0
2091,523.0,1359.0,2.0,84.0,43.0,0.0,3.0,4.0,11.0,22.0,0.0,0.0,25.0,40.0
2092,804.0,1846.0,1.0,7.0,174.0,0.0,1.0,29.0,0.0,12.0,1.0,0.0,38.0,62.0
2093,167.0,522.0,82.0,101.0,2.0,8.0,44.0,110.0,28.0,150.0,0.0,0.0,64.0,13.0
2094,523.0,1655.0,413.0,183.0,27.0,32.0,87.0,71.0,78.0,348.0,0.0,0.0,65.0,40.0
2095,335.0,1141.0,0.0,0.0,0.0,0.0,1.0,192.0,0.0,1.0,0.0,0.0,30.0,26.0
2096,204.0,561.0,0.0,0.0,0.0,0.0,0.0,0.0,0.0,0.0,0.0,0.0,9.0,16.0
2097,578.0,1452.0,13.0,29.0,0.0,19.0,26.0,11.0,0.0,60.0,0.0,0.0,48.0,44.0
2098,275.0,665.0,1.0,1.0,1.0,2.0,10.0,8.0,187.0,57.0,0.0,0.0,62.0,21.0
2099,178.0,427.0,5.0,2.0,0.0,40.0,34.0,46.0,27.0,42.0,1.0,0.0,27.0,14.0
2100,474.0,1636.0,0.0,0.0,0.0,0.0,0.0,0.0,0.0,0.0,0.0,0.0,17.0,36.0
2101,387.0,1026.0,19.0,7.0,3.0,23.0,66.0,102.0,4.0,125.0,1.0,0.0,41.0,30.0
2102,335.0,886.0,63.0,8.0,0.0,10.0,88.0,12.0,56.0,55.0,0.0,0.0,40.0,26.0
2103,349.0,757.0,270.0,23.0,1.0,36.0,186.0,178.0,0.0,398.0,0.0,0.0,63.0,27.0
2104,0.0,0.0,737.0,137.0,209.0,662.0,1263.0,547.0,24.0,2783.0,0.0,0.0,233.0,0.0
2105,539.0,1138.0,254.0,105.0,14.0,158.0,424.0,295.0,344.0,818.0,0.0,0.0,111.0,41.0
2106,307.0,693.0,0.0,0.0,0.0,0.0,0.0,0.0,0.0,0.0,0.0,0.0,13.0,24.0
2107,287.0,651.0,182.0,14.0,3.0,12.0,46.0,46.0,154.0,197.0,0.0,0.0,49.0,22.0
2108,643.0,1225.0,398.0,499.0,74.0,234.0,223.0,98.0,786.0,850.0,0.0,0.0,182.0,49.0
2109,858.0,1925.0,133.0,154.0,0.0,40.0,218.0,457.0,34.0,574.0,0.0,0.0,149.0,66.0
2110,455.0,1257.0,10.0,3.0,17.0,1.0,88.0,18.0,199.0,57.0,0.0,0.0,50.0,35.0
2111,0.0,0.0,155.0,34.0,1610.0,13.0,75.0,81.0,0.0,496.0,0.0,0.0,90.0,0.0
2112,229.0,620.0,51.0,61.0,0.0,40.0,191.0,131.0,63.0,445.0,0.0,0.0,114.0,18.0
2113,425.0,1194.0,120.0,96.0,2.0,24.0,182.0,59.0,117.0,471.0,0.0,0.0,66.0,33.0
2114,134.0,354.0,183.0,98.0,7.0,11.0,36.0,30.0,21.0,161.0,0.0,0.0,26.0,10.0
2115,223.0,604.0,0.0,0.0,0.0,0.0,0.0,0.0,0.0,0.0,0.0,0.0,12.0,17.0
2116,266.0,612.0,0.0,0.0,0.0,0.0,8.0,0.0,6.0,1.0,0.0,0.0,11.0,20.0
2117,422.0,951.0,1795.0,75.0,0.0,237.0,1121.0,589.0,4.0,1683.0,0.0,0.0,217.0,32.0
2118,0.0,0.0,336.0,54.0,160.0,1370.0,262.0,22.0,29.0,255.0,0.0,0.0,91.0,0.0
2119,437.0,944.0,52.0,17.0,0.0,109.0,214.0,201.0,13.0,304.0,0.0,0.0,93.0,34.0
2120,199.0,479.0,485.0,496.0,150.0,351.0,483.0,695.0,321.0,1208.0,0.0,0.0,234.0,15.0
2121,308.0,897.0,92.0,163.0,0.0,89.0,173.0,162.0,134.0,423.0,0.0,4.0,59.0,24.0
2122,414.0,1241.0,185.0,23.0,4.0,64.0,112.0,89.0,99.0,225.0,0.0,0.0,56.0,32.0
2123,245.0,693.0,15.0,9.0,14.0,30.0,129.0,453.0,29.0,98.0,0.0,0.0,57.0,19.0
2124,365.0,1155.0,0.0,0.0,0.0,0.0,0.0,60.0,0.0,0.0,0.0,0.0,33.0,28.0
2125,132.0,409.0,0.0,0.0,0.0,0.0,0.0,0.0,0.0,0.0,0.0,0.0,10.0,10.0
2126,466.0,1507.0,0.0,0.0,0.0,0.0,0.0,0.0,2.0,0.0,0.0,0.0,23.0,36.0
2127,524.0,1147.0,1133.0,4.0,4.0,2.0,274.0,8.0,0.0,789.0,0.0,0.0,106.0,40.0
2128,1.0,1.0,614.0,149.0,79.0,332.0,1009.0,780.0,35.0,2075.0,0.0,0.0,192.0,0.0
2129,978.0,2294.0,221.0,37.0,14.0,151.0,152.0,81.0,33.0,615.0,0.0,0.0,99.0,75.0
2130,332.0,977.0,0.0,0.0,0.0,0.0,0.0,0.0,0.0,0.0,0.0,0.0,14.0,26.0
2131,19.0,56.0,0.0,0.0,0.0,0.0,1.0,146.0,0.0,0.0,0.0,0.0,6.0,1.0
2132,290.0,817.0,0.0,0.0,0.0,0.0,0.0,180.0,0.0,1.0,0.0,0.0,45.0,22.0
2133,0.0,0.0,0.0,0.0,0.0,0.0,0.0,0.0,0.0,0.0,0.0,0.0,0.0,0.0
2134,1132.0,2535.0,105.0,20.0,0.0,41.0,164.0,110.0,3.0,630.0,0.0,0.0,103.0,87.0
2135,639.0,2351.0,0.0,0.0,0.0,0.0,0.0,64.0,0.0,0.0,0.0,0.0,34.0,49.0
2136,598.0,1644.0,0.0,0.0,1.0,0.0,0.0,1.0,1.0,0.0,0.0,0.0,64.0,46.0
2137,223.0,736.0,0.0,0.0,0.0,0.0,0.0,0.0,0.0,0.0,0.0,0.0,8.0,17.0
2138,5326.0,14869.0,14.0,4.0,0.0,1.0,12.0,3.0,2.0,36.0,0.0,0.0,467.0,409.0
2139,0.0,0.0,226.0,115.0,17.0,240.0,1056.0,319.0,0.0,871.0,0.0,0.0,104.0,0.0
2140,0.0,0.0,379.0,221.0,0.0,180.0,1104.0,409.0,2125.0,1623.0,2.0,0.0,368.0,0.0
2141,0.0,0.0,186.0,110.0,0.0,104.0,586.0,168.0,155.0,827.0,0.0,0.0,78.0,0.0
2142,2.0,3.0,128.0,62.0,0.0,247.0,1638.0,321.0,35.0,1144.0,0.0,0.0,131.0,0.0
2143,0.0,0.0,233.0,103.0,2.0,40.0,169.0,63.0,17.0,672.0,0.0,0.0,48.0,0.0
2144,413.0,928.0,3.0,1.0,0.0,12.0,75.0,16.0,24.0,106.0,0.0,0.0,26.0,32.0
2145,275.0,613.0,0.0,0.0,0.0,0.0,0.0,0.0,0.0,0.0,0.0,0.0,11.0,21.0
2146,836.0,1958.0,2.0,1.0,13.0,10.0,42.0,62.0,1.0,42.0,0.0,0.0,37.0,64.0
2147,476.0,1072.0,0.0,0.0,0.0,0.0,0.0,0.0,0.0,0.0,0.0,0.0,18.0,37.0
2148,263.0,636.0,0.0,0.0,0.0,0.0,0.0,0.0,0.0,0.0,0.0,0.0,10.0,20.0
2149,0.0,0.0,0.0,198.0,0.0,0.0,0.0,293.0,5631.0,0.0,0.0,0.0,225.0,0.0
2150,392.0,878.0,62.0,17.0,0.0,49.0,88.0,37.0,88.0,327.0,0.0,0.0,39.0,30.0
2151,403.0,908.0,7.0,1.0,0.0,0.0,0.0,0.0,0.0,14.0,0.0,0.0,16.0,31.0
2152,469.0,1055.0,8.0,0.0,0.0,0.0,3.0,1.0,19.0,5.0,0.0,0.0,19.0,36.0
2153,0.0,0.0,90.0,2.0,0.0,39.0,10.0,295.0,1.0,34.0,0.0,0.0,17.0,0.0
2154,364.0,832.0,47.0,45.0,0.0,146.0,798.0,379.0,2.0,763.0,0.0,0.0,93.0,28.0
2155,725.0,1875.0,0.0,0.0,0.0,0.0,0.0,0.0,0.0,0.0,0.0,0.0,28.0,56.0
2156,503.0,1495.0,0.0,6.0,0.0,2.0,14.0,2.0,3.0,64.0,0.0,0.0,23.0,39.0
2157,0.0,0.0,8.0,3.0,0.0,51.0,7.0,8.0,0.0,27.0,0.0,0.0,7.0,0.0
2158,875.0,2203.0,121.0,51.0,0.0,118.0,513.0,307.0,24.0,1502.0,0.0,0.0,129.0,67.0
2159,64.0,179.0,0.0,1.0,0.0,12.0,0.0,3.0,0.0,6.0,0.0,0.0,4.0,5.0
2160,0.0,0.0,0.0,0.0,0.0,0.0,0.0,0.0,0.0,0.0,0.0,0.0,0.0,0.0
2161,0.0,0.0,88.0,46.0,0.0,59.0,143.0,37.0,0.0,317.0,0.0,0.0,25.0,0.0
2162,196.0,548.0,0.0,0.0,0.0,0.0,0.0,0.0,0.0,0.0,0.0,0.0,10.0,15.0
2163,107.0,306.0,0.0,0.0,0.0,0.0,0.0,0.0,0.0,0.0,1.0,0.0,11.0,8.0
2164,83.0,231.0,0.0,0.0,0.0,0.0,0.0,80.0,0.0,1.0,0.0,0.0,6.0,6.0
2165,114.0,319.0,3.0,1.0,2.0,36.0,7.0,177.0,2.0,41.0,0.0,0.0,15.0,9.0
2166,179.0,564.0,32.0,2.0,6.0,9.0,2.0,42.0,7.0,19.0,0.0,0.0,19.0,14.0
2167,700.0,1881.0,23.0,84.0,0.0,24.0,156.0,72.0,68.0,427.0,1.0,0.0,79.0,54.0
2168,32.0,94.0,9.0,5.0,13.0,68.0,30.0,57.0,0.0,53.0,0.0,0.0,15.0,3.0
2169,227.0,675.0,0.0,0.0,0.0,0.0,0.0,0.0,0.0,0.0,0.0,0.0,14.0,17.0
2170,0.0,0.0,69.0,5.0,25.0,454.0,81.0,62.0,75.0,206.0,1.0,0.0,36.0,0.0
2171,170.0,465.0,0.0,0.0,0.0,0.0,0.0,0.0,0.0,0.0,0.0,0.0,12.0,13.0
2172,175.0,642.0,0.0,0.0,0.0,0.0,0.0,0.0,0.0,0.0,0.0,0.0,6.0,13.0
2173,180.0,657.0,0.0,0.0,0.0,0.0,0.0,0.0,0.0,0.0,0.0,0.0,8.0,14.0
2174,106.0,330.0,7.0,4.0,0.0,1.0,5.0,3.0,0.0,24.0,0.0,0.0,22.0,8.0
2175,125.0,339.0,8.0,3.0,0.0,2.0,8.0,3.0,0.0,47.0,0.0,0.0,27.0,10.0
2176,9.0,22.0,0.0,0.0,0.0,0.0,0.0,0.0,0.0,0.0,4.0,0.0,0.0,1.0
2177,416.0,1113.0,0.0,0.0,0.0,3.0,0.0,0.0,0.0,0.0,0.0,0.0,15.0,32.0
2178,756.0,2064.0,50.0,18.0,97.0,494.0,137.0,106.0,0.0,490.0,0.0,7.0,229.0,58.0
2179,45.0,130.0,72.0,81.0,0.0,113.0,242.0,165.0,16.0,486.0,0.0,0.0,132.0,4.0
2180,193.0,705.0,0.0,0.0,0.0,0.0,0.0,0.0,0.0,0.0,0.0,7.0,11.0,15.0
2181,332.0,882.0,3.0,2.0,1.0,23.0,11.0,12.0,0.0,61.0,0.0,0.0,18.0,26.0
2182,1307.0,3466.0,0.0,0.0,0.0,0.0,1.0,233.0,0.0,2.0,0.0,0.0,57.0,100.0
2183,1072.0,2837.0,0.0,0.0,0.0,3.0,0.0,88.0,0.0,0.0,0.0,0.0,43.0,82.0
2184,65.0,171.0,16.0,3.0,0.0,215.0,12.0,28.0,0.0,113.0,0.0,0.0,17.0,5.0
2185,0.0,0.0,230.0,104.0,195.0,391.0,358.0,263.0,0.0,912.0,0.0,426.0,137.0,0.0
2186,527.0,1412.0,162.0,97.0,3.0,226.0,537.0,474.0,1.0,870.0,1.0,0.0,115.0,41.0
2187,29.0,54.0,0.0,0.0,0.0,0.0,0.0,0.0,0.0,0.0,0.0,0.0,0.0,0.0
2188,425.0,1063.0,0.0,0.0,0.0,0.0,0.0,0.0,0.0,0.0,0.0,0.0,0.0,0.0
2189,191.0,479.0,0.0,0.0,0.0,0.0,0.0,10.0,0.0,0.0,0.0,0.0,0.0,0.0
2190,7.0,14.0,0.0,54.0,0.0,0.0,0.0,1.0,0.0,0.0,0.0,0.0,0.0,0.0
2191,0.0,0.0,0.0,0.0,0.0,0.0,0.0,0.0,0.0,0.0,0.0,0.0,0.0,0.0
2192,67.0,98.0,0.0,51.0,0.0,0.0,0.0,0.0,0.0,0.0,0.0,0.0,0.0,0.0
2193,14.0,25.0,0.0,0.0,0.0,0.0,0.0,0.0,0.0,0.0,0.0,0.0,0.0,0.0
2194,22.0,42.0,31.0,43.0,0.0,0.0,0.0,0.0,0.0,33.0,0.0,0.0,0.0,0.0
2195,79.0,142.0,10.0,13.0,0.0,0.0,0.0,10.0,0.0,34.0,0.0,0.0,0.0,0.0
2196,195.0,271.0,0.0,108.0,0.0,0.0,0.0,40.0,0.0,50.0,0.0,0.0,0.0,0.0
2197,31.0,45.0,33.0,480.0,0.0,0.0,0.0,34.0,0.0,140.0,0.0,0.0,0.0,0.0
2198,0.0,0.0,0.0,0.0,0.0,0.0,0.0,0.0,0.0,0.0,0.0,0.0,0.0,0.0
2199,19.0,53.0,0.0,0.0,0.0,0.0,10.0,0.0,0.0,84.0,0.0,0.0,0.0,0.0
2200,1.0,3.0,0.0,0.0,0.0,0.0,0.0,162.0,0.0,0.0,0.0,0.0,6.0,0.0
2201,0.0,0.0,0.0,0.0,0.0,0.0,0.0,0.0,0.0,0.0,0.0,0.0,0.0,0.0
2202,0.0,0.0,0.0,0.0,0.0,0.0,0.0,5.0,0.0,0.0,0.0,0.0,0.0,0.0
2203,0.0,0.0,0.0,0.0,0.0,0.0,0.0,0.0,0.0,0.0,0.0,0.0,0.0,0.0
2204,0.0,0.0,0.0,0.0,0.0,0.0,0.0,0.0,0.0,0.0,0.0,0.0,0.0,0.0
2205,0.0,0.0,0.0,0.0,0.0,0.0,0.0,0.0,0.0,0.0,0.0,0.0,10.0,0.0
2206,4.0,17.0,0.0,4.0,0.0,0.0,0.0,0.0,0.0,10.0,0.0,0.0,0.0,0.0
2207,30.0,60.0,0.0,0.0,0.0,0.0,0.0,0.0,0.0,0.0,0.0,0.0,0.0,0.0
2208,0.0,0.0,0.0,0.0,0.0,0.0,0.0,0.0,0.0,0.0,0.0,0.0,0.0,0.0
2209,0.0,0.0,0.0,0.0,0.0,0.0,0.0,0.0,0.0,0.0,0.0,0.0,0.0,0.0
2210,0.0,0.0,0.0,0.0,0.0,0.0,0.0,0.0,0.0,0.0,0.0,0.0,0.0,0.0
2211,1.0,2.0,0.0,0.0,0.0,0.0,0.0,0.0,0.0,0.0,0.0,0.0,0.0,0.0
2212,2.0,4.0,0.0,0.0,0.0,0.0,0.0,0.0,0.0,0.0,0.0,0.0,0.0,0.0
2213,0.0,0.0,0.0,0.0,0.0,0.0,0.0,0.0,0.0,0.0,0.0,0.0,0.0,0.0
2214,0.0,0.0,0.0,0.0,0.0,0.0,0.0,0.0,0.0,0.0,0.0,0.0,0.0,0.0
2215,0.0,0.0,0.0,0.0,0.0,0.0,0.0,0.0,0.0,0.0,0.0,0.0,0.0,0.0
2216,0.0,0.0,0.0,0.0,0.0,0.0,0.0,0.0,0.0,0.0,0.0,0.0,0.0,0.0
2217,1.0,6.0593749378,0.0,0.0,0.0,0.0,0.0,0.0,0.0,0.0,1010.390156,0.0,0.04901861,0.0
2218,0.0,0.0,0.0,0.0,0.0,0.0,0.0,0.0,0.0,0.0,1.011401557,0.0,0.0,0.0
2219,0.0,0.0,0.0,0.0,0.0,0.0,0.0,0.0,0.0,0.0,0.0,0.0,0.0,0.0
2220,8.0,20.774999788,0.0,0.0,0.0,0.0,0.0,0.0,0.0,0.0,6.068409344,0.0,6.176344867,1.000061363
2221,1.0,1.0,0.0,0.0,0.0,0.0,0.0,0.0,0.0,0.0,50.57007786,0.0,0.04901861,0.0
2222,6.0,21.640624776,0.0,2.0,2.0,2.0,92.0,7.0,0.0,0.0,22.25083426,0.0,55.99969468,0.0
2223,9.0,29.431249698,0.0,1.0,2.0,1.0,190.0,25.0,1.0,0.0,12.13681869,0.0,11.27428031,1.000061363
2224,0.0,0.0,0.0,2.0,1.0,0.0,113.2,14.0,15.0,0.0,0.0,0.0,13.13698716,0.0
2225,0.0,0.0,0.0,0.0,0.0,0.0,0.0,0.0,0.0,0.0,0.0,0.0,0.0,0.0
2226,0.0,0.0,0.0,0.0,0.0,0.0,0.0,0.0,0.0,0.0,0.0,0.0,0.0,0.0
2227,7.2,17.230671972,0.0,0.0,0.0,0.0,0.0,0.0,0.0,0.0,0.0,0.0,16.22515993,22.00134998
2228,16.0,38.953124596,0.0,0.0,0.0,0.0,0.0,0.0,0.0,0.0,12.13681869,0.0,14.99969468,20.00122726
2229,29.0,102.143748972,0.0,1.0,2.0,0.0,28.0,10.0,0.0,0.0,5.057007786,0.0,3.480321314,2.000122726
2230,4.0,17.31249982,0.0,0.0,0.0,0.0,0.0,0.0,0.0,0.0,3.034204672,0.0,0.19607444,0.0
2231,0.0,0.0,0.0,0.0,0.0,0.0,0.0,0.0,0.0,0.0,0.0,0.0,0.0,0.0
2232,2.0,5.1937499462,0.0,0.0,0.0,0.0,0.0,0.0,0.0,0.0,1.087913669,0.0,0.418106709,0.0
2233,0.0,0.0,0.0,1.0,6.0,0.0,39.0,2.0,0.0,0.0,5.99189674,0.0,2.032823958,0.0
2234,0.0,0.0,0.0,1.0,18.4,0.0,198.8,1.0,3.0,0.0,6.068409344,0.0,16.76436464,0.0
2235,0.0,0.0,0.0,0.0,4.0,4.0,294.0,0.0,0.0,0.0,0.0,0.0,14.80362024,0.0
2236,0.0,0.0,0.0,0.0,0.0,0.0,0.0,0.0,0.0,0.0,6.068409344,0.0,4.558730735,6.000368177
2237,10.2,28.2519160752,0.0,0.0,0.0,0.0,0.0,0.0,0.0,0.0,0.0,0.0,3.627377144,5.000306814
2238,9.0,32.028124672,0.0,1.0,1.0,0.0,30.0,2.0,0.0,0.0,1.011401557,0.0,2.794060773,2.000122726
2239,2.0,6.0593749378,0.0,0.0,0.0,0.0,0.0,0.0,0.0,0.0,1.011401557,0.0,1.274483861,2.000122726
2240,0.0,0.0,0.0,0.0,0.0,0.0,0.0,0.0,0.0,0.0,0.0,0.0,1.176446641,2.000122726
2241,0.0,0.0,0.0,0.0,0.0,0.0,0.0,0.0,0.0,0.0,1.673107707,0.0,2.467440198,2.000122723
2242,1.0,1.731249982,0.0,0.0,0.0,0.0,0.0,0.0,0.0,0.0,3.952485518,0.0,1.660197474,1.21e-08
2243,1.0,1.731249982,0.0,0.8,3.4000000000000004,0.0,63.8,11.8,3.8000000000000003,0.0,0.0,0.0,6.813586798,0.0
2244,0.0,0.0,0.0,2.4000000000000004,4.0,0.0,81.2,20.0,2.4000000000000004,0.0,8.091212458,0.0,101.7146336,4.000245451
2245,99.60000000000001,241.56726392000002,0.0,2.0,2.4000000000000004,0.0,143.20000000000002,6.4,4.800000000000001,0.0,0.0,0.0,30.09742657,40.00245451
2246,86.4,221.63374144,0.0,7.0,3.0,0.0,222.2,3.6,5.0,0.0,1.011401554,0.0,39.80311125,34.00208624
2247,286.0,713.78304288,0.0,0.0,0.0,0.0,0.0,0.0,0.0,0.0,1.05e-06,0.0,22.45058984,30.00190207
2248,0.0,0.0,0.0,0.0,0.0,0.0,0.0,0.0,0.0,0.0,0.0,0.0,1.862707182,2.000122726
2249,23.400000000000002,62.967179507400004,0.0,0.0,0.0,0.0,9.0,2.0,0.0,0.0,6.511226306,0.0,2.048708769,2.000122865
2250,603.4000000000001,1494.9171725400001,0.0,1.0,0.0,1.0,30.0,4.0,1.0,0.0,0.0,0.0,102.0567461,134.0082226
2251,122.2,329.3006607,0.0,1.2000000000000002,9.4,0.0,61.2,3.6,1.2000000000000002,0.0,0.0,0.0,30.7346685,32.00196361
2252,843.0,2076.7721751999998,0.0,0.0,0.0,0.0,0.0,0.0,0.0,0.0,0.552912534,0.0,41.18652964,55.21643309
2253,1600.0,4137.00584,0.0,1.4,8.4,0.0,65.8,7.4,4.0,0.0,0.876655896,0.0,60.64284495,70.1838982
2254,1056.8,2747.399136,0.0,0.8,1.0,0.0,67.4,1.8,1.2000000000000002,0.0,0.593245819,0.0,81.35282896,92.61261304
2255,224.0,576.045014,0.0,0.0,0.0,0.0,0.0,0.0,0.0,0.0,1.011401496,0.0,40.39133223,54.00331031
2256,8.600000000000001,18.9619219516,0.0,0.0,0.0,0.0,0.0,0.0,0.0,0.0,2.943754019,0.0,13.51922519,6.985509055
2257,27.0,91.756249056,0.0,0.0,0.0,0.0,0.0,0.0,0.0,0.0,1.011401528,0.0,1.323502448,2.000122661
2258,1.0,1.731249982,0.0,1.0,2.0,0.0,112.0,13.0,2.0,0.0,3.034204672,0.0,6.470456527,0.0
2259,0.0,0.0,0.0,3.0,6.0,7.0,127.0,61.0,5.0,9.0,2.022803115,0.0,84.99928758,0.0
2260,0.0,0.0,0.0,0.0,0.4,0.0,1.6,0.4,0.4,0.0,6.068409344,0.0,177.9886086,0.0
2261,0.0,0.0,0.0,1.6,1.2000000000000002,0.0,88.80000000000001,2.4000000000000004,2.0,0.0,3.034204672,0.0,9.607647571,2.000122726
2262,61.6,151.99221244,0.0,0.0,0.0,0.0,0.0,0.0,0.0,0.0,2.022803115,0.0,1.960744402,3.000184089
2263,8.2,20.355315623800003,0.0,6.6,7.2,0.0,171.4,5.800000000000001,7.6,0.0,4.136056667,0.0,19.32324488,11.0155987
2264,25.0,69.24999928800001,0.0,9.8,5.8,0.0,219.4,5.0,9.8,0.0,5.057007741,0.0,28.77392385,2.000122708
2265,0.0,0.0,0.0,0.0,1.2000000000000002,0.0,29.6,1.6,1.6,0.0,0.0,0.0,48.96959144,2.000122726
2266,1.0,1.731249982,0.0,6.0,4.0,0.0,157.6,8.4,11.0,0.4,0.0,0.0,90.49923669,0.0
2267,383.8,1005.3547274199999,0.0,2.0,4.0,0.4,78.6,4.0,5.0,0.0,3.034204672,0.0,25.78378889,26.00159543
2268,18.2,41.574147252,2.4000000000000004,2.0,3.2,34.800000000000004,54.400000000000006,2.4000000000000004,4.0,4.0,2.022803115,0.0,13.82324804,15.00092044
2269,74.6,178.63667478,1.0,2.0,4.0,2.0,55.0,59.0,3.0,6.0,0.0,0.0,19.11725792,17.00104317
2270,1.0,2.5968749736,0.0,0.0,0.0,0.0,0.0,0.0,0.0,0.0,0.0,0.0,21.22505815,28.00171816
2271,325.6,983.3248932,0.0,8.2,8.4,0.0,335.2,12.6,16.8,0.0,1.011401557,0.0,64.60652805,45.00276133
2272,112.2,272.94688146,0.0,18.0,24.4,0.0,638.4000000000001,17.0,22.4,0.0,6.068409344,0.0,201.9294199,13.00079772
2273,297.2,752.76643082,0.0,0.0,0.0,0.0,0.0,0.0,0.0,0.0,6.068397164,0.0,36.27404736,48.00331711
2274,0.0,0.0,0.0,0.0,775.0,1.0,73.0,1.0,0.0,0.0,4.045606229,0.0,95.68432682,4.000245451
2275,0.0,0.0,0.0,15.4,11.0,0.0,359.6,11.8,16.200000000000003,0.0,5.057007786,0.0,72.54754288,35.0021477
2276,0.0,0.0,0.0,0.0,0.0,0.0,0.0,0.0,0.0,0.0,3.034204672,0.0,109.5075749,42.00257724
2277,0.0,0.0,0.0,0.8,2.4000000000000004,0.0,39.6,2.0,3.6,0.0,3.034204672,0.0,57.93999708,16.00098181
2278,0.0,0.0,0.0,0.0,0.0,0.0,0.0,0.0,0.0,0.0,8.091212458,0.0,65.88101191,0.0
2279,0.0,0.0,0.0,0.0,0.0,0.0,0.0,0.0,0.0,0.0,7.079810901,0.0,16.5682902,0.0
2280,0.0,0.0,0.0,0.0,0.0,0.0,0.0,0.0,0.0,0.0,6.068409344,0.0,148.8997237,0.0
2281,0.0,0.0,0.0,3.4,7.8,0.0,211.8,16.8,11.6,0.0,0.0,0.0,24.65636086,3.000184089
2282,0.0,0.0,0.0,2.8000000000000003,6.4,0.0,362.20000000000005,13.200000000000001,19.4,0.0,2.022803115,0.0,48.72449839,0.0
2283,0.0,0.0,0.0,0.0,0.0,0.0,0.0,0.0,0.0,0.0,3.034204672,0.0,0.04901861,0.0
2284,0.0,0.0,0.0,0.0,0.0,0.0,0.0,0.0,0.0,0.0,2.022803115,0.0,4.803823785,0.0
2285,0.0,0.0,0.0,0.0,0.0,0.0,0.0,0.0,0.0,0.0,0.0,0.0,0.0,0.0
2286,0.0,0.0,0.0,0.0,0.0,0.0,0.0,0.0,0.0,0.0,6.068409344,0.0,16.17614132,0.0
2287,4.800000000000001,10.811402020000001,0.0,0.0,0.0,0.0,0.0,0.0,0.0,0.0,6.068409344,0.0,71.95931956,0.0
2288,1.0,3.4624999646,0.0,0.0,0.0,0.0,0.0,0.0,0.0,0.0,0.0,0.0,0.29411166,0.0
2289,0.0,0.0,0.0,0.0,0.0,0.0,0.0,0.0,0.0,0.0,6.068409344,0.0,0.0,0.0
2290,0.0,0.0,0.0,0.0,0.0,0.0,0.0,0.0,0.0,0.0,5.057007786,0.0,0.0,0.0
2291,0.0,0.0,0.0,0.0,0.0,0.0,0.0,0.0,0.0,0.0,2.022803115,0.0,0.0,0.0
2292,19.200000000000003,52.36772852000001,0.0,0.0,0.0,0.0,0.0,0.0,0.0,0.0,6.068409344,0.0,66.32319715,0.0
2293,24.0,59.12485480000001,0.0,0.0,0.0,0.0,0.0,0.0,0.0,0.0,6.068409217,0.0,46.02847408,1.64e-08
2294,81.0,210.38367440000002,1.6,13.2,12.0,11.200000000000001,280.0,11.8,21.6,5.6000000000000005,2.022803115,0.0,64.99867693,29.00177952
2295,197.0,479.1250671,0.0,14.0,7.0,0.0,282.6,12.6,21.0,0.0,1.011401544,0.0,15.0977317,20.001227
2296,0.0,0.0,1.2000000000000002,19.4,29.8,12.4,934.8,25.400000000000002,44.0,3.2,4.045606229,0.0,140.1354609,0.0
2297,486.0,1260.98584,0.0,0.0,0.0,0.0,0.0,0.0,0.0,0.0,1.944281691,0.0,26.80889073,35.56591245
2298,230.0,594.68436884,0.0,0.0,0.0,0.0,0.0,0.0,0.0,0.0,0.942531079,0.0,12.56220185,16.77533628
2299,7.2,19.595666164,0.0,0.0,0.0,0.0,0.0,0.0,0.0,0.0,0.0,0.0,27.05827214,36.00220825
2300,0.0,0.0,0.0,0.0,0.0,0.0,0.0,0.0,0.0,0.0,0.0,0.0,23.62697005,32.00196361
2301,236.60000000000002,617.29469626,0.0,0.0,0.0,0.0,0.0,0.0,0.0,0.0,2.022803115,0.0,64.01830473,20.00122726
2302,321.8,847.1101699200001,0.0,0.0,0.0,0.0,0.0,68.0,0.0,0.0,2.46e-09,0.0,21.67860307,24.36286166
2303,336.0,851.6155535,0.0,0.0,0.0,0.0,0.0,0.0,0.0,0.0,1.05e-08,0.0,18.97523881,24.80187385
2304,546.2,1531.5864974,3.2,9.8,11.6,0.8,186.4,18.4,6.6,6.4,0.0,0.0,31.55705755,39.16594797
2305,1060.0,3070.3718434,8.6,37.4,14.2,43.2,322.6,67.6,18.8,32.8,0.048266606,0.0,71.35036185,68.88709112
2306,747.0,1941.596855,8.0,22.0,35.0,6.0,194.0,82.0,17.0,29.0,0.099125296,0.0,60.59858716,54.78245971
2307,399.0,1034.09571292,0.0,0.0,0.0,0.0,0.0,0.0,0.0,0.0,0.0,0.0,24.55832364,33.00202497
2308,0.0,0.0,0.0,1.6,2.0,0.0,13.200000000000001,5.6000000000000005,0.4,0.0,0.0,0.0,23.57795144,26.00159543
2309,194.8,508.84071092,0.0,0.0,0.0,0.0,0.0,0.0,0.0,0.0,0.0,0.0,24.50930503,33.00202497
2310,188.8,574.6261012800001,4.4,13.8,2.8000000000000003,11.600000000000001,40.2,1.6,4.8,4.6,0.0,0.0,26.91121685,26.00159536
2311,249.2,773.47109656,21.0,12.8,5.6,1.6,231.20000000000002,37.0,13.0,1.6,0.0,0.0,27.41454542,20.67600653
2312,563.0,1625.6437332,0.0,0.0,0.0,0.0,0.0,0.0,0.0,0.0,1.0114015,0.0,27.59747589,37.00226832
2313,822.6,2318.1807387999997,0.0,0.0,0.0,0.0,0.0,0.0,0.0,0.0,0.0,0.0,32.00915237,43.0026386
2314,327.0,1156.4749882,25.8,86.2,12.2,23.4,434.4,33.6,16.0,19.6,0.0,0.0,57.93999708,21.00128862
2315,265.4,914.43784692,1.4,3.4,5.0,6.4,167.6,146.4,12.4,15.0,0.0,0.0,52.45031986,17.00104317
2316,493.2,1644.5416478,0.0,0.0,0.0,0.0,0.0,0.0,0.0,0.0,0.0,0.0,24.55832364,33.00202497
2317,476.4,1453.1566976,0.0,0.0,0.0,0.0,0.0,39.0,0.0,0.0,0.0,0.0,28.92097993,36.00220906
2318,665.8,2123.3004932,0.0,0.0,0.0,0.0,0.0,0.0,0.0,0.0,0.0,0.0,37.40119947,50.00306814
2319,307.4,1009.45308072,0.0,0.0,0.0,0.0,0.0,0.0,0.0,0.0,0.0,0.0,29.80331491,40.00245451
2320,0.0,0.0,0.0,0.0,0.0,0.0,0.0,0.0,0.0,0.0,0.0,0.0,0.0,0.0
2321,22.0,56.265624422,0.0,1.0,7.0,1.0,37.0,2.0,1.0,0.0,4.045606229,0.0,3.529339924,1.000061363
2322,2.0,4.3281249552,0.0,0.0,0.0,0.0,0.0,0.0,0.0,0.0,7.079810901,0.0,0.09803722,0.0
2323,0.0,0.0,0.0,0.0,0.0,0.0,0.0,0.0,0.0,0.0,6.068409344,0.0,0.09803722,0.0
2324,12.8,32.434206064,0.0,0.0,0.0,0.0,0.0,0.0,0.0,0.0,2.022803115,0.0,0.588223321,1.000061363
2325,62.800000000000004,164.53602452,0.0,0.0,0.0,0.0,0.0,0.0,0.0,0.0,7.079810901,0.0,62.00955946,0.0
2326,67.6,180.8201925,0.8,2.2,3.2,0.8,79.6,0.4,5.8,0.4,9.018850907,0.0,147.8489133,2.435843362
2327,5.0,12.984374866,0.0,0.0,0.0,0.0,0.0,0.0,0.0,0.0,3.034205025,0.0,0.245093044,0.0
2328,2.0,5.1937499462,0.0,0.0,0.0,0.0,0.0,0.0,0.0,0.0,9.102613376,0.0,0.739522092,0.858026237
2329,0.0,0.0,0.0,0.0,0.0,0.0,0.0,0.0,0.0,0.0,3.034204672,0.0,2.745042163,4.000245451
2330,17.2,35.137056568000006,0.0,0.0,0.0,0.0,0.0,0.0,0.0,0.0,5.057007786,0.0,125.1566153,11.00067499
2331,34.0,87.8426414,0.0,0.0,0.0,0.0,0.0,0.0,0.0,0.0,4.957009584,0.0,138.8303854,4.201225566
2332,0.0,0.0,1.6,9.6,12.6,9.600000000000001,262.6,6.2,16.6,4.0,6.657466299,0.0,164.0776382,1.799142611
2333,1.0,4.3281249552,0.0,0.0,0.0,0.0,0.0,0.0,0.0,0.0,0.0,0.0,15.02196028,20.22774788
2334,8.0,27.70421768,0.0,0.0,0.0,0.0,0.0,0.0,0.0,0.0,0.0,0.0,21.66622564,29.00177952
2335,36.2,93.328061288,0.0,0.0,0.0,0.0,0.0,0.0,0.0,0.0,0.0,0.0,35.34241785,47.00288405
2336,563.6,1371.25585734,7.4,5.6,14.6,44.400000000000006,111.8,15.600000000000001,11.8,21.4,1.011401557,0.0,149.212649,178.0109226
2337,14.0,39.191332324,0.0,0.4,0.4,0.0,48.0,1.2000000000000002,0.4,0.0,0.0,0.0,19.01922068,25.00153405
2338,53.400000000000006,138.46435709000002,0.0,0.8,0.4,0.0,16.0,2.8000000000000003,1.2000000000000002,0.0,0.0,0.0,41.76385577,51.00312951
2339,6.4,17.230671972,0.4,0.4,0.8,10.8,34.4,2.8000000000000003,2.0,1.2000000000000002,3.034204672,0.0,5.146954056,4.000245451
2340,1128.6,2764.53058168,30.0,10.4,16.400000000000002,120.0,301.2,46.400000000000006,38.400000000000006,74.8,1.011401557,0.0,183.8197877,210.0128862
2341,170.20000000000002,408.737913844,4.800000000000001,1.2000000000000002,1.6,19.6,10.4,1.2000000000000002,4.4,9.600000000000001,3.034204672,0.0,3.529339924,5.000306814
2342,2.0,5.067844696000001,0.0,0.0,0.0,0.0,0.0,0.0,0.0,0.0,0.0,0.0,0.0,0.0
2343,0.0,0.0,2.0,0.8,0.8,50.400000000000006,78.0,4.0,8.8,3.6,0.0,0.0,20.34272317,0.0
2344,663.6,1725.3512048,7.4,22.0,17.4,27.6,419.8,70.4,33.0,35.0,5.044929868,0.0,141.458611,39.56673536
2345,373.4,1049.2078234,0.0,0.0,0.0,0.0,0.0,0.0,0.0,0.0,1.22e-07,0.0,20.27869705,27.09950906
2346,219.0,643.691355,2.0,2.0,3.4,2.0,9.0,153.0,0.0,4.0,0.0,0.0,23.28383978,20.00122726
2347,36.0,103.00937394,0.0,7.0,5.0,6.0,80.8,9.0,6.0,3.0,1.011401557,0.0,34.90125036,47.00288405
2348,45.2,126.70128424,0.0,0.0,0.0,0.0,0.0,0.0,0.0,0.0,3.034204672,0.0,1.862707182,2.000122726
2349,24.0,66.253369866,0.0,0.0,0.0,0.0,0.0,0.0,0.0,0.0,0.0,0.0,5.686158766,8.000490903
2350,16.2,43.34736565,0.8,17.2,5.8,5.2,337.8,7.2,20.8,1.6,4.34982751,0.0,82.77847601,14.69430183
2351,429.2,1058.50414418,9.0,14.0,4.0,19.0,93.0,12.0,11.4,19.0,4.359569094,0.0,106.1173934,18.20987597
2352,0.0,0.0,0.0,1.0,0.0,1.0,12.0,1.0,4.0,4.0,1.011401557,0.0,7.499847338,9.000552266
2353,1240.8,3149.5971456,8.600000000000001,8.6,3.2,24.6,190.0,11.2,13.0,19.2,1.011401557,0.0,63.82223029,49.00300678
2354,175.0,437.1406205,0.0,0.0,0.0,0.0,0.0,0.0,0.0,0.0,2.022803115,0.0,62.98016865,7.00042954
2355,4.6,11.71899543,4.0,1.0,6.8,6.4,37.0,10.0,9.0,14.0,0.0,0.0,5.392047106,1.000061363
2356,10.8,28.042073992000002,6.4,3.6,3.2,50.400000000000006,87.60000000000001,7.2,4.4,16.8,2.022802862,0.0,48.47939929,36.00220457
2357,88.2,223.77929749999998,1.4,2.0,3.0,29.8,75.4,3.8,6.8,3.0,2.022803115,0.0,111.9094867,55.00337496
2358,671.0,2590.815598,3.0,9.0,6.0,9.0,62.0,130.0,8.0,15.0,0.0,0.0,44.75399095,44.00269993
2359,765.0,1975.3951406,28.4,18.2,11.4,84.0,193.8,12.600000000000001,27.6,98.0,0.0,0.0,32.25424524,35.00214751
2360,32.0,103.87499892,0.0,0.0,0.0,0.0,0.0,0.0,0.0,0.0,2.122988297,6.14e-09,2.042360818,2.066164069
2361,0.0,0.0,9.600000000000001,2.0,3.2,20.8,32.800000000000004,3.6,5.2,17.6,5.057007786,0.0,52.10678249,25.00153407
2362,0.0,0.0,34.6,15.2,14.6,139.2,192.0,14.600000000000001,29.8,89.0,4.625413104,0.0,72.40278521,10.25924609
2363,442.8,1079.20881,0.0,0.0,0.0,0.0,0.0,0.0,0.0,0.0,1.991144984,0.0,9.939796296,1.575055665
2364,452.0,1217.0687374000001,0.0,0.0,0.0,0.0,1.0,39.0,0.0,0.0,2.739525032,0.0,15.26899628,18.28445745
2365,28.0,102.143748972,0.0,0.0,0.0,0.0,0.0,0.0,0.0,0.0,2.934019484,4.89e-09,15.31022729,1.934081572
2366,0.0,0.0,8.0,2.4000000000000004,1.6,33.2,22.400000000000002,7.6000000000000005,5.6000000000000005,20.8,1.011401557,0.0,38.5286275,27.0016568
2367,0.0,0.0,6.0,0.4,1.2000000000000002,34.0,0.4,8.4,4.0,15.200000000000001,1.474008199,0.0,45.79609231,21.03259744
2368,142.8,363.299192,16.6,5.6,7.2,20.0,97.0,2.6,10.0,36.8,4.864413615,0.0,31.07473886,13.80788559
2369,263.0,798.10624178,0.0,0.0,0.0,0.0,0.0,0.0,0.0,0.0,1.499321473,0.0,10.96668689,13.58183946
2370,475.0,1948.521855,1.2000000000000002,6.4,8.4,2.0,12.0,17.8,10.600000000000001,19.200000000000003,4.19e-09,0.0,25.75871364,31.9882165
2371,853.2,2502.775031,0.0,0.0,0.0,0.0,0.0,49.0,0.0,0.0,0.0,0.0,60.14583454,77.00472494
2372,38.800000000000004,92.23477348,0.0,0.0,0.0,0.0,0.0,0.0,0.0,0.0,1.288389086,1.06e-08,54.98114402,73.25173453
2373,80.0,212.50835189999998,0.0,0.0,0.0,0.0,0.0,0.0,0.0,0.0,0.734414028,1.09e-08,31.34062829,41.7553222
2374,1.6,4.054275756,0.8,0.0,2.4000000000000004,4.4,24.0,2.4000000000000004,2.0,4.0,3.034204672,0.0,92.98932102,5.000306814
2375,4.0,13.85210884,0.0,0.0,0.0,0.0,0.0,0.0,0.0,0.0,1.624633471,0.0,81.93802481,2.000123193
2376,31.0,109.06874888,18.0,4.0,5.2,1.0,98.0,21.4,8.600000000000001,36.800000000000004,4.231576318,0.0,22.88009196,2.019056461
2377,152.0,624.1156186000001,0.0,0.0,0.0,0.0,0.0,0.0,0.0,0.0,0.0,0.0,20.39174178,11.00067499
2378,364.0,1082.8968633999998,25.0,0.0,0.0,1.0,1.0,29.0,0.0,14.0,0.0,0.0,21.27407676,24.00147271
2379,335.0,1334.793736,0.0,0.0,0.0,0.0,0.0,0.0,0.0,0.0,0.0,0.0,16.42123437,22.00134998
2380,4.0,12.162827272000001,18.8,4.800000000000001,5.2,56.0,0.0,8.4,6.800000000000001,43.6,3.034204672,0.0,55.83219685,0.0
2381,7.2,22.974229296,124.80000000000001,52.0,33.0,68.0,212.0,62.400000000000006,66.2,257.0,1.037469343,0.0,104.2359181,0.125398446
2382,146.2,548.4925356800001,0.0,0.0,0.0,0.0,0.0,0.0,0.0,0.0,3.303933073,0.0,22.45187459,24.62349046
2383,275.4,1091.4492472,0.0,0.0,0.0,0.0,0.0,0.0,0.0,0.0,5.015684684,0.0,14.63403534,19.83778848
2384,460.6,1585.9949662,24.0,0.0,0.0,2.0,55.0,0.0,26.0,2.0,0.0,0.0,28.18570078,31.00190225
2385,266.0,920.1593655199999,37.6,5.6,0.8,9.0,6.0,39.8,9.2,65.4,0.0,0.0,19.46038819,17.00104317
2386,87.0,251.03124738,0.0,0.0,2.0,0.0,5.0,32.0,1.0,1.0,0.0,0.0,6.274382087,6.000368177
2387,47.0,167.9312483,0.0,0.0,0.0,0.0,7.0,7.0,0.0,0.0,1.46e-07,0.0,2.554550162,2.563135165
2388,1.0,3.4624999646,0.0,0.0,0.0,0.0,0.0,0.0,0.0,0.0,1.69e-07,0.0,2.61491439,3.352748095
2389,0.0,0.0,0.0,0.0,0.0,0.0,0.0,0.0,0.0,0.0,2.89e-11,0.0,3.75e-10,5.14e-10
2390,7.0,19.909374794,0.0,0.0,0.0,0.0,0.0,0.0,0.0,0.0,1.011401528,0.0,13.13698711,18.001104
2391,11.200000000000001,36.48848182,0.0,0.0,0.0,0.0,0.0,0.0,0.0,0.0,0.0,0.0,24.65636083,33.00202494
2392,1.6,3.7164194448000005,0.0,0.0,0.0,0.0,0.0,0.0,0.0,0.0,5.057007786,0.0,1.617614132,2.000122726
2393,5.6000000000000005,19.595666164,0.0,0.0,0.0,0.0,0.0,0.0,0.0,0.0,0.0,0.0,7.891996219,2.000122726
2394,0.0,0.0,0.0,0.0,0.0,0.0,0.0,0.0,0.0,0.0,5.057007786,0.0,26.76416109,36.00220906
2395,0.0,0.0,0.0,0.0,0.0,0.0,0.0,0.0,0.0,0.0,0.0,0.0,12.64680139,17.00104317
2396,1.2000000000000002,2.364994192,0.0,0.0,0.0,0.0,0.0,0.0,0.0,0.0,0.0,0.0,8.82334981,12.00073635
2397,5.6000000000000005,15.203534092000002,0.0,0.0,0.0,0.0,0.0,0.0,0.0,0.0,0.0,0.0,2.843079383,4.000245451
2398,10.8,31.420637124000002,0.0,0.0,0.0,0.0,0.0,0.0,0.0,0.0,5.057007786,0.0,10.53900116,2.000122726
2399,0.0,0.0,0.0,0.0,0.0,0.0,0.0,0.0,0.0,0.0,0.0,0.0,11.37231753,15.00092044
2400,0.0,0.0,0.0,0.0,0.0,0.0,0.0,0.0,0.0,0.0,0.0,0.0,10.34292672,14.00085908
2401,3.6,10.473545708000001,0.0,0.0,0.0,0.0,0.0,0.0,0.0,0.0,1.011401557,0.0,18.72510904,25.00153407
2402,12.8,32.772062376,0.0,0.0,0.0,0.0,0.0,0.0,0.0,0.0,0.0,0.0,23.52893283,31.00190225
2403,0.0,0.0,0.8,0.8,0.0,0.0,0.0,2.8000000000000003,3.6,3.6,2.022803115,0.0,24.01911893,32.00196361
2404,0.0,0.0,0.0,0.0,0.0,0.0,0.0,0.0,0.0,0.0,2.991931212,0.0,42.53538783,8.875153904
2405,0.0,0.0,0.0,0.0,0.0,0.0,0.0,0.0,0.0,0.0,3.034204672,0.0,64.70456527,86.00527721
2406,0.0,0.0,0.0,0.0,0.0,0.0,0.0,0.0,0.0,0.0,0.0,0.0,21.12702093,28.00171816
2407,0.0,0.0,0.0,0.0,0.0,0.0,0.0,0.0,0.0,0.0,0.0,0.0,23.52893283,31.00190225
2408,0.0,0.0,0.0,0.0,0.0,0.0,20.0,2.0,0.0,0.0,0.0,0.0,21.76426286,29.00177952
2409,0.0,0.0,0.0,0.0,0.0,0.0,0.0,0.0,0.0,0.0,0.0,0.0,22.20543035,30.00184089
2410,0.0,0.0,0.0,0.0,0.0,0.0,0.0,0.0,0.0,0.0,0.0,0.0,23.62697005,32.00196361
2411,34.0,98.68124898,0.0,0.0,0.0,0.0,0.0,0.0,0.0,0.0,0.0,0.0,21.4701512,29.00177952
2412,0.0,0.0,0.0,0.0,0.0,0.0,0.0,0.0,0.0,0.0,0.0,0.0,23.52893283,31.00190225
2413,0.0,0.0,0.0,0.0,0.0,0.0,0.0,0.0,0.0,0.0,0.0,0.0,23.52893283,31.00190225
2414,0.0,0.0,0.0,0.0,0.0,0.0,0.0,0.0,0.0,0.0,0.0,0.0,22.79365368,30.00184089
2415,0.0,0.0,0.0,0.0,0.0,0.0,0.0,0.0,0.0,0.0,0.0,0.0,23.52893283,31.00190225
2416,21.0,48.4749995,0.0,0.0,0.0,0.0,0.0,0.0,0.0,0.0,0.0,0.0,45.04810264,60.00368177
2417,525.8,1500.874156,3.4,120.80000000000001,5.0,5.4,6.0,15.0,12.0,6.4,1.011401555,0.0,51.95972652,45.00276121
2418,387.0,1408.3718608,4.2,14.4,4.0,8.0,60.0,142.0,5.2,29.4,0.0,0.0,35.04830619,28.00171816
2419,455.8,1574.6684496,4.0,4.0,6.0,6.0,9.0,16.0,5.0,16.4,0.0,0.0,32.00915237,38.00233179
2420,0.0,0.0,0.0,0.0,0.0,0.0,0.0,0.0,0.0,0.0,26.29644049,0.0,0.0,0.0
2421,0.0,0.0,0.0,0.0,0.0,0.0,0.0,0.0,0.0,0.0,25.28503893,0.0,0.0,0.0
2422,0.0,0.0,0.0,0.0,0.0,0.0,0.0,0.0,0.0,0.0,73.83231368,0.0,0.0,0.0
2423,0.0,0.0,0.0,0.0,0.0,0.0,0.0,0.0,0.0,0.0,68.7753059,0.0,0.0,0.0
2424,1.0,3.4624999646,0.0,0.0,0.0,0.0,0.0,0.0,0.0,0.0,20.22803115,0.0,0.04901861,0.0
2425,0.0,0.0,0.0,0.0,0.0,0.0,0.0,0.0,0.0,0.0,0.0,0.0,73.92006396,99.00607492
2426,0.0,0.0,0.0,0.0,0.0,0.0,0.0,0.0,0.0,0.0,0.0,0.0,32.6463943,44.00269997
2427,0.0,0.0,0.0,0.0,0.0,0.0,0.0,0.0,0.0,0.0,0.0,0.0,125.4386231,163.0100021
2428,350.8,1146.3464704,7.6000000000000005,1.2000000000000002,0.6,0.0,26.2,2.8000000000000003,0.4,13.200000000000001,0.0,0.0,64.21437917,75.00460222
2429,456.0,1427.4208843458,8.0,1.6,1.2000000000000002,0.0,0.0,2.0,0.8,10.8,0.0,0.0,116.0760686,138.0084681
2430,0.0,0.0,0.0,0.0,2.0,0.0,36.0,0.0,0.0,0.0,0.0,0.0,1.862707182,0.0
2431,266.8,706.71758586,20.6,14.2,27.6,84.6,96.0,30.2,10.2,60.8,0.0,0.0,42.64619075,32.00196361
2432,67.2,197.98379952000002,0.0,0.0,0.0,0.0,0.0,0.0,0.0,0.0,0.0,0.0,8.82334981,12.00073635
2433,401.8,1168.3080797399998,0.0,0.0,0.0,0.0,0.0,0.0,0.0,0.0,0.0,0.0,48.82253561,65.00398859
2434,674.8000000000001,2051.9657831600002,0.0,0.0,0.0,0.0,0.0,0.0,0.0,0.0,0.0,0.0,88.13546088,118.0072408
2435,500.8,1380.4808956000002,12.8,2.8000000000000003,2.4000000000000004,0.0,0.0,2.8000000000000003,1.6,24.8,0.0,0.0,119.6544271,112.0068726
2436,491.0,1274.20462722,8.4,1.2000000000000002,2.4000000000000004,11.600000000000001,0.0,4.0,2.4000000000000004,10.0,0.0,0.0,42.79324658,49.00300678
2437,576.4000000000001,1435.7880998800001,0.0,0.0,0.0,0.0,0.0,0.0,0.0,0.0,0.0,0.0,51.86168944,69.00423404
2438,494.4,1429.416703,14.2,11.0,19.2,12.0,46.0,51.0,5.8,26.4,0.0,0.0,36.66592032,36.00220906
2439,518.2,1341.59863148,8.0,2.0,2.0,3.6,17.2,0.8,2.4000000000000004,11.200000000000001,0.0,0.0,81.07678103,60.00368177
2440,579.0,1845.7206362000002,1.6,3.6,5.8,1.6,69.6,1.4,2.0,4.4,0.0,0.0,96.84185809,47.00288405
2441,930.2,2738.9829916,0.0,0.0,0.0,0.0,0.0,0.0,0.0,0.0,0.0,0.0,73.33184064,98.00601356
2442,646.6,2024.7892272,6.4,8.0,13.4,13.4,35.0,56.2,6.4,24.0,0.0,0.0,40.68544635,44.00269997
2443,375.20000000000005,966.97598066,4.0,1.2000000000000002,4.0,3.6,0.0,8.4,0.8,12.8,0.0,0.0,52.614788,55.50677407
2444,612.8,1891.8166165999999,0.0,0.0,0.0,0.0,0.0,0.0,0.0,0.0,0.0,0.0,27.56727989,36.60183671
2445,1000.6,2801.1300988,13.600000000000001,3.6,6.2,7.0,18.0,79.8,4.6,29.200000000000003,0.0,0.0,74.85141755,74.00454085
2446,545.0,1681.9093576,0.0,0.0,0.0,0.0,22.0,2.0,0.0,5.0,0.0,0.0,28.08766356,36.00220906
2447,268.8,704.89586102,0.0,0.0,0.0,0.0,0.0,0.0,0.0,0.0,0.0,0.0,25.47185796,32.49862606
2448,474.2,1636.8581586,0.0,0.0,0.0,0.0,0.0,0.0,0.0,0.0,0.0,0.0,31.05897759,41.4029494
2449,439.4,1609.0069462000001,40.6,8.4,5.8,1.0,31.0,4.4,4.0,51.6,0.0,0.0,41.02857662,29.00177952
2450,353.4,1090.4975762,10.8,1.2000000000000002,2.0,1.6,24.0,35.8,2.4000000000000004,47.0,0.0,0.0,26.8131797,23.00141135
2451,288.8,742.68325476,33.0,8.0,14.4,45.0,25.0,10.8,9.4,83.4,0.0,0.0,28.7739241,20.00122726
2452,634.8,1744.2535492,7.6000000000000005,0.4,1.6,0.0,3.0,3.2,1.2000000000000002,11.600000000000001,0.0,0.0,42.45011631,57.00349768
2453,257.2,714.38631248,15.600000000000001,2.8000000000000003,4.0,0.0,0.0,49.8,2.0,25.6,0.0,0.0,31.81307793,27.0016568
2454,0.0,0.0,0.0,0.0,0.0,0.0,0.0,0.0,0.0,0.0,0.0,0.0,0.44116749,1.000061363
2455,161.0,432.81249552,0.0,0.0,0.0,0.0,0.0,0.0,0.0,0.0,2.382160458,0.0,10.84767332,8.132336865
2456,187.8,492.33288682,27.8,13.6,8.8,21.0,64.0,8.2,10.2,77.0,2.674847356,0.0,22.73007465,15.86913593
2457,693.6,2376.9548724,9.8,7.4,3.4,12.0,10.0,3.8,4.8,21.2,0.0,0.0,50.1950567,62.0038045
2458,474.6,1603.5278532,0.0,0.0,0.0,0.0,0.0,59.0,0.0,0.0,0.0,0.0,36.51886449,45.00276133
2459,426.0,1087.2249888,0.0,0.0,0.0,0.0,0.0,0.0,0.0,0.0,0.0,0.0,20.88192788,28.00171816
2460,75.0,215.54062274,0.0,0.0,0.0,0.0,0.0,0.0,0.0,0.0,8.19023423,0.0,11.78914238,14.32732753
2461,147.0,438.52673832000005,39.4,10.2,8.4,32.0,9.0,19.8,5.4,69.6,3.946584435,0.0,12.08292148,11.67426892
2462,417.4,1133.5638172000001,0.0,0.0,0.0,0.0,0.0,0.0,0.0,0.0,1.011401557,0.0,28.43079383,38.00233179
2463,893.6,2750.8065912,0.0,0.0,0.0,0.0,0.0,0.0,0.0,0.0,1.011401557,0.0,62.64578365,84.00515448
2464,303.0,901.11561572,93.80000000000001,29.6,17.6,23.0,0.0,36.400000000000006,54.6,205.8,1.011401557,0.0,20.39174178,27.0016568
2465,1009.6,3096.0069548,0.0,0.0,0.0,0.0,0.0,42.0,0.0,0.0,0.0,0.0,52.59696859,68.00417268
2466,459.0,1635.1656082,1.0,6.0,3.0,2.0,11.0,9.0,4.0,5.0,0.0,0.0,24.50930503,30.00184089
2467,1374.6,5005.8054569999995,0.0,0.0,0.0,0.0,0.0,49.0,0.0,0.0,0.0,0.0,70.29268605,91.00558302
2468,954.0,2880.6637314,7.6000000000000005,1.2000000000000002,2.8000000000000003,0.0,0.0,42.2,3.2,18.8,1.011401552,0.0,56.12630843,72.00441803
2469,798.2,2385.6584684,1.2000000000000002,0.4,1.2000000000000002,0.0,0.0,2.0,0.4,3.6,1.011401557,0.0,35.04830619,47.00288405
2470,1614.2,4860.8866108,0.0,0.0,0.0,0.0,0.0,0.0,0.0,0.0,7.079810591,0.0,17.89179188,24.00147166
2471,595.4,1673.0631954,12.0,79.0,2.0,10.0,99.0,59.0,53.4,80.8,0.0,0.0,48.62646117,40.00245451
2472,467.0,1724.1791476,55.4,4.0,2.0,19.0,6.0,5.4,3.4,101.4,0.0,0.0,33.57774789,32.00196361
2473,737.0,2724.1218472,0.0,0.0,0.0,0.0,0.0,0.0,0.0,0.0,0.0,0.0,36.12671561,48.00294542
2474,237.0,724.52811754,77.6,31.200000000000003,25.200000000000003,9.0,0.0,39.2,57.2,271.4,2.022803115,0.0,55.5871038,39.00239315
2475,830.4,2539.6850948,31.4,10.2,13.2,0.0,0.0,19.200000000000003,42.8,141.0,4.354414619,0.0,11.42917042,15.61161272
2476,48.6,123.29857346,48.2,23.8,21.6,0.0,0.0,24.8,44.8,153.4,2.725396595,0.0,3.962673941,5.389676953
2477,558.0,2000.4593539999998,12.4,3.0,1.0,1.0,4.0,6.0,3.0,48.0,0.0,0.0,31.27387321,37.00227043
2478,158.4,557.80035058,43.0,12.0,13.4,0.0,13.0,96.0,13.0,170.8,2.022803115,0.0,25.68575167,10.00061363
2479,510.0,1685.3718575999999,20.4,5.4,0.4,14.0,1.0,9.8,5.8,30.2,0.0,0.0,29.50920325,33.00202497
2480,729.2,2573.697229,238.0,141.4,12.2,27.0,15.0,32.8,68.0,204.2,0.0,0.0,83.8708418,49.00300678
2481,991.8,3229.2440296,0.0,0.0,0.0,0.0,0.0,0.0,0.0,0.0,0.0,0.0,60.68503925,72.00441813
2482,432.0,1436.3187149999999,7.0,1.0,0.0,1.0,5.0,6.4,2.0,32.4,0.0,0.0,35.44045507,47.00288405
2483,194.0,681.246868,0.0,0.0,0.0,0.0,0.0,410.0,0.0,0.0,0.0,0.0,29.70527769,13.00079772
2484,6.0,17.31249982,1.6,1.6,2.4000000000000004,0.0,0.0,187.0,9.600000000000001,8.8,2.022803112,0.0,16.27417852,0.0
2485,499.8,1389.7646666,4.0,1.0,4.0,0.0,0.0,4.0,2.4,14.0,0.0,0.0,34.21498982,44.00269997
2486,950.8,2916.0903488000004,0.0,0.0,0.0,0.0,0.0,0.0,0.0,0.0,0.0,0.0,54.55771299,73.00447949
2487,922.2,3052.8274624,58.8,22.0,13.4,31.0,135.4,13.4,85.4,196.2,1.011401557,0.0,73.57693369,62.0038045
2488,619.0,1806.1734161999998,5.4,3.4,6.4,0.0,19.0,21.8,9.4,18.0,0.0,0.0,45.88141901,56.00343632
2489,568.4,1430.7533654000001,0.0,0.0,0.0,0.0,0.0,0.0,0.0,0.0,0.0,0.0,37.45021808,50.00306814
2490,348.8,1196.430188,0.0,0.0,0.0,0.0,0.0,0.0,0.0,0.0,0.0,0.0,18.82314626,25.00153407
2491,329.0,1169.4593632,0.0,0.0,0.0,0.0,0.0,0.0,0.0,0.0,0.0,0.0,16.12712174,22.00134866
2492,187.0,676.05311804,0.0,0.0,0.0,0.0,0.0,0.0,0.0,0.0,0.580689462,0.0,44.94036446,23.54132167
2493,100.4,338.7636953,31.0,4.0,5.0,1.0,15.0,36.4,15.0,161.6,0.743162691,0.0,22.90753742,17.63592213
2494,216.2,614.6598598,0.0,0.0,0.0,0.0,0.0,0.0,0.0,0.4,1.011401557,0.0,19.26431375,15.00092044
2495,1209.8,3741.9699826,16.0,8.4,9.8,10.0,1.0,47.0,13.8,47.8,0.0,0.0,78.87094358,95.00582947
2496,240.8,680.98145472,53.6,5.6,16.2,0.0,1.0,51.2,49.4,102.2,1.011401557,0.0,30.29350101,19.00116589
2497,370.8,1073.8399105400001,0.0,0.0,0.0,0.0,0.0,0.0,0.0,0.0,0.468358686,0.0,24.31114569,27.78643702
2498,305.0,956.20095778,47.4,11.8,7.2,0.0,0.0,10.4,28.6,113.0,0.543042869,0.0,28.18778579,32.21724492
2499,500.2,1601.4746702,0.0,0.0,0.0,0.0,0.0,0.0,0.0,0.0,0.698950961,0.0,41.6017083,23.82674593
2500,0.0,0.0,123.6,37.2,43.400000000000006,183.0,35.0,69.80000000000001,134.6,333.6,0.0,0.0,89.94914945,0.0
2501,0.0,0.0,65.6,26.2,29.200000000000003,0.0,0.0,33.0,116.80000000000001,183.0,0.0,0.0,13.57815444,0.0
2502,1496.6,4659.8634758,76.4,30.8,64.0,0.0,0.0,107.0,49.8,174.0,0.0,0.0,120.5367621,127.0077931
2503,1558.0,4622.2782258,0.0,0.0,0.0,0.0,0.0,0.0,0.0,0.0,0.0,0.0,74.47638366,97.31174119
2504,571.4,1620.2717758000001,0.4,0.4,0.8,0.0,0.0,2.4000000000000004,2.4000000000000004,0.8,1.011401557,0.0,51.64850044,68.69844489
2505,1091.0,3491.1328651999997,21.0,6.4,4.4,0.0,7.0,16.0,7.4,76.0,2.022803115,0.0,64.4039545,77.01781805
2506,225.2,742.62441452,9.0,3.0,2.0,0.0,3.0,27.0,2.0,38.0,1.011401574,0.0,26.54271469,16.00098189
2507,105.4,323.35664614,146.8,234.0,39.8,3.0,39.0,85.6,116.2,720.6,2.022803042,0.0,99.65483066,10.00061327
2508,321.8,955.9020118799999,428.8,79.2,27.2,0.0,89.0,80.4,67.4,556.8,2.022803117,0.0,92.00793119,35.00214784
2509,72.8,227.48000518000003,574.6,444.8,23.6,1.0,55.0,77.8,50.8,773.2,0.0,0.0,104.6547305,7.000429406
2510,361.6,987.57751728,90.6,27.2,17.4,1.0,20.0,78.8,89.2,308.2,0.0,0.0,66.16546234,35.0021477
2511,599.8,1599.4714682,115.4,253.4,15.8,27.0,82.0,349.4,208.6,450.6,0.0,0.0,105.0468813,41.00251588
2512,3.0,10.387499892,538.2,106.4,31.2,1.0,72.0,89.8,92.2,567.8,5.61e-08,0.0,75.46501641,2.78e-07
2513,473.6,1311.3421426,173.8,252.8,27.2,22.0,19.0,23.6,81.2,209.4,0.082015947,0.0,59.85101713,34.73320225
2514,899.0,3033.1499685999997,15.0,2.0,3.0,3.0,16.0,12.0,8.0,58.8,0.0,0.0,49.05867892,59.26869911
2515,177.4,586.246397,2.4,30.8,5.4,1.0,2.0,83.6,146.0,104.8,0.0,0.0,29.85233268,14.00085869
2516,827.4,1953.5582762000001,35.6,35.6,13.6,10.0,1.0,11.8,26.6,108.2,0.929385618,0.0,54.70547551,55.27232091
2517,667.4,1599.3277426,55.6,17.4,8.0,0.0,4.0,32.4,27.8,108.0,3.034204665,0.0,44.8520281,49.00300667
2518,499.6,1609.5168944,0.0,0.0,0.0,0.0,0.0,0.0,0.0,0.0,0.0,0.0,27.80005048,36.9891766
2519,1162.4,3879.5412979999996,28.4,15.4,27.8,12.0,47.0,52.6,17.4,95.6,0.0,0.0,81.47788031,75.73958576
2520,1633.2,4418.405034,67.8,5.6,27.0,1.0,15.0,23.0,25.2,193.8,0.0,0.0,114.1153242,115.0070567
2521,768.6,2236.225381,0.0,0.0,0.0,0.0,0.0,0.0,0.0,0.0,6.068409344,0.0,48.2833309,64.00392722
2522,380.4,1354.1973810000002,5.0,0.8,2.8,2.0,2.0,5.2,5.2,12.8,3.034204672,0.0,24.65636086,25.00153407
2523,1154.0,2577.831223,42.2,10.6,5.800000000000001,3.0,17.2,10.2,17.4,127.4,0.0,0.0,67.10647716,75.00460222
2524,434.0,1011.9156148799999,80.0,22.2,70.2,6.0,6.0,63.0,54.2,170.4,1.011401557,0.0,64.26339778,28.00171816
2525,301.0,836.83170354,67.2,8.2,6.4,1.0,10.0,31.6,34.6,135.0,2.022803115,0.0,36.42082727,22.00134998
2526,0.0,0.0,174.2,17.0,121.8,13.0,19.0,33.4,57.8,345.0,3.034204672,0.0,46.22454928,0.0
2527,526.8,1442.347404,39.6,12.6,14.0,0.0,0.0,8.4,29.4,110.2,1.011401557,0.0,107.2638049,37.00227043
2528,96.0,217.27187278000002,93.4,97.6,10.8,3.0,22.0,98.4,63.0,331.8,0.0,0.0,41.22465106,6.000368177
2529,3.0,8.6562499108,62.6,99.2,24.6,3.0,0.0,139.8,538.6,616.4,0.0,0.0,132.9986769,0.0
2530,876.4,2072.140464,0.0,0.0,0.0,0.0,0.0,0.0,0.0,0.0,1.011401557,0.0,43.28343268,58.00355905
2531,0.0,0.0,166.4,4.8,174.0,8.0,48.0,23.8,36.2,170.0,5.057007786,0.0,39.31292526,0.0
2532,0.0,0.0,0.0,0.0,0.0,0.0,0.0,0.0,0.0,0.0,0.0,0.0,0.0,0.0
2533,0.0,0.0,92.8,18.4,27.0,0.0,31.0,177.4,42.4,304.0,0.0,0.0,34.21498982,0.0
2534,593.6,1760.0800714,0.0,0.0,0.0,0.0,0.0,0.0,0.0,0.0,2.022803115,0.0,34.31302704,46.00282269
2535,444.2,1300.5087016,36.0,20.0,13.0,4.0,0.0,147.4,124.0,244.2,0.0,0.0,52.1558011,30.00184089
2536,0.0,0.0,262.0,65.0,84.4,1.0,82.0,593.4,128.8,900.4,1.92e-09,0.0,104.6057135,1.38e-08
2537,210.2,718.4488129,6.8,2.0,5.4,0.0,0.0,9.0,5.0,7.0,1.011401557,0.0,14.01932248,16.00098181
2538,251.2,885.78828536,13.0,8.0,8.4,0.0,0.0,40.0,14.0,20.0,0.0,0.0,18.28394155,18.00110453
2539,96.8,323.34610118,20.0,12.0,15.0,1.0,0.0,62.8,22.0,48.8,0.0,0.0,16.66632742,10.00061363
2540,397.6,1016.501877,26.4,11.0,7.4,2.0,26.2,114.6,50.6,108.8,1.011401557,0.0,72.54815353,31.00190225
2541,267.8,1035.393465,0.0,0.0,1.0,0.0,0.0,48.0,0.0,0.0,0.0,0.0,15.83301105,18.00110453
2542,257.4,642.80369132,3.0,2.0,1.4,0.0,0.0,2.4,2.4,12.0,0.0,0.0,66.66632742,21.00128862
2543,314.8,872.21635266,138.6,18.4,174.6,94.0,49.0,73.2,127.4,424.6,0.0,287.884058,72.10637539,23.00141135
2544,424.0,1252.559362,4.0,0.0,0.0,2.0,1.0,1.4,2.0,18.0,0.0,0.0,22.20543035,28.00171816
2545,7.2,15.983113268,6.6,4.6,3.6,0.0,0.0,288.4,15.2,33.6,0.0,0.0,19.65646263,2.000122726
2546,230.0,705.4843677,96.0,37.8,29.6,1.0,0.0,41.0,164.0,217.2,2.022803115,0.0,43.43048851,15.00092044
2547,0.0,0.0,84.8,58.4,15.6,0.0,20.0,48.8,79.0,344.2,0.0,0.0,92.72480372,0.0
2548,8.4,20.271378788000003,47.4,10.8,9.8,4.0,176.0,53.2,98.2,210.8,0.0,0.0,33.03854318,2.000122726
2549,1076.8,2683.8426048,80.0,58.8,45.0,1.0,888.8,149.0,136.6,1156.6,0.0,0.0,132.497303,16.00098181
2550,0.0,0.0,382.0,103.4,61.8,138.0,1055.0,408.2,729.2,1842.0,0.0,0.0,237.0539982,0.0
2551,0.0,0.0,27.4,9.4,6.4,3.0,358.0,33.8,71.4,136.0,0.0,0.0,32.25424542,0.0
2552,123.4,308.0586303,133.2,246.2,36.4,303.0,152.0,162.8,307.2,567.6,0.0,0.0,98.82151787,1.000061363
2553,41.6,103.07338104,35.0,72.8,50.0,0.0,2955.0,8.0,44.0,1405.6,0.0,0.0,224.7013085,1.000061363
2554,147.0,435.40937052,52.0,8.4,12.2,4.0,38.0,73.6,109.4,219.4,0.0,0.0,33.43069206,10.00061363
2555,330.0,993.73748988,108.2,151.2,23.0,13.0,284.0,106.4,251.6,451.2,0.0,0.0,88.08644227,22.00134998
2556,0.0,0.0,106.2,275.8,6.0,8.0,239.0,39.4,113.0,195.6,0.0,0.0,48.57744256,0.0
2557,665.0,2000.4593539999998,327.4,35.2,73.0,77.0,478.0,66.2,193.2,278.2,0.0,0.0,107.5958491,44.00269997
2558,1.6,3.0388433896000002,10.6,0.0,6.0,0.0,3.2,8.6,9.8,19.4,0.0,0.0,18.43099738,0.0
2559,600.0,1723.7038918,15.600000000000001,4.4,2.0,0.0,0.0,4.4,5.6000000000000005,32.400000000000006,0.0,0.0,42.49913492,47.00288405
2560,386.0,1193.6654394,80.8,34.4,17.8,0.0,0.0,19.8,67.6,164.0,4.045606229,0.0,47.84216341,29.00177952
2561,336.2,967.7267716399999,0.0,0.0,0.0,0.0,0.0,0.0,0.0,0.0,3.034204672,0.0,16.61730881,22.00134998
2562,302.2,846.41969458,0.0,0.0,0.0,0.0,0.0,0.0,0.0,0.0,4.045606229,0.0,16.42123437,22.00134998
2563,266.4,794.69625514,0.0,0.0,0.0,0.0,0.0,0.0,0.0,0.0,1.011401381,0.0,15.04871066,20.00122377
2564,260.4,741.7273659800001,0.0,0.0,0.0,0.0,0.0,0.0,0.0,0.0,1.292125519,0.0,17.25296389,22.99747913
2565,410.4,1360.6639974,16.400000000000002,3.6,2.8000000000000003,0.0,0.0,5.6000000000000005,10.8,41.2,2.022802939,0.0,41.76385214,32.00196084
2566,13.0,37.457973366000004,35.6,5.4,140.4,382.0,142.0,51.4,17.6,67.2,5.057007786,0.0,54.1165455,3.000184089
2567,120.6,336.44699648,0.0,0.0,0.0,0.0,0.0,0.0,0.0,0.0,0.731307103,0.0,9.781048937,13.03112344
2568,617.4,1822.2707294,39.6,9.2,10.0,44.0,2.0,18.0,22.6,107.8,1.035667525,0.0,37.57845826,39.40367931
2569,13.0,44.318966178,0.0,0.0,62.0,165.0,118.0,1.4,1.0,2.0,2.022803115,0.0,19.65646263,3.000184089
2570,521.4,1620.4469256,119.6,9.0,13.0,201.0,377.0,161.8,101.8,579.8,2.022803115,0.0,104.4096394,38.00233179
2571,1.0,2.5968749736,310.4,5.2,319.4,313.2,357.0,18.6,31.6,118.2,0.0,0.0,73.57693369,0.0
2572,192.8,600.64852436,0.0,0.0,0.0,0.0,0.0,0.0,0.0,0.0,7.079810901,0.0,26.86219831,26.00159543
2573,1659.0,5154.5398446,63.2,21.4,13.0,1.0,11.0,62.400000000000006,49.2,179.8,3.034204672,0.0,112.3996729,115.0070567
2574,472.4,1644.0579568,0.0,0.0,0.0,0.0,0.0,0.0,0.0,0.0,0.0,0.0,63.97986333,35.0021477
2575,131.6,463.56585600000005,31.6,29.0,31.2,0.0,0.0,142.8,54.0,100.6,3.034204672,0.0,31.42092904,16.00098181
2576,446.6,1404.5536832,59.2,6.0,10.8,0.0,4.8,4.0,7.6000000000000005,35.6,0.0,0.0,32.45031986,30.00184089
2577,294.8,1170.7730376,0.0,0.0,0.0,0.0,0.0,0.0,0.0,0.0,0.0,0.0,16.61730881,22.00134998
2578,374.0,1044.0140732,24.6,10.2,7.800000000000001,0.0,0.0,11.200000000000001,15.8,67.2,1.011401543,0.0,29.36214701,27.00165641
2579,639.2,1794.6138582,4.4,4.0,6.0,0.0,14.0,23.2,18.0,16.0,1.27e-07,0.0,42.26067555,49.63386321
2580,584.0,1607.1298614,0.0,0.0,0.0,0.0,0.0,0.0,0.0,0.0,6.77e-08,0.0,21.13993019,24.82819755
2581,625.6,1799.2146724,0.4,0.0,0.0,0.0,0.0,0.0,0.0,0.0,0.339660764,0.0,27.722018,32.241827
2582,217.0,659.60624324,2.0,0.0,1.0,28.0,2.0,0.0,0.0,4.0,0.488360747,0.0,39.85842994,46.35696452
2583,715.6,2099.8374058,6.4,2.0,2.8,8.0,11.0,1.8,6.4,28.2,0.986506241,0.0,50.73828835,56.57582053
2584,595.8,1723.5203064,46.8,27.4,9.8,0.0,0.0,25.8,115.80000000000001,131.8,6.85e-09,0.0,27.63859809,32.46068065
2585,729.0,1869.8245325999999,0.0,0.0,0.0,0.0,0.0,0.0,0.0,0.0,3.53e-08,0.0,14.54702488,17.08495525
2586,670.0,1857.6312308000001,0.0,0.0,0.0,0.0,0.0,0.0,0.0,0.0,0.183380017,0.0,14.96688673,17.407094
2587,272.6,784.48812274,34.8,10.200000000000001,4.0,1.0,1.0,50.2,80.0,83.0,0.0,0.0,26.32285908,18.00102661
2588,466.2,1168.8183428,0.0,0.0,0.0,0.0,0.0,0.0,0.0,0.0,0.0,0.0,9.264517076,12.00073606
2589,670.0,2549.2655988,0.0,0.0,0.0,0.0,0.0,0.0,0.0,0.0,4.045606229,0.0,32.84246874,44.00269997
2590,192.6,593.2595517,72.0,17.8,12.8,0.0,2.4,34.8,44.0,147.8,1.011401557,0.0,38.23451584,19.00116589
2591,58.4,207.56008549999999,0.0,0.0,0.0,0.0,0.0,31.0,0.0,0.0,0.0,0.0,4.411674905,4.000245451
2592,149.4,529.23472584,2.0,2.0,1.0,0.0,2.0,2.4,71.0,4.0,0.0,0.0,12.45072695,11.00067499
2593,292.2,1112.7719456,3.6,0.8,44.8,1.0,0.0,0.8,0.4,2.0,0.0,0.0,18.5290346,19.00116589
2594,203.4,734.2882002,6.0,1.0,1.0,1.0,5.0,1.0,2.0,24.0,0.0,0.0,13.97030387,17.00104317
2595,169.0,481.08187094000004,11.200000000000001,2.8000000000000003,1.2000000000000002,0.0,0.0,6.800000000000001,5.6000000000000005,25.200000000000003,1.011401557,0.0,10.93115004,15.00092044
2596,603.8,1653.1118518,151.8,189.8,2.0,6.0,99.0,165.8,490.2,959.8,0.0,0.0,132.497303,40.00245451
2597,487.0,1350.187183,0.6,0.0,12.6,0.0,0.0,0.0,0.0,0.0,0.0,0.0,26.07790055,33.00202497
2598,392.2,1317.7813422,11.0,1.4,0.8,0.0,0.0,37.2,22.2,28.4,0.0,0.0,27.10729136,31.00190225
2599,222.4,553.05675942,30.0,27.0,4.0,1.0,13.6,51.4,16.2,64.4,0.0,0.0,23.72500727,17.00104317
2600,203.6,512.58644486,121.6,24.2,11.6,1.0,66.4,37.2,64.6,305.6,0.0,0.0,50.34211253,14.00085908
2601,333.6,899.9226793400001,112.2,8.0,324.8,35.0,108.0,71.8,79.0,330.2,0.0,0.0,78.03772898,25.00153407
2602,17.0,45.012499538,194.2,142.0,11.4,5.0,69.0,55.6,218.8,355.4,0.0,0.0,53.18519191,1.000061363
2603,53.0,178.31874816,127.6,63.2,136.6,37.0,124.0,31.4,130.6,456.6,0.0,0.0,115.5673742,3.000184089
2604,295.0,807.02273808,91.2,15.8,16.8,7.0,17.0,38.8,87.2,261.4,0.0,0.0,40.34231607,23.00141135
2605,363.8,1248.021395,8.0,1.0,3.0,2.0,13.0,7.0,7.0,35.0,2.022803115,0.0,22.4505234,25.00153407
2606,172.4,593.48299656,30.4,21.8,2.2,8.0,2.0,84.4,2.4,25.0,0.0,0.0,20.29370456,13.00079772
2607,142.8,464.2551714,13.0,0.0,18.6,0.0,3.6,2.2,2.6,16.0,0.0,0.0,12.15661529,13.00079772
2608,138.4,380.16153302000004,80.8,8.2,16.4,0.0,11.6,36.6,52.2,229.4,0.0,0.0,28.13668217,11.00067499
2609,241.8,604.93236076,53.4,73.8,35.6,0.0,33.0,294.8,105.4,578.8,0.0,0.0,72.00833817,17.00104317
2610,242.6,620.1516065999999,18.8,8.8,16.8,117.6,59.4,210.8,47.2,106.4,0.0,0.0,45.39123291,17.00104317
2611,95.8,263.36405732,102.4,106.0,35.8,2.0,47.0,263.2,98.0,348.6,0.0,0.0,54.01850828,7.00042954
2612,173.2,598.09129768,0.0,0.0,0.0,0.0,2.4,73.0,0.0,0.0,0.0,0.0,14.65656441,14.00085908
2613,225.4,782.1472762,0.0,0.0,0.0,0.0,0.0,48.0,0.0,0.0,0.0,0.0,14.6075458,16.00098181
2614,149.2,363.18267152,30.4,5.0,23.0,0.0,14.0,64.0,12.0,97.0,0.0,0.0,19.55842541,10.00061363
2615,340.8,932.92240454,8.4,1.0,7.2,2.0,4.0,23.2,4.4,33.6,0.0,0.0,24.41126781,27.0016568
2616,251.0,692.8882535399999,108.4,19.0,123.0,3.0,392.6,242.0,82.2,345.8,0.0,0.0,92.84134922,20.00122726
2617,493.6,1505.3900844,0.0,0.0,3.0,0.0,0.0,0.0,0.0,0.0,0.0,0.0,25.04850974,33.00202497
2618,268.0,653.54686826,295.2,73.8,30.8,434.0,1306.0,220.6,444.8,769.2,1.011401557,0.0,203.2412256,18.00110453
2619,511.4,1283.8993318,38.6,1.6,47.0,2.0,10.2,5.6,6.4,73.8,0.0,0.0,17.94081128,4.000245451
2620,330.2,920.60319736,0.0,0.0,0.0,0.0,0.0,0.0,0.0,0.0,0.0,0.0,16.61730881,22.00134998
2621,301.4,1079.118546,0.0,0.0,0.0,0.0,0.0,0.0,0.0,0.0,0.0,71.97101449,14.95067607,20.00122726
2622,305.0,1020.3924971600001,7.4,8.0,2.4,0.0,0.0,18.4,10.0,22.0,0.0,0.0,20.58781622,23.00141135
2623,827.6,2119.6501896,38.4,10.0,13.2,0.0,137.0,48.6,739.2,197.0,0.0,0.0,92.10596829,37.00227043
2624,648.0,1719.9968572,0.0,0.0,0.0,0.0,0.0,0.0,0.0,0.0,0.0,0.0,31.81307793,42.00257724
2625,340.8,1222.580414,22.0,12.4,9.4,0.0,14.0,37.0,37.4,121.4,0.0,0.0,29.80331491,23.00141135
2626,460.2,1700.8691704,1.4,0.0,0.0,0.0,38.0,34.0,1.0,47.0,0.0,0.0,28.96999854,31.00190225
2627,131.4,454.22123952,0.0,0.0,0.0,0.0,0.0,147.0,0.0,0.0,0.0,0.0,21.65656441,10.00061363
2628,262.0,815.31698402,0.0,0.0,0.0,0.0,0.0,0.0,0.0,0.0,0.0,11.07246377,14.36245275,19.00116589
2629,0.0,0.0,90.6,305.2,16.8,3.0,38.0,60.6,148.2,491.6,0.0,0.0,88.07678103,0.0
2630,0.0,0.0,430.2,133.8,65.8,75.0,1111.0,348.6,771.4,1571.8,0.0,0.0,232.2011558,0.0
2631,0.6,0.6,140.0,235.8,27.8,8.0,203.0,134.8,312.4,837.0,0.0,0.0,97.44899679,0.0
2632,165.4,604.92392486,4.0,0.0,0.0,51.0,12.0,1.0,0.0,152.4,0.0,0.0,18.97020209,11.00067499
2633,368.4,1362.1579887999999,13.4,30.0,3.0,8.0,14.0,6.4,84.0,46.6,0.0,0.0,27.15630997,25.00153407
2634,336.8,771.41981102,0.0,0.0,0.0,0.0,7.199999999999999,0.0,0.0,42.0,0.0,0.0,20.63683483,22.00134998
2635,160.6,507.44615713999997,56.4,7.0,7.8,0.0,34.0,100.0,107.0,202.4,0.0,0.0,40.69541291,11.00067499
2636,100.0,309.41005554,423.0,132.8,22.4,1.0,71.0,86.0,191.0,544.8,0.0,0.0,80.19444605,8.000490903
2637,0.0,0.0,106.2,282.0,33.6,6.0,1448.0,98.2,234.0,446.0,0.0,0.0,141.7128017,0.0
2638,0.0,0.0,687.2,221.8,37.6,4.0,80.0,125.0,162.2,832.4,0.0,0.0,110.5859843,0.0
2639,2.0,5.1937499462,341.2,415.8,11.0,14.0,56.0,83.2,95.8,306.0,0.0,0.0,68.47899825,0.0
2640,236.6,583.60755362,266.8,69.8,46.4,19.0,1476.0,177.6,401.8,765.4,0.0,0.0,192.7411747,19.00116589
2641,864.8,2238.1264022,20.8,12.2,10.2,0.0,0.0,22.6,20.6,96.4,0.0,0.0,72.40048705,57.00349768
2642,714.6,1850.6222942000002,12.4,9.0,11.2,0.0,4.0,36.4,28.2,80.2,0.0,0.0,44.75399098,47.00288405
2643,120.8,302.08530118,54.2,17.8,16.4,0.0,0.0,159.4,36.4,110.0,1.011401557,0.0,30.09742657,8.000490903
2644,275.4,710.58479604,98.0,33.6,22.8,0.0,0.0,21.4,82.0,211.8,0.0,0.0,25.24458418,34.00208634
2645,0.0,0.0,0.0,0.0,1138.0,5.0,0.0,0.0,0.0,0.0,0.0,0.0,56.12630851,0.0
2646,0.0,0.0,244.2,32.0,14.0,4.0,531.0,55.4,69.0,788.4,0.0,0.0,82.84145099,0.0
2647,639.0,1793.5749816,0.0,0.0,0.0,0.0,0.0,0.0,0.0,0.0,0.0,0.0,31.37191043,42.00257724
2648,302.4,756.70418616,65.0,2.0,4.0,0.0,11.0,63.0,31.0,28.0,0.0,0.0,24.8524353,20.00122726
2649,119.0,295.01024834,0.0,0.0,0.0,0.0,0.0,0.0,0.0,0.0,0.0,0.0,6.127326257,8.000490903
2650,316.4,815.71157164,72.6,26.8,35.6,0.0,1.0,26.6,107.2,189.0,0.0,0.0,53.67537801,30.00184089
2651,236.0,663.9343681800001,0.0,0.0,0.0,0.0,0.0,0.0,0.0,0.0,0.0,0.0,19.80351846,15.00092044
2652,456.6,1163.1303566,0.0,0.0,0.0,0.0,0.0,34.0,0.0,0.0,0.0,0.0,26.3229936,33.00202497
2653,400.0,1079.0578082,68.8,9.2,106.6,3.0,15.0,17.4,42.2,118.2,0.0,0.0,53.28322913,35.0021477
2654,1703.2,4994.7832638,0.0,0.0,0.0,0.0,0.0,0.0,0.0,0.0,0.0,0.0,90.48835416,121.0074249
2655,439.2,1194.5026986,0.0,0.0,0.0,0.0,0.0,0.0,0.0,0.0,1.011401557,0.0,23.72500727,32.00196361
2656,1053.6,3230.2334504,38.4,22.4,24.6,0.0,0.0,66.2,49.6,87.0,0.0,0.0,69.90053794,74.00454085
2657,111.6,253.81803476,292.0,147.0,6.0,86.0,23.0,28.0,15.0,218.6,0.0,0.0,45.8324004,7.00042954
2658,500.4,1212.519277,28.4,1.0,11.0,86.0,14.0,111.8,27.8,73.8,0.0,0.0,45.93043762,38.00233179
2659,122.0,313.2303415,115.0,12.0,13.0,387.0,80.0,86.0,80.8,311.4,0.0,0.0,59.9497601,9.000552266
2660,662.6,1881.8551281999999,46.0,252.2,9.4,25.0,311.0,36.8,187.4,75.4,0.0,0.0,86.86097702,46.00282269
2661,425.4,1025.5977406,222.2,468.6,151.6,56.0,84.0,89.0,200.8,533.6,0.0,0.0,117.5956455,25.00153407
2662,0.0,0.0,1004.2,282.8,33.8,16.0,77.0,114.2,132.8,921.8,0.0,0.0,128.2326839,0.0
2663,142.0,296.90937193999997,693.4,556.8,6.6,2.0,94.0,22.8,37.8,224.4,0.0,0.0,92.44909856,9.000552266
2664,475.6,1037.195049,230.8,206.2,40.4,184.0,182.0,104.6,159.6,643.8,0.0,0.0,116.5662547,39.00239315
2665,17.0,38.087499608,275.4,25.4,20.4,494.0,142.0,255.2,205.4,428.0,0.0,0.0,91.81185663,1.000061363
2666,190.6,350.74810401999997,153.6,124.4,83.8,135.0,50.0,13.0,80.2,262.8,0.0,0.0,54.01850828,14.00085908
2667,424.4,1092.9612702,7.0,0.0,0.0,1.2,12.8,33.8,128.8,37.0,0.0,0.0,48.71493893,38.00233179
2668,333.4,786.3337841599999,30.0,4.0,24.0,171.0,24.0,90.0,116.0,148.2,0.0,0.0,51.87155422,25.00153407
2669,542.4,1831.2627266000002,99.0,71.4,9.0,1.0,20.0,28.0,110.0,275.8,0.0,0.0,57.74392264,36.00220906
2670,468.6,1222.7965828,3.4,1.0,20.0,2.0,3.0,385.4,4.0,296.4,0.0,0.0,74.8319933,41.00251588
2671,572.4,1712.4549848000001,9.0,2.0,2.0,69.0,21.0,12.0,21.0,36.0,0.0,0.0,45.64619075,46.00282269
2672,382.2,1011.14025322,28.4,7.0,6.0,1.0,25.0,69.4,47.0,264.8,0.0,0.0,42.69520936,27.0016568
2673,414.6,1499.7346818,684.0,280.2,47.2,20.0,239.0,94.2,210.0,641.6,0.0,0.0,130.8796888,30.00184089
2674,607.8,1952.7461134,2.0,1.0,1.7999999999999998,0.0,4.199999999999999,6.0,3.0,9.0,0.0,0.0,32.25424542,41.00251588
2675,302.2,882.17784144,0.0,0.0,0.0,0.0,0.0,0.0,0.0,0.0,0.0,0.0,15.29380634,20.00122726
2676,358.6,1073.427502,0.0,0.0,0.0,0.0,0.0,0.0,0.0,0.0,0.0,0.0,20.09763012,27.0016568
2677,459.6,1446.7458632,1.0,0.0,0.0,3.0,6.0,1.0,0.0,98.0,0.0,0.0,29.99938935,33.00202497
2678,265.4,761.52022032,0.0,0.0,0.0,0.0,0.0,48.0,0.0,0.0,0.0,0.0,16.86240186,19.00116589
2679,244.0,652.66131358,0.0,0.0,0.0,0.0,0.0,96.0,0.0,0.0,0.0,0.0,18.38197877,18.00110453
2680,240.4,802.67046548,0.0,0.0,0.0,0.0,0.0,0.0,0.0,0.0,0.0,0.0,14.50950858,19.00116589
2681,475.6,1672.2815071999999,0.0,0.0,0.0,0.0,0.0,0.0,0.0,0.0,2.022803115,0.0,24.21519337,32.00196361
2682,372.2,1197.7731776,3.8,1.0,1.0,1.0,0.0,208.4,2.0,9.2,0.0,0.0,30.19546379,25.00153407
2683,212.0,774.69450756,0.0,0.0,0.0,0.0,0.0,0.0,0.0,0.0,0.0,0.0,11.12722448,15.00092044
2684,301.0,688.63984744,0.0,0.0,0.0,0.0,0.0,0.0,0.0,0.0,0.0,0.0,16.76436464,22.00134998
2685,348.6,1044.09801,0.0,0.0,0.0,0.0,0.0,0.0,0.0,0.0,0.0,0.0,18.57805321,25.00153407
2686,432.4,1531.1489924,0.0,0.0,0.0,0.0,0.0,0.0,0.0,0.0,0.0,0.0,24.31323059,32.00196361
2687,380.8,1246.7958748,0.0,0.0,0.0,0.0,0.0,35.0,0.0,0.0,0.0,0.0,21.12702093,26.00159543
2688,325.8,1076.9497918000002,0.0,0.0,0.0,0.0,0.0,0.0,0.0,0.0,0.0,0.0,25.77412765,25.00153407
2689,154.6,485.93354658,0.0,0.0,0.0,0.0,0.0,0.0,0.0,0.0,0.0,0.0,8.186107879,11.00067499
2690,352.0,1105.0453274000001,0.0,0.0,0.0,0.0,0.0,61.0,0.0,0.0,1.011401557,0.0,20.63683483,24.00147271
2691,229.2,671.4931123,13.0,1.0,1.0,28.0,4.0,4.0,3.0,42.0,0.0,0.0,15.98006688,15.00092044
2692,727.0,2078.3656036,0.0,44.0,0.0,0.0,1.0,122.0,0.4,0.4,0.0,0.0,44.16576766,48.00294542
2693,628.2,1785.6185922,60.0,113.4,10.8,92.0,173.0,121.4,125.4,110.2,0.0,0.0,70.83189153,41.00251588
2694,410.0,1374.6586724,0.0,1.0,7.0,1.0,45.0,4.0,10.0,18.0,0.0,0.0,24.90145391,28.00171816
2695,485.6,1416.3765456,0.0,0.0,0.0,0.0,0.0,0.0,0.0,0.0,0.0,0.0,24.90145391,33.00202497
2696,244.2,914.1881453999999,296.4,56.0,20.0,42.0,349.0,52.0,70.4,131.0,0.0,0.0,63.13596975,17.00104317
2697,434.0,1484.5468596,0.0,0.0,0.0,0.0,0.0,0.0,0.0,0.0,0.0,0.0,21.56818842,29.00177952
2698,382.0,1184.174988,0.0,1.0,13.0,1.0,17.0,48.0,1.0,23.0,0.0,0.0,23.82304449,25.00153407
2699,376.2,1366.086359,0.0,0.0,0.0,0.0,0.0,0.0,0.0,0.0,0.0,0.0,19.65646263,26.00159543
2700,237.8,740.40947322,4.0,0.0,0.0,0.0,12.0,36.0,2.0,15.0,0.0,0.0,17.15651352,18.00110453
2701,288.6,799.79763234,6.0,0.0,0.0,7.0,9.0,22.0,3.0,26.4,0.0,0.0,19.26431375,21.00128862
2702,500.2,1362.5640702,177.2,159.0,7.2,55.2,29.4,195.8,54.0,286.4,0.0,0.0,57.98901569,39.00239315
2703,245.0,716.73749258,26.0,49.0,2.0,107.0,54.0,21.0,50.0,256.4,0.0,0.0,39.95016719,16.00098181
2704,225.4,868.7076663,0.0,0.0,0.0,0.0,0.0,0.0,0.0,0.0,0.0,0.0,11.2252617,15.00092044
2705,343.0,1157.340613,0.0,0.0,0.0,0.0,31.0,2.0,0.0,55.0,0.0,0.0,21.12702093,22.00134998
2706,89.4,282.50017988,0.0,0.0,0.0,0.0,0.0,0.0,0.0,0.0,0.0,0.0,8.7743312,12.00073635
2707,364.0,1039.7016602,69.0,30.0,2.0,27.0,14.0,11.0,55.0,179.0,0.0,0.0,37.84236696,25.00153407
2708,130.0,412.03749578,16.0,0.0,0.0,2.0,0.0,0.0,1.0,39.0,0.0,0.0,11.47035475,12.00073635
2709,76.0,245.83749748,0.0,0.0,0.0,0.0,0.0,0.0,0.0,0.0,0.0,0.0,4.264619075,6.000368177
2710,122.0,388.665621,0.0,0.0,1.0,0.0,5.0,4.0,2.0,2.0,1.011401557,0.0,7.548865948,9.000552266
2711,547.0,1508.3069952,24.4,0.0,29.4,39.0,76.0,38.8,29.2,54.8,0.0,0.0,51.44025152,40.00245451
2712,103.6,300.90385856,0.0,0.0,0.0,0.0,0.0,0.0,0.0,0.0,0.0,0.0,6.470456527,9.000552266
2713,284.8,832.26747984,54.2,28.0,68.0,147.0,113.0,119.6,144.6,215.4,2.022803115,0.0,58.72429485,20.00122726
2714,204.6,515.11087682,0.0,0.0,0.0,0.0,0.0,0.0,0.0,0.0,0.0,0.0,10.34292672,14.00085908
2715,240.0,611.13124368,0.0,0.0,0.0,0.0,0.0,0.0,0.0,0.0,0.0,0.0,12.49974556,17.00104317
2716,368.0,1119.2531134,0.0,0.0,2.0,0.0,116.0,14.0,3.0,11.0,0.0,0.0,26.86219831,26.00159543
2717,155.2,382.86016554,20.0,4.0,18.4,57.0,399.0,122.0,90.8,51.8,0.0,0.0,45.58730735,11.00067499
2718,271.8,671.3693160600001,0.0,0.0,0.0,1.0,28.0,46.0,0.0,4.0,0.0,0.0,17.64669962,18.00110453
2719,1465.6,4576.8216836,92.8,27.0,24.2,9.0,0.0,48.8,74.2,226.6,0.0,0.0,117.3015339,99.00607492
2720,1112.4,3949.05787,4.8,9.0,10.0,0.0,13.0,28.4,14.4,17.0,1.011401557,0.0,64.06732334,79.00484767
2721,448.0,1664.5968578,0.0,0.0,0.0,0.0,0.0,0.0,0.0,0.0,0.0,0.0,22.05837452,29.00177952
2722,364.2,941.9059658399999,0.0,0.0,0.0,0.0,0.0,0.0,0.0,0.0,0.0,0.0,20.58781622,27.0016568
2723,378.0,1069.6008892,0.0,1.0,61.0,3.0,215.0,13.0,0.0,34.0,0.0,0.0,36.42082727,27.0016568
2724,225.0,747.03436732,0.0,0.0,0.0,0.0,0.0,0.0,0.0,0.0,0.0,0.0,12.35268973,16.00098181
2725,317.0,995.4687399200001,0.0,0.0,0.0,0.0,0.0,0.0,0.0,0.0,0.0,0.0,18.57805321,25.00153407
2726,0.0,0.0,0.0,0.0,130.0,41.0,18.0,0.0,0.4,14.0,1.011401557,0.0,9.999796451,0.0
2727,118.0,316.40117158,361.2,53.0,80.4,956.0,540.0,121.8,186.6,998.6,5.057007786,0.0,173.3298052,12.00073635
2728,0.0,0.0,416.2,26.0,1020.6,212.0,181.0,191.4,65.8,544.0,2.022803115,343.2463768,133.9678613,0.0
2729,0.0,0.0,302.4,29.0,320.6,497.0,1228.0,23.0,31.4,938.8,2.022803115,0.0,165.2907531,0.0
2730,0.0,0.0,321.0,18.0,12.0,6.0,708.0,44.0,55.0,177.0,0.0,0.0,65.93003052,0.0
2731,442.6,1291.6845784,5.6,0.0,4.0,79.2,12.8,0.0,0.0,10.8,0.0,0.0,31.81307793,36.00220906
2732,9.0,19.909374794,68.6,6.4,868.6,164.0,41.0,79.0,43.4,172.2,1.011401557,0.0,70.78287292,1.000061363
2733,74.2,191.021998012,73.4,6.0,659.8,182.0,23.0,72.2,44.2,203.2,0.0,0.0,72.6455801,9.000552266
2734,218.4,509.75347116,0.0,0.0,0.0,0.0,0.0,0.0,0.0,0.0,0.0,0.0,12.84287583,17.00104317
2735,248.4,744.75752792,16.6,25.0,3.0,30.0,23.4,12.8,10.4,99.6,0.0,0.0,25.78378889,18.00110453
2736,326.8,719.3564063,141.4,35.2,40.8,100.0,71.6,150.0,329.0,496.2,0.0,0.0,96.12569787,23.00141135
2737,47.4,140.46523832,40.0,63.0,0.0,7.6,26.0,163.0,0.4,211.8,0.0,0.0,26.76416109,4.000245451
2738,243.0,737.13688562,115.8,69.4,19.0,1.0,41.4,139.8,118.0,543.8,0.0,0.0,70.2339052,19.00116589
2739,309.0,1024.0564034000001,0.4,1.0,0.0,0.0,9.0,105.0,2.4,32.8,1.011401557,0.0,23.72500727,21.00128862
2740,450.6,1297.7240234,0.0,0.0,0.0,0.0,0.0,0.0,0.0,0.0,0.0,0.0,22.79365368,30.00184089
2741,0.0,0.0,184.2,136.0,36.4,438.0,378.0,92.0,245.4,611.0,1.011401557,0.0,191.5759159,0.0
2742,92.0,265.74687224,55.2,13.4,69.0,180.0,41.0,23.4,31.2,551.4,0.0,0.0,55.44004797,6.000368177
2743,268.8,744.11018094,12.8,14.4,6.800000000000001,0.0,13.0,7.4,26.6,56.0,1.011401557,0.0,22.00935591,24.00147271
2744,86.6,216.83436784000003,510.6,119.2,100.2,270.0,72.0,96.8,79.4,692.6,0.0,0.0,110.9291146,8.000490903
2745,238.4,708.0833517,48.8,20.4,7.8,47.0,84.6,108.4,102.8,273.4,0.0,0.0,42.94030241,17.00104317
2746,469.2,1447.5631932000001,6.0,0.0,1.0,14.0,16.0,8.0,4.0,50.4,0.0,0.0,32.1562082,32.00196361
2747,447.6,1342.9285444,0.0,0.0,0.0,0.0,0.0,0.0,0.0,0.0,0.0,0.0,22.30346757,30.00184089
2748,12.0,34.624999646,183.4,65.0,130.0,419.0,742.0,64.2,138.8,611.8,0.0,0.0,114.5564917,2.000122726
2749,0.0,0.0,78.2,30.6,216.0,129.0,52.0,36.2,118.4,180.0,1.011401557,0.0,53.47930357,0.0
2750,78.2,192.38280804000001,296.6,53.6,138.2,596.0,133.0,234.8,248.8,1007.8,1.011401557,0.0,147.4969977,7.00042954
2751,147.0,387.15054006,146.0,104.6,12.2,79.6,75.6,9.6,47.6,1402.2,0.0,0.0,95.48835416,16.00098181
2752,746.2,1802.7432884,89.6,114.0,2.4,100.0,132.0,54.4,70.6,115.8,0.0,0.0,68.13586798,53.00325223
2753,665.4,1947.6688840000002,24.0,7.0,4.4,36.0,20.0,180.0,21.0,397.4,0.0,0.0,71.35157021,45.00276133
2754,615.4,1889.0938366,0.0,0.0,0.0,0.0,0.0,0.0,0.0,0.0,0.0,0.0,30.29350101,40.00245451
2755,371.0,1100.2093638,5.4,53.4,211.0,28.0,524.0,64.6,25.6,103.2,0.0,0.0,69.06722157,24.00147271
2756,571.0,1577.1687336,302.8,8.8,59.4,178.0,1439.0,50.4,54.8,146.2,0.0,0.0,139.0657967,37.00227043
2757,590.0,1305.362487,55.0,25.4,18.2,90.0,223.0,30.8,48.2,234.2,0.0,0.0,65.48886303,41.00251588
2758,271.0,728.85624248,188.0,110.8,23.8,75.0,630.0,48.4,231.0,236.6,0.0,0.0,98.03722011,18.00110453
2759,676.0,1465.5031096,1949.0,3.0,273.0,202.0,118.0,36.4,96.0,131.4,0.0,0.0,170.8788746,44.00269997
2760,661.6,2020.7171304,0.0,0.0,0.0,0.0,0.0,0.0,0.0,0.0,0.0,0.0,35.19536202,47.00288405
2761,0.0,0.0,36.0,2.0,152.4,519.0,48.0,9.0,5.4,71.0,0.0,0.0,41.37170689,0.0
2762,177.4,272.29204748,56.6,23.6,4.4,111.0,25.6,35.0,107.0,271.2,0.0,0.0,38.96979499,12.00073635
2763,1877.0,3814.8093354,118.6,370.0,100.6,168.0,1243.0,189.0,282.6,446.0,0.0,0.0,237.1520354,123.0075476
2764,492.8,1007.33567936,65.0,5.4,6.0,17.4,363.8,22.8,25.0,50.8,0.0,0.0,51.12641029,33.00202497
2765,910.6,2098.802747,155.8,51.0,4.6,4.8,266.0,49.6,32.2,102.2,0.0,0.0,84.31200929,60.00368177
2766,653.0,1404.0437354,204.4,126.8,12.8,44.0,350.0,38.2,83.4,98.80000000000001,0.0,0.0,86.17471648,43.0026386
2767,136.0,209.48124786,23.6,128.2,9.8,73.0,285.0,58.4,63.2,115.8,0.0,0.0,43.28343268,9.000552266
2768,33.8,67.8366759,47.0,3.0,51.0,66.0,249.6,19.6,91.0,106.6,0.0,0.0,32.00915237,4.000245451
2769,385.6,668.0547600399999,109.0,152.4,21.0,208.4,465.6,270.2,139.8,268.6,0.0,0.0,97.10586652,26.00159543
2770,564.0,1223.67792,66.2,252.0,22.4,12.0,452.0,56.8,205.0,72.0,0.0,0.0,84.94925122,39.00239315
2771,638.8,1920.0202373999998,17.0,2.4,2.0,4.0,87.0,7.0,469.4,216.8,0.0,0.0,79.23380342,45.00276133
2772,480.6,1303.4476514,15.8,7.2,7.0,17.0,109.0,61.4,27.4,54.8,0.0,0.0,49.97945623,33.00202497
2773,1008.6,2584.7709861999997,7.0,14.0,39.0,21.0,339.0,210.4,31.0,13.8,0.0,0.0,89.54733933,72.00441813
2774,448.0,1173.138032,3.0,0.0,0.4,1.0,4.0,112.0,6.0,12.0,0.0,0.0,32.59737569,34.00208634
2775,653.4,1635.9137638,0.0,0.0,0.0,0.0,0.0,0.0,33.0,0.0,0.0,0.0,35.93064117,46.00282269
2776,699.0,2271.8648984,0.0,0.0,0.0,0.0,0.0,0.0,0.0,0.0,0.0,0.0,36.71493893,49.00300678
2777,476.0,1359.397458,0.0,0.0,0.0,0.0,0.0,148.0,0.0,0.0,0.0,0.0,31.91111515,33.00202497
2778,562.2,1670.5103978,0.0,0.0,0.0,0.0,0.0,0.0,0.0,0.0,0.0,0.0,27.7935519,37.00227043
2779,811.2,2582.963075,31.0,1.0,14.0,3.0,113.0,42.0,81.0,100.0,0.0,33.2173913,64.55761122,54.00331359
2780,171.2,497.6305033,36.0,17.0,11.0,10.0,1330.0,164.0,1576.0,15.0,0.0,0.0,179.721954,12.00073635
2781,372.2,1145.3719162,2.0,0.0,0.4,2.0,3.0,5.0,0.0,0.0,0.0,0.0,19.95057429,26.00159543
2782,354.4,1027.2649832,0.0,0.0,0.0,0.0,0.0,36.0,0.0,0.0,0.0,0.0,19.80351846,24.00147271
2783,696.8,1721.524592,0.0,0.0,2.0,1.0,27.0,154.0,1.0,46.0,0.0,0.0,46.66571677,47.00288405
2784,437.8,1296.902476,0.0,0.0,0.0,0.0,18.0,3.0,19.0,9.0,0.0,0.0,25.29360279,31.00190225
2785,326.4,1290.2271774,0.0,0.0,0.0,0.0,0.0,0.0,0.0,0.0,0.0,0.0,21.30356935,23.00141135
2786,334.0,1055.647023,0.0,0.0,0.0,0.0,8.399999999999999,0.6,0.0,18.6,0.0,0.0,19.06823931,22.00134998
2787,334.4,967.9619215600001,155.2,28.4,42.6,117.0,99.0,294.4,720.4,505.6,0.0,0.0,116.4191989,31.00190225
2788,686.0,2113.3106386,1.0,3.0,3.0,5.0,2.0,377.0,2.4,3.0,1.011401557,0.0,53.92047106,46.00282269
2789,489.4,1360.1078631999999,0.0,0.6,1.6,0.6,106.4,103.8,5.2,17.0,0.0,0.0,36.96003198,38.00233179
2790,0.0,0.0,483.2,87.6,513.2,371.0,95.0,175.4,143.2,924.2,0.0,0.0,174.7222594,0.0
2791,45.8,116.71353884,84.60000000000001,66.2,3.4,0.0,1.0,117.80000000000001,432.20000000000005,427.8,3.37e-11,0.0,276.7465673,16.63605237
2792,984.0,2949.572605,6.4,2.4000000000000004,4.0,0.0,0.0,8.8,6.800000000000001,13.600000000000001,0.0,0.0,55.29299214,67.00411131
2793,0.0,0.0,143.0,46.6,36.0,0.0,0.0,46.2,118.4,279.20000000000005,0.0,0.0,130.6836144,0.0
2794,0.0,0.0,80.6,18.8,12.2,1.0,0.0,12.8,60.8,146.0,0.0,0.0,15.88202966,0.0
2795,0.0,0.0,492.6,93.0,129.0,60.0,144.0,192.0,276.4,1469.2,1.011401557,0.0,147.3009232,0.0
2796,2558.0,6352.4569592,0.0,0.0,0.0,0.0,0.0,0.0,0.0,0.0,0.0,0.0,116.395273,144.1967074
2797,3483.4,9390.9296408,0.0,0.0,0.0,0.0,0.0,0.0,0.0,0.0,0.0,0.0,128.1006073,156.288999
2798,813.4,2506.9973916,137.8,87.8,111.0,1.0,0.0,250.4,252.8,547.8,0.0,0.0,170.3897002,0.0
2799,0.0,0.0,105.60000000000001,34.8,47.6,0.0,0.0,60.2,108.0,343.8,0.0,0.0,61.22424396,0.0
2800,0.0,0.0,179.6,3.4,655.6,67.0,297.0,35.8,26.2,237.8,0.0,0.0,75.83178975,0.0
2801,427.2,1070.35843,17.4,13.8,5.2,3.0,0.0,11.4,32.8,80.4,0.0,0.0,61.19915269,75.81679257
2802,703.0,1724.8035068,21.8,14.8,2.4,0.0,0.0,22.8,95.2,101.2,0.0,0.0,84.19899898,102.726894
2803,1582.4,4431.8960879999995,0.0,0.0,0.4,0.0,0.0,67.0,0.0,0.0,5.51e-11,0.0,93.29491855,91.37057473
2804,631.4,1768.4298882,0.0,0.0,0.0,0.0,0.0,34.0,0.0,0.0,0.0,0.0,32.6463943,41.00251588
2805,395.20000000000005,968.78484052,0.0,0.0,0.0,0.0,0.0,9.0,0.0,0.0,0.0,0.0,0.44116749,0.0
2806,552.6,1375.6145612,48.8,211.4,23.6,0.0,112.0,50.8,152.4,474.6,0.0,0.0,67.79273771,11.00067499
2807,1.0,1.731249982,197.6,34.8,149.4,464.0,224.0,433.4,226.6,960.2,0.0,0.0,135.4384196,0.0
2808,305.2,885.4525380399999,3.0,2.0,13.4,0.0,0.0,18.0,6.0,16.0,0.0,0.0,18.77412765,21.00128862
2809,752.0,2196.9562276,0.0,0.0,0.0,0.0,0.0,0.0,0.0,0.0,1.011401557,0.0,37.10708781,50.00306814
2810,1171.0,2396.9156006000003,12.6,8.2,7.0,0.0,0.0,26.6,35.4,87.6,0.0,0.0,71.22404041,77.00472494
2811,496.0,1014.5124896000001,54.2,14.0,19.8,0.0,20.0,26.8,61.4,181.8,0.0,0.0,51.86168944,32.00196361
2812,1.0,1.731249982,212.6,41.4,928.8,105.0,49.0,43.6,73.4,350.8,0.0,0.0,89.16485169,0.0
2813,381.2,1288.4319206,0.0,0.0,0.0,0.0,0.0,0.0,0.0,0.0,0.0,0.0,19.70548124,26.00159543
2814,187.2,635.34881372,0.0,0.0,0.0,0.0,0.0,39.0,0.0,0.0,1.011401557,0.0,12.25465251,14.00085908
2815,404.6,1194.3390428,24.4,27.0,10.0,14.0,9.0,61.8,43.4,150.2,0.0,0.0,39.75409275,30.00184089
2816,324.0,663.06874316,53.0,32.0,6.0,0.0,10.0,22.8,43.2,131.0,0.0,0.0,30.58761267,21.00128862
2817,0.0,0.0,336.4,70.4,176.2,425.0,361.0,113.8,364.2,850.2,0.0,0.0,134.4580474,0.0
2818,900.4,2440.8967102,0.4,0.0,0.0,0.0,0.0,0.0,0.0,267.4,0.0,0.0,59.85172288,62.0038045
2819,2.0,6.0593749378,7.0,2.8,60.2,0.0,3.0,35.0,19.2,34.4,1.011401557,0.0,9.16648008,0.0
2820,221.0,698.5593678,57.4,1.0,232.8,46.0,23.0,8.4,4.4,148.4,1.011401557,0.0,37.0580692,14.00085908
2821,161.4,432.53864634,15.0,1.0,0.0,0.0,7.0,23.0,13.0,89.4,0.0,0.0,15.73497383,11.00067499
2822,0.0,0.0,23.8,10.0,83.0,194.0,47.0,169.4,21.0,97.8,0.0,0.0,32.05817098,0.0
2823,35.8,106.34596864,104.6,20.8,1095.6,68.0,230.0,322.4,180.2,473.8,1.011401557,0.0,127.2523117,3.000184089
2824,33.0,68.724339588,826.4,55.2,348.8,145.6,1339.6,207.4,448.0,1007.4,0.0,0.0,225.1914946,2.000122726
2825,333.8,741.29291894,0.0,0.0,0.0,0.0,0.0,88.0,0.0,0.0,0.0,0.0,21.22505815,23.00141135
2826,234.4,619.2397952,46.0,136.8,9.4,2.0,23.0,92.0,125.2,299.6,0.0,0.0,50.58720558,16.00098181
2827,161.8,463.7231847,91.8,135.2,18.8,7.6,26.4,22.8,296.6,173.6,0.0,0.0,56.32238295,10.00061363
2828,698.0,2304.0881024,0.0,0.0,0.0,0.0,0.0,31.4,0.0,0.0,0.0,0.0,36.37180866,46.00282269
2829,670.8,2043.424786,0.0,0.0,7.0,0.0,0.0,0.0,0.0,0.0,0.0,0.0,33.23461762,44.00269997
2830,154.2,472.2556384,0.0,0.0,0.0,0.0,0.0,0.0,0.0,0.0,0.0,0.0,8.82334981,12.00073635
2831,337.0,611.13124368,64.0,9.0,16.4,7.0,299.0,21.8,179.2,114.0,0.0,0.0,51.86168944,22.00134998
2832,536.8,1835.2928548,0.0,0.0,0.0,0.0,0.0,33.0,0.0,0.0,0.0,0.0,28.08766356,35.0021477
2833,435.0,1349.0697473999999,51.4,55.8,66.6,3.6,32.4,27.4,85.6,180.4,0.0,0.0,67.05745855,29.00177952
2834,491.6,1307.8355656,66.0,60.599999999999994,5.8,3.0,59.6,63.0,22.2,197.6,0.0,0.0,49.45977754,33.00202497
2835,317.6,833.28104876,0.0,0.0,0.0,0.0,0.0,253.0,0.0,0.0,0.0,0.0,28.52883105,22.00134998
2836,237.4,625.6370265,239.8,86.2,58.6,101.0,777.0,530.8,791.2,1197.6,0.0,0.0,202.5448967,17.00104317
2837,953.4,2080.5826542,415.0,196.8,48.2,10.0,226.0,372.4,486.6,1251.8,0.0,0.0,194.1136958,63.00386586
2838,550.8,1600.8585348000001,280.8,90.6,36.2,11.8,109.2,157.4,1377.2,704.6,0.0,0.0,208.5650334,35.0021477
2839,719.6,1653.1360002,129.8,53.2,26.0,19.6,22.2,107.4,66.4,327.8,0.0,0.0,90.34129833,47.00288405
2840,592.6,1546.3881678,4.0,0.0,1.0,6.0,0.0,2.4,0.0,12.0,0.0,0.0,30.04840796,38.00233179
2841,361.8,776.8276210199999,0.0,1.0,0.0,0.0,0.0,85.0,0.0,0.0,0.0,0.0,22.20543035,24.00147271
2842,725.4,2256.2112056,14.4,43.0,5.4,12.0,124.0,35.2,292.2,119.6,0.0,55.36231883,70.39072404,51.00312951
2843,1798.0,4548.721191600001,115.4,80.6,41.6,18.0,25.4,78.4,67.6,251.4,0.0,0.0,143.2323786,147.0090203
2844,586.8,1698.9920852,17.0,1.4,3.0,6.0,30.0,89.0,34.4,53.8,0.0,0.0,41.37170689,40.00245451
2845,394.2,883.9353480999999,109.8,32.6,7.2,21.2,57.2,45.6,133.6,221.8,0.0,0.0,66.8123655,26.00159543
2846,361.2,777.54530204,20.6,8.2,7.2,3.2,8.8,10.6,25.0,83.2,0.0,0.0,56.95962488,25.00153407
2847,833.0,2167.4431502,24.0,6.0,5.2,1.6,14.8,50.8,41.0,171.39999999999998,0.0,0.0,61.56737423,55.00337496
2848,473.8,1368.683234,8.0,47.0,69.8,12.0,91.0,5.4,170.8,130.2,0.0,0.0,48.96959144,32.00196361
2849,433.0,1245.0226564,218.4,19.4,7.4,2.0,64.0,49.4,158.8,336.6,0.0,0.0,64.94965832,29.00177952
2850,86.4,279.4069598,91.2,15.4,23.6,23.0,109.0,169.8,356.2,384.0,0.0,0.0,63.92026751,6.000368177
2851,387.0,1168.2223494,63.2,11.4,11.2,3.0,86.8,168.4,940.4,481.0,0.0,0.0,110.9291146,27.0016568
2852,13.0,36.356249628,62.0,17.2,30.2,24.0,88.0,64.8,164.4,251.2,0.0,0.0,35.44045507,1.000061363
2853,827.8,2462.9150506,22.0,35.4,5.0,79.0,9.0,24.0,59.4,99.2,0.0,0.0,57.74392264,54.00331359
2854,402.0,1092.2351532,9.0,0.0,3.4,19.0,10.0,48.0,499.2,12.8,0.0,0.0,37.10708781,33.00202497
2855,810.8,1518.036603,215.2,114.4,33.4,43.6,133.2,157.4,428.0,662.0,0.0,0.0,169.8494838,50.00306814
2856,263.4,632.45605088,90.6,129.4,65.6,1.0,101.0,242.8,187.8,233.8,0.0,0.0,71.02796597,17.00104317
2857,378.4,888.2791847999999,21.8,2.8,7.8,0.0,11.0,47.4,46.4,114.6,0.0,0.0,30.53859406,25.00153407
2858,538.0,1481.6142376,0.0,0.0,0.0,0.0,0.0,0.0,0.0,0.0,0.0,0.0,26.61710526,36.00220906
2859,444.2,1342.7564525999999,0.0,0.0,0.0,0.0,0.0,55.0,0.0,0.0,0.0,0.0,26.71514248,32.00196361
2860,46.0,160.48174876000002,25.0,8.2,7.6,204.6,1630.0,47.2,150.0,1050.4,0.0,0.0,170.1926141,2.000122726
2861,124.4,286.21238136,229.8,320.4,50.6,18.0,100.6,138.6,225.2,652.6,0.0,0.0,65.68493747,7.00042954
2862,519.8,1307.4883246,19.6,2.0,4.6,2.6,4.4,51.4,10.8,76.4,1.011401557,0.0,36.42082727,41.00251588
2863,651.2,1731.8637966000001,5.0,0.0,3.0,3.0,58.0,2.4,59.0,180.0,0.0,0.0,48.62646117,44.00269997
2864,235.6,731.8549809,4.0,3.0,4.0,0.0,201.0,188.4,142.0,353.4,0.0,0.0,55.68514102,15.00092044
2865,544.6,1408.3603667999998,262.2,59.2,20.2,5.8,49.2,100.6,144.6,456.0,0.0,0.0,97.84114567,36.00220906
2866,534.4,1382.4514060000001,102.0,79.8,11.6,2.6,86.0,57.2,96.6,592.4,0.0,0.0,113.5664583,33.00202497
2867,359.0,885.41478758,194.4,84.4,16.2,4.0,80.8,172.6,165.2,688.6,0.0,0.0,129.0169817,19.00116589
2868,393.8,1034.3379276,1.0,0.0,0.0,0.0,96.0,101.0,0.0,25.0,0.0,0.0,30.58761267,26.00159543
2869,371.0,979.29993208,1.0,0.0,0.0,0.0,6.0,3.0,1.0,17.0,0.0,22.14492754,20.14664873,25.00153407
2870,111.0,321.844623,3.4,71.0,1.0,0.0,285.0,4.4,81.2,44.4,0.0,121.7971014,29.95037074,8.000490903
2871,644.8,1965.0149164,0.0,0.0,0.0,0.0,0.0,0.0,0.0,0.0,0.0,0.0,32.84246874,44.00269997
2872,445.0,1370.432305,0.0,0.0,0.0,0.0,0.0,0.0,0.0,0.0,0.0,0.0,21.86230008,29.00177952
2873,456.6,1245.3605128000002,1.0,0.0,0.0,0.0,12.0,29.0,2.0,26.4,0.0,0.0,26.51906804,31.00190225
2874,657.2,1425.988684,106.4,33.4,22.4,1.6,103.8,139.2,176.8,503.2,0.0,0.0,106.7135141,41.00251588
2875,85.6,205.76693738,50.2,11.2,6.8,22.0,172.2,146.6,89.0,276.0,0.0,0.0,58.18509013,6.000368177
2876,461.2,1083.2147902,0.0,0.0,0.0,0.0,3.5999999999999996,0.0,7.8,0.0,0.0,0.0,23.52893283,30.00184089
2877,267.6,800.51953136,0.0,0.0,0.0,0.0,0.0,0.0,0.0,0.0,0.0,11.07246377,15.0977319,20.00122726
2878,635.2,1821.987495,48.4,10.0,14.4,7.0,15.0,74.0,16.0,152.0,0.0,0.0,52.05776388,47.00288405
2879,121.2,335.84256684,35.0,6.0,9.0,0.0,49.0,166.8,134.2,332.2,0.0,0.0,43.23441407,9.000552266
2880,417.0,1173.586082,17.0,1.2000000000000002,3.0,2.0,61.0,3.4000000000000004,35.8,76.4,0.0,0.0,31.6660221,30.00184089
2881,450.6,1311.7282943999999,0.0,0.0,0.0,0.0,0.0,0.0,0.0,0.0,0.0,0.0,26.76416109,36.00220906
2882,396.0,1001.12319328,13.0,0.0,1.0,0.0,12.0,10.4,12.0,58.4,0.0,0.0,43.01901715,32.00196361
2883,405.4,1154.215969,2.0,0.0,2.0,2.0,2.0,108.4,3.0,8.0,0.0,0.0,26.22495638,27.0016568
2884,666.0,1339.6517392,2.0,0.0,0.0,0.0,1.0,0.0,26.0,13.0,0.0,0.0,35.04830619,44.00269997
2885,20.0,52.953177384,194.8,48.4,27.6,22.6,179.8,111.8,286.0,388.8,0.0,0.0,78.33173887,1.000061363
2886,217.4,646.83381936,28.2,45.0,6.4,0.0,17.0,20.4,41.8,98.2,0.0,0.0,37.45021808,12.00073635
2887,744.2,1841.4802436,471.8,191.4,19.8,1.0,35.0,53.0,81.2,456.2,0.0,0.0,102.2528206,49.00300678
2888,357.8,938.2462777600001,163.4,61.0,21.8,68.0,274.0,103.8,156.8,552.6,0.0,0.0,93.18437771,31.00190225
2889,428.6,1132.7317248,1.4,2.4,3.4,4.0,277.0,48.8,186.6,969.4,0.0,0.0,97.0078293,33.00202497
2890,71.2,200.40320476,112.0,126.8,18.0,1.0,422.0,85.0,387.2,534.4,0.0,0.0,89.40994474,5.000306814
2891,518.0,1473.1521182,160.0,27.4,12.4,12.0,155.0,129.6,105.4,196.4,0.0,0.0,66.27316079,35.0021477
2892,666.6,1780.075492,0.0,0.0,6.4,0.0,29.0,159.0,11.0,31.0,0.0,0.0,52.02847484,46.00282269
2893,339.0,921.55486818,48.2,1.6,0.0,1.0,191.2,140.0,23.4,126.2,0.0,0.0,45.09712125,24.00147271
2894,564.8,1676.7880506,0.0,0.0,0.0,0.0,0.0,0.0,0.0,0.0,0.0,0.0,30.53859406,41.00251588
2895,347.4,829.71679128,0.0,0.0,0.0,0.0,0.0,0.0,0.0,0.0,0.0,0.0,18.23492294,24.00147271
2896,0.0,0.0,497.6,94.0,26.8,2.0,53.0,68.0,89.4,531.8,0.0,0.0,67.7437191,0.0
2897,37.2,88.275928362,311.8,76.6,6.4,1.6,13.2,25.4,46.8,312.2,0.0,0.0,62.20461616,2.000122726
2898,70.0,171.39374822,1045.4,850.4,4.8,23.0,255.0,42.0,122.6,654.8,0.0,0.0,151.4184865,5.000306814
2899,579.2,1371.2182109999999,818.8,157.2,52.2,7.0,176.0,190.6,233.0,1065.8,0.0,0.0,164.3593976,40.00245406
2900,203.0,536.6874944799999,62.6,89.0,15.4,90.0,31.0,57.0,99.2,278.4,0.0,0.0,46.46964233,13.00079772
2901,7.0,17.31249982,83.4,94.4,2.4,2.0,42.0,23.6,145.8,154.8,0.0,0.0,28.7739241,0.0
2902,0.0,0.0,613.0,643.0,49.8,20.6,129.0,211.2,258.4,1468.0,0.0,0.0,169.9475211,0.0
2903,219.2,495.4155621,114.6,56.0,5.6,1.6,228.4,47.2,272.8,260.0,0.0,0.0,74.55730589,13.00079772
2904,482.2,1147.27104,16.4,1.0,10.8,13.0,16.0,80.0,16.0,92.0,0.0,0.0,36.02867839,32.00196361
2905,440.4,1185.1308768000001,0.0,0.0,0.0,0.0,0.0,0.0,0.0,0.0,0.0,0.0,24.06813754,32.00196361
2906,844.8,1592.0123726,6.6,9.399999999999999,0.4,0.0,0.0,0.0,1.8,4.2,0.0,0.0,48.62646117,55.00337496
2907,456.0,1327.0870479999999,4.4,0.0,1.0,0.0,5.0,58.4,5.0,32.0,0.0,0.0,27.74453329,30.00184089
2908,578.4,1588.9716658,74.8,76.4,15.4,1.0,28.0,132.2,151.0,312.4,0.0,0.0,68.7240913,39.00239315
2909,407.4,890.85823904,98.6,35.6,29.6,3.6,71.2,102.2,109.2,402.2,0.0,0.0,75.88080836,29.00177952
2910,335.2,937.85169008,0.0,0.0,3.0,0.0,4.0,0.0,95.0,22.4,0.0,0.0,22.84267229,22.00134998
2911,429.6,1130.5524246,77.8,243.0,8.6,39.2,184.8,122.4,340.2,211.8,0.0,0.0,84.94925122,28.00171816
2912,169.8,398.02594914,4.0,0.0,1.0,0.0,5.0,7.0,3.0,26.0,0.0,0.0,14.80362024,17.00104317
2913,335.4,870.82085004,0.0,0.0,0.0,0.0,0.0,57.0,0.0,0.0,0.0,0.0,20.58781622,24.00147271
2914,377.4,1009.04489052,1.0,0.0,1.0,0.0,15.0,89.0,3.0,5.4,0.0,0.0,24.31323059,25.00153407
2915,468.2,795.99516704,22.0,12.0,13.4,1.0,56.0,64.4,218.4,172.8,0.0,0.0,51.32248473,31.00190225
2916,457.8,1456.8048918,263.2,91.4,15.4,4.0,26.0,44.6,90.0,282.2,0.0,0.0,63.33204419,30.00184089
2917,369.2,883.7874041599999,64.19999999999999,4.199999999999999,3.0,0.0,11.399999999999999,13.2,18.0,97.8,0.0,0.0,44.21478627,23.00141135
2918,80.0,190.43960701999998,172.6,12.2,59.0,8.6,35.0,33.0,71.6,1118.8,0.0,0.0,104.988405,4.000245451
2919,349.8,920.37131656,0.0,0.0,0.0,0.0,0.0,0.0,0.0,0.0,0.0,0.0,17.45062518,23.00141135
2920,343.0,1266.7472184,0.0,0.0,0.0,0.0,0.0,0.0,0.0,0.0,0.0,0.0,16.86240186,23.00141135
2921,496.0,1298.5455712,10.0,89.0,4.8,0.0,32.0,105.0,71.4,64.6,0.0,0.0,44.65595376,33.00202497
2922,287.0,761.74999212,6.4,0.0,11.6,2.0,8.0,2.0,3.0,16.0,0.0,0.0,16.81338325,19.00116589
2923,0.0,0.0,89.4,22.4,22.0,4.0,33.0,168.2,96.0,221.0,0.0,0.0,40.78348357,0.0
2924,125.8,316.69284152,40.6,8.8,73.2,2.0,444.0,174.6,60.6,81.8,0.0,0.0,51.12641029,8.000490903
2925,388.0,939.60708774,0.0,0.0,0.0,0.0,0.0,0.0,0.0,0.0,0.0,0.0,20.19566734,27.0016568
2926,0.0,0.0,60.6,3.4,89.2,0.0,10.0,14.4,32.0,91.0,0.0,0.0,16.27417854,0.0
2927,496.8,1312.2035495999999,6.0,1.0,1.0,0.0,3.0,9.4,5.0,42.0,0.0,0.0,28.03864495,33.00202497
2928,188.2,474.99834830000003,9.6,3.4,18.2,0.0,0.6,4.4,13.0,34.6,0.0,0.0,17.69571823,11.00067499
2929,363.8,965.85179566,24.4,3.0,58.2,69.4,3.2,8.0,18.8,81.6,0.0,0.0,30.93074294,24.00147271
2930,943.8,2231.139504,173.4,141.0,54.0,3.0,88.0,550.4,302.2,891.2,0.0,0.0,155.87918,62.0038045
2931,212.8,521.2541886,8.0,2.0,4.2,1.0,3.0,5934.8,8.8,54.0,0.0,0.0,305.7780895,14.00085908
2932,595.0,1439.8103182,0.0,0.0,1.0,0.0,1.0,7.0,0.0,33.0,0.0,0.0,31.61700349,39.00239315
2933,19.2,51.769625802,5.4,3.4,0.8,0.0,0.0,1.0,1.6,4.0,0.76121576,0.0,30.25234182,18.81701851
2934,616.8,1587.3705392,0.0,0.0,0.0,0.0,0.0,0.0,0.0,0.0,0.006006107,0.0,33.16080597,42.15462442
2935,312.0,690.7928905599999,63.2,17.4,12.8,0.0,0.0,9.4,48.8,118.2,0.241094429,0.0,9.581608772,5.959780123
2936,72.0,202.75037824,26.8,3.0,8.0,2.0,9.0,52.8,10.8,61.6,0.003085262,0.0,23.37603634,10.07330244
2937,515.4,1430.066159,117.2,47.6,17.2,0.0,0.0,32.4,96.0,291.4,1.011401556,0.0,69.36133312,57.00349759
2938,391.8,1131.304798,39.4,2.8,24.0,35.0,8.0,8.8,9.0,56.2,2.022803115,0.0,39.21488804,38.00233179
2939,122.0,317.68437172,0.0,0.0,0.0,0.0,0.0,335.4,0.4,0.0,1.011401557,0.0,22.4505234,8.000490903
2940,397.0,1022.3031144400001,0.0,0.0,0.0,0.0,0.0,68.0,0.0,0.0,1.011401557,0.0,23.13678395,26.00159543
2941,368.4,1142.4613325999999,0.0,0.0,0.0,0.0,0.0,0.0,0.0,0.0,0.0,0.0,22.8916909,31.00190225
2942,7.0,22.506249764,0.0,0.0,0.0,0.0,0.0,0.0,0.0,0.0,7.07981083,0.0,0.441167533,1.000061415
2943,585.6,1496.3540102,0.0,0.0,0.0,0.0,0.0,0.0,0.0,0.0,0.0,0.0,31.66602133,42.00257623
2944,127.6,321.65471062,0.0,0.0,0.0,0.0,0.0,0.0,0.0,0.0,0.0,0.0,7.303772898,10.00061363
2945,6.0,19.909374794,0.0,0.0,0.0,0.0,0.0,0.0,0.0,0.0,3.166475049,0.0,5.601525393,3.913714143
2946,470.0,1483.239512,52.8,40.4,28.2,0.0,6.0,30.2,8.4,35.8,0.879131325,0.0,32.97612189,36.08874147
2947,441.4,1281.4848816,11.0,19.0,0.0,0.0,2.0,5.0,3.0,25.4,0.0,0.0,25.04850974,29.00177952
2948,2.0,6.0593749378,2.0,0.0,3.0,323.0,0.0,14.4,1.0,9.0,3.034204672,0.0,17.45062518,0.0
2949,2.0,3.0,54.8,2.0,26.6,111.0,15.0,19.2,17.8,95.4,3.034204644,0.0,18.52903443,1.06e-10
2950,37.0,90.89062406400001,15.8,1.0,15.4,2.0,5.0,98.8,11.0,71.0,3.034204452,0.0,18.18590301,9.000551612
2951,266.6,730.82148222,20.0,1.0,3.8,2.0,11.0,37.4,24.0,117.0,1.99e-10,0.0,30.93074288,27.00165674
2952,463.6,1124.5108702,32.0,3.4,4.2,16.4,6.8,14.4,11.6,59.8,0.0,0.0,30.14644518,31.00190225
2953,302.2,837.48326852,0.0,0.0,0.0,0.0,0.0,65.0,0.0,0.0,0.0,0.0,18.43099738,20.00122726
2954,24.2,70.707400074,0.0,0.0,0.0,0.0,0.0,0.0,0.0,0.0,9.214017657,0.0,4.063616878,5.423580796
2955,6.0,12.984374866,74.0,11.6,73.8,252.0,18.0,18.6,67.0,324.8,0.0,0.0,56.17532712,0.0
2956,41.2,121.82546094,6.6000000000000005,0.8,1.6,0.0,0.0,8.4,10.0,14.200000000000001,0.89999809,0.0,14.61247466,19.57795385
2957,156.8,459.92609756,5.0,0.0,2.0,0.0,20.0,8.4,26.0,21.4,0.0,0.0,29.2641102,34.00208634
2958,173.2,510.197303,0.0,0.0,0.0,0.0,0.0,59.0,0.0,0.0,0.0,0.0,17.5486624,20.00122726
2959,158.0,469.74386030000005,0.0,0.0,0.0,0.0,0.0,0.0,0.0,0.0,0.0,0.0,86.67578511,33.00202497
2960,750.4,1883.8339704,16.0,82.0,358.4,4.0,25.0,1.0,17.0,51.8,0.0,0.0,64.45947222,49.00300678
2961,321.0,1270.7374868,0.0,0.0,0.0,0.0,0.0,25.0,0.0,0.0,0.0,0.0,16.96043908,21.00128862
2962,362.4,1061.1104042,0.0,0.4,0.0,0.0,0.0,517.0,0.0,32.0,0.0,0.0,45.39123291,25.00153407
2963,826.0,1901.7781056,0.0,0.0,0.0,0.0,0.0,17.0,0.0,0.0,0.0,0.0,41.32268828,54.00331359
2964,649.2,1865.379887,90.2,384.4,38.4,3.0,30.0,138.4,240.2,379.6,0.0,0.0,99.26268536,42.00257724
2965,176.2,690.83274998,42.0,195.0,3.4,0.0,13.0,135.0,35.6,155.8,0.0,0.0,38.67568333,11.00067499
2966,2.0,10.387499892,8.2,3.0,12.6,23.0,4.0,15645.0,10.8,34.8,0.0,0.0,772.9744619,0.0
2967,346.2,593.79670516,1.4,1.0,0.4,0.0,6.0,181.0,18.2,26.2,0.0,0.0,30.7346685,23.00141135
2968,148.8,620.13473474,16.2,191.0,5.2,0.0,6.0,25.8,22.4,108.4,0.0,0.0,28.47981244,12.00073635
2969,467.2,857.27728296,44.6,23.6,3.4,1.0,23.0,42.6,200.8,250.4,0.0,0.0,51.46954056,29.00177952
2970,438.6,1269.4573444,2.2,0.8,0.8,0.0,0.0,15.0,6.0,12.6,0.0,0.0,24.11715615,31.00190225
2971,555.6,1353.3076082,0.4,0.4,0.8,0.0,0.0,0.4,0.4,3.0,0.0,0.0,27.59747746,37.00227043
2972,765.4,1690.875098,158.0,127.4,29.0,2.0,75.0,615.8,181.2,963.6,0.0,0.0,145.193123,55.00337496
2973,549.0,1609.3122185999998,4.4,1.8,1.4,0.0,0.0,4.2,8.0,9.8,0.0,0.0,33.28363623,38.00233179
2974,466.0,1528.6937344,19.0,6.0,6.0,1.0,6.0,11.8,9.0,96.4,0.0,0.0,30.58761267,31.00190225
2975,405.8,894.7247113799999,22.0,17.8,0.0,0.0,3.0,17.2,40.2,155.0,0.0,0.0,56.76355044,16.00098181
2976,416.0,1384.9999858,0.0,0.0,0.0,0.0,0.0,0.0,0.0,0.0,0.0,0.0,20.39174178,27.0016568
2977,421.8,1071.2282726,6.8,1.8,1.0,0.6,56.0,34.4,6.8,33.2,0.0,0.0,43.92067461,21.00128862
2978,287.6,1020.27597656,7.6,22.4,0.0,7.6,6.0,1.4,67.4,7.8,0.0,0.0,20.09763012,19.00116589
2979,450.0,1022.3031144400001,0.0,0.0,0.0,0.0,0.0,0.0,0.0,0.0,0.0,0.0,23.381877,29.00177952
2980,436.6,1416.9022056000001,2.0,11.0,0.0,0.0,2.6,61.6,440.4,27.6,0.0,0.0,48.38136812,29.00177952
2981,231.6,501.26087698,354.8,234.8,48.2,6.0,135.0,127.2,257.2,667.6,0.0,0.0,103.0371183,15.00092044
2982,244.4,641.19623762,70.8,20.4,9.4,3.0,39.0,66.6,1260.8,372.2,0.0,0.0,103.4782858,16.00098181
2983,1.0,1.0,105.0,175.0,10.8,64.0,147.0,228.2,4769.8,530.0,0.0,0.0,297.3468886,0.0
2984,331.6,614.61578236,14.8,3.0,5.8,0.0,5.0,12.4,256.4,39.4,0.0,0.0,33.18559901,22.00134998
2985,109.0,180.0499981,123.8,39.0,48.6,6.0,64.0,522.8,123.2,929.6,0.0,0.0,97.89016428,7.00042954
2986,224.6,455.61463318,0.0,0.4,0.0,0.0,0.0,167.4,129.2,1.0,0.0,0.0,27.25434719,15.00092044
2987,688.0,1479.7277678,4.8,6.4,1.0,0.0,0.6,3.6,12.0,15.8,0.0,0.0,42.00894882,36.00220906
2988,306.6,634.3521166200001,106.19999999999999,8.8,7.4,0.0,13.4,55.0,41.8,115.4,0.0,0.0,34.1169526,18.00110453
2989,378.4,817.80999246,44.2,26.4,2.8,0.0,30.0,56.8,32.8,333.6,0.0,0.0,45.8324004,15.00092044
2990,191.8,463.4094761,15.0,24.0,19.0,4.0,61.2,14.4,24.2,123.2,0.0,0.0,53.84206164,2.000122726
2991,342.4,742.0169269200001,58.2,26.0,9.8,5.2,232.6,136.2,154.2,345.0,0.0,0.0,94.99806629,14.00085908
2992,198.6,389.5952531,8.2,6.0,0.0,0.0,0.0,1.4,9.8,16.0,0.0,0.0,14.50950858,12.00073635
2993,111.0,238.04687256,0.4,0.0,0.0,0.0,0.0,67.0,0.0,0.0,0.0,0.0,8.72531259,7.00042954
2994,115.6,246.36526612,0.0,0.0,0.0,0.0,0.0,0.0,0.0,0.0,0.0,0.0,5.686158766,8.000490903
2995,257.8,622.34029118,15.0,5.8,3.0,1.2,5.8,16.4,17.8,71.2,0.0,0.0,22.84267229,18.00110453
2996,394.8,954.7278452200001,115.2,52.0,20.2,3.6,136.2,739.2,125.0,630.2,0.0,0.0,139.0167781,12.00073635
2997,197.2,479.62447013999997,110.6,46.2,15.4,833.6,70.0,210.2,348.4,475.0,0.0,0.0,130.1934283,7.00042954
2998,308.6,640.28136836,123.0,44.4,31.8,3.0,66.0,1169.0,128.6,680.0,0.0,0.0,125.3896045,15.00092044
2999,251.0,542.0512271,9.0,7.2,10.6,2.0,7.199999999999999,6.8,20.0,32.2,0.0,0.0,25.63673306,16.00098181
3000,337.0,695.2448117800001,80.6,12.0,4.0,3.6,18.0,37.6,49.6,238.0,0.0,0.0,39.65605553,22.00134998
3001,363.8,1055.9145456,4.0,1.0,2.0,0.0,5.0,17.0,5.0,20.0,0.0,0.0,20.53879761,24.00147271
3002,0.0,0.0,170.4,41.2,51.6,7.0,90.0,265.6,1202.6,800.2,0.0,0.0,132.3992658,0.0
3003,427.0,1233.6016582,0.0,0.0,0.0,0.0,0.0,0.0,0.0,0.0,0.0,0.0,22.00935591,29.00177952
3004,493.6,1276.3971072,1.0,13.0,1.0,6.0,1.0,43.0,84.0,13.0,0.0,0.0,32.10718959,32.00196361
3005,318.6,805.59159404,0.0,0.0,0.0,0.0,0.0,0.0,0.0,0.0,0.0,0.0,19.36235097,26.00159543
3006,225.2,542.64300284,27.4,2.2,7.4,2.8,11.2,112.6,7.0,38.2,0.0,0.0,25.73477028,14.00085908
3007,323.0,750.91349356,8.6,1.4,10.2,1.2,6.0,16.0,13.2,65.4,0.0,0.0,32.25424542,17.00104317
3008,1386.6,3381.7776132,43.4,33.8,3.6,2.0,38.4,61.6,141.2,155.6,0.0,0.0,121.1740041,83.00509312
3009,221.8,470.7269546,31.6,25.8,9.2,1.2,4.8,20.0,30.4,127.0,0.0,0.0,23.62697005,11.00067499
3010,123.6,272.27211772,8.0,1.0,0.0,0.0,1.0,26.8,8.2,13.8,0.0,0.0,11.2252617,8.000490903
3011,343.0,717.4793213199999,2.0,0.0,2.6,0.0,6.4,5.4,5.2,19.799999999999997,0.0,0.0,40.58740913,21.00128862
3012,278.0,551.40311934,30.4,3.0,1.0,0.0,6.0,236.8,193.0,33.4,0.0,0.0,38.57764611,18.00110453
3013,436.4,1282.6883634,18.0,1.4,2.8,8.0,4.0,59.8,11.2,37.0,0.0,0.0,28.62686827,29.00177952
3014,225.0,529.76249454,0.0,0.0,0.0,0.0,0.0,0.0,0.0,0.0,0.0,0.0,11.12722448,15.00092044
3015,147.2,448.8596159,10.0,0.0,10.0,0.0,4.0,11.0,67.0,42.8,0.0,0.0,14.90165746,10.00061363
3016,759.8,1422.517748,0.0,0.0,0.0,0.0,0.0,0.0,0.0,0.0,0.0,0.0,37.15610642,50.00306814
3017,291.6,780.8326525,0.6,0.0,0.6,0.0,0.6,0.6,1.2,4.8,0.0,0.0,15.587918,15.00092044
3018,157.2,437.53636822000004,16.799999999999997,3.0,1.7999999999999998,0.6,10.2,12.0,23.4,116.8,0.0,0.0,18.18590433,4.000245451
3019,226.4,568.92778144,28.6,18.0,31.4,24.4,10.8,27.0,100.6,107.2,0.0,0.0,49.36174032,1.000061363
3020,424.2,1054.3532778,25.4,3.4,87.2,2.0,14.0,5.6,81.2,80.0,0.0,0.0,36.32279005,28.00171816
3021,1002.4,2994.9848594,17.8,9.0,9.4,1.0,0.0,48.8,21.0,35.4,0.0,0.0,64.50849083,69.00423404
3022,166.6,503.98365722,45.2,9.0,15.8,0.0,0.0,8.0,24.4,86.6,1.011401557,0.0,24.31323059,11.00067499
3023,313.4,873.9433846999999,1.6,1.0,1.0,0.0,0.0,1.4,0.8,6.0,0.0,0.0,15.93104827,21.00128862
3024,0.6,2.1110747117999997,662.8,265.4,129.6,9.0,296.0,327.0,459.2,2447.4,0.0,0.0,228.6718159,0.0
3025,1.0,1.731249982,349.4,375.6,32.0,2.0,58.0,107.6,113.0,614.8,0.0,0.0,84.45906512,0.0
3026,0.0,0.0,632.6,204.8,47.0,20.0,97.0,172.4,166.4,1012.6,0.0,0.0,117.8407386,0.0
3027,0.0,0.0,100.8,16.8,215.2,203.0,30.0,215.4,88.8,296.0,0.0,0.0,57.89097847,0.0
3028,0.0,0.0,109.0,81.0,42.6,1.0,898.0,35.4,1459.0,165.2,0.0,0.0,137.5952384,0.0
3029,559.0,1649.7196862,51.2,7.8,15.2,10.0,177.0,18.8,47.0,92.8,0.0,0.0,56.76355044,38.00233179
3030,550.0,1303.6312368000001,0.0,0.0,0.0,0.0,0.0,0.0,0.0,0.0,0.0,0.0,26.96023553,36.00220906
3031,177.2,514.94300316,37.8,12.0,29.8,10.0,49.0,20.2,20.4,98.6,0.0,0.0,27.3033658,13.00079772
3032,554.8,1655.929114,0.0,2.0,0.0,2.0,84.0,230.0,23.0,9.4,0.0,0.0,47.3029587,40.00245451
3033,0.0,0.0,74.6,8.0,248.6,56.0,111.0,49.2,67.8,433.0,0.0,0.0,55.78317824,0.0
3034,0.0,0.0,1.6,0.0,4.800000000000001,96.0,0.0,1.2000000000000002,0.8,3.2,1.011401557,0.0,4.852842395,0.0
3035,826.6,2227.2174606,5.8,0.6,31.2,0.6,8.6,88.6,9.6,16.6,0.0,0.0,54.80280604,56.00343632
3036,31.8,83.459894158,68.2,25.4,115.0,4.0,189.0,402.0,90.6,209.8,0.0,0.0,55.39102936,4.000245451
3037,0.0,0.0,6.0,2.0,7.4,0.0,5.0,14.2,9.8,20.8,4.045606229,0.0,3.284246874,0.0
3038,70.6,203.53417536,53.4,21.4,312.4,8.0,24.0,34.4,60.4,110.6,0.0,0.0,37.89138557,7.00042954
3039,0.0,0.0,293.4,18.4,667.4,147.0,84.0,53.0,55.8,298.8,1.011401557,0.0,88.03742366,0.0
3040,0.0,0.0,0.0,0.0,1187.4,69.0,0.0,0.0,2.4,244.0,1.011401557,0.0,73.72398952,0.0
3041,0.0,0.0,126.2,63.6,367.8,101.0,512.0,187.4,85.6,390.4,0.0,0.0,98.28231316,0.0
3042,130.0,346.24999646,128.2,59.0,11.200000000000001,0.0,0.0,16.4,24.400000000000002,63.800000000000004,0.0,0.0,26.17593777,9.000552266
3043,0.0,0.0,230.4,88.8,41.4,80.0,64.0,71.6,79.0,447.2,3.034204672,0.0,116.0869511,0.0
3044,0.0,0.0,39.4,2.0,369.2,79.0,46.0,5.4,7.2,47.8,0.0,0.0,30.58761267,0.0
3045,0.0,0.0,29.8,260.0,958.4,242.0,168.0,16.2,126.6,132.6,0.0,0.0,95.43923378,0.0
3046,234.8,749.36161104,12.2,15.0,203.4,17.0,5.0,104.0,7.8,61.4,1.011401557,0.0,33.67578511,16.00098181
3047,201.4,585.4668178,19.2,50.6,8.4,14.0,12.0,18.4,73.6,92.6,0.0,0.0,21.02898371,15.00092044
3048,0.0,0.0,130.4,26.2,32.0,11.0,17.0,109.0,114.8,276.0,3.034204672,0.0,108.6752762,0.0
3049,62.800000000000004,219.150117796,0.0,0.0,0.0,0.0,0.0,0.0,0.0,0.0,3.034204672,0.0,9.01942425,12.00073635
3050,0.0,0.0,2.0,1.0,8.8,5.0,0.0,0.0,1.0,5.0,3.034204672,0.0,1.225465251,0.0
3051,338.4,1064.5067882,90.4,20.4,50.0,154.0,89.0,77.8,45.4,194.2,0.0,0.0,53.82243384,24.00147271
3052,417.4,1126.734248,87.4,27.0,17.8,91.0,45.0,95.0,139.4,195.2,0.0,0.0,58.28312735,30.00184089
3053,500.6,1603.2235292,0.0,0.0,0.0,0.0,0.0,0.0,0.0,0.0,0.0,0.0,24.95047252,33.00202497
3054,1.0,3.4624999646,61.0,6.0,67.0,42.0,21.0,22.4,21.8,69.0,3.034204672,0.0,27.7935519,0.0
3055,311.6,1155.8916482,6.0,2.0,3.0,3.0,0.0,76.4,9.4,13.0,0.0,0.0,28.87196132,31.00190225
3056,434.0,1624.1045044,4.0,0.0,0.0,12.0,9.0,50.0,3.0,35.0,0.0,0.0,26.02888194,32.00196361
3057,334.8,835.3953926,17.0,52.0,1.0,34.6,3.0,4.0,17.0,28.6,0.0,0.0,24.46028642,21.00128862
3058,411.8,952.91993396,23.0,10.0,9.4,94.0,18.0,25.4,12.0,90.0,0.0,0.0,36.17573422,30.00184089
3059,552.0,1471.3737326,1.0,1.0,1.0,1.0,4.0,59.0,0.0,1.0,0.0,0.0,36.46984588,44.00269997
3060,339.2,1016.7337582,0.0,0.0,0.0,0.0,0.0,0.0,0.0,0.0,0.0,0.0,17.84277406,24.00147271
3061,0.0,0.0,42.2,30.6,17.6,45.0,5.0,15.600000000000001,23.8,98.0,3.034204672,0.0,41.12661384,0.0
3062,498.8,1473.3305362,70.6,64.8,7.4,40.0,206.0,126.2,116.6,332.6,0.0,0.0,39.45998109,38.00233179
3063,426.6,994.13935292,36.0,3.0,3.2,47.6,16.0,33.0,201.0,174.0,0.0,0.0,47.54805175,30.00184089
3064,342.6,828.3297245599999,148.4,180.4,1.0,71.6,30.4,111.4,50.8,179.2,0.0,0.0,59.41055539,27.0016568
3065,388.4,988.3728082800001,104.4,11.0,22.4,187.2,118.8,111.4,133.4,309.0,0.0,0.0,68.57703547,23.00141135
3066,255.6,597.1637745200001,134.0,2.0,4.4,29.0,13.0,210.8,31.2,111.8,0.0,0.0,39.41096248,17.00104317
3067,433.0,1242.2506326,0.0,1.0,1.2,3.0,15.8,19.0,0.0,6.0,0.0,0.0,25.58771445,32.00196361
3068,317.6,950.90429,0.0,0.0,0.0,0.0,0.0,85.0,0.0,0.0,0.0,0.0,21.02898371,23.00141135
3069,0.0,0.0,696.0,301.2,87.0,50.0,88.0,158.4,196.6,1173.0,3.034204672,0.0,207.9676577,0.0
3070,480.4,1279.177779,596.4,704.2,17.2,0.0,0.0,455.0,2793.8,3668.2,1.011401557,0.0,40.39133468,16.00098181
3071,118.4,348.31910272000005,320.4,149.8,15.4,47.0,36.0,168.8,43.2,506.2,0.0,0.0,69.41035184,8.000490903
3072,515.0,1464.047818,51.0,20.0,56.0,115.0,74.0,114.2,119.4,168.6,0.0,0.0,61.37129979,34.00208634
3073,269.2,581.23834142,40.0,5.0,4.4,39.0,27.0,24.0,9.0,84.0,0.0,0.0,25.88182611,19.00116589
3074,288.8,568.76180548,46.2,43.0,7.4,73.8,17.0,241.6,255.4,170.8,0.0,0.0,59.31251817,22.00134998
3075,478.6,1096.3356156,0.0,0.0,0.0,0.0,0.0,42.0,0.0,0.0,0.0,0.0,27.35238441,34.00208634
3076,289.8,819.9273941,10.0,7.0,5.0,14.0,4.0,384.0,14.0,31.0,0.0,0.0,40.63642774,24.00147271
3077,359.0,1048.4838152,2.0,6.0,6.0,0.0,273.0,20.0,12.0,8.0,0.0,0.0,34.01891538,24.00147271
3078,280.6,784.34344788,0.0,0.0,0.0,0.0,0.0,0.0,0.0,0.0,0.0,0.0,76.15641174,30.00184089
3079,617.8,1560.0283259999999,57.0,11.0,103.4,20.6,96.0,14.0,39.0,156.0,1.011401556,0.0,64.61639281,41.00251589
3080,358.8,1269.2592072,0.0,0.0,0.0,0.0,0.0,0.0,0.0,0.0,0.0,0.0,21.27407668,28.00171805
3081,546.4,1612.8000264,0.4,0.0,0.0,0.0,0.0,0.0,0.0,1.6,0.0,0.0,85.76405525,41.00251394
3082,412.8,1290.01237976,57.2,14.0,8.4,40.6,9.0,34.6,44.6,208.0,1.011125494,0.0,76.64400154,67.02756248
3083,72.2,187.40522718,5.0,0.0,21.0,40.0,7.0,8.0,3.0,25.0,0.0,0.0,33.00945769,16.00098181
3084,256.8,772.39773846,1.4,0.8,1.4,6.0,2.0,2.4,0.4,11.6,0.0,0.0,20.32319715,20.00122726
3085,248.8,701.9201101599999,0.0,0.0,0.0,0.0,0.0,43.0,0.0,0.0,0.0,0.0,16.86240186,20.00122726
3086,375.4,973.43679664,0.0,0.0,0.0,0.0,0.0,0.0,0.0,0.0,0.0,0.0,20.9799651,28.00171816
3087,216.4,634.9931367,0.0,0.0,0.0,0.0,0.0,0.0,0.0,0.0,0.0,0.0,28.66642919,16.00098181
3088,399.4,1249.1629785999999,0.0,0.0,0.0,0.0,0.0,0.0,0.0,0.0,0.0,0.0,21.61720703,29.00177952
3089,180.6,481.54774150000003,0.0,0.0,0.0,0.0,0.0,0.0,0.0,0.0,0.0,0.0,11.96054085,16.00098181
3090,180.0,537.23730184,4.0,0.0,0.0,6.0,16.0,12.0,1.0,21.0,0.0,0.0,12.25465251,12.00073635
3091,117.2,356.30174896,0.0,0.0,0.0,0.0,0.0,0.0,0.0,0.0,0.0,0.0,6.568493747,9.000552266
3092,132.0,400.81273652,0.0,0.0,0.0,0.0,0.0,0.0,0.0,0.0,0.0,0.0,9.852740621,13.00079772
3093,0.0,0.0,28.6,7.0,6.0,0.0,0.0,6.6000000000000005,20.0,90.4,1.062691264,0.0,32.57654756,9.456983954
3094,4.800000000000001,15.879246720000001,93.4,41.400000000000006,52.8,0.0,0.0,49.6,132.4,304.6,2.982914966,0.0,91.44053987,26.54522521
3095,435.2,1379.225216,29.4,7.0,16.8,0.0,0.0,7.2,18.2,84.80000000000001,0.633310935,0.0,50.52242639,43.8347031
3096,696.2,2152.7952232,0.0,0.0,0.0,0.0,0.0,0.0,0.0,0.0,0.393799724,0.0,55.41766366,48.07446548
3097,314.6,866.2727606399999,40.8,9.8,98.6,29.0,11.0,9.2,13.2,116.4,0.074943348,0.0,42.42638048,37.04508669
3098,114.0,383.54642304000004,7.0,0.0,4.8,4.0,13.0,5.0,2.0,27.4,9.17e-07,0.0,19.50959345,22.00152058
3099,105.8,331.03075058,19.6,2.0,17.6,25.0,8.0,0.8,8.0,48.4,0.0,0.0,12.74483849,10.00061353
3100,195.0,511.01674164,36.8,2.8,6.4,47.6,7.6,33.8,10.0,70.2,0.0,0.0,23.67598866,18.00110453
3101,225.0,663.8084629,3.0,0.0,0.0,4.0,11.0,2.4,0.0,19.4,0.0,0.0,14.55852719,17.00104317
3102,223.4,710.89006874,0.0,0.0,0.0,0.0,1.0,53.0,0.0,0.0,0.0,0.0,14.36245275,16.00098181
3103,0.0,0.0,185.4,45.8,241.0,18.0,72.0,134.6,560.4,684.6,0.0,0.0,104.1155278,0.0
3104,239.8,649.13290868,12.4,14.8,6.0,0.0,0.0,11.2,23.6,75.8,0.515498425,0.0,39.23015567,39.75804057
3105,287.2,784.28576754,5.6,4.8,4.0,0.0,1.0,8.6,14.4,40.6,0.405525845,0.0,30.86108766,31.27635756
3106,251.8,664.96997576,1.0,2.0,4.0,0.0,0.0,5.0,4.0,8.0,0.0,0.0,14.26441553,17.00104317
3107,211.2,775.3261427799999,0.0,0.0,0.0,0.0,0.0,0.0,0.0,0.0,0.0,0.0,15.63693661,21.00128862
3108,513.2,1610.4308146,3.0,1.0,2.0,0.0,0.0,7.0,1.0,3.4,0.0,0.0,30.16038282,39.31770538
3109,295.0,989.4093645199999,0.0,0.0,0.0,0.0,0.0,0.0,0.0,0.0,0.0,0.0,16.4023026,21.65917902
3110,526.2,1702.3171868,6.2,5.4,2.8,0.0,0.0,7.6,6.6,41.2,0.0,0.0,29.56321612,39.02925199
3111,206.0,582.38836052,11.2,14.2,2.2,1.6,8.399999999999999,5.4,36.2,38.4,0.0,0.0,22.05837452,24.00147271
3112,177.4,477.95300934,16.6,7.8,1.0,12.0,2.0,158.4,14.8,94.0,0.0,0.0,21.66622564,14.00085908
3113,326.0,1061.3003162,0.0,0.0,1.0,2.0,7.0,79.0,1.0,102.0,0.0,0.0,27.49944024,23.00141135
3114,324.2,1040.085703,0.0,0.0,0.0,0.0,0.0,0.0,0.0,0.0,0.0,0.0,20.04861151,27.0016568
3115,250.2,569.90127972,109.2,39.0,68.8,16.0,13.0,101.4,19.6,161.4,0.0,0.0,49.70507414,19.00116589
3116,92.0,281.6901261,46.2,5.0,15.8,0.0,0.0,100.6,22.4,89.0,0.0,0.0,15.98006688,15.00092044
3117,152.6,495.70934094,0.0,0.0,0.0,0.0,0.0,0.0,0.0,0.0,0.0,0.0,8.382182319,11.00067499
3118,288.0,824.1211779,0.0,0.0,0.0,0.0,0.0,0.0,0.0,0.0,1.011401557,33.2173913,21.22505815,28.00171816
3119,479.4,1172.3994724,0.0,0.0,5.0,4.0,0.0,0.0,1.0,0.0,0.0,0.0,34.36204565,46.00282269
3120,173.4,553.13647828,39.0,1.0,3.0,9.0,16.0,34.0,69.0,151.2,0.0,0.0,27.3033658,15.00092044
3121,39.8,125.1777674,0.0,0.0,0.0,0.0,0.0,0.0,0.0,0.0,0.0,0.0,4.362656295,6.000368177
3122,90.0,281.82024928,17.0,4.0,2.0,0.0,9.0,16.0,8.4,80.4,0.0,0.0,21.21539692,10.00061363
3123,88.4,280.53072218,0.0,0.0,0.0,2.4,0.0,0.0,0.0,0.0,0.0,0.0,9.509610351,12.00073635
3124,88.4,283.18738628,0.0,0.0,0.0,0.0,0.0,0.0,0.0,0.0,0.0,0.0,5.882233207,8.000490903
3125,89.8,247.74294808,0.0,0.0,0.0,0.0,0.0,0.0,0.0,0.0,0.0,0.0,12.47708007,16.65301528
3126,134.6,420.50594224,0.0,0.0,0.0,0.0,3.0,0.0,0.0,2.0,0.0,0.0,11.37231754,15.00092045
3127,449.0,1373.37969,65.4,28.8,29.2,0.0,0.0,53.2,37.4,159.6,0.0,0.0,48.71669094,59.28705637
3128,1126.6,3439.4293552,0.0,0.0,0.0,0.0,0.0,0.0,0.0,0.0,0.0,0.0,52.35968329,63.72049158
3129,1309.2,4275.0273142,16.8,4.800000000000001,2.8000000000000003,0.0,0.0,4.4,2.4000000000000004,25.6,0.0,0.0,98.89320195,115.3550846
3130,20.0,45.878124526,0.0,0.0,0.0,0.0,0.0,0.0,0.0,0.0,32.36484983,0.0,7.205735678,10.00061363
3131,8.0,18.178124814,0.0,0.0,0.0,0.0,0.0,0.0,0.0,0.0,19.21662959,0.0,0.39214888,1.000061363
3132,0.0,0.0,0.0,0.0,0.0,0.0,0.0,0.0,0.0,0.0,4.744770608,0.0,25.04796672,0.0
3133,0.0,0.0,99.8,7.4,116.8,48.0,0.0,12.6,23.0,124.0,4.371622138,0.0,23.07809113,1.19e-08
3134,0.0,0.0,0.0,0.0,0.0,0.0,0.0,0.0,0.0,0.0,7.079810913,0.0,6.53e-08,0.0
3135,215.4,626.4252529,7.6000000000000005,3.2,2.8000000000000003,0.0,0.0,4.0,4.0,20.8,5.057007786,0.0,30.2444824,30.00184089
3136,66.8,196.29451796,220.8,41.0,52.2,57.0,45.0,208.2,126.0,572.4,1.011401557,0.0,95.58628961,20.00122726
3137,0.0,0.0,217.6,44.4,116.4,52.0,42.0,44.4,38.2,164.4,5.057007786,0.0,39.31292526,0.0
3138,0.0,0.0,167.0,9.6,240.2,185.0,0.0,19.8,39.0,168.8,4.031829062,0.0,21.28429462,5.95e-08
3139,7.6000000000000005,26.69064874,0.0,0.0,0.0,0.0,0.0,0.0,0.0,0.0,7.079810396,0.0,0.784297705,1.000061291
3140,25.0,85.69687411999999,54.2,13.2,22.4,0.0,0.0,20.200000000000003,24.2,132.6,1.011401557,0.0,45.3422143,32.00196361
3141,0.0,0.0,173.8,66.8,32.8,113.0,40.0,49.8,66.2,320.6,1.011401557,0.0,69.55740767,23.00141135
3142,5.0,9.5218749018,0.0,0.0,0.0,0.0,0.0,0.0,0.0,0.0,12.13681869,0.0,2.450930503,3.000184089
3143,13.0,30.296874686,0.0,0.0,0.0,0.0,0.0,0.0,0.0,0.0,8.091212458,0.0,2.205837452,3.000184089
3144,12.0,30.296874686,0.0,0.0,0.0,0.0,0.0,0.0,0.0,0.0,3.034204672,0.0,11.42133614,6.000368177
3145,0.0,0.0,22.6,0.0,15.4,22.0,0.0,5.6,2.0,14.0,7.839732172,0.0,4.68618112,0.0
3146,1.0,1.731249982,20.8,0.4,28.8,5.0,17.0,3.4,1.0,16.8,2.322682061,0.0,4.474704064,0.0
3147,299.2,708.97523334,48.2,18.2,65.6,41.0,1.0,12.600000000000001,34.8,127.8,0.0,0.0,27.25434719,22.00134998
3148,298.8,723.71289686,322.2,145.2,146.4,395.0,124.0,149.0,132.2,681.6,0.0,0.0,122.6445624,21.00128862
3149,15.0,37.221874616,0.0,0.0,0.0,0.0,0.0,0.0,0.0,0.0,6.068409344,0.0,1.519576912,2.000122726
3150,13.0,34.624999646,13.0,1.0,1.0,0.0,7.0,16.0,5.0,54.0,4.045606229,0.0,10.19587089,2.000122726
3151,18.0,40.684374582,0.0,0.0,0.0,0.0,0.0,0.0,0.0,0.0,5.983890159,0.0,0.870046055,0.986132775
3152,4.0,7.7906249198,550.8,23.4,894.0,78.0,32.0,74.0,143.4,690.4,11.16153658,0.0,53.01756334,0.013928588
3153,0.0,0.0,321.2,61.0,237.6,39.0,90.0,1298.0,140.2,829.2,0.0,0.0,149.3981608,0.0
3154,0.0,0.0,580.0,13.0,233.2,18.0,151.0,26.2,53.8,302.6,1.011401557,0.0,78.25343122,0.0
3155,15.0,34.624999646,0.0,0.0,0.0,0.0,0.0,0.0,0.0,0.0,6.068409344,0.0,1.372521082,2.000122726
3156,19.0,45.012499538,0.0,0.0,0.0,0.0,0.0,0.0,0.0,0.0,5.057007786,0.0,1.813688572,2.000122726
3157,15.0,36.356249628,0.0,0.0,0.0,0.0,0.0,0.0,0.0,0.0,6.068409344,0.0,1.617614132,2.000122726
3158,0.0,0.0,177.4,7.8,476.0,56.0,56.0,21.8,30.0,201.8,0.0,0.0,57.74392004,0.0
3159,8.0,18.178124814,0.0,0.0,0.0,0.0,0.0,0.0,0.0,0.0,0.0,0.0,22.10739313,25.00153407
3160,8.0,19.593557182,0.0,0.0,0.0,0.0,0.0,0.0,0.0,0.0,6.068409344,0.0,1.666632742,2.000122726
3161,6.0,18.178124814,0.0,0.0,0.0,0.0,0.0,0.0,0.0,0.0,0.0,0.0,22.84267229,31.00190225
3162,4.0,7.7906249198,0.0,0.0,0.0,0.0,0.0,0.0,0.0,0.0,5.057007786,0.0,0.19607444,0.0
3163,1.0,1.731249982,50.4,3.0,222.8,7.0,6.0,6.8,19.8,72.0,2.022803115,0.0,28.93094649,0.0
3164,1.0,4.3281249552,336.0,15.0,422.8,68.0,64.0,60.4,63.2,414.6,0.0,0.0,94.89067315,0.0
3165,0.0,0.0,180.8,12.4,720.4,22.0,58.0,40.8,99.0,358.6,0.0,0.0,78.52781202,0.0
3166,2.0,3.0,0.0,0.0,0.0,0.0,0.0,0.0,0.0,0.0,0.0,0.0,28.96999854,39.00239315
3167,118.60000000000001,288.11055616000004,0.0,0.0,0.0,0.0,0.0,0.0,0.0,0.0,0.0,0.0,15.68595522,21.00128862
3168,214.60000000000002,533.2631672673999,0.0,0.0,0.0,0.0,0.0,0.0,0.0,0.0,5.057007786,0.0,2.450930503,3.000184089
3169,9.0,22.506249764,46.2,2.0,60.6,3.0,11.0,4.0,7.4,49.2,4.045606229,0.0,10.29390811,1.000061363
3170,8.0,19.995420609,0.0,0.0,0.0,0.0,0.0,0.0,0.0,0.0,0.0,0.0,9.11746147,12.00073635
3171,494.0,1277.08378728,0.0,0.0,0.0,0.0,0.0,0.0,0.0,0.0,0.0,0.0,23.82304449,21.00128862
3172,8.4,17.679246720000002,5.2,1.2000000000000002,1.2000000000000002,0.0,0.0,3.6,1.6,13.200000000000001,0.0,0.0,24.26421198,15.00092044
3173,14.0,39.191332324,8.8,1.6,4.800000000000001,0.0,0.0,14.4,3.2,15.200000000000001,0.0,0.0,16.51927159,14.00085908
3174,3.0,8.6562499108,6.4,1.0,0.0,0.0,3.0,6.0,1.4,18.0,0.0,0.0,20.24468595,17.00104317
3175,0.0,0.0,654.8,348.4,18.6,3.0,58.0,43.8,32.2,620.6,0.0,0.0,88.47859115,0.0
3176,340.6,835.58435596,11.200000000000001,4.4,6.800000000000001,0.0,0.0,5.6000000000000005,11.200000000000001,54.800000000000004,0.0,0.0,23.92108171,20.00122726
3177,0.0,0.0,413.6,297.6,345.0,8.0,111.0,161.4,146.2,775.8,0.0,0.0,148.2525153,0.0
3178,0.0,0.0,831.4,454.6,48.2,2.0,78.0,145.2,158.4,983.2,0.0,0.0,145.8794853,0.0
3179,565.6,1489.2831747999999,58.8,13.8,32.6,4.0,17.6,33.4,65.4,138.6,1.011401541,0.0,43.08735756,41.00251523
3180,84.0,196.14119595999998,155.6,62.0,30.2,3.6,40.0,69.0,122.4,321.6,0.0,0.0,47.98921924,6.000368177
3181,42.6,92.663842462,112.2,157.4,5.8,3.0,9.0,20.2,27.0,118.4,0.0,0.0,22.59757924,3.000184089
3182,137.2,373.08648012000003,1.6,0.0,1.0,0.0,7.0,67.4,1.2,11.0,0.0,0.0,11.86250363,9.000552266
3183,264.2,707.61748114,87.2,113.4,14.2,2.0,53.2,48.0,193.4,367.4,0.0,5.536231883,55.93023407,18.00110453
3184,294.8,658.84659374,45.0,31.8,29.2,3.0,7.0,17.2,95.6,89.4,0.0,0.0,29.16607298,19.00116589
3185,363.2,759.5875642,24.8,7.0,2.2,1.6,10.6,10.6,23.8,68.4,0.0,0.0,24.90145391,21.00128862
3186,188.8,375.38746724,54.0,94.0,73.0,1.0,6.0,8.8,7.8,160.2,0.0,0.0,29.60724047,13.00079772
3187,555.8,1414.035699,19.0,83.0,5.2,3.0,21.0,52.2,35.0,180.8,0.0,0.0,60.50869438,39.00239315
3188,354.6,1247.2701816,0.0,0.0,0.0,0.0,0.0,59.0,0.0,0.0,1.011401557,0.0,27.25434719,33.00202497
3189,244.8,910.42764854,0.0,0.0,0.0,0.0,0.0,0.0,0.0,0.0,0.0,0.0,14.75460163,20.00122726
3190,201.4,735.93129538,12.4,4.0,1.6,0.0,0.0,1.6,8.8,21.0,1.011401557,0.0,19.90155568,15.00092044
3191,314.2,801.4890229,38.2,23.0,19.8,2.0,23.0,77.4,19.4,148.8,0.0,0.0,26.56808665,27.0016568
3192,59.4,153.51151134,0.0,0.0,0.0,0.0,0.0,110.0,0.0,0.0,0.0,0.0,8.529238149,4.000245451
3193,208.6,531.01005326,147.2,22.8,12.8,61.8,45.0,78.0,56.6,329.8,0.0,0.0,49.36174032,13.00079772
3194,252.4,668.39050736,149.8,108.4,38.6,9.0,88.0,133.4,158.6,457.0,0.0,0.0,69.36133323,16.00098181
3195,264.8,703.50130724,0.0,0.0,0.0,0.0,0.0,40.0,0.0,0.0,0.0,0.0,15.0977319,18.00110453
3196,242.6,621.79470178,28.0,0.0,0.0,0.0,0.0,84.0,0.0,5.0,0.0,0.0,18.33296016,17.00104317
3197,421.6,1349.0455994000001,0.0,0.0,0.0,0.0,0.0,48.0,0.0,0.0,0.0,5.536231883,23.33285839,28.00171816
3198,189.4,663.59862086,0.0,0.0,0.0,0.0,0.0,122.0,0.0,0.0,0.0,0.0,18.18590433,16.00098181
3199,295.6,1040.377373,0.0,0.0,0.0,0.0,0.0,0.0,0.0,0.0,0.0,0.0,15.98006688,21.00128862
3200,132.6,394.4595827,27.2,2.6,3.6,1.0,8.2,28.2,8.8,113.2,1.011401557,0.0,19.75449985,12.00073635
3201,510.4,1593.0156082,0.0,0.0,0.0,0.0,0.0,0.0,0.0,0.0,0.0,0.0,34.16597121,46.00282269
3202,535.0,1648.1520922,20.0,7.0,18.6,3.0,4.0,16.0,5.0,39.8,0.0,0.0,33.82284067,37.00227014
3203,316.4,1085.2881146,0.0,0.0,0.4,0.0,0.0,48.0,0.0,0.0,0.0,0.0,20.53879761,24.00147271
3204,329.4,690.20111476,19.4,7.2,5.2,4.0,6.8,19.0,168.0,39.4,0.0,0.0,31.96013376,22.00134998
3205,146.4,294.94624120000003,39.6,56.4,22.0,16.0,77.8,244.8,115.6,242.6,0.0,0.0,51.27346612,10.00061363
3206,173.0,424.24018244,15.8,20.4,0.0,0.0,5.0,23.2,3.0,162.2,0.0,0.0,18.92118348,12.00073635
3207,291.8,781.97940254,42.4,31.4,6.4,131.0,8.0,33.0,16.2,143.2,0.0,0.0,35.78358534,21.00128862
3208,212.4,533.26696294,3.8,14.0,0.0,0.0,2.0,6.2,13.8,13.2,0.0,0.0,12.74483861,14.00085908
3209,447.6,1274.3648028,75.0,19.6,17.6,3.0,5.0,31.0,44.400000000000006,188.4,1.011401557,0.0,46.76375399,37.00227043
3210,280.2,726.09360282,1.0,0.0,1.0,0.0,1.0,1.0,0.0,22.0,0.0,0.0,14.95067607,18.00110453
3211,640.0,2085.9463864,58.4,48.0,3.6,2.0,20.6,126.2,19.0,263.6,0.0,0.0,58.57723902,42.00257724
3212,414.8,1417.4226978,4.4,0.0,1.0,0.0,10.0,9.0,3.0,20.4,0.0,0.0,28.57784966,35.0021477
3213,137.2,395.45533086,83.6,26.8,26.4,0.0,0.0,50.400000000000006,31.8,146.6,1.011401557,0.0,28.67588688,19.00116589
3214,161.2,345.41062812,86.4,54.0,41.6,3.0,50.8,133.6,93.2,471.8,0.0,0.0,57.10668071,10.00061363
3215,458.8,1243.080616,132.4,52.0,68.2,7.0,64.0,321.4,86.2,679.4,0.0,0.0,110.8800959,43.0026386
3216,279.8,681.35284352,0.8,0.4,0.0,0.0,0.0,93.4,0.0,5.4,0.0,0.0,18.5290346,18.00110453
3217,191.6,580.07471956,0.0,0.0,0.0,0.0,0.0,0.0,0.0,0.0,0.0,0.0,9.803722011,13.00079772
3218,466.6,1533.8675546,1.0,1.0,1.0,0.0,0.0,12.4,2.0,6.0,0.0,0.0,24.3622492,31.00190225
3219,393.2,1306.4621014,4.0,1.0,1.0,0.0,7.0,76.0,1.0,24.0,0.0,0.0,23.57795144,27.0016568
3220,363.8,1276.7349636000001,0.0,0.0,0.0,0.0,0.0,0.0,0.0,0.0,0.0,0.0,18.72510904,25.00153407
3221,564.6,1921.4555994,0.0,0.0,0.0,0.0,0.0,0.0,0.0,0.0,0.0,0.0,28.52883105,38.00233179
3222,337.4,879.1980837399999,83.8,45.4,51.4,0.0,0.0,56.0,78.8,333.6,1.011401557,0.0,115.802806,40.00245451
3223,239.4,723.51454858,0.0,0.0,0.0,0.0,0.0,0.0,0.0,0.0,0.0,0.0,70.59778278,17.00104317
3224,401.0,1392.8766568,29.6,4.6,5.0,1.0,12.6,75.6,11.6,136.4,0.0,0.0,35.73456673,28.00171816
3225,457.6,1486.5383557999999,0.0,0.0,0.0,0.0,0.0,0.0,0.0,0.0,0.0,0.0,25.53869584,34.00208634
3226,264.2,842.1691795,0.0,0.0,0.0,0.0,0.0,68.0,0.0,0.0,0.0,0.0,17.64669962,19.00116589
3227,21.6,63.658603874,8.4,2.8000000000000003,3.2,0.0,0.0,13.200000000000001,8.4,19.6,1.011401557,0.0,77.0781041,10.00061363
3228,39.4,132.25071128,0.0,0.0,0.0,0.0,0.0,0.0,0.0,0.0,2.022803115,0.0,3.578358534,5.000306814
3229,0.0,0.0,0.0,0.0,0.0,0.0,0.0,0.0,0.0,0.0,5.057007786,0.0,0.0,0.0
3230,165.8,503.75599432,0.4,2.4,0.8,3.8,1.0,0.4,3.0,18.0,0.0,0.0,13.1860061,14.00085908
3231,184.6,628.33987698,0.0,0.0,0.0,2.0,0.0,1.0,0.0,0.0,0.0,0.0,9.558628961,13.00079772
3232,353.0,999.39732168,64.4,2.4,58.2,126.0,21.0,9.4,6.0,62.0,0.0,0.0,37.94040418,27.0016568
3233,245.0,732.48144926,0.0,0.0,0.0,0.0,0.0,0.0,0.0,0.0,0.0,0.0,19.65646263,26.00159543
3234,257.6,745.77225694,0.0,0.0,0.0,0.0,0.0,0.0,0.0,0.0,0.0,0.0,41.46974411,55.00337496
3235,157.6,463.23643558000003,0.0,0.0,0.0,0.0,0.0,0.0,0.0,0.0,0.0,0.0,19.75449985,26.00159543
3236,295.8,876.6882036,2.8000000000000003,0.8,49.4,7.0,1.0,184.0,0.4,8.0,0.0,0.0,26.42103082,20.00122726
3237,292.8,863.3586966,29.4,1.2,3.5999999999999996,1.2,7.199999999999999,6.6,3.0,90.0,0.0,0.0,18.23492294,23.00141135
3238,0.0,0.0,53.800000000000004,21.8,20.8,0.0,0.0,29.8,28.200000000000003,132.60000000000002,2.022802787,0.0,39.99917933,20.00122402
3239,772.2,2014.9538545999999,91.0,21.2,31.0,0.0,0.0,25.4,24.4,238.60000000000002,1.011401557,0.0,86.71422651,84.00515448
3240,117.4,326.4918347,8.8,0.8,3.2,0.0,0.0,3.6,3.2,25.200000000000003,1.011401557,0.0,24.75439808,24.00147271
3241,436.4,1236.9068296,47.8,12.2,73.6,1.0,7.0,12.200000000000001,20.0,101.0,1.011401557,0.0,81.27336434,39.00239315
3242,137.0,390.05595682,13.4,5.6000000000000005,4.4,0.0,2.4,9.200000000000001,5.6000000000000005,41.0,1.011401557,0.0,24.55832364,20.00122726
3243,577.2,1401.2958586,64.2,24.8,22.4,0.0,0.0,21.8,26.0,162.0,0.604077694,0.0,68.78450154,28.67061439
3244,325.2,834.5633001,6.0,0.8,2.0,0.0,0.0,1.6,0.8,11.600000000000001,0.407324316,0.0,46.38076537,19.33233555
3245,494.0,1258.3723046,116.2,22.0,25.8,9.0,23.0,63.8,82.4,244.2,1.011401557,0.0,75.5866967,41.00251588
3246,18.0,46.09007559,89.8,6.0,111.6,139.0,28.0,18.6,9.8,104.4,0.0,0.0,28.52883105,5.000306814
3247,162.6,490.35193532,15.4,4.0,10.0,0.0,0.0,38.0,8.0,36.8,3.034204672,0.0,18.43099738,17.00104317
3248,219.0,634.51366338,1.2000000000000002,0.0,9.0,0.0,0.0,0.0,0.0,2.4000000000000004,2.022803115,0.0,19.95057429,22.00134998
3249,359.2,988.6991708,1.0,0.0,0.0,0.0,0.0,1.0,0.0,7.0,1.011401557,0.0,37.85233352,40.00245451
3250,60.400000000000006,174.20890122,0.0,0.0,0.0,0.0,0.0,0.0,0.0,0.0,0.0,0.0,19.61741058,16.00098181
3251,19.6,59.116418878,0.0,0.0,0.0,0.0,0.0,0.0,0.0,0.0,0.0,0.0,2.058781622,3.000184089
3252,13.4,39.101068548,0.0,0.0,0.0,0.0,0.0,0.0,0.0,0.0,0.0,0.0,1.568595522,2.000122726
3253,13.8,40.64240616,0.0,0.0,0.0,0.0,0.0,0.0,0.0,0.0,0.0,0.0,1.960744402,3.000184089
3254,26.8,80.527271858,0.0,0.0,0.0,0.0,0.0,0.0,0.0,0.0,0.0,0.0,4.70578654,6.000368145
3255,815.8,2445.9900738,59.400000000000006,19.4,12.6,0.0,0.0,13.8,20.6,126.0,1.011401557,0.0,77.44940389,85.00521584
3256,1001.2,2785.764069,6.4,0.4,1.2,0.0,0.0,0.4,0.4,10.6,1.011401543,0.0,77.89057023,50.00306741
3257,127.2,389.09795908,0.0,0.0,0.0,0.0,0.0,0.0,0.0,0.0,2.022803003,0.0,9.166479574,10.00061308
3258,651.2,1930.065874,26.8,10.0,7.0,0.0,0.0,9.0,10.8,56.2,2.022803115,0.0,39.0188136,50.00306814
3259,9.2,32.28415313000001,0.0,0.0,0.0,0.0,0.0,0.0,0.0,0.0,4.045606229,0.0,1.225465251,2.000122726
3260,222.4,634.11296002,6.4,1.0,10.6,1.0,0.0,3.0,0.0,8.4,1.011401557,0.0,43.47991422,29.00177952
3261,245.2,713.72726046,197.8,120.0,56.4,5.0,57.8,208.8,69.2,501.8,0.0,0.0,79.26309061,22.00134947
3262,64.4,183.75281478000002,29.0,2.4,5.4,7.0,9.0,20.4,9.0,96.0,0.0,0.0,29.41727131,17.41580746
3263,293.6,817.09652934,2.6,26.2,3.6,0.0,2.2,2.8,2.2,36.2,0.0,0.0,43.21905633,25.58683155
3264,83.80000000000001,238.25154780000003,0.0,0.0,0.0,0.0,0.0,0.0,0.0,0.0,5.7e-08,0.0,10.97252675,14.70934444
3265,120.4,354.03545452000003,0.0,0.0,0.0,0.0,0.0,0.0,0.0,0.0,9.34e-09,0.0,12.89953722,17.29262008
3266,233.6,631.8947497,0.0,0.0,0.0,0.0,0.0,0.0,0.0,0.0,1.415723578,0.0,15.0265735,17.2648167
3267,157.0,418.86495606,12.4,4.8,13.6,0.0,0.0,7.8,3.4,31.6,1.618481027,0.0,17.17865288,19.73745329
3268,96.80000000000001,276.656974,0.0,0.0,0.0,0.0,0.0,0.0,0.0,0.0,0.0,0.0,13.4282255,18.05524074
3269,586.8,1827.1573091999999,0.0,0.0,0.0,0.0,0.0,0.0,0.0,0.0,0.0,0.0,42.35495248,56.94936113
3270,156.8,416.89549838,135.2,64.2,23.2,39.0,20.0,32.4,28.2,259.0,0.0,0.0,34.85223175,15.00092044
3271,507.4,1371.24910804,47.6,3.2,24.8,0.0,5.0,16.8,8.8,55.800000000000004,1.011401557,0.0,106.7145318,69.00423404
3272,794.4000000000001,2388.1551688,66.4,14.200000000000001,21.8,0.0,0.0,26.400000000000002,15.8,140.6,2.022803115,0.0,101.2724484,91.00558402
3273,738.8,2101.2049652,22.8,7.2,4.4,0.0,0.0,8.8,5.6000000000000005,51.2,2.022803115,0.0,73.52791508,81.00497039
3274,736.4,2397.4208038,7.2,1.6,4.0,0.0,0.0,8.8,2.0,10.8,1.011401557,0.0,57.64588542,71.00435676
3275,35.2,103.10596466600002,0.0,0.0,0.0,0.0,0.0,0.0,0.0,0.0,6.068409344,0.0,5.588121546,7.00042954
3276,41.400000000000006,118.97888444400002,8.0,1.0,2.0,0.0,2.0,17.4,3.0,28.0,2.022803115,0.0,8.235126489,7.00042954
3277,104.2,324.8874388,22.6,4.0,31.4,4.4,11.6,125.8,21.799999999999997,60.8,1.011401557,0.0,22.49954201,7.00042954
3278,154.6,441.68280554,8.2,4.8,1.0,4.0,42.8,10.6,2.2,40.2,0.0,0.0,20.9799651,10.00061363
3279,384.8,1109.7774247999998,4.4,2.0,2.4,0.0,0.0,5.4,2.0,15.4,0.0,0.0,21.86230008,27.0016568
3280,257.8,774.65791732,3.0,0.0,0.0,0.0,0.0,2.0,0.0,10.0,0.0,0.0,22.84267229,30.00184089
3281,209.60000000000002,652.91122614,0.0,0.0,0.0,0.0,0.0,0.0,0.0,0.0,0.0,0.0,26.3229936,35.0021477
3282,565.0,1804.4965772,25.0,84.0,20.4,24.0,3.0,10.4,1.0,29.0,0.0,0.0,66.47940534,59.00362041
3283,280.8,812.30675184,130.0,2.0,6.4,6.0,8.0,67.0,4.4,74.4,0.0,0.0,27.84257051,29.00177952
3284,434.8,1293.21062672,0.0,0.0,0.0,0.0,0.0,0.0,0.0,0.0,2.022803115,0.0,60.76385577,56.00343632
3285,216.6,681.9459907400001,0.0,0.0,0.0,0.0,0.0,0.0,0.0,0.0,2.022803115,0.0,26.8131797,36.00220906
3286,251.0,576.6384762399999,53.6,29.4,2.0,23.0,13.0,17.4,22.0,88.4,0.0,0.0,29.27397499,28.00171816
3287,252.6,550.37172966,54.6,50.0,16.6,35.0,15.0,44.6,12.0,161.2,0.0,0.0,47.37180866,28.00171816
3288,316.6,827.92691228,33.0,10.2,6.4,1.0,8.0,29.6,68.4,91.4,0.0,0.0,37.5482553,36.00220906
3289,231.20000000000002,578.80227536,47.6,6.6,8.2,0.0,0.0,11.0,13.0,85.80000000000001,2.022803115,0.0,32.40130125,37.00227043
3290,113.0,306.31799546,10.0,4.4,2.6,0.0,9.0,16.8,16.2,88.0,0.0,0.0,18.5290346,14.00085908
3291,127.6,407.66951136,66.2,28.2,4.6,0.0,18.0,155.8,35.2,80.4,0.0,0.0,31.86209654,8.000490903
3292,278.4,628.19825998,24.0,7.0,10.0,19.8,74.0,19.2,25.8,104.6,0.0,0.0,31.51896626,25.00153407
3293,398.8,992.0566440599999,101.6,25.0,21.4,101.0,65.0,149.6,893.8,447.0,0.0,0.0,119.1152224,28.00171816
3294,384.6,981.88953126,2.8,0.4,0.4,0.0,0.0,0.4,1.8,8.8,0.0,0.0,59.08756179,35.0021477
3295,387.0,1035.12499392,9.0,1.0,1.0,1.0,12.0,10.0,1.0,41.0,0.0,0.0,33.03854318,39.00239315
3296,219.4,711.56578134,0.0,0.0,5.0,0.0,24.0,0.0,3.0,4.0,0.0,0.0,12.94091305,15.00092044
3297,221.8,634.42550862,0.0,0.0,0.0,0.0,0.0,0.0,0.0,0.0,0.0,0.0,12.74483861,17.00104317
3298,330.2,1022.9537304800001,0.0,0.0,0.0,0.0,0.0,50.0,0.0,3.0,0.0,0.0,22.84267229,27.0016568
3299,235.0,702.8656653200001,0.0,0.0,0.0,0.0,0.0,64.0,0.0,0.0,0.0,0.0,87.07790055,31.00190225
3300,317.2,932.9981167200001,0.0,0.0,0.0,0.0,0.0,0.0,0.0,0.0,0.0,0.0,62.79334835,50.00306814
3301,649.0,1899.0471003999999,2.8000000000000003,1.2000000000000002,0.4,0.0,0.0,8.8,1.6,7.2,0.0,0.0,44.90104681,54.00331359
3302,383.4,1118.77269138,4.800000000000001,2.6,10.600000000000001,0.0,0.0,8.0,3.2,24.200000000000003,1.011401557,0.0,26.27397499,35.0021477
3303,617.2,1875.8116758,2.0,0.0,0.0,5.0,4.0,3.0,0.0,17.0,0.0,16.60869565,44.68544635,52.00319087
3304,339.2,1092.06843994,10.0,0.0,1.0,12.0,4.0,9.0,1.0,44.0,0.0,0.0,27.20532858,31.00190225
3305,12.2,31.416419156,0.0,0.0,0.0,0.0,0.0,0.0,0.0,0.0,0.0,0.0,1.813688572,2.000122726
3306,397.4,1144.57472732,3.0,1.0,0.4,0.0,2.0,69.0,1.0,11.0,0.0,0.0,68.74432974,45.00276133
3307,303.8,876.4028605999999,0.4,0.0,0.0,0.0,0.0,47.0,0.0,0.0,0.0,0.0,19.9995929,24.00147271
3308,321.4,900.95196002,0.0,0.0,0.0,2.0,3.0,0.0,0.0,0.0,0.0,0.0,17.98982989,23.00141135
3309,70.2,217.635036878,0.0,0.0,0.0,0.0,0.0,0.0,0.0,0.0,0.0,0.0,9.46059174,13.00079772
3310,400.2,1254.5016143999999,0.0,0.0,0.0,0.0,0.0,0.0,0.0,0.0,0.0,0.0,23.97010032,32.00196361
3311,260.6,812.4640806,4.0,1.2000000000000002,0.0,0.0,0.0,1.6,1.6,5.2,1.011401557,0.0,18.77412765,18.00110453
3312,337.0,1047.3663796,24.8,6.0,5.6000000000000005,0.0,0.0,10.0,6.800000000000001,62.0,1.011401557,0.0,23.52893283,24.00147271
3313,239.8,773.68937456,14.4,1.0,0.0,2.0,6.0,16.0,3.0,46.4,0.0,0.0,20.78389066,22.00134998
3314,378.4,1268.0231423999999,0.0,0.0,2.0,1.0,0.0,7.0,1.0,7.0,0.0,0.0,22.59757924,29.00177952
3315,689.4000000000001,2021.1803656000002,55.6,14.0,10.6,2.0,0.0,11.8,9.4,125.60000000000001,1.011401557,0.0,101.2724484,99.00607492
3316,495.8,1507.7027766,19.4,1.0,2.0,30.0,15.0,13.0,11.0,104.0,0.0,0.0,47.25394009,50.00306814
3317,303.0,979.38386888,6.0,0.0,0.0,14.0,8.0,4.0,1.0,40.4,0.0,0.0,17.86484887,19.18277364
3318,426.4,1402.1563166,48.8,13.2,18.6,0.0,2.0,26.4,23.4,138.4,0.0,0.0,61.4009957,45.00276116
3319,373.4,1237.9581486,78.8,27.2,15.4,0.0,0.0,17.8,4.6,157.6,2.022803115,0.0,95.12651206,29.00177952
3320,513.6,1379.7769214,0.0,0.0,0.0,0.0,0.0,0.0,0.0,0.0,0.0,0.0,38.72470194,52.00319087
3321,6.0,20.774999788,0.0,0.0,0.0,0.0,0.0,0.0,0.0,0.0,0.0,0.0,14.46048997,19.00116589
3322,5.0,7.7906249198,0.0,0.0,0.0,0.0,0.0,0.0,0.0,0.0,0.0,0.0,14.95067607,20.00122726
3323,0.0,0.0,0.0,0.0,0.0,0.0,0.0,0.0,0.0,0.0,0.0,0.0,17.25455074,23.00141135
3324,9.0,35.490624634,0.0,0.0,0.0,0.0,0.0,0.0,0.0,0.0,0.0,0.0,17.30356935,23.00141135
3325,7.0,17.31249982,0.0,0.0,0.0,0.0,0.0,0.0,0.0,0.0,0.0,0.0,21.27407676,28.00171816
3326,10.0,25.103124737999998,0.0,0.0,0.0,0.0,0.0,0.0,0.0,0.0,0.0,0.0,17.00945769,23.00141135
3327,12.0,37.221874616,0.0,0.0,0.0,0.0,0.0,0.0,0.0,0.0,1.011401557,0.0,35.04830619,47.00288405
3328,8.0,24.23749975,0.0,0.0,0.0,0.0,0.0,0.0,0.0,0.0,0.0,0.0,36.96003198,49.00300678
3329,16.0,49.340624487999996,0.0,0.0,0.0,0.0,0.0,0.0,0.0,0.0,0.0,0.0,15.19576912,20.00122726
3330,7.0,22.506249764,0.0,0.0,0.0,0.0,0.0,0.0,0.0,0.0,0.0,0.0,19.75449985,26.00159543
3331,12.0,28.56562471,0.0,0.0,0.0,0.0,0.0,0.0,0.0,0.0,0.0,0.0,19.80351846,26.00159543
3332,9.0,23.371874762,0.0,0.0,0.0,0.0,0.0,0.0,0.0,0.0,0.0,0.0,22.10739313,30.00184089
3333,56.0,206.01874784,0.0,0.0,0.0,0.0,0.0,0.0,0.0,0.0,32.36484983,0.0,2.745042163,4.000245451
3334,16.0,54.534374436,0.0,0.0,0.0,0.0,11.0,2.0,0.0,0.0,24.27363737,0.0,13.08796888,17.00104317
3335,14.0,47.609374512,0.0,0.0,0.0,0.0,0.0,0.0,0.0,0.0,0.0,0.0,15.34282495,20.00122726
3336,4.0,16.446874828,0.0,0.0,0.0,0.0,0.0,0.0,0.0,0.0,0.0,0.0,18.87216487,25.00153407
3337,4.0,12.118749878000001,0.0,0.0,0.0,0.0,0.0,0.0,0.0,0.0,0.0,0.0,22.64659785,30.00184089
3338,10.0,32.028124672,0.0,0.0,0.0,0.0,0.0,0.0,0.0,0.0,0.0,0.0,18.23492294,24.00147271
3339,21.0,49.340624487999996,0.0,0.0,0.0,0.0,0.0,0.0,0.0,0.0,0.0,0.0,17.94081128,24.00147271
3340,7.0,14.715624845999999,0.0,0.0,0.0,0.0,0.0,0.0,0.0,0.0,0.0,0.0,30.04840796,40.00245451
3341,18.2,60.723872588,0.0,0.0,0.0,0.0,0.0,0.0,0.0,0.0,0.0,0.0,21.12702093,28.00171816
3342,32.2,102.59601673200001,0.0,0.0,0.0,0.0,0.0,0.0,0.0,0.0,0.0,0.0,22.8916909,31.00190225
3343,22.200000000000003,81.313177966,0.0,0.0,0.0,0.0,0.0,0.0,0.0,0.0,0.0,0.0,20.44076039,27.0016568
3344,19.0,64.921874332,17.4,1.0,2.0,1.0,6.0,16.4,4.0,63.6,0.0,0.0,57.489779,20.00122726
3345,29.8,77.148708738,11.0,0.0,14.2,1.0,3.0,1.4,0.0,15.4,0.0,0.0,15.14675051,17.00104317
3346,21.4,54.494515,0.0,0.0,0.0,0.0,0.0,0.0,0.0,0.0,0.0,0.0,14.65656441,20.00122726
3347,46.8,138.62073698400002,17.0,2.0,2.0,1.0,5.0,16.4,6.0,63.2,0.0,0.0,70.86230008,22.00134998
3348,12.0,40.684374582,0.0,0.0,0.0,0.0,0.0,0.0,0.0,0.0,43.49026696,0.0,2.794060773,4.000245451
3349,273.4,776.38168018,0.0,0.0,0.0,0.0,0.0,0.0,0.0,0.0,0.0,0.0,31.27387321,42.00257724
3350,22.8,69.40427017600001,0.0,0.0,0.0,0.0,0.0,0.0,0.0,0.0,0.0,0.0,19.70548124,26.00159543
3351,29.6,96.9185755,0.0,0.0,0.0,0.0,0.0,0.0,0.0,0.0,0.0,0.0,19.85253707,27.0016568
3352,26.200000000000003,84.645554706,5.0,0.0,4.4,1.0,2.0,28.0,1.0,18.0,0.0,0.0,18.43099738,24.00147271
3353,81.2,255.16123528800006,0.0,0.0,0.0,0.0,0.0,0.0,0.0,0.0,0.0,0.0,21.81328147,28.00171816
3354,27.8,68.02869724600001,0.0,0.0,0.0,0.0,0.0,0.0,0.0,0.0,0.0,0.0,12.84287583,17.00104317
3355,37.0,96.154708082,0.0,0.0,0.0,0.0,0.0,0.0,0.0,0.0,0.0,0.0,65.68575167,34.00208634
3356,11.2,33.021763894,0.0,0.0,0.0,0.0,0.0,0.0,0.0,0.0,0.0,0.0,21.22505815,28.00171816
3357,24.8,75.653557482,0.0,0.0,0.0,0.0,0.0,0.0,0.0,0.0,0.0,0.0,19.70548124,26.00159543
3358,28.4,89.50144837399999,0.0,0.0,0.0,0.0,0.0,0.0,0.0,0.0,0.0,0.0,46.28394155,24.00147271
3359,82.80000000000001,248.62966286,1.0,0.0,2.0,0.0,1.0,1.0,0.0,4.0,0.0,0.0,26.12691916,34.00208634
3360,60.0,182.73407902,0.0,0.0,0.0,0.0,0.0,0.0,0.0,0.0,0.0,0.0,26.8131797,36.00220906
3361,72.4,203.827005424,1.2000000000000002,0.8,1.6,0.0,0.0,2.0,0.8,3.2,0.0,0.0,29.01901715,33.00202497
3362,50.800000000000004,136.909416734,0.0,0.0,0.0,0.0,0.0,0.0,0.0,0.0,0.0,0.0,17.5486624,23.00141135
3363,241.0,676.33350522,0.0,0.0,0.0,0.0,0.0,0.0,0.0,0.0,1.011401557,0.0,29.90135213,40.00245451
3364,35.0,102.143748972,0.0,1.0,3.0,0.0,118.0,16.0,4.0,1.0,18.20522803,0.0,9.11746147,3.000184089
3365,7.0,19.909374794,3.0,0.0,0.0,5.0,2.0,3.0,1.0,15.0,4.045606229,0.0,24.3622492,31.00190225
3366,20.0,53.668749448,0.0,0.0,0.0,0.0,0.0,0.0,0.0,0.0,0.0,0.0,24.70537947,33.00202497
3367,18.2,47.611483494,0.0,0.0,0.0,0.0,0.0,0.0,0.0,0.0,0.0,0.0,23.92108171,32.00196361
3368,13.8,36.314281210000004,0.0,0.0,0.0,0.0,0.0,0.0,0.0,0.0,0.0,0.0,7.941014829,11.00067499
3369,29.6,83.33820685200001,2.8000000000000003,0.4,0.4,0.0,0.0,2.8,0.0,4.2,0.0,0.0,9.705684791,13.00079772
3370,68.6,193.26952287400002,4.0,0.4,0.4,0.0,1.0,6.0,1.0,10.0,0.0,0.0,16.96043908,21.00128862
3371,10.2,30.382920502,0.0,0.0,0.0,0.0,0.0,0.0,0.0,0.0,0.0,0.0,20.14664873,27.0016568
3372,62.0,160.661116192,0.0,0.0,0.0,0.0,0.0,0.0,0.0,0.0,0.0,0.0,20.29370456,27.0016568
3373,85.0,237.96620478399998,16.0,3.6,19.6,2.0,1.0,34.6,3.2,30.6,0.0,0.0,64.08756179,25.00153407
3374,86.0,233.324371202,5.0,0.0,2.4,0.0,3.0,5.0,1.0,19.2,0.0,0.0,30.41126781,30.00184089
3375,87.4,234.81741346400003,0.0,0.0,0.0,0.0,0.0,0.0,0.0,0.0,0.0,0.0,25.44065862,26.00159543
3376,101.2,282.36488984000005,53.4,14.0,12.8,0.0,0.0,25.8,17.2,102.2,0.0,0.0,40.4893719,37.00227043
3377,118.80000000000001,322.92125016,43.6,7.2,10.4,0.0,5.0,36.8,24.2,107.4,2.022803115,0.0,36.81297615,23.00141135
3378,4.0,10.387499892,0.0,0.0,0.0,0.0,0.0,0.0,0.0,0.0,1.011401557,0.0,1.127428031,2.000122726
3379,1.0,1.731249982,0.0,0.0,0.0,0.0,0.0,0.0,0.0,0.0,0.0,0.0,13.03895027,17.00104317
3380,3.0,8.6562499108,0.0,0.0,0.0,0.0,0.0,0.0,0.0,0.0,1.011401557,0.0,22.98972812,31.00190225
3381,5.2,14.527821463999999,0.0,0.0,0.0,0.0,0.0,0.0,0.0,0.0,1.011401557,0.0,16.86240186,23.00141135
3382,40.400000000000006,137.50751944,0.0,0.0,0.0,0.0,0.0,0.0,0.0,0.0,1.011401557,0.0,18.97020209,25.00153407
3383,30.0,96.203003416,1.0,0.0,1.0,0.0,0.0,0.0,0.0,0.4,3.034204672,0.0,10.7350756,14.00085908
3384,18.6,54.644567933999994,0.0,0.0,0.0,0.0,0.0,0.0,0.0,0.0,4.045606229,0.0,1.666632742,2.000122726
3385,293.6,749.0253372460002,0.0,0.0,0.0,0.0,0.0,0.0,0.0,0.0,3.034204672,0.0,82.8904696,82.00503176
3386,26.6,69.8082425792,59.0,11.4,18.6,0.0,0.0,23.8,18.0,124.80000000000001,3.034204672,0.0,112.8908767,7.00042954
3387,70.0,190.43749802,0.0,0.0,0.0,0.0,0.0,0.0,0.0,0.0,9.102614016,0.0,11.61741058,16.00098181
3388,19.0,51.937499462,0.0,0.0,0.0,0.0,0.0,0.0,0.0,0.0,0.0,0.0,1.421539692,2.000122726
3389,10.6,28.799614468,0.0,0.0,0.0,0.0,0.0,0.0,0.0,0.0,0.0,0.0,7.303772898,10.00061363
3390,36.6,111.80629195,0.0,0.0,0.0,0.0,0.0,0.0,0.0,0.0,0.0,0.0,44.13688572,24.00147271
3391,17.2,45.27274596,0.0,0.0,0.0,0.0,0.0,0.0,0.0,0.0,3.034204672,0.0,9.656666181,13.00079772
3392,70.4,209.80877048000002,1.6,0.8,1.2000000000000002,0.0,0.0,6.4,1.2000000000000002,6.4,2.022803115,0.0,28.08766356,32.00196361
3393,101.4,316.14324534800005,0.0,0.0,0.0,0.0,0.0,0.0,0.0,0.0,1.011401557,0.0,21.81328147,29.00177952
3394,196.8,567.598606,9.600000000000001,2.8000000000000003,2.8000000000000003,0.0,0.0,8.4,1.6,30.400000000000002,1.011401557,0.0,77.93958999,59.00362041
3395,11.0,31.16249968,0.0,0.0,0.0,0.0,0.0,0.0,0.0,0.0,0.0,0.0,4.411674905,6.000368177
3396,19.0,54.96249451999999,0.0,0.0,0.0,0.0,0.0,0.0,0.0,0.0,0.0,0.0,12.64680139,17.00104317
3397,73.0,231.509184414,0.0,0.0,0.0,0.0,0.0,0.0,0.0,0.0,0.0,0.0,42.79375545,24.00147271
3398,116.80000000000001,315.427673264,0.0,0.0,0.0,0.0,0.0,0.0,0.0,0.0,0.0,0.0,26.96023553,36.00220906
3399,45.2,124.92079005599999,0.0,0.0,0.0,0.0,0.0,0.0,0.0,0.0,3.034204672,0.0,15.04871329,20.00122726
3400,118.60000000000001,341.9525573156,16.0,8.0,8.8,0.0,0.0,21.6,8.8,58.800000000000004,2.022803115,0.0,48.43038673,43.0026386
3401,44.6,144.22056833399998,0.0,0.0,0.0,0.0,0.0,0.0,0.0,0.0,0.0,0.0,22.25444896,30.00184089
3402,33.2,105.66298021600002,0.0,0.0,0.0,0.0,0.0,0.0,0.0,0.0,0.0,0.0,20.63683483,28.00171816
3403,78.2,243.925931138,2.8000000000000003,0.4,1.6,0.0,0.0,4.0,0.8,4.0,0.0,0.0,14.99969468,17.00104317
3404,189.8,539.735899712,0.0,0.0,0.0,0.0,0.0,0.0,0.0,0.0,1.011401557,0.0,38.23451584,51.00312951
3405,28.4,76.26526298799999,90.8,7.8,22.0,2.0,30.0,49.0,31.4,388.6,7.079810901,0.0,108.1656659,8.000490903
3406,7.6000000000000005,26.69064874,81.8,17.8,79.0,19.0,16.0,56.4,32.2,222.8,1.011401557,0.0,42.79324658,10.00061363
3407,99.0,310.823590132,0.0,0.0,0.0,0.0,0.0,0.0,0.0,0.0,0.0,0.0,23.47991422,31.00190225
3408,324.6,1020.98279762,2.4000000000000004,2.6,5.2,0.0,69.0,18.0,3.4,8.0,0.0,0.0,47.7931448,58.00355905
3409,140.20000000000002,398.62426314000004,0.0,0.0,0.0,0.0,0.0,0.0,0.0,0.0,0.0,0.0,24.46028642,33.00202497
3410,548.0,1398.5142382000001,40.0,6.4,11.600000000000001,57.0,24.0,19.200000000000003,18.4,90.4,3.034204672,0.0,73.23380342,67.00411131
3411,34.0,83.099999146,38.8,1.0,27.8,212.0,55.0,5.0,3.0,61.0,0.0,0.0,46.42062372,37.00227043
3412,68.2,171.45986432,0.0,0.0,0.0,0.0,0.0,0.0,0.0,0.0,1.011401557,0.0,47.64608897,64.00392722
3413,92.2,287.639518754,0.0,0.0,0.0,0.0,0.0,0.0,0.0,0.0,1.011401557,0.0,28.18570078,38.00233179
3414,59.2,179.221174736,2.6,0.4,5.0,5.0,84.0,1.4,0.4,1.6,4.045606229,0.0,16.96043908,16.00098181
3415,236.8,779.8352176000001,0.0,0.0,18.2,0.0,74.2,0.0,0.0,2.0,0.0,0.0,101.2146845,60.00368177
3416,292.8,892.8637605000001,13.600000000000001,2.8000000000000003,1.6,0.0,0.0,4.4,2.4000000000000004,27.6,0.0,0.0,38.77372055,52.00319087
3417,190.60000000000002,643.2990876,6.0,2.0,135.6,0.0,0.0,10.0,6.0,13.600000000000001,3.034204672,0.0,30.68564989,32.00196361
3418,730.8,2375.1525502,81.0,21.8,45.8,146.0,95.0,38.400000000000006,31.0,190.8,3.034204672,0.0,165.6068334,23.00141135
3419,0.0,0.0,47.8,10.0,525.4,154.0,87.0,32.2,36.0,107.6,1.011401557,0.0,40.53839051,0.0
3420,349.6,895.5263293,34.0,51.0,8.0,94.0,19.0,226.4,17.4,170.4,0.0,0.0,76.44981098,38.00233179
3421,231.6,539.62433476,166.8,62.0,20.2,329.0,61.0,219.6,69.4,280.0,0.0,0.0,80.90043616,28.00171816
3422,7.0,23.371874762,590.2,47.4,95.4,30.0,98.0,7.2,3.0,5.4,1.011401557,0.0,44.31282349,0.0
3423,102.2,302.9509261,50.4,55.4,4.2,42.0,152.0,24.0,59.6,95.8,0.0,0.0,29.16607298,13.00079772
3424,399.0,1012.8820483,3.0,30.0,1.0,8.0,14.0,77.4,1.0,8.0,0.0,0.0,49.07759523,46.00282269
3425,419.0,1024.49085006,135.2,4.0,4.4,36.0,8.0,71.4,3.2,95.6,0.0,0.0,56.22434573,52.00319087
3426,640.8,1667.0647695999999,16.0,39.0,1.0,56.0,7.0,67.0,53.0,57.8,0.0,0.0,81.05756033,65.00398859
3427,91.6,265.458471412,0.0,0.0,0.0,0.0,0.0,0.0,0.0,0.0,0.0,0.0,15.63693661,21.00128862
3428,465.6,1321.6698532,40.0,28.2,19.8,86.6,104.0,10.2,14.0,144.4,3.034204672,0.0,56.91060627,30.00184089
3429,87.6,197.83469542,451.6,191.8,20.4,5.0,764.0,40.6,55.8,59.2,0.0,0.0,111.0181012,14.00085908
3430,404.4,852.01530796,0.0,7.0,0.0,1.0,54.2,6.0,48.0,17.0,0.0,0.0,28.47981244,32.00196361
3431,250.0,829.26874148,3.0,0.0,0.0,25.0,11.0,30.0,21.0,9.0,0.0,0.0,12.94091305,17.00104317
3432,327.0,1129.6406138,16.0,0.0,32.0,0.0,0.0,0.0,0.0,0.0,0.0,0.0,18.18590433,23.00141135
3433,172.0,534.1696007,0.0,0.0,0.0,0.0,0.0,0.0,0.0,0.0,0.0,0.0,31.71504071,42.00257724
3434,824.2,2348.3444326,0.0,0.0,0.0,0.0,0.0,0.0,0.0,0.0,1.011401557,0.0,84.26299068,75.00460222
3435,586.8,1672.7401018,0.0,0.0,0.0,0.0,0.0,0.0,0.0,0.0,1.011401557,0.0,22.20543035,27.0016568
3436,291.0,849.17811624,0.0,2.0,1.0,0.0,158.0,16.0,5.0,10.4,0.0,0.0,23.92108171,19.00116589
3437,377.4,1051.2727118,0.0,0.0,0.0,0.0,0.0,0.0,0.0,0.0,0.0,0.0,18.82314626,25.00153407
3438,247.8,707.701418,0.0,0.0,0.0,0.0,0.0,0.0,0.0,0.0,0.0,0.0,12.54876417,17.00104317
3439,142.0,472.414338294,0.0,0.0,0.0,0.0,0.0,0.0,0.0,0.0,1.011401557,0.0,62.44970921,51.00312951
3440,129.4,373.90075186,0.0,0.0,0.0,0.0,0.0,0.0,0.0,0.0,0.0,0.0,37.00905059,49.00300678
3441,225.2,627.09653626,1.2000000000000002,2.2,1.6,4.0,22.0,4.0,0.0,3.6,0.0,0.0,28.08766356,38.00233179
3442,667.8,2007.4966570000001,0.0,0.0,0.0,0.0,0.0,59.0,0.0,0.0,0.0,0.0,39.55801831,49.00300678
3443,676.6,2205.1791906,0.0,0.0,0.0,0.0,0.0,0.0,0.0,0.0,0.0,0.0,37.30316225,50.00306814
3444,17.0,61.503451764000005,1.0,0.0,7.0,1.0,161.0,2.0,0.0,0.0,7.079810901,0.0,10.83311282,3.000184089
3445,356.4,1120.7210588,0.0,0.0,0.0,0.0,0.0,0.0,0.0,0.0,0.0,0.0,21.20298357,27.82011058
3446,83.80000000000001,250.3651308,0.0,1.0,4.0,3.0,148.0,2.0,0.0,0.0,0.0,0.0,72.54845885,26.00159543
3447,8.8,21.556687946,0.0,0.0,0.0,0.0,0.0,0.0,0.0,0.0,1.011401557,0.0,69.65544489,67.00411131
3448,6.2,15.687225374,0.0,0.0,0.0,0.0,0.0,0.0,0.0,0.0,1.011401557,0.0,57.10668071,41.00251588
3449,25.0,57.996874403999996,0.0,0.0,0.0,0.0,0.0,0.0,0.0,0.0,0.0,0.0,68.66612387,36.00220906
3450,220.8,687.1205485,0.0,0.0,0.0,0.0,0.0,0.0,0.0,0.0,0.0,0.0,17.79375545,24.00147271
3451,3.0,4.3281249552,0.0,0.0,0.0,0.0,0.0,0.0,0.0,0.0,5.057007786,0.0,0.931353591,1.000061363
3452,3.0,6.9249999288,0.0,0.0,0.0,0.0,0.0,0.0,0.0,0.0,1.011401557,0.0,0.931353591,1.000061363
3453,7.2,17.228562986,0.0,0.0,0.0,0.0,0.0,0.0,0.0,0.0,0.0,0.0,1.715651352,2.000122726
3454,16.0,39.81874959,3.6,0.4,2.4000000000000004,0.0,0.0,12.4,1.2000000000000002,8.0,1.011401557,0.0,5.441065716,2.000122726
3455,0.0,0.0,0.0,0.0,0.0,0.0,0.0,0.0,0.0,0.0,0.0,0.0,0.588223321,1.000061363
3456,8.2,18.579988242,0.0,0.0,0.0,0.0,0.0,0.0,0.0,0.0,0.0,0.0,1.911725792,3.000184089
3457,740.4,2253.6867732,4.4,3.8,1.6,6.800000000000001,92.2,5.4,5.2,23.2,0.0,0.0,54.21458272,62.0038045
3458,5.0,18.178124814,0.0,0.0,0.0,0.0,0.0,0.0,0.0,0.0,17.19382647,0.0,0.24509305,0.0
3459,44.0,158.4093734,0.0,0.0,0.0,0.0,0.0,0.0,0.0,0.0,28.3192436,0.0,2.156818842,3.000184089
3460,196.0,715.87186762,0.0,0.0,0.0,0.0,0.0,0.0,0.0,0.0,44.50166852,0.0,9.607647571,13.00079772
3461,113.4,415.64793965999996,0.0,0.0,32.0,0.0,17.0,24.0,0.0,0.0,60.68409344,0.0,11.02918726,10.00061363
3462,54.0,194.76562296,0.0,0.0,0.0,0.0,0.0,0.0,0.0,0.0,5.057007786,0.0,2.892097993,4.000245451
3463,53.2,192.57061142,0.0,1.0,3.0,0.0,97.4,9.0,1.0,0.0,2.022803115,0.0,9.754703401,5.000306814
3464,21.4,78.581961826,0.0,0.0,0.0,5.0,75.0,8.0,2.0,0.0,3.034204672,0.0,9.705684791,2.000122726
3465,7.0,19.909374794,0.0,0.0,0.0,0.0,0.0,0.0,0.0,0.0,1.011401557,0.0,1.470558302,2.000122726
3466,1.0,4.3281249552,0.0,6.0,9.0,1.0,144.0,42.0,3.0,0.0,0.0,0.0,10.63703838,1.000061363
3467,897.4,2551.7428958,0.0,0.0,0.0,0.0,0.0,0.0,0.0,0.0,0.0,0.0,45.58730735,61.00374314
3468,883.0,2331.993726,0.0,0.0,0.0,0.0,0.0,64.0,0.0,0.0,0.0,0.0,46.56767955,58.00355905
3469,7.2,17.41847535,0.0,0.0,0.0,0.0,0.0,0.0,0.0,0.0,0.0,0.0,1.568595522,2.000122726
3470,7.4,17.988212444000002,0.0,0.0,0.0,0.0,0.0,0.0,0.0,0.0,1.011401557,0.0,1.470558302,2.000122726
3471,4.2,13.618119076000001,0.0,0.0,0.0,0.0,1.0,0.0,0.0,0.0,1.011401557,0.0,1.176446641,2.000122726
3472,592.2,1570.6341032,0.4,4.2,6.6,12.0,141.6,5.0,0.0,0.8,0.0,0.0,52.36194387,48.00294542
3473,242.6,682.2006477599999,32.0,20.0,0.0,21.0,45.0,6.0,43.0,1.4,0.0,0.0,28.67588688,27.0016568
3474,427.2,1135.1543992,0.0,0.0,1.0,0.0,27.0,0.0,0.0,0.0,0.0,0.0,23.43089561,29.00177952
3475,423.0,1174.4957844,12.0,38.0,1.4,0.0,52.4,3.0,13.0,13.0,0.0,0.0,34.31302704,42.00257724
3476,948.0,2548.6161428,3.8,20.4,22.0,18.2,220.8,52.4,13.0,3.0,3.034204672,0.0,65.29278859,64.00392722
3477,194.6,523.6831899,171.0,59.0,2.0,1.0,146.0,15.8,4.0,12.0,0.0,0.0,40.53839051,14.00085908
3478,577.0,1582.3624838,49.4,97.0,26.4,32.0,236.0,39.4,5.6,26.4,0.0,0.0,47.49903314,38.00233179
3479,228.2,585.4879076,0.0,0.0,0.0,0.0,0.0,0.0,0.0,0.0,0.0,0.0,28.96999854,39.00239315
3480,687.2,1774.8399846,0.0,0.0,0.0,0.0,0.0,0.0,0.0,0.0,0.0,0.0,52.30285693,70.0042954
3481,18.6,47.18758136,2.0,1.0,8.0,7.0,39.4,1.0,1.0,1.0,3.034204672,0.0,4.999898226,3.000184089
3482,880.6,2175.8203838,0.0,1.8,0.4,0.0,130.2,15.0,3.8000000000000003,0.0,0.0,0.0,28.82294271,23.00141135
3483,392.6,896.37413356,0.4,24.0,10.0,3.8,1022.4,332.0,46.0,8.0,0.0,0.0,102.448895,41.00251588
3484,350.8,932.75242196,33.0,54.0,2.0,0.0,117.8,8.0,9.0,15.0,0.0,38.75362319,61.28353445,36.00220906
3485,288.4,837.03943668,16.0,39.0,4.0,2.0,170.4,13.0,5.0,7.0,0.0,0.0,17.64669962,22.00134998
3486,791.0,2199.2457203999998,0.0,0.0,0.0,0.0,0.0,0.0,0.0,0.0,0.0,0.0,40.44035329,54.00331359
3487,276.0,711.26799562,0.0,0.0,0.0,0.0,0.0,0.0,0.0,0.0,0.0,0.0,78.23370165,104.0063817
3488,607.2,1670.3940884,0.0,0.0,0.0,0.0,0.0,0.0,0.0,0.0,0.0,0.0,40.53839051,54.00331359
3489,1.0,1.0,0.0,0.0,0.0,0.0,0.0,0.0,0.0,0.0,0.0,0.0,1.323502471,2.000122726
3490,103.0,273.79563462,0.0,0.0,0.0,0.0,0.0,0.0,0.0,0.0,1.011401557,0.0,9.06844286,12.00073635
3491,380.6,1105.17756,0.0,0.0,0.0,0.0,0.0,0.0,0.0,0.0,0.0,0.0,37.94040418,51.00312951
3492,206.0,556.79426868,0.0,0.0,0.0,0.0,0.0,0.0,0.0,0.0,0.0,0.0,17.00945769,23.00141135
3493,495.8,1457.279198,0.0,0.0,0.0,0.0,0.0,0.0,0.0,0.0,0.0,0.0,26.37201221,35.0021477
3494,414.0,1165.9968632,0.0,0.0,3.0,4.0,8.0,4.0,1.0,1.0,0.0,0.0,21.32309537,27.0016568
3495,90.0,216.22688034,0.0,0.0,0.0,0.0,0.0,0.0,0.0,0.0,2.022803115,0.0,13.38208054,18.00110453
3496,21.0,59.728124384,0.0,5.0,9.0,22.0,580.0,67.0,11.0,0.0,2.022803115,0.0,37.30316225,4.000245451
3497,141.6,396.12260754,0.0,1.0,1.0,0.0,49.0,4.0,0.0,0.0,0.0,0.0,11.37231753,12.00073635
3498,2128.6,5637.9269204,0.0,0.0,1.0,0.0,7.4,51.0,0.0,0.0,0.0,0.0,126.5761195,148.0090817
3499,429.0,1158.206238,0.0,13.6,16.8,0.0,433.8,11.8,11.2,0.0,1.011401557,0.0,64.11634195,28.00171816
3500,5.2,14.527821463999999,23.0,26.200000000000003,10.600000000000001,1.2000000000000002,764.0,24.200000000000003,18.200000000000003,0.0,4.04560618,0.0,118.8211093,1.000061351
3501,785.8,2357.7202612,0.0,2.0,0.0,0.0,14.0,7.0,0.0,0.0,1.82e-08,0.0,23.53670593,30.52919573
3502,1.0,1.0,0.0,62.6,33.6,0.0,1500.6,38.4,53.8,0.0,0.0,0.0,123.2818043,0.0
3503,16.0,57.13124941,0.0,0.0,1.0,1.0,75.0,7.0,0.0,0.0,334.7739155,0.0,4.901861005,1.000061363
3504,1.0,1.731249982,0.0,0.0,0.0,0.0,0.0,0.0,0.0,0.0,39.44466073,0.0,0.04901861,0.0
3505,0.0,0.0,0.0,0.0,0.0,0.0,0.0,0.0,0.0,0.0,86.98053393,0.0,0.0,0.0
3506,33.0,119.45624873999999,0.0,0.0,0.0,0.0,0.0,0.0,0.0,0.0,3.034204672,0.0,1.617614132,2.000122726
3507,25.0,90.89062406400001,0.0,1.0,1.0,2.0,80.0,10.0,1.0,4.0,89.00333704,0.0,6.127326257,2.000122726
3508,102.0,372.21874616,11.0,1.0,9.0,0.0,49.0,47.0,1.0,0.0,79.90072303,0.0,10.78409421,7.00042954
3509,48.0,137.63437362,0.0,0.0,0.0,0.0,0.0,0.0,0.0,0.0,202.2803115,0.0,2.352893283,3.000184089
3510,16.0,47.609374512,0.0,1.0,3.0,1.0,189.0,14.0,1.0,0.0,63.71829811,0.0,11.07820587,1.000061363
3511,178.0,499.46561986,0.0,0.0,0.0,1.0,14.0,2.0,0.0,0.0,7.079810901,0.0,9.558628961,12.00073635
3512,79.0,260.55312227999997,0.0,0.0,0.0,0.0,0.0,0.0,0.0,0.0,11.12541713,0.0,3.872470194,5.000306814
3513,13.0,46.743749518,0.0,0.0,0.0,0.0,0.0,0.0,0.0,0.0,48.54727475,0.0,0.637241931,1.000061363
3514,1.0,4.3281249552,0.0,0.0,0.0,0.0,0.0,0.0,0.0,0.0,52.59288098,0.0,0.04901861,0.0
3515,56.8,159.71883016,0.0,0.0,0.0,0.0,0.0,0.0,0.0,0.0,0.0,0.0,2.745042163,4.000245451
3516,2.0,3.0,0.0,0.0,0.0,0.0,0.0,0.0,0.0,0.0,0.0,0.0,0.24509305,0.0
3517,0.0,0.0,0.0,0.0,0.0,0.0,0.0,0.0,0.0,0.0,0.0,0.0,0.0,0.0
3518,1.0,1.0,0.0,0.0,0.0,0.0,0.0,5.0,0.0,0.0,0.0,0.0,0.0,0.0
3519,0.0,0.0,0.0,0.0,0.0,0.0,0.0,0.0,0.0,0.0,0.0,0.0,0.0,0.0
3520,0.0,0.0,0.0,0.0,0.0,0.0,0.0,0.0,0.0,0.0,0.0,0.0,0.0,0.0
3521,1.0,1.731249982,0.0,0.0,0.0,0.0,0.0,0.0,0.0,0.0,0.0,0.0,0.04901861,0.0
3522,0.0,0.0,0.0,0.0,0.0,0.0,0.0,0.0,0.0,0.0,0.0,0.0,0.0,0.0
3523,32.0,89.159374082,112.4,152.2,0.0,0.0,0.0,0.0,0.0,114.3,0.0,0.0,0.0,0.0
3524,0.0,0.0,0.0,0.0,0.0,0.0,0.0,0.0,0.0,0.0,0.0,0.0,0.0,0.0
3525,18.0,82.23437415400001,0.0,0.0,0.0,0.0,0.0,0.0,0.0,0.0,0.0,0.0,2.0,0.0
3526,0.0,0.0,0.0,0.0,0.0,0.0,0.0,0.0,0.0,0.0,0.0,0.0,0.0,0.0
3527,4.0,8.6562499108,0.0,0.0,0.0,0.0,0.0,10.5,0.0,31.5,0.0,0.0,0.0,0.0
3528,34.0,71.846874262,0.0,0.0,0.0,0.0,0.0,0.0,0.0,0.0,0.0,0.0,0.0,0.0
3529,6.0,14.715624845999999,0.0,0.0,0.0,0.0,0.0,0.0,0.0,37.0,0.0,0.0,0.0,0.0
3530,2.0,3.4624999646,0.0,0.0,0.0,0.0,0.0,0.0,0.0,0.0,0.0,0.0,0.09803722,0.0
3531,10.0,21.640624776,0.0,0.0,0.0,0.0,0.0,0.0,0.0,0.0,0.0,0.0,0.490186101,1.000061363
3532,41.0,75.309374224,2.0,0.0,0.0,0.0,0.0,0.0,0.0,0.0,0.0,0.0,0.0,0.0
3533,54.0,143.69374854,0.0,0.0,0.0,0.0,0.0,0.0,0.0,0.0,0.0,0.0,0.0,0.0
3534,2.0,3.4624999646,0.0,0.0,0.0,0.0,0.0,0.0,0.0,0.0,0.0,0.0,0.09803722,0.0
3535,0.0,0.0,0.0,0.0,0.0,0.0,0.0,0.0,0.0,0.0,0.0,0.0,0.0,0.0
3536,0.0,0.0,0.0,0.0,0.0,0.0,0.0,0.0,0.0,0.0,0.0,0.0,0.0,0.0
3537,0.0,0.0,0.0,0.0,0.0,0.0,0.0,0.0,0.0,0.0,0.0,0.0,0.0,0.0
3538,0.0,0.0,0.0,0.0,0.0,0.0,0.0,0.0,0.0,0.0,0.0,0.0,0.0,0.0
3539,0.0,0.0,0.0,0.0,0.0,0.0,0.0,0.0,0.0,0.0,0.0,0.0,0.0,0.0
3540,65.0,213.8093728,7.2,0.0,0.0,0.0,0.8,0.0,0.0,0.0,0.0,0.0,8.0,0.0
3541,0.0,0.0,0.0,0.0,0.0,0.0,0.0,0.0,0.0,0.0,0.0,0.0,0.0,0.0
3542,1.0,5.1937499462,0.0,0.0,0.0,0.0,0.0,0.0,0.0,0.0,0.0,0.0,0.0,0.0
3543,0.0,0.0,0.0,0.0,0.0,0.0,0.0,0.0,0.0,0.0,0.0,0.0,0.0,0.0
3544,31.8,82.58062414999999,0.0,0.0,0.0,0.0,0.0,0.0,22.0,0.0,0.0,0.0,0.0,0.0
3545,29.6,111.57906134,0.0,0.0,0.0,0.0,0.0,0.0,0.0,0.0,0.0,0.0,0.0,0.0
3546,0.0,0.0,0.0,0.0,0.0,0.0,0.0,0.0,0.0,0.0,0.0,0.0,0.0,0.0
3547,5.0,21.640624776,0.0,0.0,0.0,0.0,0.0,0.0,0.0,0.0,0.0,0.0,0.0,0.0
3548,2.0,4.3281249552,0.0,0.0,0.0,0.0,0.0,0.0,0.0,0.0,0.0,0.0,0.0,0.0
3549,0.0,0.0,0.0,0.0,0.0,0.0,0.0,0.0,0.0,0.0,0.0,0.0,0.0,0.0
3550,0.0,0.0,0.0,0.0,0.0,0.0,0.0,0.0,0.0,0.0,0.0,0.0,0.0,0.0
3551,0.0,0.0,0.0,0.0,0.0,0.0,0.0,0.0,0.0,0.0,0.0,0.0,0.0,0.0
3552,1.0,4.3281249552,12.4,6.4,12.8,18.8,31.4,7.4,2.0,27.0,0.0,88.57971011,8.774331197,0.0
3553,0.0,0.0,0.0,0.0,0.0,0.0,0.0,0.0,0.0,0.0,1.011401557,0.0,0.0,0.0
3554,0.0,0.0,0.0,0.0,0.0,0.0,0.0,0.0,0.0,0.0,0.0,0.0,0.0,0.0
3555,5.0,7.7906249198,0.0,0.0,0.0,0.0,0.0,0.0,0.0,0.0,0.0,0.0,0.0,0.0
3556,0.0,0.0,0.0,0.0,0.0,0.0,0.0,0.0,0.0,0.0,6.068409343,0.0,0.0,0.0
3557,0.0,0.0,0.0,0.0,0.0,0.0,0.0,0.0,0.0,0.0,0.0,0.0,0.0,0.0
3558,0.0,0.0,0.0,0.0,0.0,0.0,0.0,0.0,0.0,0.0,0.0,0.0,0.0,0.0
3559,3.0,6.0593749378,0.0,0.0,0.0,0.0,0.0,0.0,0.0,0.0,0.0,0.0,0.14705583,0.0
3560,0.0,0.0,0.0,0.0,0.0,0.0,0.0,0.0,0.0,0.0,3.05e-08,0.0,21.95256563,28.47442469
3561,0.0,0.0,0.0,0.0,0.0,0.0,0.0,0.0,0.0,0.0,0.0,0.0,0.0,0.0
3562,0.0,0.0,0.0,0.0,0.0,0.0,0.0,0.0,0.0,0.0,0.0,0.0,0.0,0.0
