;TAZID,TOTHH,HHPOP,RETL,FOOD,MANU,WSLE,OFFI,GVED,HLTH,OTHR,FM_AGRI,FM_MING,FM_CONS,HBJ
1,0.0,0.0,0.0,0.0,0.0,0.0,0.0,0.0,0.0,0.0,0.0,0.0,0.0,0.0
2,38.5,184.6,0.0,0.0,0.0,0.0,0.0,0.0,0.0,0.0,0.0,0.0,10.4,2.0
3,18.5,65.7,0.0,0.0,0.0,0.0,0.0,0.0,0.0,0.0,0.0,0.0,1.9,1.0
4,5.3,14.5,0.0,0.0,0.0,0.0,0.0,0.0,0.0,0.0,0.0,0.0,0.9,0.3
5,70.5,170.1,0.8,0.5,1.6,0.5,0.4,0.9,3.5,1.9,0.0,0.0,6.6,3.7
6,8.6,22.8,0.0,0.0,0.0,4.4,0.0,0.0,0.0,0.0,0.0,0.0,1.9,0.5
7,44.0,102.5,5.7,2.8,9.0,15.1,2.1,5.3,4.8,19.0,93.0,0.0,0.0,2.3
8,53.2,142.9,13.0,0.2,0.5,0.2,28.0,0.3,0.3,2.2,0.0,0.0,2.8,2.8
9,37.1,44.4,2.8,1.8,5.8,46.4,1.3,3.4,3.1,6.8,0.0,0.0,7.6,2.0
10,19.7,54.3,0.0,0.0,0.0,52.6,0.0,0.0,0.0,0.0,0.0,0.0,0.9,1.0
11,8.3,20.1,0.0,0.0,0.0,0.0,0.0,0.0,0.0,0.0,0.0,0.0,1.9,0.4
12,21.4,61.4,0.0,0.0,0.0,0.0,0.0,0.0,0.0,0.0,0.0,0.0,2.8,1.1
13,14.4,34.7,0.0,0.0,0.0,0.0,0.0,0.0,0.0,0.0,0.0,0.0,3.8,0.8
14,24.7,59.3,0.0,0.0,0.0,0.0,0.0,0.0,0.0,0.0,0.0,0.0,8.5,1.3
15,1.0,2.4,16.7,10.8,119.7,79.4,7.8,20.3,18.1,48.5,21.1,0.0,0.9,0.1
16,87.4,217.3,0.0,0.0,0.5,35.5,0.0,0.0,0.0,30.9,0.0,0.0,30.2,4.6
17,254.5,1277.4,0.0,0.0,0.0,0.0,0.0,0.0,0.0,0.0,0.0,0.0,124.7,13.5
18,0.0,0.0,38.9,25.0,441.1,123.6,18.1,47.2,42.0,93.8,0.0,0.0,1.9,0.0
19,207.4,626.0,17.5,2.3,7.4,6.6,1.7,4.4,3.9,8.7,0.0,0.0,16.1,11.0
20,195.6,413.8,21.6,7.5,23.7,8.8,5.4,14.0,12.6,57.4,0.0,0.0,17.0,10.3
21,82.4,205.3,17.1,11.1,331.0,27.5,8.0,20.9,18.6,41.6,0.0,0.0,33.1,4.4
22,91.9,228.5,11.6,7.9,30.8,8.0,5.8,14.5,13.8,29.3,0.0,0.0,30.2,4.9
23,77.8,311.9,16.4,11.0,49.0,23.5,8.0,20.4,18.6,41.0,0.0,0.0,17.9,4.1
24,149.1,533.7,1.5,1.0,3.2,1.0,0.8,1.9,3.1,3.8,0.0,0.0,16.1,7.9
25,300.0,730.5,7.2,2.5,8.1,2.9,1.8,106.5,20.4,12.3,0.0,0.0,0.0,15.9
26,183.0,279.7,13.7,1.0,8.5,7.2,0.7,43.3,86.0,22.7,0.0,0.0,0.0,9.7
27,129.4,322.4,1.4,1.0,3.0,1.0,0.7,1.8,1.7,3.6,0.0,0.0,64.2,6.8
28,219.3,323.2,23.6,15.8,103.2,17.2,11.5,29.3,26.6,58.8,0.0,0.0,62.3,11.6
29,199.8,481.3,0.3,0.2,0.7,1.1,0.2,0.4,0.4,0.8,0.0,0.0,17.0,10.6
30,309.3,680.0,9.4,0.0,0.0,2.1,30.6,0.0,33.6,7.6,0.0,0.0,0.0,16.4
31,200.0,418.1,2.6,55.7,47.0,0.0,33.2,0.0,0.0,41.7,0.0,0.0,0.0,10.6
32,130.1,344.6,0.3,0.2,0.7,1.1,0.2,0.4,0.4,0.8,0.0,0.0,0.0,6.9
33,154.3,462.0,0.5,0.3,1.1,7.0,0.2,0.6,0.6,1.3,0.0,0.0,0.0,8.2
34,173.3,416.0,1.4,0.0,9.9,0.0,5.0,0.0,0.0,0.0,0.0,0.0,0.0,9.2
35,257.1,600.7,0.0,0.0,0.0,0.0,0.0,0.0,0.0,0.0,0.0,0.0,0.0,13.6
36,126.8,205.5,0.0,0.0,0.0,0.0,0.0,0.0,0.0,0.0,0.0,0.0,12.3,6.7
37,77.4,114.1,9.6,6.6,20.2,6.5,4.9,12.0,11.5,29.4,0.0,0.0,28.3,4.1
38,2.3,5.8,13.1,8.5,1138.3,9.5,6.2,24.4,14.3,31.9,0.0,0.0,0.9,0.1
39,78.5,183.9,17.4,3.1,9.8,3.4,2.2,5.8,8.0,137.9,0.0,0.0,6.6,4.2
40,338.7,633.1,30.5,1.1,3.6,7.7,48.5,75.9,34.0,63.1,0.0,0.0,0.0,17.9
41,107.7,202.3,208.6,19.0,60.6,21.3,13.7,35.7,61.5,191.3,0.0,0.0,1.9,5.7
42,70.0,215.0,0.0,0.0,0.0,0.0,2.0,0.0,0.0,79.7,0.0,0.0,0.0,3.7
43,205.4,616.7,0.4,0.3,0.8,0.5,0.2,32.6,46.6,1.0,0.0,0.0,0.0,10.9
44,163.6,411.1,0.0,0.0,0.0,0.0,0.0,0.0,0.0,0.0,0.0,0.0,5.7,8.6
45,156.1,417.3,0.0,0.0,0.0,0.0,25.8,0.0,0.0,0.0,0.0,0.0,16.1,8.3
46,0.0,0.0,0.0,0.0,0.0,0.0,0.0,0.0,0.0,0.0,0.0,0.0,0.0,0.0
47,0.0,0.0,0.0,0.0,0.0,0.0,0.0,0.0,0.0,0.0,0.0,0.0,0.0,0.0
48,11.4,37.1,0.0,0.0,0.0,0.0,0.0,0.0,0.0,0.0,0.0,0.0,1.9,0.6
49,96.7,241.0,88.1,39.3,46.7,16.2,10.7,27.5,24.9,55.1,0.0,0.0,43.4,5.1
50,154.3,383.7,27.8,18.0,62.1,35.5,42.0,128.4,93.2,68.7,0.0,0.0,49.1,8.2
51,69.0,297.4,3.6,2.4,14.1,18.6,16.8,4.4,20.1,8.8,0.0,0.0,13.2,3.6
52,46.0,85.7,0.0,0.0,77.5,0.0,0.0,0.0,14.1,1708.8,0.0,0.0,0.0,2.4
53,220.2,489.7,229.9,33.1,0.0,16.3,49.5,311.5,65.1,531.7,0.0,0.0,0.0,11.6
54,170.3,337.3,11.4,45.4,16.0,5.2,78.2,210.6,93.9,209.2,0.0,0.0,0.0,9.0
55,156.2,344.3,0.0,0.0,0.0,0.0,1.6,194.7,0.0,14.2,0.0,0.0,0.0,8.3
56,37.1,78.5,0.0,0.0,0.0,0.0,0.0,0.0,0.0,0.0,0.0,0.0,0.0,2.0
57,87.2,152.2,0.0,0.0,0.0,0.0,0.0,0.0,0.0,0.0,0.0,0.0,0.0,4.6
58,0.0,0.0,0.0,0.0,0.0,0.0,0.0,0.0,0.0,0.0,0.0,0.0,0.0,0.0
59,129.4,322.4,0.0,0.0,0.0,0.0,0.0,0.0,0.0,0.0,0.0,0.0,63.3,6.8
60,152.2,379.1,0.0,0.0,0.0,0.0,0.0,0.0,0.0,0.0,0.0,0.0,74.6,8.0
61,255.9,619.4,0.0,0.0,0.0,0.0,0.0,0.0,0.0,0.0,0.0,0.0,18.9,13.5
62,205.1,582.6,6.8,3.6,11.5,4.0,2.6,6.8,6.2,29.7,0.0,0.0,0.0,10.8
63,22.1,71.0,0.0,0.0,0.0,0.0,0.0,194.3,0.0,0.0,0.0,0.0,0.0,1.2
64,210.3,548.1,6.7,79.9,13.8,4.8,3.1,8.1,7.2,40.3,0.0,0.0,0.0,11.1
65,265.3,631.8,35.1,0.2,0.7,0.3,0.2,4.3,1.1,27.6,0.0,0.0,0.0,14.0
66,162.5,256.4,44.9,22.1,5.1,1.8,1.1,3.0,11.2,49.4,0.0,0.0,0.0,8.6
67,137.0,308.1,68.6,0.0,0.0,0.0,1.9,0.0,0.3,43.1,0.0,0.0,0.0,7.2
68,174.2,335.2,0.0,0.0,0.0,0.0,0.0,0.0,19.5,16.7,0.0,0.0,0.0,9.2
69,32.0,106.8,5.9,3.9,12.4,4.3,2.8,7.3,6.6,39.7,0.0,0.0,0.9,1.7
70,103.6,351.5,0.1,0.1,0.2,0.1,6.4,0.1,0.1,16.4,0.0,0.0,5.7,5.5
71,25.0,63.2,0.0,0.0,0.0,0.0,0.0,0.0,0.0,0.0,0.0,0.0,236.1,1.3
72,99.7,342.1,0.6,0.0,0.0,0.9,0.0,0.0,0.0,84.1,0.0,0.0,3.8,5.3
73,5.5,14.7,0.0,0.0,0.0,0.0,0.0,0.0,0.0,0.0,0.0,0.0,0.0,0.3
74,82.4,205.3,13.1,10.0,30.3,10.1,7.2,17.6,16.6,35.9,0.0,0.0,33.1,4.4
75,513.6,1157.0,43.6,39.1,85.4,29.7,19.5,89.5,170.3,115.7,0.0,0.0,91.6,27.2
76,500.4,1237.8,14.9,10.2,31.3,10.2,7.5,18.6,25.3,40.3,0.0,0.0,88.8,26.5
77,518.4,1067.8,21.7,14.0,56.2,15.7,10.1,155.0,618.2,52.5,0.0,0.0,81.2,27.4
78,581.9,1375.6,70.4,27.4,30.5,10.7,6.9,18.0,27.4,114.7,0.0,0.0,19.8,30.8
79,488.5,876.7,54.2,95.1,16.0,5.6,13.7,59.3,125.7,37.3,0.0,0.0,78.4,25.8
80,552.9,837.6,27.6,92.9,25.2,8.9,24.1,130.2,13.2,29.5,0.0,0.0,55.7,29.2
81,157.7,243.4,14.2,9.2,29.3,10.3,6.6,72.3,15.4,157.7,0.0,0.0,19.8,8.3
82,376.8,617.9,51.5,73.5,27.0,10.0,43.5,15.9,100.3,178.1,0.0,0.0,0.9,19.9
83,0.0,0.0,70.0,115.1,14.0,4.9,3.2,8.3,7.4,25.8,0.0,0.0,0.0,0.0
84,197.3,491.4,78.2,25.3,13.6,4.8,7.2,69.5,22.5,30.7,0.0,0.0,108.6,10.4
85,62.5,186.4,7.8,3.6,11.6,12.0,7.1,6.8,19.7,65.1,0.0,0.0,6.6,3.3
86,15.0,37.7,33.3,12.4,28.5,9.8,6.6,16.8,15.4,33.8,0.0,0.0,5.7,0.8
87,69.0,172.2,0.0,0.0,0.0,0.0,0.0,0.0,0.0,0.0,0.0,0.0,28.3,3.6
88,69.0,172.2,0.0,0.0,0.0,0.0,0.0,0.0,0.0,0.0,12.7,0.0,28.3,3.6
89,164.5,352.5,2.5,273.0,5.1,2.6,1.1,3.0,2.7,45.7,0.0,0.0,23.6,8.7
90,125.2,389.5,435.6,65.9,9.4,2.9,140.7,48.3,4.3,9.6,0.0,0.0,26.4,6.6
91,255.2,624.3,0.0,0.0,0.0,0.6,91.9,0.0,1.5,23.3,0.0,0.0,8.5,13.5
92,200.0,574.8,12.7,8.2,30.7,9.6,15.3,15.5,40.3,66.6,0.0,0.0,0.9,10.6
93,111.4,277.9,0.0,0.0,0.0,0.0,0.0,0.0,0.0,0.0,0.0,0.0,51.9,5.9
94,115.2,289.4,0.0,0.0,0.0,0.0,0.0,0.0,0.0,0.0,0.0,0.0,34.0,6.1
95,284.0,872.6,8.9,49.1,18.2,6.5,8.4,10.7,34.9,57.9,0.0,0.0,9.4,15.0
96,270.2,493.2,4.8,3.1,9.9,3.5,2.3,5.9,17.9,16.7,0.0,0.0,0.0,14.3
97,0.0,0.0,0.0,0.0,0.0,0.0,0.0,0.0,0.0,0.0,0.0,0.0,0.0,0.0
98,15.4,38.3,0.3,0.2,0.6,0.2,0.1,0.3,0.3,0.7,0.0,0.0,4.7,0.8
99,0.0,0.0,0.0,0.0,0.0,0.0,0.0,0.0,0.0,0.0,0.0,0.0,0.0,0.0
100,106.7,331.2,0.0,0.0,0.0,0.0,0.0,0.0,2.1,0.0,0.0,0.0,15.1,5.6
101,440.6,1225.9,2.3,13.3,4.6,4.5,5.2,18.0,33.7,53.2,0.0,0.0,0.0,23.3
102,0.0,0.0,0.0,0.0,0.0,0.0,0.0,0.0,0.0,0.0,0.0,0.0,0.0,0.0
103,228.7,725.8,1.3,0.9,2.7,2.5,0.6,1.6,4.3,5.8,0.0,0.0,7.6,12.1
104,198.3,641.6,0.0,0.0,0.0,0.0,0.0,116.0,0.0,0.0,0.0,0.0,51.9,10.5
105,108.2,270.8,5.1,7.7,10.8,3.6,2.6,6.4,6.0,12.9,0.0,0.0,16.1,5.7
106,216.6,653.6,15.4,4.7,14.6,5.0,3.4,8.6,7.9,17.3,232.4,0.0,81.2,11.5
107,0.0,0.0,0.0,0.0,0.0,0.0,0.0,0.0,0.0,0.0,0.0,0.0,0.0,0.0
108,171.2,379.3,0.0,0.0,0.0,0.0,0.0,0.0,0.0,0.0,0.0,0.0,31.2,9.0
109,12.0,29.9,0.1,0.1,0.3,0.1,0.1,0.2,0.2,0.3,0.0,0.0,2.8,0.6
110,21.3,93.2,0.0,0.0,0.0,0.0,0.0,0.0,0.0,0.0,0.0,0.0,3.8,1.1
111,19.7,49.2,0.0,0.0,0.0,0.0,0.0,0.0,0.0,0.0,0.0,0.0,12.3,1.0
112,47.0,128.4,0.0,0.0,0.0,0.0,0.0,0.0,0.0,0.0,0.0,0.0,5.7,2.5
113,113.2,306.0,0.0,0.0,0.0,0.0,0.0,0.0,0.0,0.0,0.0,0.0,14.2,6.0
114,86.9,201.5,0.1,0.1,0.2,1.0,0.0,0.1,0.1,0.2,0.0,0.0,0.0,4.6
115,5.6,14.1,53.2,2.7,8.7,3.0,2.0,5.1,4.6,10.2,0.0,0.0,2.8,0.3
116,65.1,162.3,1.5,1.0,17.6,1.1,0.7,1.9,1.7,3.7,0.0,0.0,36.8,3.4
117,30.3,96.9,19.9,1.1,3.4,1.2,0.8,2.0,1.8,4.0,0.0,0.0,2.8,1.6
118,56.2,153.5,0.0,0.0,0.0,0.0,0.0,0.0,0.0,0.0,0.0,0.0,17.9,3.0
119,1.0,4.4,0.0,0.0,0.0,0.0,0.0,35.8,0.0,0.0,0.0,0.0,0.0,0.1
120,123.3,268.7,1.4,0.0,0.0,0.0,0.0,0.0,0.0,0.0,0.0,0.0,27.4,6.5
121,51.4,150.3,0.4,0.3,0.9,1.1,0.2,0.6,0.5,3.8,0.0,3.5,3.8,2.7
122,90.7,255.4,0.0,0.0,0.0,0.0,0.0,0.0,0.0,0.0,0.0,0.0,22.7,4.8
123,0.0,0.0,0.0,0.0,0.0,0.0,0.0,0.0,0.0,0.0,0.0,0.0,0.0,0.0
124,98.0,218.1,0.0,0.0,0.0,0.0,0.0,0.0,0.0,2.3,0.0,0.0,8.5,5.2
125,70.0,176.0,0.0,0.0,0.0,0.0,11.3,53.0,0.0,0.0,0.0,0.0,0.0,3.7
126,175.4,373.2,0.4,0.3,6.4,1.2,0.2,0.5,0.5,1.1,0.0,0.0,0.0,9.3
127,105.0,270.9,0.0,0.0,0.0,0.0,0.0,0.0,0.0,0.0,0.0,0.0,2.8,5.5
128,96.0,299.4,0.1,0.0,0.1,5.4,0.0,0.1,0.1,0.1,0.0,0.0,10.4,5.1
129,66.4,147.8,0.0,0.0,0.0,0.0,0.0,0.0,0.0,0.0,0.0,0.0,15.1,3.5
130,73.8,89.9,0.1,0.1,1.0,0.1,0.0,0.1,0.1,0.2,0.0,0.0,1.9,3.9
131,90.4,234.3,0.0,0.0,0.0,0.0,0.0,0.0,0.0,0.0,0.0,0.0,7.6,4.8
132,122.2,277.8,0.4,0.3,3.4,0.3,0.2,0.5,0.5,1.0,63.4,0.0,40.6,6.5
133,194.9,573.8,0.8,0.6,1.8,0.6,2.7,1.0,0.9,7.2,0.0,0.0,22.7,10.3
134,9.6,31.4,0.0,0.0,0.0,0.0,0.0,0.0,0.0,0.0,0.0,0.0,6.6,0.5
135,3.4,9.2,0.0,0.0,0.0,0.0,0.0,0.0,0.0,0.0,0.0,0.0,0.9,0.2
136,316.8,911.2,0.8,0.5,1.6,4.4,10.2,1.0,0.9,4.3,0.0,0.0,83.1,16.7
137,2.5,6.8,0.0,0.0,0.0,30.7,0.0,0.0,0.0,0.0,0.0,0.0,1.9,0.1
138,215.9,801.4,0.1,0.1,7.7,0.1,26.8,0.2,0.2,19.1,0.0,0.0,37.8,11.4
139,296.9,533.8,1.7,1.1,3.6,1.2,0.8,14.5,1.9,4.2,0.0,17.5,110.5,15.7
140,5.0,6.0,0.0,0.0,0.0,0.0,0.0,0.0,0.0,0.0,0.0,0.0,0.9,0.3
141,5.9,15.9,0.0,0.0,0.0,0.0,0.0,0.0,0.0,0.0,0.0,0.0,0.9,0.3
142,0.0,0.0,0.0,0.0,0.0,0.0,0.0,0.0,0.0,0.0,0.0,0.0,0.0,0.0
143,73.8,162.5,43.3,2.8,9.0,32.1,2.0,5.3,4.7,10.5,0.0,0.0,8.5,3.9
144,0.0,0.0,0.0,0.0,0.0,0.0,0.0,0.0,0.0,0.0,0.0,0.0,0.0,0.0
145,33.3,92.5,0.0,0.0,0.0,0.0,0.0,0.0,0.0,0.0,0.0,0.0,2.8,1.8
146,18.6,46.2,0.0,0.0,0.0,0.0,0.0,0.0,0.0,0.0,0.0,0.0,1.9,1.0
147,2.8,4.0,0.0,0.0,0.0,0.0,0.0,0.0,0.0,0.0,0.0,0.0,0.0,0.1
148,0.0,0.0,0.0,0.0,0.0,0.0,0.0,0.0,0.0,0.0,0.0,0.0,0.0,0.0
149,0.0,0.0,0.0,0.0,0.0,0.0,0.0,0.0,0.0,0.0,0.0,0.0,0.0,0.0
150,616.2,1640.6,28.3,2.9,9.1,3.9,6.5,51.9,15.2,37.7,0.0,0.0,113.3,32.6
151,21.4,103.0,2.9,1.9,24.5,2.1,1.4,3.5,3.2,7.0,0.0,0.0,0.0,1.1
152,0.0,0.0,0.0,0.0,0.0,0.0,0.0,0.0,0.0,0.0,0.0,0.0,0.0,0.0
153,0.0,0.0,0.0,0.0,0.0,0.0,0.0,0.0,0.0,0.0,0.0,0.0,0.0,0.0
154,0.0,0.0,0.0,0.0,0.0,0.0,0.0,0.0,0.0,0.0,4.023970037,0.0,0.0,0.0
155,182.0,406.18017302000004,0.0,0.0,0.0,0.0,0.0,0.0,0.0,0.0,18.10786517,0.0,22.88089521,9.004980631
156,6.0,14.678574222,0.0,0.0,0.0,0.0,0.0,0.0,0.0,0.0,36.21573034,0.0,0.259809732,0.0
157,461.0,1104.9941844,0.0,0.0,0.0,0.0,0.0,0.0,0.0,0.0,39.23370787,0.0,51.96204775,23.01272828
158,1181.0,1987.011321,0.0,0.0,0.0,0.0,0.0,0.0,0.0,0.0,19.11385768,0.0,65.13921559,60.03320421
159,0.0,0.0,52.0,71.0,282.0,0.0,0.0,0.0,0.0,0.0,58.34756554,73.6,17.53715691,0.0
160,3.0,4.629235432,0.0,0.0,0.0,0.0,0.0,0.0,0.0,0.0,20.11985019,0.0,0.129904866,0.0
161,172.0,386.68431072,0.0,0.0,5.0,0.0,0.0,0.0,0.0,0.0,6.035955056,0.0,23.6643871,9.004980631
162,654.0,1400.098278,0.0,0.0,0.0,0.0,0.0,0.0,0.0,0.0,39.23370787,0.0,28.31926079,33.01826231
163,24.0,37.03388346,0.0,0.0,0.0,0.0,0.0,0.0,0.0,0.0,4.023970037,0.0,7.039238928,1.000553403
164,438.0,845.24660296,0.0,0.0,0.0,0.0,0.0,0.0,0.0,0.0,14.08389513,0.0,18.96611044,22.01217488
165,0.0,0.0,0.0,3.0,435.0,1.0,0.0,1.0,0.0,16.0,11.0659176,0.0,19.74553964,0.0
166,459.0,1065.9998424,0.0,0.0,20.0,0.0,39.0,37.0,69.0,98.0,23.13782772,0.0,46.26377109,23.01272828
167,33.0,61.084283544,0.0,0.0,0.0,0.0,0.0,0.0,0.0,0.0,20.11985019,0.0,12.42895353,2.001106807
168,103.0,239.56112058,0.0,0.0,0.0,0.0,0.0,0.0,0.0,0.0,4.023970037,0.0,4.460067067,5.002767017
169,195.0,401.17221516,0.0,0.0,0.0,0.0,0.0,0.0,0.0,0.0,10.05992509,0.0,17.44381629,10.00553403
170,168.0,392.0297164,0.0,0.0,0.0,21.0,0.0,0.0,0.0,3.0,14.08389513,0.0,8.313911425,9.004980631
171,685.0,1552.2707006,0.0,0.0,0.0,0.0,0.0,0.0,0.0,0.0,4.023970037,0.0,38.66161107,35.01936912
172,312.0,743.6379848,0.0,0.0,0.0,0.0,0.0,78.0,0.0,1.0,9.053932584,0.0,21.9309342,16.00885445
173,744.0,1731.3890112,0.0,0.0,0.0,0.0,0.0,0.0,0.0,0.0,16.09588015,0.0,32.21640677,38.02102933
174,302.0,700.42917028,0.0,0.0,0.0,0.0,0.0,0.0,0.0,0.0,26.15580524,0.0,13.07708985,15.00830105
175,881.0,2071.5182164,9.0,0.0,1.0,2.0,1.0,2.0,1.0,4.0,7.041947566,0.0,39.01476143,45.02490315
176,248.0,511.41091712,0.0,0.0,0.0,0.0,0.0,0.0,0.0,0.0,6.035955056,0.0,16.73880226,13.00719424
177,166.0,390.97609818,0.0,0.0,6.0,214.0,5.0,12.0,8.0,33.0,7.041947566,0.0,19.22592017,8.004427227
178,544.0,1271.6879344,2.0,2.0,10.0,86.0,3.0,19.0,4.0,37.0,12.07191011,0.0,30.61424676,28.0154953
179,268.0,638.4793212000001,51.0,30.0,14.0,4.0,5.0,20.0,7.0,65.0,23.13782772,0.0,20.09195261,14.00774765
180,42.0,102.07250663,0.0,0.0,0.0,0.0,0.0,0.0,0.0,0.0,18.10786517,0.0,1.818668124,2.001106807
181,139.0,329.66510458,0.0,0.0,0.0,0.0,0.0,0.0,0.0,0.0,8.047940075,0.0,6.018925459,7.003873824
182,142.0,321.42159464,0.0,0.0,1.0,2.0,1.0,2.0,1.0,2.0,9.053932584,0.0,6.538544923,7.003873824
183,101.0,247.31517034,76.0,12.0,1.0,0.0,0.0,5.0,1.0,6.0,30.17977528,0.0,8.746927645,5.002767017
184,217.0,502.87123360000004,1.0,0.0,8.0,0.0,4.0,13.0,5.0,15.0,12.07191011,0.0,16.38832659,11.00608744
185,283.0,692.1135796799999,0.0,0.0,7.0,0.0,2.0,1.0,5.0,10.0,7.041947566,0.0,17.33689958,14.00774765
186,218.0,559.29285854,1.0,0.0,5.0,0.0,0.0,1.0,2.0,8.0,1.005992509,0.0,10.17588117,11.00608744
187,74.0,183.29412516,0.0,4.0,0.0,0.0,1.0,0.0,0.0,0.0,3.017977528,0.0,3.420828139,4.002213614
188,127.0,300.30795624,0.0,0.0,1.0,0.0,2.0,12.0,0.0,4.0,31.18576779,0.0,11.32203681,6.003320421
189,175.0,418.41406292,0.0,0.0,0.0,0.0,0.0,1.0,0.0,0.0,11.0659176,0.0,7.621085473,9.004980631
190,94.0,208.7355913,0.0,0.0,4.0,0.0,0.0,0.0,0.0,0.0,6.035955056,0.0,4.243558957,5.002767017
191,285.0,644.38626778,0.0,0.0,2.0,0.0,5.0,4.0,1.0,7.0,5.029962547,0.0,13.16369309,14.00774765
192,367.0,827.82978812,0.0,0.0,0.0,0.0,0.0,0.0,0.0,0.0,18.10786517,0.0,15.89169528,19.01051467
193,374.0,814.2408724,0.0,0.0,0.0,0.0,0.0,0.0,0.0,0.0,2.011985019,0.0,16.19480663,19.01051467
194,0.0,0.0,0.0,0.0,0.0,0.0,0.0,0.0,0.0,0.0,3.017977528,0.0,0.0,0.0
195,280.0,705.09968022,0.0,0.0,0.0,0.0,0.0,0.0,0.0,0.0,6.035955056,0.0,12.12445416,14.00774765
196,255.0,633.32458522,0.0,0.0,0.0,0.0,0.0,0.0,0.0,0.0,5.029962547,0.0,65.04191361,13.00719424
197,268.0,662.8697863,0.0,0.0,2.0,0.0,2.0,8.0,1.0,8.0,5.029962547,0.0,12.51416876,14.00774765
198,373.0,872.31893068,1.0,0.0,8.0,0.0,4.0,7.0,1.0,5.0,10.05992509,0.0,17.27734718,19.01051467
199,2467.0,5128.6023096,83.0,27.0,11.0,68.0,5.0,19.0,10.0,55.0,8.047940075,0.0,118.8629524,125.0691754
200,1340.0,3023.6958896,0.0,0.0,0.0,0.0,0.0,0.0,0.0,0.0,8.047940075,0.0,106.0241735,68.03763143
201,143.0,255.89089407999998,0.0,0.0,0.0,0.0,0.0,0.0,0.0,0.0,5.029962547,0.0,76.19213195,7.003873824
202,466.0,732.6248289,1.0,0.0,4.0,0.0,13.0,4.0,35.0,64.0,6.035955056,0.0,75.41805212,24.01328168
203,310.0,574.56116254,0.0,0.0,0.0,2.0,6.0,0.0,0.0,1.0,17.10187266,0.0,16.81321742,16.00885445
204,219.0,423.30081434,0.0,0.0,0.0,0.0,0.0,0.0,0.0,0.0,12.07191011,0.0,9.483055219,11.00608744
205,320.0,739.7223025,0.0,0.0,0.0,0.0,0.0,0.0,0.0,0.0,2.011985019,0.0,13.85651904,16.00885445
206,166.0,393.68614992,0.0,0.0,7.0,0.0,4.0,12.0,13.0,26.0,3.017977528,0.0,17.87276982,8.004427227
207,470.0,797.7407667599999,0.0,0.0,0.0,0.0,0.0,0.0,0.0,0.0,16.09588015,0.0,26.35176234,24.01328168
208,134.0,296.2042214,0.0,0.0,0.0,0.0,0.0,0.0,0.0,0.0,4.023970037,0.0,12.80241735,7.003873824
209,481.0,988.8354498,2.0,0.0,35.0,0.0,36.0,91.0,73.0,143.0,6.035955056,0.0,48.28269655,24.01328168
210,877.0,1626.9950442,0.0,0.0,3.0,0.0,0.0,6.0,2.0,8.0,10.05992509,0.0,101.7982533,45.02490315
211,165.0,360.2999642,0.0,12.0,0.0,0.0,0.0,0.0,0.0,0.0,5.029962547,0.0,7.664387095,8.004427227
212,131.0,270.57208546,1.0,0.0,2.0,9.0,1.0,8.0,2.0,16.0,3.017977528,0.0,7.361275741,7.003873824
213,338.0,915.19553166,135.0,58.0,18.0,30.0,19.0,128.0,12.0,85.0,1.005992509,0.0,35.63723491,17.00940786
214,414.0,1160.5194378,0.0,0.0,0.0,0.0,2.0,4.0,2.0,2.0,7.041947566,0.0,27.35988773,21.01162147
215,323.0,718.60604698,1.0,0.0,5.0,5.0,5.0,9.0,5.0,19.0,5.029962547,0.0,16.10820339,16.00885445
216,88.0,181.86178456,0.0,0.0,0.0,1.0,0.0,0.0,0.0,3.0,0.0,0.0,3.983749225,4.002213614
217,267.0,661.3267078,0.0,0.0,0.0,0.0,0.0,0.0,0.0,2.0,2.011985019,0.0,11.64813632,14.00774765
218,314.0,856.4812346599999,0.0,0.0,0.0,0.0,0.0,0.0,0.0,0.0,1.005992509,0.0,55.59670931,16.00885445
219,185.0,389.8065079,0.0,0.0,0.0,0.0,0.0,179.0,0.0,2.0,0.0,0.0,15.84839365,9.004980631
220,398.0,677.83144848,0.0,0.0,0.0,0.0,0.0,0.0,1.0,0.0,6.035955056,0.0,17.27734718,20.01106807
221,1170.0,1915.1589116,0.0,0.0,0.0,0.0,0.0,0.0,0.0,0.0,7.041947566,0.0,57.66289775,59.0326508
222,274.0,514.26774692,0.0,0.0,0.0,0.0,0.0,0.0,0.0,0.0,6.035955056,0.0,11.86464443,14.00774765
223,96.0,188.78630902,0.0,0.0,0.0,0.0,0.0,0.0,0.0,0.0,2.011985019,0.0,10.15695571,5.002767017
224,688.0,1542.6721648,0.0,0.0,0.0,0.0,25.0,113.0,1.0,63.0,0.0,0.0,53.53844359,35.01936912
225,28.0,64.886610792,145.0,155.0,64.0,538.0,71.0,103.0,285.0,382.0,0.0,0.0,87.68717257,1.000553403
226,480.0,980.5172427399999,0.0,0.0,0.0,0.0,0.0,0.0,15.0,0.0,2.011985019,0.0,83.43430289,24.01328168
227,381.0,661.08429516,26.0,10.0,17.0,73.0,28.0,175.0,23.0,96.0,3.017977528,0.0,35.89704464,19.01051467
228,311.0,874.2099257,0.0,0.0,0.0,0.0,0.0,124.0,0.0,0.0,1.005992509,0.0,18.83620557,16.00885445
229,236.0,543.02993136,2.0,0.0,4.0,1.0,7.0,13.0,7.0,34.0,2.011985019,0.0,13.16369309,12.00664084
230,48.0,112.00849044,32.0,130.0,6.0,1064.0,4.0,3.0,7.0,154.0,1.005992509,0.0,62.70074867,2.001106807
231,9.0,11.85516754,400.0,254.0,1975.0,195.0,53.0,44.0,40.0,523.0,0.0,0.0,151.2525657,0.0
232,169.0,400.34792411999996,0.0,0.0,0.0,0.0,0.0,0.0,0.0,0.0,2.011985019,0.0,19.31797412,9.004980631
233,139.0,253.10614478,12.0,1.0,34.0,6.0,56.0,64.0,63.0,179.0,1.005992509,0.0,35.98909859,7.003873824
234,228.0,506.29483852,0.0,0.0,2.0,1.0,1.0,5.0,2.0,16.0,5.029962547,0.0,18.04191361,12.00664084
235,2074.0,3696.9617316,17.0,2.0,542.0,29.0,56.0,101.0,99.0,269.0,4.023970037,0.0,138.0888726,105.0581074
236,424.0,921.8828773,12.0,0.0,11.0,0.0,0.0,0.0,0.0,13.0,4.023970037,0.0,33.91874612,22.01217488
237,46.0,96.049587984,108.0,6.0,186.0,8.0,213.0,131.0,339.0,444.0,6.035955056,0.0,64.12970219,2.001106807
238,997.0,1664.466645,53.0,0.0,113.0,115.0,157.0,274.0,260.0,576.0,4.023970037,0.0,110.202628,51.02822357
239,9.0,22.695374246,0.0,0.0,0.0,1.0,0.0,0.0,0.0,0.0,4.023970037,0.0,1.43301622,0.0
240,21.0,42.56734182,0.0,0.0,0.0,0.0,0.0,0.0,0.0,0.0,0.0,0.0,0.909334062,1.000553403
241,45.0,70.116044402,0.0,0.0,5.0,0.0,1.0,8.0,4.0,8.0,0.0,0.0,8.074415162,2.001106807
242,7.0,16.221652698,0.0,0.0,0.0,0.0,0.0,0.0,0.0,0.0,1.005992509,0.0,0.303111354,0.0
243,146.0,299.13836584,0.0,0.0,0.0,1.0,1.0,1.0,0.0,2.0,2.011985019,0.0,8.538544923,7.003873824
244,0.0,0.0,157.0,106.0,6.0,0.0,1.0,0.0,1.0,5.0,11.0659176,0.0,11.95124767,0.0
245,400.0,977.6682643400001,15.0,77.0,121.0,50.0,19.0,14.0,13.0,60.0,2.011985019,0.0,81.29894732,20.01106807
246,282.0,546.26024938,0.0,0.0,0.0,0.0,0.0,0.0,0.0,0.0,2.011985019,0.0,21.21105741,14.00774765
247,579.0,1417.1599246,0.0,0.0,0.0,0.0,0.0,0.0,0.0,0.0,1.005992509,0.0,33.07163914,29.0160487
248,109.0,222.39658758,0.0,0.0,0.0,0.0,0.0,0.0,0.0,0.0,0.0,0.0,14.7198768,6.003320421
249,355.0,910.93978472,0.0,0.0,0.0,0.0,0.0,0.0,0.0,0.0,0.0,0.0,25.37207581,18.00996126
250,294.0,608.8155309,2.0,0.0,5.0,17.0,13.0,120.0,33.0,75.0,0.0,0.0,24.2056067,15.00830105
251,97.0,259.43570528,0.0,0.0,0.0,0.0,0.0,200.0,0.0,1.0,0.0,0.0,12.90388336,5.002767017
252,327.0,561.49774732,219.0,313.0,419.0,20.0,58.0,21.0,14.0,145.0,10.05992509,0.0,66.5112914,17.00940786
253,653.0,1728.5039924,92.0,56.0,218.0,276.0,49.0,76.0,166.0,215.0,3.017977528,0.0,77.98622123,33.01826231
254,495.0,1314.6418496000001,1.0,21.0,18.0,8.0,4.0,91.0,6.0,31.0,2.011985019,0.0,29.22859485,25.01383509
255,333.0,690.67600496,1.0,0.0,7.0,2.0,22.0,48.0,23.0,93.0,1.005992509,0.0,22.90655804,17.00940786
256,152.0,249.45321284,1.0,0.0,0.0,3.0,1.0,2.0,2.0,12.0,0.0,0.0,26.49118061,8.004427227
257,395.0,868.3259340000001,197.0,108.0,41.0,58.0,22.0,20.0,26.0,138.0,2.011985019,0.0,43.51813012,20.01106807
258,69.0,172.8686811,6.0,0.0,9.0,35.0,22.0,26.0,19.0,60.0,2.011985019,0.0,10.65219901,4.002213614
259,173.0,329.9612781,7.0,0.0,16.0,5.0,31.0,56.0,43.0,128.0,1.005992509,0.0,19.8754445,9.004980631
260,160.0,362.74726568,0.0,0.0,0.0,0.0,0.0,0.0,0.0,0.0,0.0,0.0,6.928259521,8.004427227
261,335.0,709.344959,0.0,0.0,0.0,0.0,0.0,0.0,0.0,0.0,0.0,0.0,49.50604337,17.00940786
262,1043.0,1618.9160325999999,0.0,0.0,0.0,0.0,0.0,0.0,0.0,0.0,0.0,0.0,45.16359175,53.02933038
263,572.0,1335.897032,2.0,0.0,0.0,1.0,3.0,0.0,0.0,2.0,0.0,0.0,25.11494076,29.0160487
264,915.0,2186.3140736,0.0,0.0,0.0,0.0,0.0,0.0,0.0,0.0,0.0,0.0,141.6209841,47.02600996
265,482.0,1062.872411,0.0,0.0,0.0,0.0,0.0,86.0,0.0,0.0,0.0,0.0,72.5953213,24.01328168
266,239.0,591.69750658,0.0,0.0,0.0,0.0,0.0,0.0,0.0,0.0,1.005992509,0.0,10.34908766,12.00664084
267,350.0,806.3400444,0.0,0.0,0.0,0.0,0.0,0.0,0.0,0.0,0.0,0.0,60.1555677,18.00996126
268,152.0,342.9499957,0.0,0.0,0.0,0.0,0.0,0.0,0.0,0.0,0.0,0.0,43.58184655,8.004427227
269,216.0,403.0887818,2.0,0.0,12.0,5.0,31.0,13.0,74.0,44.0,3.017977528,0.0,17.19074394,11.00608744
270,121.0,219.91062882,158.0,98.0,3.0,9.0,2.0,3.0,2.0,55.0,0.0,0.0,19.52903153,6.003320421
271,409.0,881.79887736,6.0,0.0,3.0,1.0,3.0,67.0,26.0,32.0,0.0,0.0,23.68598724,21.01162147
272,322.0,654.05426702,0.0,0.0,7.0,0.0,0.0,92.0,0.0,13.0,0.0,0.0,72.79290395,16.00885445
273,371.0,765.57329718,0.0,0.0,0.0,0.0,0.0,0.0,0.0,0.0,0.0,0.0,80.06490176,19.01051467
274,741.0,1680.0113833999999,0.0,0.0,0.0,0.0,0.0,0.0,0.0,0.0,0.0,0.0,32.08650191,38.02102933
275,96.0,142.71543051999998,0.0,0.0,0.0,1.0,1.0,4.0,1.0,5.0,1.005992509,0.0,4.676575177,5.002767017
276,1186.0,2513.70161,45.0,28.0,4.0,7.0,10.0,93.0,26.0,80.0,1.005992509,0.0,69.04309895,60.03320421
277,139.0,266.65640316,33.0,0.0,4.0,2.0,3.0,4.0,8.0,37.0,0.0,0.0,9.959373062,7.003873824
278,732.0,1510.9732188,259.0,158.0,30.0,10.0,21.0,165.0,149.0,130.0,1.005992509,0.0,71.6208828,37.02047593
279,216.0,414.60650142000003,2.0,0.0,5.0,2.0,9.0,23.0,8.0,44.0,2.011985019,0.0,18.3802012,11.00608744
280,179.0,380.54803708000003,0.0,0.0,0.0,0.0,0.0,0.0,0.0,0.0,0.0,0.0,7.750990339,9.004980631
281,488.0,921.0455006,0.0,0.0,0.0,0.0,0.0,1.0,0.0,0.0,7.041947566,0.0,21.17449316,25.01383509
282,1369.0,3286.6043250000002,52.0,14.0,25.0,15.0,52.0,47.0,59.0,218.0,2.011985019,0.0,80.15130233,70.03873824
283,525.0,1159.0353547999998,19.0,72.0,8.0,6.0,17.0,100.0,23.0,83.0,0.0,0.0,36.93628357,27.01494189
284,403.0,882.02558718,0.0,0.0,0.0,0.0,3.0,0.0,4.0,1.0,1.005992509,0.0,24.79696664,20.01106807
285,397.0,764.36504954,0.0,0.0,0.0,0.0,0.0,0.0,1.0,0.0,3.017977528,0.0,17.23404556,20.01106807
286,353.0,813.00181866,2.0,6.0,4.0,2.0,46.0,6.0,42.0,33.0,1.005992509,0.0,21.39100127,18.00996126
287,261.0,621.58015558,0.0,0.0,0.0,0.0,0.0,0.0,0.0,0.0,0.0,0.0,15.30172334,13.00719424
288,998.0,2005.4436958000001,535.0,244.0,88.0,59.0,23.0,236.0,22.0,218.0,2.011985019,0.0,104.9198301,51.02822357
289,158.0,371.85634116,54.0,6.0,15.0,2.0,16.0,18.0,15.0,106.0,3.017977528,0.0,19.88763258,8.004427227
290,136.0,339.94115344,0.0,0.0,0.0,0.0,0.0,0.0,0.0,0.0,2.011985019,0.0,13.88902059,7.003873824
291,1878.0,4228.536754,0.0,0.0,0.0,0.0,0.0,2.0,0.0,0.0,0.0,0.0,81.40704937,95.05257333
292,217.0,500.83869484,57.0,14.0,19.0,8.0,24.0,21.0,44.0,123.0,10.05992509,0.0,34.8199548,11.00608744
293,418.0,985.1182891999999,19.0,0.0,7.0,11.0,23.0,50.0,23.0,96.0,3.017977528,0.0,28.01614944,21.01162147
294,496.0,1257.2413042,465.0,108.0,52.0,32.0,73.0,153.0,127.0,360.0,2.011985019,0.0,80.80082666,25.01383509
295,16.0,24.011742718,0.0,0.0,0.0,0.0,0.0,0.0,0.0,0.0,3.017977528,0.0,13.69282595,1.000553403
296,11.0,21.038940764000003,0.0,0.0,0.0,0.0,0.0,0.0,0.0,0.0,11.0659176,0.0,0.476317842,1.000553403
297,54.0,114.49183203999999,0.0,0.0,0.0,0.0,0.0,0.0,0.0,0.0,22.13183521,0.0,15.33828759,3.00166021
298,52.0,89.047748776,0.0,0.0,0.0,0.0,0.0,0.0,0.0,0.0,9.053932584,0.0,10.25168434,3.00166021
299,24.0,40.421448057999996,50.0,18.0,12.0,60.0,19.0,29.0,20.0,98.0,3.017977528,0.0,14.28953526,1.000553403
300,4.0,11.592417268,930.0,71.0,1420.0,3.0,460.0,276.0,653.0,1817.0,4.023970037,0.0,243.9613384,0.0
301,15.0,38.728974312,0.0,0.0,0.0,0.0,0.0,0.0,0.0,0.0,3.017977528,0.0,0.64952433,1.000553403
302,109.0,237.97938478,0.0,0.0,0.0,0.0,1.0,1.0,0.0,4.0,9.053932584,0.0,20.97968653,6.003320421
303,60.0,121.71776418,17.0,36.0,9.0,4.0,14.0,15.0,21.0,70.0,2.011985019,0.0,22.65219901,3.00166021
304,117.0,223.90100864000001,1.0,0.0,1.0,0.0,3.0,60.0,4.0,15.0,3.017977528,0.0,18.70362602,6.003320421
305,2.0,3.086156955,0.0,0.0,0.0,0.0,0.0,0.0,0.0,0.0,14.08389513,0.0,0.086603244,0.0
306,28.0,58.111481590000004,0.0,0.0,0.0,0.0,0.0,0.0,0.0,0.0,11.0659176,0.0,1.212445416,1.000553403
307,107.0,229.47312444,0.0,0.0,0.0,0.0,0.0,0.0,0.0,0.0,9.053932584,0.0,5.633273555,5.002767017
308,326.0,741.5281313,87.0,4.0,51.0,18.0,61.0,132.0,77.0,238.0,3.017977528,0.0,44.04181227,17.00940786
309,227.0,453.26077812,39.0,10.0,80.0,9.0,25.0,42.0,26.0,98.0,7.041947566,0.0,41.07570184,12.00664084
310,0.0,0.0,58.0,3.0,20.0,23.0,6.0,3.0,4.0,68.0,1.005992509,0.0,81.01080007,0.0
311,23.0,44.298472935999996,266.0,152.0,183.0,43.0,123.0,269.0,138.0,528.0,3.017977528,0.0,86.69529796,1.000553403
312,430.0,1197.4039252,1.0,0.0,4.0,3.0,7.0,48.0,231.0,187.0,8.047940075,0.0,39.44777765,22.01217488
313,722.0,1524.675489,0.0,17.0,1.0,1.0,1.0,44.0,1.0,11.0,0.0,0.0,34.55469436,37.02047593
314,628.0,1323.3925408,0.0,0.0,0.0,1.0,0.0,2.0,1.0,11.0,1.005992509,0.0,27.84294295,32.01770891
315,0.0,0.0,178.0,2.0,344.0,260.0,66.0,4.0,55.0,582.0,0.0,0.0,64.56271841,0.0
316,1196.0,2782.5222261999997,5.0,0.0,13.0,9.0,19.0,40.0,68.0,118.0,0.0,0.0,63.56678111,61.03375761
317,557.0,1106.7869269999999,0.0,0.0,0.0,1.0,0.0,0.0,1.0,6.0,0.0,0.0,24.46541643,28.0154953
318,129.0,235.64282125999998,0.0,0.0,0.0,0.0,0.0,0.0,0.0,0.0,0.0,0.0,8.585909239,7.003873824
319,0.0,0.0,279.0,15.0,1615.0,482.0,100.0,253.0,52.0,419.0,0.0,0.0,139.2147148,0.0
320,779.0,1607.2108592,0.0,0.0,0.0,1.0,0.0,27.0,0.0,19.0,1.005992509,0.0,35.76713978,40.02213614
321,562.0,1079.949161,0.0,0.0,0.0,0.0,4.0,115.0,0.0,0.0,0.0,0.0,29.48840459,29.0160487
322,369.0,625.6295305,40.0,1.0,29.0,18.0,49.0,110.0,60.0,215.0,0.0,0.0,38.58174521,19.01051467
323,377.0,669.8172654800001,43.0,0.0,8.0,66.0,7.0,12.0,13.0,69.0,0.0,0.0,25.76446509,19.01051467
324,600.0,1193.4646898,122.0,8.0,45.0,14.0,33.0,69.0,46.0,170.0,0.0,0.0,47.93489556,30.0166021
325,528.0,983.44615308,0.0,0.0,0.0,0.0,0.0,0.0,0.0,0.0,0.0,0.0,22.86325642,27.01494189
326,0.0,0.0,160.0,1.0,1434.0,381.0,340.0,633.0,264.0,1635.0,3.017977528,0.0,209.9262635,0.0
327,591.0,1124.0209244,0.0,0.0,3.0,28.0,3.0,76.0,2.0,56.0,2.011985019,0.0,32.8659311,30.0166021
328,348.0,578.99711112,54.0,56.0,11.0,4.0,9.0,32.0,22.0,361.0,0.0,0.0,38.84155494,18.00996126
329,921.0,1690.8254196,64.0,4.0,26.0,10.0,14.0,135.0,23.0,111.0,0.0,0.0,56.63852158,47.02600996
330,475.0,1090.0115856,27.0,0.0,4.0,6.0,8.0,83.0,8.0,37.0,0.0,0.0,28.05945106,24.01328168
331,327.0,534.3972306000001,0.0,0.0,0.0,0.0,1.0,412.0,0.0,0.0,0.0,0.0,32.04320028,17.00940786
332,404.0,720.96556528,3.0,0.0,8.0,4.0,7.0,53.0,11.0,56.0,0.0,0.0,23.64268562,21.01162147
333,766.0,1714.5232678,96.0,32.0,177.0,39.0,77.0,122.0,107.0,403.0,0.0,0.0,78.76565043,39.02158273
334,343.0,587.5420288,255.0,283.0,36.0,29.0,50.0,68.0,130.0,288.0,0.0,0.0,64.17300381,17.00940786
335,474.0,967.8712070400001,22.0,437.0,17.0,43.0,23.0,24.0,35.0,168.0,0.0,0.0,53.82391615,24.01328168
336,337.0,783.56997254,2.0,0.0,6.0,3.0,8.0,96.0,13.0,32.0,0.0,0.0,21.52090614,17.00940786
337,359.0,835.81054786,1.0,0.0,9.0,9.0,9.0,304.0,74.0,37.0,0.0,0.0,34.72790085,18.00996126
338,697.0,1419.7022616,0.0,0.0,0.0,0.0,0.0,2.0,0.0,4.0,0.0,0.0,30.44104027,35.01936912
339,0.0,0.0,42.0,11.0,33.0,20.0,45.0,401.0,92.0,212.0,1.005992509,0.0,37.06618844,0.0
340,567.0,1042.948701,171.0,79.0,1617.0,150.0,97.0,187.0,131.0,346.0,0.0,0.0,144.8439256,29.0160487
341,92.0,160.25606872,86.0,63.0,20.0,10.0,41.0,157.0,39.0,99.0,0.0,0.0,26.28408456,5.002767017
342,239.0,541.56155054,0.0,65.0,0.0,0.0,1.0,1.0,1.0,2.0,0.0,0.0,13.3802012,12.00664084
343,155.0,353.67684740000004,9.0,128.0,4.0,2.0,4.0,4.0,3.0,46.0,0.0,0.0,15.37207581,8.004427227
344,394.0,668.94908288,61.0,7.0,42.0,22.0,49.0,33.0,63.0,178.0,0.0,0.0,41.76307708,20.01106807
345,256.0,426.87119738,0.0,0.0,1.0,1.0,2.0,9.0,26.0,10.0,0.0,0.0,13.20699471,13.00719424
346,423.0,568.71059396,2.0,44.0,2.0,0.0,1.0,68.0,3.0,12.0,0.0,0.0,24.03240021,21.01162147
347,734.0,996.43950586,159.0,1.0,9.0,5.0,15.0,17.0,37.0,88.0,0.0,0.0,46.11622744,37.02047593
348,255.0,411.7778605,1.0,90.0,4.0,2.0,21.0,21.0,18.0,132.0,0.0,0.0,23.55608237,13.00719424
349,232.0,404.74259820000003,0.0,0.0,0.0,0.0,0.0,0.0,0.0,0.0,0.0,0.0,10.04597631,12.00664084
350,259.0,426.75784242000003,6.0,0.0,2.0,1.0,1.0,1.0,1.0,8.0,0.0,0.0,12.08115254,13.00719424
351,2.0,5.1186957128,38.0,1.0,20.0,20.0,14.0,18.0,22.0,51.0,0.0,0.0,8.054101693,0.0
352,49.0,74.255819556,2.0,0.0,4.0,206.0,1.0,0.0,1.0,63.0,0.0,0.0,14.11632877,2.001106807
353,511.0,863.03952312,318.0,10.0,38.0,21.0,52.0,19.0,73.0,185.0,0.0,0.0,53.1310902,26.01438849
354,8.0,15.054679501999999,43.0,0.0,12.0,6.0,8.0,1.0,16.0,64.0,0.0,0.0,6.841656277,0.0
355,50.0,101.54438901,33.0,1.0,19.0,17.0,5.0,3.0,10.0,15.0,0.0,0.0,6.625148167,3.00166021
356,327.0,527.62210134,8.0,9.0,8.0,4.0,11.0,1.0,11.0,43.0,0.0,0.0,18.27328449,17.00940786
357,51.0,111.21762246,0.0,0.0,0.0,0.0,0.0,0.0,1.0,5.0,0.0,0.0,2.468192454,3.00166021
358,114.0,176.58845933999999,26.0,127.0,30.0,0.0,0.0,0.0,2.0,2.0,0.0,0.0,13.03378822,6.003320421
359,188.0,343.62227437999996,12.0,0.0,4.0,2.0,8.0,4.0,12.0,35.0,0.0,0.0,11.47492983,10.00553403
360,413.0,579.70281302,0.0,29.0,9.0,0.0,3.0,8.0,25.0,142.0,0.0,0.0,27.23672024,21.01162147
361,168.0,356.1215317,0.0,0.0,0.0,0.0,0.0,300.0,0.0,0.0,0.0,0.0,20.2651591,9.004980631
362,328.0,579.97864878,99.0,25.0,11.0,6.0,14.0,15.0,23.0,90.0,0.0,0.0,26.45729105,17.00940786
363,311.0,601.17221908,0.0,0.0,0.0,0.0,0.0,0.0,0.0,0.0,0.0,0.0,37.46680444,16.00885445
364,2.0,2.782740155,178.0,79.0,88.0,271.0,12.0,6.0,8.0,68.0,0.0,0.0,30.83075487,0.0
365,0.0,0.0,752.0,224.0,1091.0,51.0,143.0,89.0,267.0,791.0,1.005992509,0.0,147.5719278,0.0
366,85.0,194.847885,168.0,2.0,407.0,81.0,73.0,51.0,81.0,372.0,0.0,0.0,57.15814105,4.002213614
367,0.0,0.0,4.0,0.0,4.0,2.0,1.0,2.0,3.0,14.0,0.0,0.0,1.29904866,0.0
368,181.0,292.84746282000003,14.0,0.0,9.0,42.0,9.0,11.0,13.0,27.0,0.0,0.0,13.25029633,9.004980631
369,9.0,15.920245060000001,72.0,7.0,155.0,85.0,189.0,61.0,260.0,506.0,0.0,0.0,58.19737998,0.0
370,69.0,128.83034132,24.0,12.0,60.0,66.0,48.0,34.0,65.0,380.0,0.0,0.0,32.82262948,4.002213614
371,8.0,11.91370078,25.0,5.0,126.0,52.0,121.0,73.0,174.0,377.0,0.0,0.0,41.61285875,0.0
372,293.0,457.54209724,190.0,35.0,34.0,14.0,90.0,467.0,41.0,300.0,0.0,0.0,63.39357462,15.00830105
373,169.0,264.16782734000003,57.0,199.0,109.0,61.0,339.0,124.0,181.0,1112.0,0.0,0.0,101.8021133,9.004980631
374,300.0,561.16291656,6.0,0.0,7.0,3.0,6.0,1.0,11.0,31.0,0.0,0.0,15.80509203,15.00830105
375,187.0,295.33080448000004,41.0,7.0,114.0,46.0,208.0,334.0,319.0,483.0,0.0,0.0,75.30152067,10.00553403
376,262.0,523.5288349,10.0,0.0,28.0,12.0,25.0,19.0,50.0,107.0,0.0,0.0,22.21373209,13.00719424
377,800.0,1127.4157407999999,6.0,0.0,18.0,10.0,40.0,26.0,163.0,82.0,0.0,0.0,49.5803572,41.02268954
378,329.0,460.9244276,3.0,0.0,0.0,0.0,0.0,54.0,1.0,4.0,0.0,0.0,16.9309342,17.00940786
379,721.0,1412.6978056,1.0,0.0,4.0,2.0,6.0,5.0,7.0,28.0,0.0,0.0,33.51545543,37.02047593
380,490.0,1024.40357022,1.0,0.0,4.0,4.0,3.0,5.0,6.0,18.0,0.0,0.0,22.99316129,25.01383509
381,388.0,761.3175499,16.0,0.0,2.0,0.0,3.0,3.0,2.0,13.0,0.0,0.0,18.4897926,20.01106807
382,162.0,348.89559959999997,0.0,0.0,0.0,0.0,1.0,0.0,0.0,0.0,0.0,0.0,7.058164387,8.004427227
383,0.0,0.0,102.0,19.0,1049.0,255.0,256.0,97.0,60.0,151.0,0.0,0.0,86.12692617,0.0
384,7.0,17.576678536,133.0,21.0,309.0,235.0,91.0,39.0,37.0,183.0,0.0,0.0,45.68321122,0.0
385,8.0,19.119757016,57.0,6.0,170.0,29.0,23.0,33.0,21.0,101.0,0.0,0.0,19.39912666,0.0
386,7.0,14.86662686,45.0,7.0,151.0,497.0,9.0,17.0,7.0,60.0,0.0,0.0,34.64129761,0.0
387,408.0,979.17268532,19.0,17.0,199.0,28.0,52.0,17.0,10.0,107.0,0.0,0.0,37.10949006,21.01162147
388,0.0,0.0,0.0,0.0,2.0,11.0,0.0,0.0,0.0,1.0,0.0,0.0,0.606222708,0.0
389,166.0,250.05341095999998,8.0,3.0,67.0,12.0,31.0,45.0,43.0,139.0,0.0,0.0,22.25703371,8.004427227
390,122.0,180.7055117,40.0,181.0,74.0,34.0,119.0,80.0,133.0,412.0,0.0,0.0,51.7454383,6.003320421
391,77.0,143.88502076,2.0,0.0,16.0,6.0,31.0,402.0,20.0,73.0,0.0,0.0,27.150117,4.002213614
392,358.0,666.92177828,61.0,263.0,126.0,58.0,171.0,136.0,252.0,438.0,0.0,0.0,80.6709218,18.00996126
393,333.0,530.782956,55.0,2.0,59.0,23.0,114.0,74.0,135.0,356.0,0.0,0.0,49.84016693,17.00940786
394,22.0,30.61014171,70.0,125.0,303.0,145.0,1132.0,5690.0,588.0,1166.0,0.0,0.0,400.150289,1.000553403
395,203.0,290.88700456,24.0,3.0,57.0,28.0,101.0,124.0,165.0,330.0,0.0,0.0,44.81717878,10.00553403
396,491.0,735.2149285,43.0,127.0,101.0,46.0,188.0,350.0,197.0,585.0,0.0,0.0,92.14585163,25.01383509
397,643.0,1283.5300164,28.0,0.0,10.0,18.0,21.0,25.0,104.0,77.0,0.0,0.0,40.09730198,33.01826231
398,760.0,1127.3462776,19.0,3.0,17.0,7.0,150.0,65.0,44.0,127.0,0.0,0.0,51.61553343,39.02158273
399,552.0,956.1163095200001,57.0,0.0,5.0,1.0,4.0,7.0,5.0,32.0,0.0,0.0,28.70897539,28.0154953
400,663.0,1067.0993702,30.0,1.0,27.0,17.0,39.0,91.0,56.0,200.0,0.0,0.0,48.67102314,34.01881572
401,327.0,638.73422012,0.0,13.0,1.0,2.0,1.0,37.0,2.0,21.0,0.0,0.0,17.49385529,17.00940786
402,359.0,651.52703376,2.0,0.0,0.0,1.0,2.0,9.0,57.0,17.0,0.0,0.0,19.35582504,18.00996126
403,241.0,430.14802406,0.0,0.0,0.0,0.0,3.0,0.0,2.0,14.0,0.0,0.0,11.25842172,12.00664084
404,220.0,407.90606992,0.0,0.0,0.0,0.0,0.0,37.0,1.0,0.0,0.0,0.0,11.17181848,11.00608744
405,10.0,20.173375206,587.0,138.0,185.0,66.0,85.0,9.0,54.0,525.0,0.0,0.0,71.83739091,1.000553403
406,2.0,3.086156955,57.0,31.0,5.0,1.0,5.0,3.0,5.0,58.0,2.011985019,0.0,7.231370875,0.0
407,0.0,0.0,129.0,39.0,69.0,32.0,3.0,0.0,6.0,120.0,0.0,0.0,17.23404556,0.0
408,0.0,0.0,169.0,14.0,32.0,356.0,20.0,0.0,15.0,127.0,0.0,0.0,31.74008893,0.0
409,82.0,187.50859784000002,64.0,2.0,361.0,345.0,40.0,55.0,39.0,142.0,0.0,0.0,48.93083287,4.002213614
410,96.0,230.11459702000002,41.0,0.0,11.0,10.0,17.0,10.0,23.0,58.0,0.0,0.0,11.51823145,5.002767017
411,326.0,781.50139354,5.0,1.0,15.0,5.0,14.0,15.0,16.0,45.0,0.0,0.0,19.13931693,17.00940786
412,109.0,192.5860191,31.0,5.0,21.0,4.0,6.0,16.0,23.0,615.0,0.0,0.0,41.94034627,6.003320421
413,179.0,318.89436132,33.0,13.0,42.0,23.0,57.0,27.0,78.0,199.0,0.0,0.0,28.18935593,9.004980631
414,74.0,129.09309152,18.0,3.0,8.0,65.0,16.0,40.0,25.0,38.0,0.0,0.0,12.42756552,4.002213614
415,422.0,971.64272838,2.0,0.0,8.0,6.0,9.0,12.0,11.0,45.0,0.0,0.0,22.30033533,21.01162147
416,452.0,832.9740557199999,6.0,0.0,3.0,1.0,2.0,1.0,6.0,11.0,0.0,0.0,20.87138181,23.01272828
417,468.0,958.61273648,47.0,21.0,19.0,9.0,38.0,69.0,87.0,187.0,0.0,0.0,40.9200328,24.01328168
418,425.0,936.97621482,2.0,0.0,0.0,1.0,2.0,36.0,11.0,84.0,0.0,0.0,24.29220995,22.01217488
419,522.0,863.0755634,0.0,0.0,0.0,0.0,9.0,1.0,13.0,6.0,0.0,0.0,23.85919373,27.01494189
420,153.0,297.74468268,0.0,0.0,0.0,0.0,0.0,156.0,0.0,1.0,0.0,0.0,13.42350282,8.004427227
421,108.0,206.6257378,0.0,0.0,1.0,0.0,7.0,36.0,5.0,12.0,0.0,0.0,7.317974119,5.002767017
422,0.0,0.0,4.0,3.0,3268.0,68.0,419.0,59.0,53.0,48.0,0.0,0.0,169.8289615,0.0
423,37.0,67.256597454,125.0,2.0,40.0,108.0,48.0,32.0,54.0,205.0,0.0,0.0,28.18935593,2.001106807
424,46.0,121.11756606,156.0,2.0,116.0,13.0,23.0,18.0,63.0,104.0,0.0,0.0,23.42617751,2.001106807
425,147.0,311.52165114,188.0,15.0,44.0,27.0,61.0,44.0,86.0,332.0,0.0,0.0,40.87673117,7.003873824
426,190.0,405.6520553,75.0,0.0,34.0,34.0,85.0,31.0,196.0,183.0,0.0,0.0,35.85374302,10.00553403
427,112.0,245.3186718,32.0,34.0,42.0,17.0,46.0,81.0,82.0,155.0,0.0,0.0,26.02427483,6.003320421
428,64.0,131.9551556,28.0,0.0,32.0,23.0,47.0,22.0,59.0,172.0,0.0,0.0,19.35582504,3.00166021
429,159.0,330.71610574,65.0,0.0,45.0,26.0,63.0,43.0,88.0,248.0,0.0,0.0,31.91329542,8.004427227
430,398.0,875.66522102,0.0,0.0,0.0,0.0,0.0,0.0,0.0,0.0,0.0,0.0,17.23404556,20.01106807
431,242.0,552.96591514,0.0,0.0,1.0,4.0,4.0,9.0,4.0,28.0,0.0,0.0,12.64407363,12.00664084
432,846.0,1340.6750642,17.0,29.0,29.0,14.0,33.0,57.0,41.0,157.0,0.0,0.0,52.95788371,43.02379635
433,397.0,765.72007536,6.0,0.0,14.0,5.0,10.0,170.0,57.0,115.0,0.0,0.0,33.51545543,20.01106807
434,65.0,147.72600544,461.0,242.0,47.0,118.0,110.0,64.0,91.0,346.0,0.0,0.0,66.85770438,3.00166021
435,86.0,176.7430888,11.0,0.0,18.0,10.0,35.0,23.0,61.0,211.0,0.0,0.0,19.70223801,4.002213614
436,512.0,821.22177474,37.0,25.0,40.0,20.0,62.0,70.0,79.0,296.0,0.0,0.0,49.40715071,26.01438849
437,246.0,571.3334616,1.0,39.0,2.0,14.0,14.0,4207.0,22.0,59.0,0.0,0.0,199.3606677,13.00719424
438,289.0,561.80438918,0.0,0.0,0.0,0.0,0.0,0.0,0.0,0.0,0.0,0.0,27.51416876,15.00830105
439,276.0,499.73856804,14.0,1.0,37.0,21.0,193.0,66.0,428.0,1016.0,0.0,0.0,88.85492836,14.00774765
440,172.0,310.12535078,171.0,58.0,18.0,15.0,33.0,37.0,4448.0,431.0,0.0,0.0,233.0926313,9.004980631
441,402.0,820.18385914,32.0,122.0,5.0,14.0,8.0,107.0,18.0,81.0,0.0,0.0,34.16497976,20.01106807
442,269.0,497.06717366000004,2.0,29.0,3.0,49.0,1.0,1.0,2.0,519.0,0.0,0.0,37.88891926,14.00774765
443,607.0,1228.6567034,12.0,95.0,22.0,3.0,13.0,183.0,260.0,138.0,0.0,0.0,57.72106213,31.01715551
444,479.0,1039.95032734,0.0,0.0,0.0,0.0,0.0,0.0,0.0,0.0,0.0,0.0,20.74147694,24.01328168
445,317.0,640.9187713,0.0,0.0,0.0,0.0,0.0,0.0,0.0,0.0,0.0,0.0,13.72661418,16.00885445
446,389.0,889.55554438,1.0,33.0,13.0,2.0,5.0,22.0,7.0,56.0,0.0,0.0,44.86325642,20.01106807
447,487.0,1083.460549,80.0,8.0,19.0,3.0,13.0,1.0,9.0,98.0,3.017977528,0.0,31.0905646,25.01383509
448,1072.0,2309.3351206,81.0,17.0,41.0,109.0,58.0,112.0,68.0,245.0,1.005992509,0.0,78.07282448,54.02988379
449,321.0,665.3839340000001,0.0,0.0,0.0,0.0,0.0,0.0,0.0,0.0,4.023970037,0.0,53.89982066,16.00885445
450,628.0,1246.1560678,0.0,0.0,0.0,112.0,0.0,54.0,0.0,1.0,2.011985019,0.0,35.4247895,32.01770891
451,21.0,50.697496848,55.0,82.0,44.0,58.0,61.0,108.0,82.0,229.0,1.005992509,0.0,32.04320028,1.000553403
452,206.0,393.0781004,0.0,0.0,3.0,0.0,1.0,5.0,6.0,7.0,10.05992509,0.0,9.872769818,10.00553403
453,374.0,852.18159586,128.0,67.0,167.0,44.0,37.0,13.0,12.0,160.0,5.029962547,0.0,44.38822525,19.01051467
454,206.0,477.08970242,2.0,12.0,215.0,14.0,1.0,30.0,9.0,42.0,1.005992509,0.0,22.99316129,10.00553403
455,696.0,1618.7030074,63.0,79.0,50.0,49.0,69.0,84.0,101.0,353.0,0.0,0.0,66.85770438,35.01936912
456,241.0,551.4228367000001,6.0,1.0,34.0,0.0,12.0,21.0,25.0,61.0,6.035955056,0.0,18.36395042,12.00664084
457,190.0,430.04252038,93.0,33.0,40.0,13.0,38.0,74.0,42.0,181.0,12.07191011,0.0,33.48434189,10.00553403
458,250.0,648.64463212,7.0,1.0,8.0,0.0,14.0,127.0,32.0,50.0,5.029962547,0.0,28.17449316,13.00719424
459,567.0,1198.0991586,62.0,124.0,91.0,185.0,25.0,5.0,12.0,175.0,4.023970037,18.4,57.95382102,29.0160487
460,373.0,858.7686724,0.0,46.0,7.0,5.0,4.0,190.0,7.0,57.0,1.005992509,0.0,32.83481756,19.01051467
461,583.0,1281.7320384,0.0,0.0,0.0,0.0,0.0,0.0,0.0,0.0,7.041947566,0.0,25.24484563,30.0166021
462,1294.0,3099.7345822,0.0,0.0,0.0,0.0,0.0,1.0,0.0,36.0,4.023970037,0.0,58.63445889,66.03652463
463,239.0,580.85729988,0.0,0.0,0.0,1.0,6.0,0.0,0.0,22.0,5.029962547,0.0,12.6048347,12.00664084
464,432.0,975.55579358,7.0,9.0,12.0,16.0,9.0,11.0,12.0,66.0,3.017977528,0.0,24.85513103,22.01217488
465,788.0,1560.1224026,11.0,41.0,22.0,3.0,16.0,19.0,14.0,54.0,3.017977528,0.0,44.9159701,40.02213614
466,447.0,926.8856012800001,1.0,0.0,0.0,1.0,1.0,3.0,2.0,13.0,2.011985019,0.0,35.2651591,23.01272828
467,755.0,1745.6528228,2.0,0.0,1.0,0.0,7.0,1.0,4.0,12.0,1.005992509,0.0,33.86186841,38.02102933
468,505.0,1204.732744,0.0,0.0,4.0,1.0,1.0,5.0,3.0,9.0,0.0,0.0,23.86325642,26.01438849
469,346.0,709.3809993799999,1.0,0.0,8.0,0.0,1.0,8.0,4.0,11.0,1.005992509,0.0,16.41131474,18.00996126
470,235.0,494.73846152000004,0.0,0.0,4.0,5.0,2.0,193.0,4.0,10.0,0.0,0.0,23.61563477,12.00664084
471,174.0,401.96570018,0.0,0.0,0.0,0.0,0.0,97.0,1.0,0.0,0.0,0.0,12.77804119,9.004980631
472,314.0,727.75377996,1.0,0.0,2.0,12.0,5.0,15.0,3.0,20.0,1.005992509,0.0,19.10820339,16.00885445
473,776.0,1817.3532195999999,10.0,27.0,13.0,6.0,34.0,22.0,19.0,160.0,3.017977528,0.0,46.20283068,39.02158273
474,204.0,465.87339046,0.0,0.0,0.0,0.0,0.0,0.0,0.0,0.0,0.0,0.0,8.833530889,10.00553403
475,320.0,842.7042662599999,0.0,0.0,0.0,0.0,0.0,0.0,0.0,0.0,18.10786517,0.0,57.85651904,16.00885445
476,55.0,148.5555307,0.0,0.0,0.0,0.0,0.0,0.0,0.0,0.0,27.16179775,0.0,18.38158921,3.00166021
477,113.0,294.96516756,0.0,0.0,0.0,0.0,0.0,0.0,0.0,0.0,16.09588015,0.0,20.89308329,6.003320421
478,49.0,122.35923676,0.0,0.0,0.0,0.0,0.0,0.0,0.0,0.0,8.047940075,0.0,21.12177948,2.001106807
479,139.0,362.86323776,4.0,0.0,0.0,0.0,6.0,21.0,1.0,7.0,4.023970037,0.0,20.70768872,7.003873824
480,151.0,396.9629766,94.0,72.0,6.0,7.0,4.0,6.0,20.0,41.0,3.017977528,0.0,18.36395042,8.004427227
481,103.0,267.33915030000003,0.0,0.0,7.0,0.0,1.0,0.0,0.0,1.0,4.023970037,0.0,4.849781665,5.002767017
482,78.0,191.4989778,0.0,0.0,0.0,0.0,0.0,0.0,0.0,0.0,3.017977528,0.0,14.37752652,4.002213614
483,118.0,302.00304708,0.0,0.0,0.0,0.0,0.0,0.0,0.0,0.0,3.017977528,0.0,7.109591397,6.003320421
484,228.0,640.44239658,0.0,0.0,1.0,0.0,1.0,0.0,0.0,3.0,5.029962547,0.0,41.08927793,12.00664084
485,318.0,882.30142298,1.0,0.0,1.0,1.0,2.0,1.0,1.0,17.0,2.011985019,0.0,14.80915473,16.00885445
486,80.0,174.25974714,0.0,0.0,0.0,0.0,0.0,0.0,0.0,0.0,24.14382022,0.0,45.46412976,4.002213614
487,119.0,261.54032456,0.0,0.0,0.0,0.0,0.0,0.0,0.0,0.0,15.08988764,0.0,11.15289302,6.003320421
488,111.0,254.61580006000003,0.0,0.0,0.0,0.0,0.0,0.0,0.0,0.0,14.08389513,0.0,30.80648004,6.003320421
489,168.0,400.15987148,11.0,9.0,0.0,5.0,0.0,2.0,0.0,6.0,1.005992509,0.0,12.70362602,9.004980631
490,105.0,241.2922517,53.0,12.0,48.0,5.0,14.0,147.0,15.0,101.0,1.005992509,0.0,38.650811,5.002767017
491,196.0,385.09995768,17.0,0.0,0.0,0.0,0.0,1.0,0.0,2.0,4.023970037,0.0,9.353150353,10.00553403
492,166.0,364.55309438,0.0,0.0,0.0,0.0,0.0,0.0,0.0,0.0,3.017977528,0.0,9.188069253,8.004427227
493,121.0,250.39871016,2.0,0.0,6.0,16.0,12.0,14.0,18.0,67.0,9.053932584,0.0,43.08521523,6.003320421
494,365.0,803.74073062,0.0,0.0,0.0,0.0,0.0,0.0,0.0,0.0,8.047940075,0.0,15.80509203,19.01051467
495,148.0,358.45809518000004,0.0,0.0,0.0,0.0,0.0,3.0,0.0,1.0,4.023970037,0.0,6.581846545,8.004427227
496,492.0,1335.7581056,0.0,0.0,0.0,0.0,5.0,95.0,0.0,0.0,1.005992509,0.0,25.63456023,25.01383509
497,682.0,1380.295774,23.0,1.0,7.0,27.0,12.0,17.0,14.0,49.0,0.0,0.0,36.02694951,35.01936912
498,726.0,1245.614865,10.0,6.0,2.0,2.0,2.0,3.0,3.0,23.0,0.0,0.0,33.6453603,37.02047593
499,528.0,1139.9516376,79.0,63.0,3.0,1.0,6.0,91.0,6.0,26.0,2.011985019,0.0,34.77120247,27.01494189
500,861.0,1592.1430942000002,43.0,73.0,4.0,5.0,21.0,16.0,10.0,83.0,0.0,0.0,48.32461016,44.02434975
501,365.0,687.8860214399999,0.0,0.0,0.0,0.0,0.0,51.0,0.0,0.0,1.005992509,0.0,18.01347475,19.01051467
502,539.0,1282.9429034,44.0,52.0,51.0,71.0,39.0,147.0,28.0,311.0,0.0,0.0,55.51267941,27.01494189
503,735.0,1531.1852512,35.0,0.0,8.0,3.0,18.0,9.0,15.0,105.0,0.0,0.0,40.18390522,37.02047593
504,502.0,1016.4975083400001,5.0,0.0,5.0,4.0,18.0,315.0,11.0,64.0,0.0,0.0,40.01069873,26.01438849
505,761.0,1469.6783542,24.0,27.0,34.0,8.0,30.0,32.0,48.0,143.0,0.0,0.0,47.93489556,39.02158273
506,654.0,1849.9668572,0.0,0.0,0.0,0.0,0.0,0.0,0.0,0.0,0.0,0.0,44.31926079,33.01826231
507,115.0,291.27619534,11.0,6.0,2.0,0.0,4.0,93.0,3.0,43.0,0.0,0.0,11.9945493,6.003320421
508,425.0,983.0470928999999,0.0,0.0,2.0,0.0,2.0,2.0,2.0,49.0,0.0,0.0,20.87138181,22.01217488
509,433.0,992.00415658,15.0,0.0,11.0,3.0,6.0,9.0,6.0,42.0,0.0,0.0,22.73335155,22.01217488
510,477.0,950.82002894,0.0,0.0,0.0,0.0,0.0,0.0,0.0,0.0,0.0,0.0,20.6548737,24.01328168
511,409.0,836.4055118599999,9.0,0.0,2.0,4.0,1.0,194.0,27.0,60.0,0.0,0.0,30.57094514,21.01162147
512,440.0,880.17586746,11.0,24.0,13.0,8.0,29.0,34.0,48.0,207.0,0.0,0.0,35.24752031,22.01217488
513,586.0,1167.7965133999999,0.0,0.0,0.0,0.0,0.0,0.0,0.0,0.0,0.0,0.0,25.3747505,30.0166021
514,224.0,591.58676874,16.0,96.0,9.0,3.0,22.0,28.0,28.0,147.0,0.0,0.0,24.81182941,11.00608744
515,338.0,783.75802518,2.0,0.0,1.0,2.0,6.0,14.0,39.0,35.0,1.005992509,0.0,18.92280882,17.00940786
516,416.0,876.34011632,10.0,0.0,12.0,7.0,32.0,191.0,114.0,310.0,0.0,0.0,47.28537123,21.01162147
517,612.0,1326.4813148,0.0,0.0,0.0,1.0,3.0,118.0,3.0,13.0,0.0,0.0,32.47621651,31.01715551
518,267.0,487.8834004,37.0,127.0,27.0,18.0,36.0,53.0,47.0,290.0,0.0,0.0,39.05806305,14.00774765
519,126.0,214.75327576,296.0,73.0,57.0,68.0,104.0,52.0,112.0,331.0,0.0,0.0,52.78467723,6.003320421
520,716.0,1375.8493578,0.0,0.0,0.0,0.0,0.0,0.0,0.0,0.0,0.0,0.0,34.00396136,36.01992252
521,440.0,849.01027282,136.0,23.0,6.0,2.0,13.0,16.0,63.0,113.0,0.0,0.0,35.16091707,22.01217488
522,377.0,945.5650237000001,146.0,20.0,14.0,8.0,48.0,44.0,90.0,219.0,1.005992509,0.0,41.82936686,19.01051467
523,612.0,1199.7863989999998,7.0,0.0,3.0,0.0,4.0,0.0,5.0,21.0,0.0,0.0,28.23265755,31.01715551
524,478.0,1131.9040314,1.0,0.0,0.0,1.0,0.0,0.0,0.0,1.0,0.0,0.0,20.82808019,24.01328168
525,359.0,793.8047469,0.0,0.0,0.0,0.0,1.0,56.0,0.0,0.0,0.0,0.0,18.01347475,18.00996126
526,404.0,845.6279424,154.0,99.0,54.0,32.0,98.0,89.0,281.0,615.0,0.0,0.0,79.06876178,21.01162147
527,0.0,0.0,0.0,0.0,178.0,0.0,88.0,75.0,0.0,0.0,0.0,0.0,14.7658531,0.0
528,349.0,716.04277354,0.0,0.0,0.0,0.0,0.0,0.0,0.0,0.0,0.0,0.0,15.11226608,18.00996126
529,320.0,589.31443444,0.0,0.0,4.0,29.0,7.0,24.0,5.0,27.0,0.0,0.0,18.01347475,16.00885445
530,667.0,1367.3122912,4.0,0.0,3.0,8.0,13.0,109.0,7.0,29.0,0.0,0.0,36.37336249,34.01881572
531,313.0,579.1903979800001,21.0,0.0,9.0,1.0,5.0,11.0,10.0,32.0,0.0,0.0,17.40725205,16.00885445
532,0.0,0.0,551.0,490.0,104.0,53.0,159.0,268.0,189.0,694.0,0.0,0.0,108.600468,0.0
533,128.0,253.07010446,153.0,286.0,58.0,29.0,75.0,79.0,108.0,280.0,0.0,0.0,51.78873992,7.003873824
534,3.0,4.629235432,412.0,48.0,400.0,9.0,668.0,594.0,1985.0,3344.0,0.0,0.0,323.160005,0.0
535,321.0,650.4786497599999,483.0,112.0,69.0,181.0,144.0,269.0,173.0,615.0,0.0,0.0,102.4949393,16.00885445
536,351.0,516.5525675,610.0,232.0,47.0,42.0,74.0,129.0,91.0,278.0,2.011985019,0.0,80.2812072,18.00996126
537,737.0,1347.955356,183.0,0.0,21.0,36.0,35.0,92.0,156.0,326.0,0.0,0.0,68.6763725,37.02047593
538,1354.0,2138.1091884,833.0,277.0,99.0,132.0,143.0,223.0,172.0,651.0,0.0,0.0,181.1834999,69.03818484
539,232.0,414.22777908,0.0,0.0,0.0,0.0,0.0,0.0,2.0,42.0,9.053932584,0.0,11.95124767,12.00664084
540,0.0,0.0,0.0,1.0,2.0,0.0,0.0,86.0,0.0,1.0,0.0,0.0,3.897145981,0.0
541,0.0,0.0,0.0,0.0,1374.0,0.0,278.0,1826.0,0.0,0.0,0.0,0.0,150.6030413,0.0
542,350.0,718.94087784,9.0,24.0,2.0,4.0,9.0,13.0,6.0,30.0,1.005992509,0.0,19.35582504,18.00996126
543,849.0,1945.5807456,7.0,0.0,15.0,5.0,16.0,121.0,19.0,93.0,0.0,0.0,57.71432476,43.02379635
544,541.0,1077.3550812,0.0,0.0,0.0,0.0,0.0,0.0,0.0,0.0,0.0,0.0,23.42617751,27.01494189
545,400.0,666.6898340800001,0.0,0.0,1.0,0.0,0.0,167.0,1.0,29.0,0.0,0.0,25.89436996,20.01106807
546,442.0,980.8238843,0.0,0.0,1.0,0.0,0.0,2.0,2.0,5.0,0.0,0.0,19.57233315,22.01217488
547,427.0,942.09490984,0.0,0.0,0.0,0.0,1.0,124.0,0.0,0.0,0.0,0.0,23.90249535,22.01217488
548,386.0,729.09833738,36.0,1.0,20.0,11.0,69.0,21.0,105.0,354.0,0.0,0.0,43.43152687,20.01106807
549,44.0,124.12902528000001,1.0,1.0,5.0,1.0,2.0,0.0,1950.0,9.0,0.0,0.0,87.1661651,2.001106807
550,108.0,208.65827652,15.0,1.0,44.0,27.0,56.0,350.0,101.0,303.0,0.0,0.0,43.51813012,5.002767017
551,413.0,772.7939950599999,0.0,0.0,0.0,0.0,0.0,16.0,0.0,0.0,5.029962547,0.0,23.57639584,21.01162147
552,449.0,791.0816097200001,1.0,0.0,7.0,26.0,8.0,28.0,16.0,42.0,1.005992509,0.0,29.9850359,23.01272828
553,65.0,157.21118628,365.0,45.0,72.0,45.0,102.0,80.0,149.0,359.0,0.0,0.0,55.51267941,3.00166021
554,316.0,668.50874834,343.0,148.0,100.0,53.0,131.0,68.0,216.0,621.0,0.0,0.0,86.43003753,16.00885445
555,173.0,334.02635564,19.0,36.0,29.0,14.0,39.0,19.0,62.0,186.0,0.0,0.0,24.9850359,9.004980631
556,313.0,539.21713578,1.0,7.0,2.0,1.0,4.0,42.0,10.0,27.0,0.0,0.0,17.62376016,16.00885445
557,326.0,476.62057976,0.0,0.0,1.0,0.0,8.0,3.0,9.0,7.0,0.0,0.0,15.32877419,17.00940786
558,160.0,326.83908088,0.0,0.0,0.0,0.0,0.0,2.0,0.0,151.0,0.0,0.0,13.55340769,8.004427227
559,0.0,0.0,31.0,20.0,8.0,6.0,12.0,7.0,69.0,69.0,0.0,0.0,9.612960085,0.0
560,467.0,928.6141149,0.0,0.0,0.0,0.0,0.0,0.0,0.0,9.0,0.0,0.0,20.61157208,24.01328168
561,556.0,1063.9155612,6.0,0.0,15.0,13.0,24.0,107.0,31.0,131.0,0.0,0.0,38.23533223,28.0154953
562,206.0,445.24659526,5.0,0.0,8.0,7.0,14.0,11.0,22.0,103.0,0.0,0.0,16.28140987,10.00553403
563,499.0,964.44236784,1.0,0.0,2.0,2.0,10.0,32.0,7.0,30.0,0.0,0.0,25.24484563,25.01383509
564,426.0,936.4867539,0.0,0.0,0.0,0.0,2.0,1.0,1.0,4.0,0.0,0.0,97.79290395,22.01217488
565,289.0,555.0292600199999,0.0,0.0,3.0,0.0,0.0,170.0,2.0,20.0,0.0,0.0,20.95798505,15.00830105
566,400.0,833.35801226,29.0,19.0,131.0,2.0,3.0,3.0,105.0,128.0,0.0,0.0,35.50733005,20.01106807
567,302.0,706.52678654,0.0,0.0,0.0,0.0,0.0,0.0,0.0,0.0,0.0,0.0,48.07708985,15.00830105
568,975.0,2013.9912312000001,15.0,64.0,12.0,10.0,22.0,70.0,61.0,289.0,0.0,92.0,65.73186221,50.02767017
569,264.0,562.52317654,115.0,84.0,26.0,17.0,120.0,41.0,327.0,418.0,0.0,0.0,61.14189027,13.00719424
570,1219.0,2240.0945114,51.0,23.0,31.0,11.0,150.0,42.0,346.0,403.0,0.0,0.0,98.55449169,62.03431101
571,501.0,1127.4215738,5.0,0.0,11.0,25.0,19.0,148.0,33.0,135.0,1.005992509,0.0,37.9755225,25.01383509
572,966.0,1661.3470644,190.0,96.0,13.0,54.0,27.0,42.0,380.0,479.0,0.0,0.0,149.2987446,49.02711677
573,371.0,770.31588762,0.0,0.0,0.0,0.0,0.0,0.0,0.0,0.0,0.0,0.0,51.06490176,19.01051467
574,135.0,297.06978694,0.0,0.0,0.0,0.0,0.0,0.0,0.0,0.0,5.029962547,0.0,8.845718971,7.003873824
575,366.0,797.15365404,44.0,27.0,77.0,17.0,33.0,36.0,20.0,147.0,3.017977528,0.0,35.21234408,19.01051467
576,9.0,16.597757972,6.0,22.0,91.0,33.0,22.0,40.0,28.0,170.0,0.0,0.0,18.22998286,0.0
577,1.0,1.0,0.0,0.0,0.0,0.0,0.0,0.0,0.0,0.0,0.0,0.0,0.043301622,0.0
578,4.0,5.4948009898,0.0,0.0,0.0,0.0,0.0,0.0,0.0,0.0,0.0,0.0,0.173206488,0.0
579,39.2,62.407276732,0.0,0.0,0.0,0.0,0.0,0.0,0.0,0.0,0.0,0.0,1.51555677,2.001106807
580,2.0,5.1186957128,0.0,0.0,0.0,0.0,1.0,6.0,1.0,5.0,0.0,0.0,0.64952433,0.0
581,9.0,18.630296736000002,0.0,0.0,0.0,0.0,0.0,0.0,0.0,0.0,0.0,0.0,0.389714598,0.0
582,395.0,868.5239000400001,0.0,0.0,0.0,0.0,0.0,0.0,0.0,0.0,50.18315018,0.0,12.47130482,20.00385728
583,1748.0,3919.528626,0.0,0.0,0.0,0.0,0.0,0.0,0.0,0.0,31.11355311,0.0,64.18947043,86.01658631
584,590.0,1422.6925847999998,37.0,12.0,11.0,1.0,43.0,10.0,46.0,145.0,2.007326007,0.0,38.25776661,29.00559306
585,2021.0,4876.1470912,55.0,28.0,13.0,13.0,59.0,19.0,58.0,223.0,4.014652015,0.0,450.5850068,100.0192864
586,390.0,878.50927534,0.0,0.0,0.0,0.0,0.0,0.0,0.0,0.0,13.04761905,0.0,12.3134402,19.00366442
587,520.0,1219.5227242,19.0,7.0,2.0,0.0,18.0,2.0,12.0,84.0,7.025641026,0.0,20.96442126,26.00501446
588,494.0,1189.2298238,3.0,2.0,0.0,37.0,30.0,0.0,2.0,16.0,1.003663004,0.0,56.43858737,24.00462874
589,478.0,1078.5474452,0.0,0.0,0.0,0.0,0.0,0.0,0.0,0.0,3.010989011,0.0,35.09185747,24.00462874
590,578.0,1390.0297401999999,0.0,0.0,0.0,0.0,0.0,0.0,0.0,0.0,0.0,0.0,18.24914983,29.00559306
591,538.0,1309.3884834,0.0,0.0,0.0,0.0,0.0,0.0,0.0,0.0,0.0,0.0,27.98623289,27.00520733
592,470.0,1018.46753266,0.0,0.0,0.0,0.0,0.0,0.0,0.0,0.0,2.007326007,0.0,14.83927409,23.00443587
593,555.0,1273.4242482,0.0,1.0,0.0,0.0,1.0,93.0,2.0,4.0,3.010989011,0.0,20.71183787,27.00520733
594,473.0,1054.1770744,16.0,3.0,6.0,19.0,49.0,75.0,102.0,288.0,1.003663004,0.0,37.55168422,23.00443587
595,750.0,1729.856759,72.0,39.0,14.0,16.0,45.0,211.0,57.0,280.0,1.003663004,0.0,63.8542186,37.00713597
596,482.0,1051.1303771999999,80.0,28.0,10.0,11.0,40.0,21.0,37.0,237.0,1.003663004,0.0,69.86798571,24.00462874
597,461.0,945.69465152,5.0,0.0,1.0,2.0,1.0,4.0,2.0,9.0,3.010989011,0.0,24.31286794,23.00443587
598,2201.0,4949.674435,67.0,24.0,13.0,2.0,24.0,9.0,31.0,161.0,8.029304029,0.0,79.94264252,109.0210222
599,1298.0,2929.238743,2.0,1.0,0.0,7.0,5.0,3.0,16.0,97.0,9.032967033,0.0,56.11770781,64.0123433
600,370.0,775.6967296600001,725.0,350.0,93.0,114.0,344.0,176.0,343.0,1489.0,16.05860806,0.0,230.417986,18.00347155
601,500.0,1081.7620918,44.0,15.0,12.0,12.0,32.0,31.0,47.0,141.0,1.003663004,0.0,26.33181827,25.0048216
602,572.0,1514.6753444,0.0,0.0,0.0,0.0,0.0,0.0,0.0,0.0,5.018315018,0.0,23.05971229,28.00540019
603,419.0,1015.0002327999999,0.0,0.0,0.0,0.0,3.0,0.0,1.0,1.0,0.0,0.0,19.3869196,21.00405014
604,726.0,1159.857003,39.0,27.0,4.0,7.0,24.0,2.0,20.0,121.0,1.003663004,0.0,30.62573588,36.00694311
605,1002.0,1578.2071138,18.0,9.0,5.0,15.0,23.0,7.0,28.0,226.0,2.007326007,0.0,42.08670714,50.0096432
606,368.0,814.28356242,0.0,0.0,0.0,0.0,0.0,0.0,0.0,0.0,0.0,0.0,11.61883588,18.00347155
607,384.0,757.92593328,0.0,0.0,0.0,0.0,0.0,0.0,0.0,0.0,0.0,0.0,17.12400266,19.00366442
608,556.0,1196.0814676,22.0,4.0,6.0,1.0,33.0,9.0,38.0,102.0,2.007326007,0.0,120.3427241,27.00520733
609,1130.0,3170.9206404,23.0,25.0,5.0,15.0,28.0,86.0,19.0,161.0,0.0,0.0,50.10680199,56.01080039
610,673.0,1279.681221,82.0,44.0,2.0,15.0,38.0,222.0,75.0,215.0,0.0,0.0,43.12861362,33.00636451
611,425.0,941.8882468,37.0,3.0,3.0,8.0,18.0,61.0,20.0,77.0,0.0,0.0,23.58554618,21.00405014
612,552.0,1183.2193842000001,13.0,2.0,0.0,9.0,6.0,7.0,5.0,67.0,0.0,0.0,34.86970249,27.00520733
613,452.0,1076.0945451999999,0.0,0.0,0.0,0.0,0.0,0.0,0.0,0.0,0.0,0.0,14.27096146,22.00424301
614,1080.0,2528.5718118,8.0,2.0,1.0,5.0,9.0,4.0,61.0,57.0,0.0,0.0,44.73997724,53.01022179
615,675.0,1338.2382226,41.0,14.0,5.0,13.0,50.0,12.0,107.0,271.0,0.0,0.0,51.50863322,33.00636451
616,439.0,976.24341066,2.0,0.0,0.0,2.0,5.0,54.0,10.0,22.0,0.0,0.0,24.8599412,22.00424301
617,557.0,1157.8331566000002,0.0,0.0,0.0,0.0,0.0,0.0,1.0,4.0,0.0,0.0,75.74398306,28.00540019
618,927.0,2227.9230916,52.0,27.0,34.0,46.0,96.0,51.0,70.0,434.0,1.003663004,0.0,54.84216827,46.00887175
619,1052.0,2500.1406349999997,122.0,44.0,25.0,18.0,62.0,22.0,94.0,371.0,4.014652015,0.0,57.14699169,52.01002893
620,525.0,1140.8258564,0.0,0.0,0.0,0.0,0.0,0.0,0.0,0.0,1.003663004,0.0,33.57578488,26.00501446
621,625.0,1317.2545276,0.0,0.0,3.0,1.0,0.0,0.0,2.0,3.0,0.0,0.0,23.01723355,31.00597878
622,580.0,1187.9569422,144.0,39.0,19.0,48.0,125.0,81.0,76.0,385.0,0.0,0.0,47.26466661,29.00559306
623,0.0,0.0,0.0,2.0,975.0,0.0,1826.0,487.0,0.0,813.0,0.0,0.0,129.5437055,0.0
624,729.0,1595.988691,36.0,9.0,7.0,12.0,17.0,67.0,24.0,95.0,0.0,0.0,38.44663189,36.00694311
625,523.0,1121.3633248,43.0,16.0,5.0,7.0,35.0,135.0,56.0,188.0,0.0,0.0,35.82550698,26.00501446
626,0.0,0.0,5.0,2.0,6.0,0.0,291.0,426.0,26.0,74.0,0.0,0.0,26.20552658,0.0
627,563.0,1215.0360708,56.0,28.0,17.0,13.0,27.0,111.0,54.0,130.0,0.0,0.0,34.54135066,28.00540019
628,0.0,0.0,38.0,8.0,16.0,12.0,1255.0,2157.0,356.0,358.0,0.0,0.0,132.6062791,0.0
629,0.0,0.0,0.0,0.0,423.0,0.0,0.0,1435.0,3.0,51.0,0.0,0.0,60.3674299,0.0
630,0.0,0.0,0.0,0.0,301.0,0.0,385.0,4494.0,2.0,74.0,0.0,0.0,165.9472864,0.0
631,0.0,0.0,0.0,0.0,249.0,0.0,1124.0,6781.0,0.0,186.0,0.0,0.0,263.3181827,0.0
632,407.0,747.1782277,0.0,0.0,1.0,1.0,0.0,1.0,0.0,42.0,0.0,0.0,14.27096146,20.00385728
633,0.0,0.0,0.0,0.0,0.0,0.0,320.0,138.0,1.0,55.0,0.0,0.0,16.22848272,0.0
634,46.0,113.55821174,259.0,66.0,36.0,24.0,748.0,11841.0,458.0,768.0,0.0,0.0,449.7878694,2.000385728
635,422.0,1029.3855191,121.0,94.0,15.0,37.0,161.0,80.0,148.0,781.0,8.029304029,0.0,307.6940649,21.00405014
636,1071.0,2610.9921299999996,69.0,43.0,13.0,28.0,106.0,147.0,127.0,574.0,11.04029304,0.0,494.7658276,53.01022179
637,957.0,2146.0942394,0.0,1.0,0.0,6.0,4.0,44.0,4.0,20.0,1.003663004,0.0,206.7095488,47.00906461
638,812.0,1705.9067002000002,69.0,17.0,6.0,15.0,61.0,86.0,43.0,373.0,2.007326007,0.0,74.79107276,40.00771456
639,3.0,5.5001793139999995,4.0,56.0,3.0,2.0,14.0,1.0,13.0,75.0,0.0,112.992,55.39896993,0.0
640,0.0,0.0,0.0,0.0,0.0,0.0,0.0,0.0,0.0,0.0,0.0,0.0,0.0,0.0
641,480.0,1048.84571908,14.0,14.0,4.0,14.0,20.0,6.0,17.0,133.0,0.0,0.0,32.16419236,24.00462874
642,523.0,1168.1582204000001,0.0,0.0,0.0,0.0,10.0,0.0,1.0,7.0,0.0,0.0,36.08095166,26.00501446
643,939.0,1988.1093288,4.0,0.0,3.0,3.0,1.0,54.0,5.0,12.0,0.0,0.0,32.23595498,46.00887175
644,491.0,964.5636769800001,0.0,0.0,0.0,0.0,0.0,0.0,0.0,0.0,0.0,0.0,15.50230548,24.00462874
645,1327.0,3225.0692811999998,35.0,27.0,2.0,7.0,48.0,22.0,70.0,219.0,0.0,0.0,55.47362674,66.01272903
646,1290.0,2314.1358256,22.0,10.0,2.0,25.0,70.0,178.0,172.0,221.0,0.0,0.0,71.83011794,64.0123433
647,0.0,0.0,29.0,0.0,716.0,0.0,1890.0,55.0,1.0,1062.0,0.0,0.0,118.4931822,0.0
648,625.0,1156.730265,0.0,0.0,0.0,0.0,0.0,0.0,0.0,0.0,2.007326007,0.0,19.73307724,31.00597878
649,574.0,1040.12593964,0.0,0.0,0.0,0.0,0.0,0.0,0.0,0.0,1.003663004,0.0,78.12285814,28.00540019
650,462.0,857.68974256,0.0,0.0,0.0,0.0,0.0,0.0,0.0,0.0,0.0,0.0,23.5866907,23.00443587
651,0.0,0.0,34.0,10.0,80.0,190.0,7.0,0.0,37.0,220.0,1.003663004,0.0,18.24914983,0.0
652,37.0,71.58703440000001,16.0,4.0,167.0,105.0,12.0,13.0,211.0,112.0,0.0,0.0,21.37486927,2.000385728
653,1305.0,2126.024798,11.0,4.0,2.0,7.0,42.0,4.0,102.0,153.0,0.0,0.0,51.46386545,65.01253616
654,1320.0,2342.4822984,48.0,31.0,6.0,7.0,49.0,7.0,96.0,141.0,0.0,0.0,73.83183472,65.01253616
655,694.0,1636.269299,0.0,1.0,0.0,0.0,0.0,53.0,5.0,21.0,0.0,0.0,24.43744286,34.00655738
656,464.0,1151.4059036,0.0,0.0,0.0,0.0,0.0,0.0,0.0,0.0,1.003663004,0.0,14.64983654,23.00443587
657,1.0,1.0,682.0,201.0,2326.0,813.0,625.0,66.0,886.0,2551.0,0.0,0.0,257.3509002,0.0
658,954.0,1515.0825432,7.0,5.0,0.0,2.0,18.0,0.0,18.0,42.0,0.0,0.0,42.02527807,47.00906461
659,423.0,663.57293782,27.0,10.0,5.0,7.0,38.0,139.0,79.0,237.0,0.0,0.0,30.46787126,21.00405014
660,1266.0,1934.2773554,75.0,26.0,30.0,18.0,34.0,206.0,353.0,300.0,0.0,0.0,86.87030764,63.01215043
661,1653.0,2685.8566586,219.0,76.0,13.0,41.0,314.0,54.0,180.0,864.0,0.0,0.0,107.7899611,82.01581485
662,959.0,1564.3312126,130.0,8.0,9.0,69.0,75.0,34.0,87.0,1008.0,0.0,0.0,75.11198521,47.00906461
663,450.0,704.18944476,121.0,31.0,3352.0,389.0,101.0,359.0,217.0,697.0,2.007326007,0.0,180.5024041,22.00424301
664,1526.0,2284.0012586,51.0,68.0,15.0,40.0,39.0,52.0,114.0,388.0,0.0,0.0,679.3967138,75.0144648
665,1309.0,2469.4128536,45.0,28.0,6.0,10.0,31.0,74.0,51.0,107.0,1.003663004,0.0,69.44262608,65.01253616
666,1407.0,3147.638592,28.0,12.0,2.0,0.0,12.0,40.0,83.0,38.0,0.0,0.0,51.21128206,70.01350048
667,1570.0,3610.7574196,220.0,66.0,61.0,41.0,245.0,65.0,639.0,1090.0,4.014652015,0.0,126.1969756,78.01504339
668,1012.0,2436.6772524,13.0,13.0,1.0,3.0,19.0,6.0,18.0,61.0,13.04761905,0.0,59.18257043,50.0096432
669,636.0,1293.391212,336.0,221.0,124.0,234.0,425.0,339.0,442.0,791.0,3.010989011,0.0,112.0207329,31.00597878
670,1023.0,2343.5101034,167.0,70.0,21.0,24.0,46.0,25.0,79.0,423.0,3.010989011,0.0,67.2939505,51.00983607
671,579.0,1293.732065,25.0,54.0,19.0,34.0,20.0,8.0,129.0,117.0,0.0,0.0,31.09932973,29.00559306
672,374.0,991.73158792,16.0,52.0,3.0,6.0,29.0,5.0,35.0,81.0,2.007326007,0.0,18.97532708,18.00347155
673,561.0,1396.9692926,5.0,1.0,1.0,2.0,6.0,0.0,0.0,20.0,2.007326007,0.0,43.81746246,28.00540019
674,1253.0,2685.0271086000002,12.0,6.0,0.0,1.0,3.0,109.0,13.0,38.0,2.007326007,0.0,49.30714535,62.01195757
675,1055.0,2165.637395,50.0,11.0,5.0,4.0,16.0,250.0,14.0,71.0,0.0,0.0,46.60163521,52.01002893
676,6.0,14.554401338,2.0,2.0,1.0,40.0,10.0,28.0,4.0,47.0,21.07692308,0.0,4.420209302,0.0
677,1170.0,2775.3201738,468.0,203.0,82.0,83.0,239.0,307.0,201.0,1201.0,21.07692308,0.0,135.8393399,58.01118611
678,743.0,1758.2893926,2.0,0.0,0.0,0.0,1.0,179.0,64.0,16.0,2.007326007,0.0,31.7307882,37.00713597
679,1137.0,2626.5594736000003,0.0,0.0,0.0,0.0,0.0,1.0,1.0,1.0,1.003663004,0.0,136.9931329,56.01080039
680,1537.0,3161.6801106,71.0,10.0,6.0,54.0,116.0,167.0,166.0,339.0,0.0,0.0,79.85882957,76.01465767
681,932.0,1965.6006832,55.0,37.0,23.0,67.0,16.0,87.0,16.0,105.0,0.0,6.848,70.24457176,46.00887175
682,853.0,1814.641776,1.0,1.0,1.0,5.0,1.0,0.0,0.0,9.0,0.0,0.0,27.50001644,42.00810029
683,1163.0,2631.381735,0.0,0.0,0.0,0.0,0.0,0.0,0.0,0.0,14.05128205,0.0,36.71931013,58.01118611
684,1201.0,2812.8055713999997,4.0,0.0,1.0,1.0,5.0,4.0,2.0,12.0,15.05494505,0.0,50.83469601,59.01137898
685,972.0,2222.1670534,13.0,3.0,4.0,1.0,6.0,6.0,1.0,13.0,0.0,0.0,42.17280914,48.00925747
686,460.0,1198.9625464,0.0,0.0,0.0,0.0,2.0,0.0,7.0,2.0,0.0,0.0,14.87084701,23.00443587
687,881.0,2081.7861543999998,1.0,1.0,3.0,0.0,11.0,0.0,3.0,8.0,0.0,0.0,28.66821462,44.00848602
688,604.0,1363.4579574,31.0,15.0,7.0,1.0,11.0,2.0,7.0,78.0,0.0,0.0,23.86913023,30.00578592
689,0.0,0.0,0.0,0.0,0.0,0.0,0.0,0.0,0.0,0.0,65.23809524,0.0,0.0,0.0
690,1014.0,2071.11849,127.0,69.0,26.0,42.0,223.0,191.0,362.0,752.0,19.06959707,0.0,88.59362358,50.0096432
691,589.0,1135.7459884,609.0,490.0,497.0,391.0,1044.0,195.0,1217.0,2063.0,19.06959707,0.0,242.0098928,29.00559306
692,768.0,1659.7905964,9.0,3.0,4.0,21.0,184.0,30.0,60.0,470.0,0.0,0.0,141.9064586,38.00732883
693,1454.0,2775.1391104,72.0,25.0,24.0,44.0,264.0,391.0,458.0,1002.0,4.014652015,0.0,159.8932967,72.01388621
694,272.0,462.35271006,173.0,81.0,52.0,108.0,158.0,246.0,137.0,786.0,3.010989011,0.0,620.5562952,13.00250723
695,169.0,344.39662772,3.0,1.0,47.0,20.0,1.0,2.0,0.0,138.0,18.06593407,0.0,75.02928389,8.001542912
696,560.0,1252.776744,194.0,130.0,14.0,59.0,104.0,70.0,63.0,365.0,2.007326007,0.0,49.22218787,28.00540019
697,796.0,1650.311984,0.0,0.0,14.0,7.0,7.0,4.0,195.0,28.0,3.010989011,0.0,130.1831427,39.0075217
698,1421.0,3196.802267,0.0,0.0,0.0,0.0,0.0,47.0,2.0,3.0,0.0,0.0,90.50691644,70.01350048
699,1219.0,2695.9445132,0.0,10.0,0.0,1.0,9.0,2.0,8.0,43.0,0.0,0.0,66.79221727,60.01157184
700,879.0,1382.9091244,113.0,106.0,20.0,11.0,44.0,142.0,62.0,288.0,0.0,0.0,117.5689178,43.00829315
701,798.0,1431.0613130000002,62.0,26.0,25.0,58.0,57.0,171.0,283.0,273.0,2.007326007,0.0,72.34733505,39.0075217
702,1398.0,2241.4426949999997,96.0,23.0,22.0,89.0,41.0,66.0,39.0,238.0,1.003663004,0.0,69.52472226,69.01330762
703,1470.0,2692.1261614,752.0,471.0,119.0,141.0,737.0,270.0,2151.0,2044.0,0.0,0.0,257.4771919,73.01407907
704,2330.0,3730.8016544,532.0,373.0,153.0,85.0,597.0,184.0,644.0,1989.0,0.0,0.0,240.4427247,115.0221794
705,1859.0,3663.9714098,210.0,73.0,31.0,93.0,255.0,51.0,445.0,959.0,2.007326007,0.0,138.5339442,92.01774349
706,322.0,626.6827941,15.0,1.0,6.0,20.0,15.0,9.0,13.0,93.0,4.014652015,0.0,29.59702425,16.00308582
707,1767.0,3824.2456422,0.0,0.0,0.0,0.0,3.0,0.0,12.0,1.0,1.003663004,0.0,347.2945228,87.01677917
708,1165.0,2544.8153257999998,0.0,0.0,0.0,0.0,4.0,0.0,4.0,0.0,0.0,0.0,37.03503937,58.01118611
709,424.0,752.08548372,8.0,3.0,58.0,97.0,25.0,2.0,7.0,55.0,1.003663004,0.0,29.43801512,21.00405014
710,1131.0,1971.0927028,251.0,101.0,25.0,83.0,62.0,100.0,133.0,404.0,0.0,0.0,114.301995,56.01080039
711,594.0,899.4865593,420.0,454.0,12.0,42.0,52.0,38.0,169.0,364.0,0.0,0.0,67.72392109,29.00559306
712,375.0,676.26794564,19.0,7.0,2.0,5.0,13.0,62.0,149.0,64.0,2.007326007,0.0,35.97475482,19.00366442
713,1178.0,2363.3047462,37.0,10.0,0.0,3.0,20.0,6.0,19.0,87.0,0.0,0.0,61.93917608,58.01118611
714,1462.0,3447.1067106,22.0,0.0,2.0,0.0,7.0,51.0,23.0,15.0,1.003663004,0.0,77.94836511,72.01388621
715,838.0,1900.2779062,114.0,38.0,17.0,21.0,86.0,17.0,97.0,559.0,0.0,0.0,122.4208144,41.00790743
716,322.0,742.18918218,17.0,5.0,1.0,3.0,7.0,0.0,108.0,17.0,0.0,0.0,15.15500332,16.00308582
717,1181.0,2327.3410931999997,100.0,25.0,48.0,25.0,51.0,33.0,50.0,162.0,4.014652015,0.0,64.88464701,58.01118611
718,256.0,650.20991942,4.0,0.0,3.0,5.0,14.0,65.0,10.0,48.0,5.018315018,0.0,12.78703405,13.00250723
719,0.0,0.0,36.0,4.0,271.0,490.0,84.0,8.0,17.0,197.0,0.0,23.968,34.95122641,0.0
720,1328.0,2092.7681552,1560.0,494.0,212.0,188.0,372.0,599.0,668.0,1967.0,0.0,0.0,261.2607595,66.01272903
721,760.0,1329.6034374,9.0,3.0,2.0,0.0,8.0,119.0,9.0,37.0,0.0,0.0,32.89955864,38.00732883
722,498.0,764.9446530399999,75.0,21.0,7.0,37.0,140.0,371.0,199.0,497.0,0.0,0.0,61.25204402,25.0048216
723,1434.0,2365.4942108,13.0,6.0,3.0,3.0,13.0,66.0,14.0,75.0,0.0,0.0,55.36914668,71.01369335
724,2174.0,4202.9881086,0.0,0.0,1.0,0.0,0.0,9.0,1.0,63.0,5.018315018,0.0,141.9759322,108.0208293
725,247.0,632.52470062,1.0,0.0,0.0,0.0,2.0,102.0,2.0,5.0,0.0,0.0,11.33467957,12.00231437
726,398.0,884.68620742,0.0,0.0,1.0,0.0,0.0,81.0,1.0,8.0,1.003663004,0.0,15.43915963,20.00385728
727,553.0,1149.1174568,0.0,0.0,0.0,0.0,0.0,0.0,0.0,0.0,0.0,0.0,17.45982674,27.00520733
728,919.0,1970.0014672,7.0,0.0,6.0,19.0,25.0,137.0,23.0,128.0,1.003663004,0.0,44.90817541,45.00867888
729,407.0,748.36290858,94.0,4.0,496.0,865.0,112.0,7.0,83.0,210.0,4.014652015,0.0,75.92311993,20.00385728
730,2179.0,4972.522768,15.0,5.0,7.0,1.0,4.0,7.0,7.0,40.0,1.003663004,0.0,149.5126719,108.0208293
731,752.0,1827.50823,554.0,252.0,106.0,63.0,738.0,110.0,975.0,1282.0,8.029304029,0.0,184.5603668,37.00713597
732,914.0,2147.0268508,231.0,74.0,40.0,29.0,312.0,125.0,354.0,626.0,8.029304029,0.0,85.4047583,45.00867888
733,905.0,2166.0667402,0.0,0.0,0.0,0.0,0.0,0.0,0.0,0.0,2.007326007,0.0,28.57349585,45.00867888
734,694.0,1617.3144048000001,0.0,0.0,0.0,0.0,0.0,0.0,0.0,0.0,0.0,0.0,25.91160897,34.00655738
735,510.0,1303.4662444,8.0,8.0,0.0,2.0,3.0,0.0,4.0,13.0,0.0,0.0,17.30196213,25.0048216
736,590.0,1066.1036334,0.0,0.0,0.0,0.0,0.0,0.0,0.0,0.0,1.003663004,0.0,25.62802492,29.00559306
737,1164.0,2144.7317016,17.0,6.0,14.0,13.0,30.0,89.0,65.0,336.0,0.0,0.0,67.7474495,58.01118611
738,242.0,383.65729888000004,281.0,169.0,22.0,67.0,95.0,45.0,237.0,665.0,0.0,0.0,57.5574397,12.00231437
739,1763.0,3520.5443968,35.0,8.0,6.0,28.0,68.0,45.0,63.0,354.0,2.007326007,0.0,99.8278289,87.01677917
740,3.0,6.092519766200001,0.0,0.0,0.0,0.0,0.0,0.0,0.0,0.0,40.14652015,0.0,0.094718771,0.0
741,177.0,413.95398782,0.0,0.0,0.0,0.0,0.0,0.0,0.0,0.0,0.0,0.0,5.588407475,9.001735776
742,396.0,855.15388778,13.0,19.0,4.0,9.0,38.0,6.0,1177.0,114.0,0.0,0.0,77.07351229,20.00385728
743,820.0,2059.1951366,16.0,1.0,0.0,16.0,22.0,140.0,21.0,92.0,5.018315018,3.424,35.61425781,41.00790743
744,1537.0,3204.3286236,0.0,0.0,0.0,0.0,3.0,56.0,6.0,2.0,1.003663004,0.0,71.64296943,76.01465767
745,459.0,1062.4704236,2.0,0.0,0.0,3.0,1.0,0.0,0.0,2.0,0.0,0.0,14.74455532,23.00443587
746,292.0,723.9124971,6.0,1.0,4.0,10.0,29.0,24.0,19.0,138.0,0.0,0.0,21.51263904,14.0027001
747,1345.0,2473.8115984,85.0,24.0,10.0,24.0,100.0,200.0,197.0,445.0,0.0,0.0,80.72220432,67.01292189
748,947.0,1679.1611404,0.0,0.0,0.0,0.0,9.0,0.0,3.0,2.0,2.007326007,0.0,36.34157957,47.00906461
749,364.0,910.4121222,0.0,0.0,0.0,0.0,0.0,0.0,0.0,0.0,0.0,0.0,22.49254419,18.00347155
750,661.0,1486.9162586,276.0,111.0,10.0,29.0,24.0,19.0,30.0,234.0,0.0,0.0,98.01265548,33.00636451
751,1297.0,3161.1823818,285.0,24.0,80.0,74.0,128.0,26.0,74.0,191.0,0.0,0.0,68.7974005,64.0123433
752,1131.0,2313.4654842,294.0,101.0,110.0,83.0,206.0,163.0,838.0,1203.0,1.003663004,0.0,130.3646015,56.01080039
753,1.0,2.0308399218,0.0,0.0,0.0,0.0,0.0,0.0,0.0,0.0,19.06959707,0.0,0.031572924,0.0
754,554.0,1539.7236329999998,9.0,0.0,4.0,9.0,18.0,45.0,12.0,46.0,7.025641026,0.0,25.00632774,27.00520733
755,761.0,1841.6394068,0.0,0.0,0.0,0.0,0.0,0.0,0.0,0.0,4.014652015,0.0,48.02699485,38.00732883
756,518.0,1229.6772151999999,121.0,24.0,37.0,101.0,66.0,167.0,150.0,649.0,0.0,0.0,81.87316893,26.00501446
757,1168.0,1807.520578,7.0,8.0,2.0,4.0,28.0,1.0,47.0,44.0,0.0,0.0,181.328957,58.01118611
758,1262.0,2018.5591056,20.0,4.0,11.0,15.0,83.0,287.0,79.0,379.0,0.0,0.0,75.56605648,62.01195757
759,481.0,1192.445927,0.0,0.0,1.0,1.0,12.0,0.0,0.0,1.0,6.021978022,0.0,30.6601701,24.00462874
760,696.0,1598.2748066,1.0,2.0,0.0,3.0,13.0,123.0,7.0,57.0,12.04395604,0.0,28.47877708,34.00655738
761,416.0,928.34941144,14.0,3.0,8.0,9.0,48.0,966.0,85.0,205.0,4.014652015,0.0,55.37890797,21.00405014
762,501.0,1272.1571956,9.0,2.0,2.0,7.0,40.0,219.0,13.0,105.0,4.014652015,0.0,28.35248538,25.0048216
763,473.0,1193.9694206,0.0,0.0,0.0,0.0,0.0,0.0,0.0,0.0,1.003663004,0.0,21.93399286,23.00443587
764,1532.0,3021.2110113999997,4.0,0.0,3.0,10.0,16.0,73.0,7.0,34.0,0.0,0.0,101.0109387,76.01465767
765,390.0,1002.90077044,3.0,1.0,4.0,46.0,16.0,73.0,12.0,91.0,1.003663004,0.0,26.0803794,19.00366442
766,239.0,405.40478029999997,0.0,1.0,0.0,26.0,3.0,1.0,8.0,13.0,9.032967033,0.0,20.18772076,12.00231437
767,629.0,1211.0561804,52.0,25.0,15.0,18.0,26.0,7.0,29.0,207.0,4.014652015,0.0,39.82550698,31.00597878
768,754.0,1364.2132942,0.0,0.0,10.0,0.0,2.0,0.0,3.0,4.0,0.0,0.0,58.40586993,37.00713597
769,703.0,1264.7868406,25.0,22.0,5.0,14.0,18.0,6.0,19.0,388.0,0.0,0.0,81.8875083,35.00675024
770,1000.0,1994.1148142000002,2.0,0.0,6.0,2.0,19.0,82.0,2.0,7.0,0.0,0.0,56.36167442,49.00945034
771,685.0,1475.2376912,151.0,32.0,25.0,83.0,234.0,44.0,309.0,1087.0,0.0,0.0,83.66824751,34.00655738
772,673.0,1284.4199444,0.0,0.0,0.0,0.0,0.0,0.0,0.0,0.0,0.0,0.0,61.24857757,33.00636451
773,884.0,1776.8999368,0.0,0.0,0.0,0.0,0.0,2.0,6.0,0.0,0.0,0.0,89.16304784,44.00848602
774,322.0,733.3040755,202.0,43.0,12.0,47.0,80.0,30.0,199.0,547.0,1.003663004,0.0,53.79107276,16.00308582
775,3922.0,6645.8119868,569.0,331.0,176.0,71.0,455.0,148.0,720.0,1699.0,4.014652015,0.0,255.4565247,194.0374156
776,951.0,1635.7508804,30.0,1.0,1.0,3.0,37.0,38.0,56.0,107.0,0.0,0.0,45.64525847,47.00906461
777,1339.0,2411.8699608,76.0,54.0,34.0,38.0,63.0,80.0,179.0,332.0,0.0,0.0,69.30256727,66.01272903
778,976.0,2840.4010783999997,1.0,0.0,0.0,0.0,1.0,0.0,0.0,0.0,2.007326007,0.0,42.87831927,48.00925747
779,730.0,1344.4978178,0.0,0.0,0.0,0.0,7.0,0.0,2.0,1.0,0.0,0.0,23.36396345,36.00694311
780,935.0,1740.6804264,753.0,315.0,12.0,41.0,68.0,70.0,518.0,713.0,0.0,0.0,108.1372633,46.00887175
781,25.0,42.47823172,25.0,1.0,1.0,6.0,18.0,38.0,8.0,2282.0,1.003663004,0.0,75.9013083,1.000192864
782,696.0,1298.550538,0.0,1.0,14.0,1.0,2.0,5.0,2.0,28.0,0.0,0.0,23.64811977,34.00655738
783,242.0,486.72453748000004,8.0,1.0,3.0,8.0,4.0,8.0,1.0,68.0,26.0952381,0.0,10.82951279,12.00231437
784,555.0,1423.2863830000001,1.0,0.0,1.0,0.0,0.0,47.0,3.0,2.0,9.032967033,0.0,43.22791046,27.00520733
785,878.0,1874.2978808,1.0,0.0,0.0,0.0,0.0,17.0,0.0,0.0,0.0,0.0,107.2893395,43.00829315
786,637.0,1288.9063068,10.0,1.0,15.0,33.0,36.0,696.0,28.0,108.0,2.007326007,0.0,55.38005249,32.00617165
787,500.0,939.60038354,64.0,13.0,84.0,28.0,134.0,737.0,266.0,834.0,0.0,0.0,83.98397674,25.0048216
788,483.0,898.56035952,3.0,3.0,1.0,6.0,1.0,107.0,30.0,22.0,0.0,0.0,25.71183787,24.00462874
789,606.0,1188.0404802,0.0,0.0,0.0,0.0,0.0,2.0,0.0,1.0,0.0,0.0,22.22791046,30.00578592
790,659.0,1451.4605344,0.0,0.0,0.0,4.0,3.0,4.0,1.0,20.0,0.0,0.0,40.8168902,33.00636451
791,1.0,4.4002017306,13.0,4.0,22.0,54.0,4.0,0.0,9.0,109.0,9.032967033,0.0,6.819751495,0.0
792,172.0,303.10191132,0.0,0.0,0.0,0.0,0.0,0.0,0.0,0.0,0.0,0.0,5.430542857,9.001735776
793,1034.0,2259.8204008000002,0.0,0.0,0.0,0.0,0.0,0.0,2.0,0.0,1.003663004,0.0,43.70954884,51.00983607
794,77.0,183.62233476,31.0,13.0,52.0,24.0,16.0,50.0,17.0,150.0,34.12454212,0.0,23.57635714,4.000771456
795,638.0,1517.2111992,3.0,0.0,0.0,1.0,0.0,38.0,1.0,3.0,2.007326007,0.0,24.59587973,32.00617165
796,470.0,1070.593492,0.0,0.0,0.0,0.0,0.0,0.0,0.0,0.0,3.010989011,0.0,14.83927409,23.00443587
797,494.0,980.1336434000001,0.0,0.0,0.0,0.0,0.0,0.0,0.0,0.0,0.0,0.0,24.59702425,24.00462874
798,531.0,1076.0066365999999,3.0,0.0,0.0,0.0,0.0,52.0,1.0,2.0,0.0,0.0,22.59645199,26.00501446
799,694.0,1446.1280142,1.0,0.0,0.0,0.0,0.0,0.0,2.0,0.0,0.0,0.0,40.00632774,34.00655738
800,0.0,0.0,0.0,0.0,0.0,0.0,1.0,2.0,0.0,7.0,9.032967033,0.0,0.315729236,0.0
801,86.0,182.94499964,207.0,67.0,202.0,154.0,99.0,49.0,56.0,300.0,0.0,0.0,38.51896678,4.000771456
802,415.0,792.44962916,22.0,56.0,9.0,6.0,26.0,15.0,25.0,242.0,0.0,0.0,25.76350565,21.00405014
803,768.0,1431.7395226,6.0,5.0,2.0,0.0,0.0,0.0,0.0,7.0,0.0,0.0,33.87946379,38.00732883
804,348.0,688.96207934,0.0,0.0,0.0,0.0,0.0,0.0,0.0,0.0,0.0,0.0,33.98737741,17.00327869
805,1043.0,2261.512428,0.0,0.0,0.0,0.0,0.0,0.0,0.0,0.0,0.0,0.0,53.9305593,52.01002893
806,913.0,1961.9628112,55.0,40.0,131.0,43.0,125.0,14.0,47.0,302.0,2.007326007,0.0,98.72678239,45.00867888
807,857.0,1932.3481198000002,119.0,33.0,29.0,16.0,26.0,50.0,26.0,174.0,0.0,0.0,50.99198837,42.00810029
808,857.0,1818.0264115999998,354.0,63.0,87.0,23.0,115.0,89.0,112.0,520.0,0.0,0.0,70.09189036,42.00810029
809,475.0,986.56555958,37.0,26.0,4.0,16.0,6.0,86.0,19.0,71.0,0.0,0.0,29.36396345,23.00443587
810,361.0,657.90597438,144.0,28.0,14.0,39.0,33.0,28.0,32.0,229.0,0.0,0.0,40.66821462,18.00347155
811,478.0,849.3116903399999,0.0,0.0,0.0,0.0,0.0,0.0,0.0,0.0,0.0,0.0,19.09185747,24.00462874
812,361.0,670.34512392,2.0,1.0,1.0,0.0,0.0,111.0,1.0,3.0,0.0,0.0,15.15500332,18.00347155
813,141.0,311.22672802,0.0,0.0,0.0,1.0,1.0,2.0,1.0,17.0,1.003663004,0.0,5.146386545,7.001350048
814,319.0,636.58346652,0.0,0.0,4.0,0.0,0.0,0.0,9.0,0.0,2.007326007,0.0,26.48221063,16.00308582
815,517.0,999.59530084,11.0,1.0,3.0,2.0,0.0,4.0,2.0,18.0,0.0,0.0,17.61769136,26.00501446
816,2.0,3.4693393917999997,3.0,0.0,1.0,49.0,2.0,2.0,0.0,52.0,1.003663004,0.0,3.504594518,0.0
817,336.0,710.20221504,12.0,1.0,4.0,7.0,4.0,7.0,3.0,45.0,6.021978022,0.0,109.229055,17.00327869
818,502.0,1121.364199,0.0,0.0,0.0,0.0,0.0,0.0,0.0,22.0,0.0,0.0,63.54421196,25.0048216
819,610.0,1373.2736352,3.0,0.0,2.0,1.0,10.0,93.0,8.0,35.0,0.0,0.0,72.05856777,30.00578592
820,80.0,180.23740734,1.0,21.0,1.0,5.0,0.0,0.0,0.0,4.0,12.04395604,0.0,40.53616744,4.000771456
821,514.0,1117.3019356,0.0,22.0,1.0,9.0,2.0,0.0,3.0,6.0,4.014652015,0.0,54.58611844,25.0048216
822,129.0,266.1247331,5.0,77.0,3.0,9.0,4.0,0.0,1.0,29.0,0.0,10.272,31.11424136,6.001157184
823,80.0,163.05953422,57.0,53.0,22.0,10.0,37.0,7.0,14.0,87.0,1.003663004,0.0,20.58726296,4.000771456
824,1.0,2.0308399218,1131.0,378.0,131.0,103.0,204.0,304.0,149.0,1019.0,0.0,0.0,107.9793987,0.0
825,890.0,1597.1666702,209.0,105.0,69.0,49.0,110.0,174.0,129.0,618.0,0.0,0.0,122.2910892,44.00848602
826,859.0,1607.6608486,91.0,13.0,25.0,33.0,155.0,270.0,426.0,717.0,0.0,0.0,93.74229917,42.00810029
827,728.0,1552.4940202,146.0,66.0,27.0,46.0,76.0,162.0,105.0,581.0,0.0,0.0,105.156753,36.00694311
828,845.0,1798.3950564,2.0,1.0,0.0,0.0,1.0,0.0,1.0,3.0,0.0,0.0,29.93170382,42.00810029
829,584.0,1299.1475414000001,0.0,0.0,0.0,0.0,0.0,0.0,0.0,0.0,0.0,0.0,52.43858737,29.00559306
830,894.0,1907.3836602,259.0,109.0,47.0,36.0,165.0,121.0,117.0,419.0,0.0,0.0,116.4185254,44.00848602
831,800.0,1733.0702402,137.0,50.0,39.0,23.0,57.0,269.0,111.0,351.0,0.0,27.392,69.99946063,40.00771456
832,1077.0,2409.9346056,66.0,7.0,18.0,19.0,47.0,18.0,256.0,168.0,0.0,0.0,55.91621993,53.01022179
833,760.0,1658.3523882,149.0,3.0,29.0,24.0,136.0,88.0,912.0,537.0,0.0,0.0,86.28937242,38.00732883
834,399.0,847.6225775199999,1.0,0.0,2.0,0.0,0.0,54.0,1.0,4.0,0.0,0.0,22.55511777,20.00385728
835,760.0,1804.6604796,2.0,1.0,0.0,6.0,17.0,47.0,6.0,19.0,0.0,0.0,85.08956844,38.00732883
836,346.0,667.1301859,305.0,317.0,64.0,69.0,92.0,128.0,80.0,403.0,0.0,0.0,59.95755415,17.00327869
837,796.0,1565.0149592,72.0,10.0,10.0,6.0,19.0,9.0,97.0,82.0,0.0,0.0,34.76178887,39.0075217
838,605.0,1092.4198489999999,33.0,6.0,18.0,13.0,53.0,195.0,61.0,145.0,0.0,0.0,46.64583073,30.00578592
839,374.0,608.48731556,2.0,0.0,3.0,0.0,1.0,115.0,2.0,1.0,0.0,0.0,23.72331595,18.00347155
840,496.0,1035.72894302,18.0,2.0,5.0,18.0,14.0,54.0,28.0,61.0,0.0,0.0,34.97475482,25.0048216
841,409.0,875.63140224,37.0,1.0,2.0,0.0,1.0,61.0,2.0,11.0,0.0,0.0,44.54421196,20.00385728
842,763.0,1601.6568198,0.0,0.0,4.0,0.0,0.0,0.0,0.0,5.0,0.0,0.0,61.37429701,38.00732883
843,392.0,867.17010396,0.0,0.0,0.0,0.0,0.0,0.0,0.0,0.0,0.0,0.0,124.376586,19.00366442
844,690.0,1237.2012416,74.0,26.0,14.0,8.0,18.0,125.0,62.0,80.0,0.0,0.0,86.63549717,34.00655738
845,374.0,717.47795872,130.0,14.0,38.0,21.0,91.0,42.0,308.0,351.0,0.0,0.0,43.22333239,18.00347155
846,518.0,1003.9955029399999,24.0,1.0,2.0,8.0,4.0,2.0,2.0,18.0,1.003663004,0.0,70.28072276,26.00501446
847,582.0,1325.295224,174.0,24.0,22.0,45.0,35.0,43.0,44.0,354.0,0.0,0.0,53.77097791,29.00559306
848,978.0,2064.9427234,0.0,0.0,0.0,0.0,0.0,0.0,0.0,0.0,0.0,0.0,40.87831927,48.00925747
849,303.0,671.0244988000001,3.0,0.0,1.0,0.0,0.0,75.0,1.0,5.0,0.0,0.0,19.25029435,15.00289296
850,418.0,933.00343156,1.0,0.0,1.0,0.0,1.0,62.0,0.0,4.0,0.0,0.0,54.37601379,21.00405014
851,222.0,496.45667752,0.0,0.0,0.0,0.0,0.0,0.0,3.0,0.0,0.0,0.0,7.103907807,11.0021215
852,611.0,1359.9036238,5.0,0.0,2.0,3.0,11.0,66.0,7.0,75.0,0.0,0.0,79.6268804,30.00578592
853,849.0,1791.1175652000002,0.0,0.0,0.0,0.0,0.0,0.0,0.0,0.0,0.0,0.0,141.8054121,42.00810029
854,327.0,606.03529014,12.0,1.0,2.0,1.0,37.0,7.0,7.0,33.0,0.0,0.0,24.48163837,16.00308582
855,487.0,996.12712788,203.0,98.0,27.0,16.0,27.0,79.0,27.0,229.0,0.0,0.0,44.66649784,24.00462874
856,602.0,1239.7435066,17.0,3.0,6.0,12.0,17.0,35.0,11.0,129.0,0.0,0.0,43.26867242,30.00578592
857,776.0,1771.404129,0.0,0.0,0.0,0.0,0.0,0.0,0.0,0.0,0.0,0.0,82.5005887,38.00732883
858,700.0,1661.4858285999999,0.0,0.0,0.0,0.0,0.0,5.0,0.0,0.0,0.0,0.0,69.25891113,35.00675024
859,0.0,0.0,0.0,0.0,0.0,0.0,0.0,0.0,0.0,0.0,7.025641026,0.0,0.0,0.0
860,90.0,172.11346484,982.0,154.0,331.0,46.0,207.0,468.0,255.0,685.0,5.018315018,0.0,113.6016681,4.000771456
861,1458.0,3250.0267468,0.0,0.0,0.0,0.0,0.0,0.0,0.0,0.0,2.007326007,0.0,46.03332259,72.01388621
862,221.0,511.01137026,1742.0,512.0,358.0,123.0,367.0,751.0,423.0,1116.0,17.06227106,0.0,208.2188201,11.0021215
863,250.0,569.9057280000001,197.0,243.0,97.0,73.0,110.0,13.0,164.0,246.0,1.003663004,0.0,78.98108256,12.00231437
864,411.0,797.95009988,116.0,40.0,381.0,29.0,160.0,87.0,53.0,198.0,0.0,0.0,55.57006229,20.00385728
865,246.0,366.31001906,490.0,186.0,106.0,107.0,429.0,195.0,659.0,1059.0,0.0,0.0,188.7790553,12.00231437
866,601.0,1257.852242,62.0,34.0,169.0,112.0,15.0,22.0,13.0,122.0,0.0,0.0,54.30886212,30.00578592
867,3.0,7.8695411224,187.0,680.0,294.0,450.0,79.0,10.0,163.0,453.0,1.003663004,0.0,73.2176098,0.0
868,820.0,2027.8010932,39.0,110.0,38.0,98.0,59.0,176.0,28.0,316.0,0.0,0.0,53.16880332,41.00790743
869,12.0,26.147100423999998,22.0,120.0,139.0,87.0,12.0,7.0,17.0,65.0,0.0,0.0,15.18657625,1.000192864
870,323.0,733.55789396,71.0,27.0,28.0,49.0,31.0,30.0,23.0,104.0,0.0,0.0,21.65902558,16.00308582
871,326.0,675.67764496,90.0,67.0,13.0,23.0,35.0,84.0,25.0,146.0,0.0,0.0,25.54249518,16.00308582
872,322.0,637.34492226,522.0,174.0,50.0,31.0,110.0,162.0,99.0,315.0,0.0,0.0,85.3576686,16.00308582
873,315.0,595.88138196,36.0,10.0,7.0,6.0,4.0,13.0,8.0,51.0,0.0,0.0,14.20781561,16.00308582
874,1213.0,2533.897339,23.0,8.0,3.0,6.0,16.0,11.0,10.0,75.0,0.0,0.0,94.0970407,60.01157184
875,0.0,0.0,0.0,0.0,0.0,0.0,0.0,0.0,0.0,0.0,0.0,0.0,0.0,0.0
876,1735.0,3763.405148,627.0,147.0,344.0,375.0,291.0,834.0,270.0,868.0,0.0,0.0,437.3669234,86.01658631
877,0.0,0.0,459.0,66.0,567.0,727.0,110.0,100.0,82.0,513.0,0.0,6.848,82.84735149,0.0
878,0.0,0.0,15.0,57.0,137.0,953.0,5.0,2.0,8.0,124.0,0.0,0.0,41.07637359,0.0
879,138.0,207.99037404,66.0,78.0,415.0,201.0,30.0,53.0,27.0,239.0,0.0,136.96,39.37143571,7.001350048
880,518.0,831.03209094,242.0,136.0,50.0,32.0,88.0,64.0,86.0,444.0,0.0,0.0,95.41105315,26.00501446
881,0.0,0.0,163.0,61.0,615.0,317.0,79.0,14.0,25.0,952.0,0.0,0.0,70.2813279,0.0
882,0.0,0.0,7.0,7.0,188.0,139.0,7.0,9.0,7.0,245.0,0.0,0.0,19.22791046,0.0
883,675.0,1466.7761006,122.0,30.0,30.0,18.0,55.0,31.0,38.0,143.0,0.0,0.0,60.05627874,33.00636451
884,650.0,1246.5957336,84.0,10.0,17.0,2.0,11.0,114.0,18.0,76.0,0.0,0.0,43.00461096,32.00617165
885,234.0,420.72122018,53.0,1.0,12.0,13.0,18.0,82.0,20.0,141.0,0.0,0.0,22.12285814,12.00231437
886,447.0,920.22459424,0.0,0.0,0.0,0.0,4.0,0.0,0.0,2.0,0.0,0.0,64.30253438,22.00424301
887,354.0,718.91733234,0.0,0.0,0.0,0.0,0.0,0.0,0.0,0.0,0.0,0.0,31.17681495,18.00347155
888,0.0,0.0,82.0,21.0,130.0,118.0,98.0,107.0,43.0,214.0,0.0,0.0,25.66878688,0.0
889,0.0,0.0,1.0,4.0,17.0,227.0,1.0,0.0,0.0,2.0,0.0,0.0,7.956376744,0.0
890,0.0,0.0,65.0,9.0,352.0,149.0,4.0,0.0,7.0,151.0,0.0,0.0,23.26924468,0.0
891,668.0,1218.5857428000002,40.0,7.0,13.0,3.0,15.0,88.0,14.0,66.0,0.0,0.0,38.85765216,33.00636451
892,746.0,1395.353811,0.0,0.0,0.0,0.0,0.0,2.0,0.0,0.0,0.0,0.0,42.61654684,37.00713597
893,0.0,0.0,113.0,50.0,444.0,119.0,67.0,53.0,62.0,201.0,0.0,0.0,35.01437226,0.0
894,1054.0,2117.4040002,11.0,0.0,6.0,1.0,2.0,2.0,0.0,32.0,0.0,99.296,34.98279933,52.01002893
895,358.0,731.77941562,6.0,0.0,3.0,1.0,1.0,0.0,0.0,58.0,0.0,0.0,13.48163837,18.00347155
896,593.0,1420.4923390000001,0.0,0.0,1.0,0.0,12.0,0.0,2.0,72.0,0.0,0.0,42.46958804,29.00559306
897,0.0,0.0,0.0,0.0,0.0,0.0,0.0,0.0,0.0,0.0,0.0,0.0,0.0,0.0
898,0.0,0.0,0.0,0.0,0.0,0.0,0.0,0.0,0.0,0.0,8.029304029,0.0,0.0,0.0
899,0.0,0.0,0.0,0.0,0.0,0.0,0.0,0.0,0.0,0.0,31.11355311,0.0,0.0,0.0
900,0.0,0.0,0.0,0.0,0.0,0.0,0.0,5.0,0.0,0.0,0.0,0.0,0.0,0.0
901,0.0,0.0,0.0,0.0,0.0,0.0,0.0,0.0,0.0,0.0,0.0,0.0,0.0,0.0
902,0.0,0.0,0.0,0.0,0.0,0.0,0.0,0.0,0.0,0.0,0.0,0.0,0.0,0.0
903,7.0,15.400560359999998,0.0,0.0,0.0,0.0,0.0,0.0,0.0,0.0,0.0,0.0,0.221010465,0.0
904,15.0,30.462598828,0.0,0.0,0.0,0.0,0.0,0.0,0.0,0.0,0.0,0.0,0.473593854,1.000192864
905,1.0,1.43849947,0.0,0.0,0.0,0.0,0.0,0.0,0.0,0.0,0.0,0.0,0.031572924,0.0
906,0.0,0.0,0.0,0.0,0.0,0.0,0.0,0.0,0.0,0.0,0.0,0.0,0.0,0.0
907,0.0,0.0,11.0,21.0,549.0,108.0,9.0,323.0,0.0,99.0,0.0,0.0,54.77269181,0.0
908,0.0,0.0,0.0,6.0,158.0,0.0,0.0,89.0,0.0,0.0,0.0,0.0,12.37275985,0.0
909,0.0,0.0,0.0,3.0,56.0,0.0,0.0,30.0,0.0,0.0,0.0,0.0,4.352472832,0.0
910,0.0,0.0,0.0,0.0,0.0,0.0,0.0,0.0,0.0,0.0,0.0,0.0,0.0,0.0
911,0.0,0.0,0.0,19.0,559.0,0.0,0.0,339.0,0.0,0.0,0.0,0.0,44.84514142,0.0
912,0.0,0.0,0.0,0.0,0.0,0.0,0.0,0.0,0.0,0.0,0.0,0.0,0.0,0.0
913,0.0,0.0,0.0,0.0,0.0,0.0,0.0,0.0,0.0,0.0,0.0,0.0,0.0,0.0
914,0.0,0.0,0.0,0.0,12.0,0.0,0.0,1.0,0.0,0.0,0.0,0.0,0.635754459,0.0
915,0.0,0.0,0.0,0.0,0.0,0.0,0.0,0.0,0.0,0.0,0.0,0.0,0.0,0.0
916,0.0,0.0,0.0,0.0,0.0,0.0,0.0,0.0,0.0,0.0,0.0,0.0,0.0,0.0
917,0.0,0.0,0.0,0.0,0.0,0.0,0.0,0.0,0.0,0.0,0.0,0.0,0.0,0.0
918,0.0,0.0,0.0,0.0,0.0,0.0,0.0,0.0,0.0,0.0,0.0,0.0,0.0,0.0
919,0.0,0.0,0.0,0.0,0.0,0.0,0.0,0.0,0.0,0.0,0.0,0.0,0.0,0.0
920,0.0,0.0,0.0,0.0,0.0,0.0,0.0,0.0,0.0,0.0,0.0,0.0,0.0,0.0
921,0.0,0.0,0.0,0.0,0.0,0.0,0.0,0.0,0.0,0.0,19.10928513,0.0,0.0,0.0
922,0.0,0.0,0.0,0.0,0.0,0.0,0.0,0.0,0.0,0.0,0.0,0.0,0.0,0.0
923,0.0,0.0,0.0,0.0,0.0,0.0,0.0,0.0,0.0,0.0,5.028759244,0.0,0.0,0.0
924,0.0,0.0,0.0,0.0,0.0,0.0,0.0,0.0,0.0,0.0,0.0,2293.855467,0.0,0.0
925,0.0,0.0,0.0,2.0,549.0,0.0,0.0,53.0,0.0,0.0,0.0,567.0646993,29.53813023,0.0
926,390.0,852.30894054,0.0,24.0,96.0,25.0,1.0,15.0,1.0,5.0,0.0,0.0,27.23963334,37.99628634
927,0.0,0.0,0.0,0.0,6.0,31.0,0.0,0.0,0.0,0.0,0.0,0.0,1.809454997,0.0
928,0.0,0.0,0.0,0.0,18.0,0.0,0.0,1.0,0.0,0.0,0.0,0.0,0.929179593,0.0
929,0.0,0.0,0.0,0.0,24.0,0.0,0.0,3.0,0.0,0.0,74.42563681,0.0,1.320413106,0.0
930,0.0,0.0,0.0,10.0,421.0,0.0,0.0,212.0,0.0,0.0,0.0,0.0,31.4453936,0.0
931,93.0,201.22592731999998,0.0,26.0,815.0,0.0,0.0,32.0,0.0,1.0,38.21857025,0.0,47.29035088,8.99912045
932,2987.0,5740.2110368,0.0,4.0,241.0,0.0,0.0,5.0,0.0,0.0,13.07477403,0.0,158.3028602,293.971268
933,3568.0,7345.1993142,3.0,75.0,2633.0,10.0,20.0,171.0,0.0,56.0,0.0,0.0,319.6377801,350.9656975
934,327.0,684.57479646,0.0,0.0,0.0,0.0,0.0,0.0,0.0,0.0,3.017255546,0.0,25.99166984,31.99687271
935,0.0,0.0,0.0,0.0,0.0,0.0,0.0,0.0,0.0,0.0,0.0,0.0,0.0,0.0
936,128.0,273.34787488,0.0,0.0,0.0,0.0,0.0,0.0,0.0,0.0,0.0,0.0,40.25973621,12.99872954
937,0.0,0.0,0.0,0.0,0.0,0.0,0.0,0.0,0.0,0.0,0.0,0.0,0.0,0.0
938,61.0,144.87347092,0.0,0.0,0.0,0.0,0.0,0.0,0.0,0.0,0.0,0.0,8.983155536,5.999413633
939,286.0,585.99820542,1333.0,830.0,18.0,357.0,1780.0,1173.0,0.0,5495.0,9.051766639,0.0,551.2480198,27.99726362
940,0.0,0.0,35.0,11.0,3.0,118.0,51.0,97.0,0.0,317.0,0.0,0.0,30.90744752,0.0
941,237.0,513.64504152,1.0,0.0,0.0,0.0,0.0,149.0,0.0,2.0,1.005751849,0.0,19.02372957,22.99775226
942,0.0,0.0,0.0,2.0,282.0,0.0,0.0,918.0,0.0,0.0,0.0,0.0,58.78283532,0.0
943,0.0,0.0,0.0,1.0,5.0,0.0,0.0,2.0,0.0,0.0,87.50041085,0.0,0.391233513,0.0
944,0.0,0.0,178.0,65.0,7.0,359.0,179.0,304.0,0.0,889.0,0.0,0.0,96.87919865,0.0
945,0.0,0.0,134.0,43.0,105.0,259.0,91.0,172.0,0.0,617.0,0.0,0.0,69.49285274,0.0
946,0.0,0.0,264.0,113.0,7.0,298.0,182.0,198.0,0.0,824.0,0.0,11.8138479,92.23330068,0.0
947,0.0,0.0,4.0,2.0,0.0,2247.0,18.0,790.0,0.0,1416.0,1.005751849,0.0,218.9440547,0.0
948,0.0,0.0,157.0,85.0,3.0,167.0,404.0,270.0,43.0,838.0,0.0,0.0,96.19454,0.0
949,1.0,2.3511607002,302.0,141.0,6.0,111.0,511.0,276.0,0.0,1180.0,0.0,0.0,123.6297901,0.0
950,0.0,0.0,111.0,91.0,66.0,168.0,481.0,183.0,0.0,871.0,19.10928513,0.0,96.39015676,0.0
951,1364.0,3923.8749262,17.0,0.0,0.0,0.0,0.0,58.0,0.0,0.0,0.0,0.0,70.37312814,133.9869045
952,152.0,379.89278279999996,7.0,6.0,0.0,3.0,17.0,37.0,0.0,77.0,0.0,0.0,14.62235255,14.99853408
953,0.0,0.0,51.0,13.0,0.0,65.0,22.0,201.0,0.0,180.0,0.0,0.0,26.01702861,0.0
954,0.0,0.0,0.0,0.0,0.0,0.0,0.0,0.0,0.0,0.0,0.0,0.0,0.0,0.0
955,0.0,0.0,0.0,1.0,26.0,0.0,0.0,12.0,0.0,0.0,0.0,0.0,1.907263376,0.0
956,0.0,0.0,0.0,3.0,481.0,0.0,0.0,43.0,0.0,0.0,60.34511093,0.0,25.77250767,0.0
957,0.0,0.0,56.0,88.0,7451.0,543.0,201.0,576.0,0.0,724.0,4.023007395,0.0,471.3874789,0.0
958,0.0,0.0,43.0,16.0,58.0,5682.0,35.0,82.0,0.0,287.0,22.12654067,0.0,303.3526851,0.0
959,0.0,0.0,37.0,20.0,541.0,443.0,128.0,244.0,172.0,528.0,0.0,0.0,103.3345516,0.0
960,603.0,1563.0167167999998,89.0,81.0,0.0,17.0,231.0,226.0,73.0,317.0,0.0,0.0,80.05615759,58.99423406
961,742.0,1817.9209816,4.0,1.0,0.0,0.0,8.0,156.0,8.0,29.0,0.0,0.0,46.36117129,72.99286587
962,487.0,1064.392179,30.0,11.0,0.0,3.0,6.0,11.0,0.0,72.0,0.0,0.0,30.32059725,47.99530906
963,131.0,212.12595398,1054.0,564.0,40.0,169.0,1657.0,874.0,93.0,3277.0,0.0,0.0,384.3380223,12.99872954
964,705.0,1496.3221284,0.0,0.0,0.0,0.0,0.0,0.0,0.0,0.0,0.0,0.0,34.47745333,68.99325678
965,0.0,0.0,22.0,572.0,0.0,7713.0,170.0,5314.0,14.0,1391.0,0.0,0.0,743.1480579,0.0
966,212.0,528.95209952,33.0,31.0,0.0,1.0,28.0,29.0,9.0,83.0,0.0,0.0,20.83318457,20.99794772
967,374.0,851.00707304,4.0,14.0,0.0,1.0,8.0,50.0,15.0,28.0,0.0,0.0,24.15866943,36.99638407
968,469.0,707.5686322,8.0,13.0,0.0,0.0,1.0,2.0,0.0,5.0,0.0,0.0,24.35428618,45.99550452
969,367.0,996.5214467000001,0.0,0.0,0.0,0.0,0.0,55.0,0.0,0.0,0.0,0.0,20.63756781,35.9964818
970,761.0,1085.16514,13.0,21.0,0.0,1.0,8.0,8.0,0.0,52.0,0.0,0.0,42.2532194,74.99267041
971,585.0,890.96418238,55.0,15.0,5.0,19.0,63.0,54.0,0.0,146.0,0.0,0.0,46.06774615,56.99442951
972,302.0,493.60297737999997,84.0,45.0,89.0,25.0,235.0,103.0,97.0,338.0,0.0,0.0,64.45572126,29.99706817
973,721.0,1315.3141444,0.0,0.0,0.0,0.0,0.0,0.0,0.0,0.0,0.0,0.0,35.25992036,70.99306132
974,928.0,1754.0663598,40.0,11.0,1.0,20.0,88.0,163.0,9.0,170.0,0.0,0.0,69.93299044,90.99110677
975,0.0,0.0,0.0,1.0,175.0,0.0,0.0,21.0,0.0,0.0,0.0,0.0,9.634125257,0.0
976,0.0,0.0,0.0,0.0,0.0,3.0,0.0,1.0,0.0,4.0,63.36236647,0.0,0.391233513,0.0
977,0.0,0.0,128.0,13.0,2193.0,282.0,181.0,26.0,0.0,188.0,0.0,0.0,147.2505134,0.0
978,0.0,0.0,1132.0,882.0,2193.0,1983.0,2295.0,2577.0,0.0,7114.0,0.0,0.0,888.8825415,0.0
979,0.0,0.0,18.0,51.0,1816.0,313.0,1600.0,116.0,320.0,403.0,0.0,92.54180856,226.768725,0.0
980,701.0,2018.5940283999998,37.0,19.0,2.0,1.0,62.0,26.0,27.0,135.0,0.0,0.0,49.39323101,68.99325678
981,598.0,1144.5138326,38.0,32.0,0.0,14.0,70.0,214.0,0.0,170.0,1.005751849,0.0,55.55515884,58.99423406
982,346.0,785.17457336,133.0,9.0,3.0,5.0,15.0,23.0,0.0,68.0,0.0,0.0,29.44032185,33.99667725
983,265.0,546.06617372,0.0,0.0,0.0,0.0,0.0,0.0,0.0,0.0,0.0,0.0,12.95961012,25.99745908
984,1388.0,2632.9530756,876.0,557.0,0.0,115.0,2553.0,3697.0,0.0,3201.0,0.0,0.0,605.7761906,135.986709
985,1879.0,4144.7293432,303.0,208.0,0.0,31.0,658.0,1361.0,0.0,1022.0,0.0,0.0,267.114681,184.9819204
986,517.0,1084.0836142,123.0,57.0,0.0,40.0,337.0,429.0,0.0,584.0,0.0,0.0,102.0630427,50.99501588
987,523.0,1173.0029884,0.0,0.0,0.0,0.0,0.0,0.0,0.0,0.0,0.0,0.0,25.57689091,50.99501588
988,701.0,1256.6695848,63.0,24.0,0.0,6.0,180.0,96.0,16.0,229.0,0.0,0.0,64.30900869,68.99325678
989,449.0,1235.802005,4.0,2.0,0.0,2.0,2.0,12.0,67.0,7.0,0.0,0.0,26.65278307,43.99569998
990,765.0,1231.371024,19.0,15.0,0.0,17.0,63.0,45.0,87.0,115.0,0.0,0.0,55.06611695,74.99267041
991,458.0,683.15853262,11.0,4.0,3.0,246.0,33.0,23.0,95.0,71.0,0.0,0.0,46.16555453,44.99560225
992,1270.0,1852.1666002,84.0,24.0,8.0,56.0,329.0,52.0,192.0,277.0,0.0,0.0,112.0884015,124.987784
993,626.0,943.0553922,12.0,6.0,14.0,29.0,21.0,6.0,40.0,45.0,0.0,0.0,39.07444711,61.99394087
994,395.0,630.9115063400001,115.0,98.0,0.0,6.0,217.0,496.0,230.0,359.0,0.0,0.0,93.70042635,38.99618861
995,1222.0,1809.765292,15.0,62.0,1.0,3.0,9.0,4.0,36.0,20.0,0.0,0.0,67.09654747,119.9882727
996,729.0,1134.3815598,31.0,10.0,0.0,6.0,67.0,97.0,43.0,157.0,0.0,0.0,55.7507756,71.9929636
997,544.0,737.9125359,19.0,12.0,0.0,6.0,13.0,12.0,13.0,32.0,0.0,0.0,31.83662712,52.99482043
998,563.0,837.05964472,10.0,2.0,0.0,7.0,63.0,51.0,16.0,102.0,0.0,0.0,39.80800994,54.99462497
999,0.0,0.0,348.0,145.0,0.0,141.0,318.0,1039.0,39.0,660.0,0.0,0.0,131.5522687,0.0
1000,301.0,539.18986564,213.0,100.0,24.0,101.0,523.0,453.0,1760.0,961.0,0.0,0.0,216.9389829,29.99706817
1001,557.0,865.80639092,140.0,34.0,4.0,2.0,25.0,11.0,0.0,111.0,0.0,0.0,43.23130318,54.99462497
1002,470.0,839.20725808,0.0,0.0,0.0,0.0,0.0,0.0,0.0,0.0,0.0,0.0,22.98496889,45.99550452
1003,646.0,909.45552462,8.0,0.0,0.0,0.0,1.0,0.0,0.0,16.0,0.0,0.0,32.8147109,62.99384315
1004,447.0,766.24587602,2.0,3.0,1.0,0.0,2.0,2.0,0.0,10.0,0.0,0.0,22.83825632,43.99569998
1005,51.0,82.866157938,0.0,0.0,0.0,0.0,0.0,0.0,0.0,0.0,0.0,0.0,2.494113645,4.999511361
1006,489.0,1313.869083,29.0,12.0,0.0,20.0,47.0,49.0,158.0,109.0,0.0,0.0,44.64952467,47.99530906
1007,0.0,0.0,3.0,1.0,0.0,0.0,947.0,6.0,15338.0,31.0,0.0,0.0,798.4097916,0.0
1008,0.0,0.0,0.0,0.0,0.0,3.0,0.0,0.0,0.0,0.0,0.0,0.0,0.146712567,0.0
1009,0.0,0.0,34.0,12.0,32.0,202.0,28.0,92.0,0.0,272.0,0.0,0.0,32.86361509,0.0
1010,0.0,0.0,76.0,18.0,435.0,414.0,73.0,184.0,0.0,627.0,0.0,0.0,89.34795352,0.0
1011,0.0,0.0,171.0,65.0,110.0,1414.0,409.0,383.0,0.0,1265.0,0.0,0.0,186.6672899,0.0
1012,0.0,0.0,49.0,11.0,37.0,243.0,72.0,65.0,5.0,383.0,0.0,0.0,42.30212359,0.0
1013,0.0,0.0,0.0,0.0,0.0,0.0,0.0,0.0,0.0,0.0,0.0,0.0,0.0,0.0
1014,0.0,0.0,0.0,0.0,0.0,0.0,0.0,0.0,0.0,0.0,0.0,0.0,0.0,0.0
1015,0.0,0.0,0.0,1.0,0.0,1.0,0.0,2.0,0.0,22.0,0.0,0.0,1.271508917,0.0
1016,2726.0,5923.3465736,5.0,1.0,0.0,1.0,11.0,31.0,0.0,22.0,0.0,0.0,136.785017,267.9738089
1017,0.0,0.0,125.0,42.0,0.0,276.0,294.0,256.0,0.0,892.0,0.0,0.0,92.18439649,0.0
1018,171.0,426.74383828,25.0,8.0,11.0,9.0,26.0,20.0,0.0,117.0,0.0,0.0,18.92592119,16.99833863
1019,364.0,925.55056586,157.0,68.0,16.0,155.0,717.0,351.0,1.0,492.0,0.0,0.0,113.5066229,35.9964818
1020,495.0,1208.1309248,40.0,20.0,96.0,25.0,45.0,30.0,1.0,142.0,0.0,0.0,43.72034507,48.99521134
1021,693.0,1704.1667746,24.0,6.0,16.0,10.0,19.0,16.0,54.0,71.0,0.0,0.0,44.45390791,67.99335451
1022,916.0,2108.6304884,6.0,11.0,0.0,0.0,31.0,11.0,16.0,36.0,0.0,0.0,50.22460223,89.9912045
1023,0.0,0.0,15.0,4.0,55.0,401.0,6.0,9.0,6.0,16.0,0.0,0.0,25.03894483,0.0
1024,91.0,141.32221634,26.0,21.0,0.0,141.0,98.0,39.0,4.0,125.0,0.0,0.0,26.65278307,8.99912045
1025,674.0,1048.6477654,0.0,0.0,0.0,0.0,0.0,0.0,0.0,8.0,0.0,0.0,33.35265698,65.99354996
1026,1322.0,1750.447691,6.0,2.0,0.0,8.0,10.0,28.0,38.0,49.0,0.0,0.0,71.54682868,129.9872954
1027,458.0,592.1930503,84.0,707.0,4.0,83.0,1636.0,38.0,223.0,2391.0,0.0,27.5656451,275.0371596,44.99560225
1028,0.0,0.0,59.0,25.0,0.0,38.0,138.0,61.0,194.0,1258.0,0.0,0.0,86.70712731,0.0
1029,0.0,0.0,179.0,8.0,0.0,2.0,849.0,40.0,478.0,61.0,0.0,0.0,79.07807381,0.0
1030,0.0,0.0,63.0,86.0,0.0,9.0,89.0,28.0,247.0,469.0,0.0,0.0,48.46405142,0.0
1031,493.0,753.1014778599999,0.0,0.0,0.0,0.0,0.0,0.0,0.0,0.0,0.0,0.0,24.10976524,47.99530906
1032,0.0,0.0,69.0,38.0,0.0,15.0,185.0,35.0,184.0,1210.0,0.0,0.0,84.89767231,0.0
1033,65.0,91.81338332600001,102.0,86.0,0.0,51.0,220.0,84.0,341.0,553.0,0.0,0.0,73.45409206,5.999413633
1034,468.0,753.1555204,1065.0,420.0,137.0,143.0,1067.0,43.0,313.0,2825.0,0.0,0.0,316.9480497,45.99550452
1035,0.0,0.0,0.0,8.0,0.0,5.0,4646.0,16.0,1199.0,2973.0,0.0,0.0,432.6553611,0.0
1036,145.0,239.23153122,296.0,404.0,3.0,24.0,3669.0,101.0,294.0,736.0,0.0,0.0,277.3845607,13.99863181
1037,234.0,367.86175134,224.0,34.0,10.0,77.0,396.0,134.0,917.0,883.0,0.0,0.0,142.2622862,22.99775226
1038,1040.0,1738.4840744,32.0,18.0,0.0,21.0,150.0,55.0,252.0,139.0,0.0,0.0,83.47945083,101.9900318
1039,717.0,1064.0402542,2.0,4.0,0.0,1.0,36.0,45.0,9.0,21.0,0.0,0.0,40.83499792,69.99315905
1040,471.0,1131.365714,64.0,28.0,0.0,16.0,272.0,43.0,184.0,472.0,0.0,0.0,75.80149314,45.99550452
1041,736.0,1087.6486198,6.0,1.0,0.0,0.0,33.0,5.0,28.0,56.0,0.0,0.0,42.30212359,71.9929636
1042,362.0,614.33526538,50.0,25.0,0.0,36.0,261.0,79.0,150.0,543.0,0.0,0.0,73.64970882,35.9964818
1043,631.0,861.11410054,78.0,145.0,8.0,26.0,246.0,112.0,39.0,287.0,0.0,0.0,76.8773853,61.99394087
1044,448.0,729.37499672,261.0,110.0,0.0,138.0,1000.0,533.0,45.0,1697.0,0.0,0.0,206.9625284,43.99569998
1045,689.0,964.0700537,28.0,6.0,3.0,7.0,83.0,20.0,72.0,147.0,0.0,0.0,51.59391952,67.99335451
1046,504.0,717.95218336,52.0,12.0,0.0,8.0,75.0,83.0,181.0,68.0,0.0,0.0,48.07281791,49.99511361
1047,501.0,830.0174894200001,6.0,43.0,0.0,4.0,28.0,5.0,20.0,33.0,0.0,0.0,31.29868104,48.99521134
1048,541.0,950.93827798,147.0,60.0,0.0,57.0,259.0,212.0,679.0,554.0,0.0,0.0,122.7006105,52.99482043
1049,397.0,566.61209066,1.0,0.0,4.0,0.0,0.0,40.0,0.0,57.0,0.0,0.0,24.40319037,38.99618861
1050,458.0,663.54751268,0.0,0.0,0.0,0.0,7.0,1.0,0.0,12.0,0.0,0.0,23.3762024,44.99560225
1051,621.0,902.97256036,186.0,152.0,0.0,36.0,165.0,26805.0,717.0,299.0,0.0,0.0,1417.292305,60.9940386
1052,0.0,0.0,237.0,152.0,0.0,144.0,481.0,877.0,12.0,885.0,0.0,0.0,136.3448793,0.0
1053,0.0,0.0,0.0,0.0,0.0,0.0,0.0,0.0,0.0,0.0,0.0,0.0,0.0,0.0
1054,0.0,0.0,5.0,2.0,11.0,2496.0,126.0,14.0,0.0,50.0,1.005751849,0.0,132.2369274,0.0
1055,0.0,0.0,94.0,30.0,51.0,1636.0,91.0,143.0,0.0,450.0,0.0,0.0,122.0159519,0.0
1056,0.0,0.0,147.0,54.0,368.0,569.0,137.0,202.0,21.0,985.0,0.0,9.844873251,121.4291016,0.0
1057,0.0,0.0,59.0,28.0,108.0,331.0,62.0,83.0,0.0,262.0,0.0,0.0,45.62760845,0.0
1058,0.0,0.0,99.0,35.0,128.0,91.0,177.0,190.0,0.0,509.0,0.0,0.0,60.10324843,0.0
1059,49.0,136.9968965,49.0,23.0,15.0,152.0,78.0,45.0,325.0,476.0,0.0,0.0,59.27187721,4.999511361
1060,476.0,941.2006447800001,1.0,0.0,0.0,2.0,0.0,0.0,0.0,0.0,0.0,0.0,23.42510659,46.99540679
1061,449.0,1070.9241702,42.0,5.0,0.0,4.0,25.0,112.0,68.0,67.0,0.0,0.0,37.754034,43.99569998
1062,270.0,643.5293979,10.0,11.0,0.0,2.0,3.0,5.0,0.0,22.0,0.0,0.0,15.79605309,26.99736135
1063,261.0,708.0763723599999,4.0,17.0,0.0,1.0,12.0,14.0,14.0,19.0,0.0,0.0,19.72523268,25.99745908
1064,284.0,480.3354478,8.0,2.0,0.0,34.0,13.0,71.0,0.0,28.0,0.0,0.0,21.51784321,27.99726362
1065,665.0,1062.3513544,11.0,2.0,16.0,16.0,20.0,31.0,21.0,177.0,0.0,0.0,46.89911737,64.99364769
1066,822.0,1345.04983,187.0,76.0,0.0,49.0,304.0,152.0,155.0,891.0,0.0,0.0,128.9114425,80.99208405
1067,159.0,201.0363772,56.0,297.0,0.0,4.0,155.0,31.0,96.0,376.0,0.0,0.0,57.41351803,15.99843635
1068,0.0,0.0,0.0,0.0,0.0,0.0,0.0,0.0,0.0,0.0,0.0,0.0,0.0,0.0
1069,483.0,795.68627162,107.0,109.0,7.0,63.0,219.0,29.0,251.0,118.0,0.0,1.96897465,67.78120612,46.99540679
1070,344.0,443.4321999,89.0,148.0,0.0,20.0,257.0,50.0,223.0,734.0,0.0,0.0,91.20631271,33.99667725
1071,249.0,370.44412848,128.0,79.0,0.0,26.0,247.0,65.0,91.0,739.0,0.0,0.0,79.42040313,23.99765453
1072,358.0,531.5708811400001,37.0,195.0,1.0,10.0,319.0,25.0,160.0,252.0,0.0,0.0,66.36298464,34.99657953
1073,485.0,622.4266177,13.0,32.0,0.0,16.0,130.0,9.0,113.0,194.0,0.0,0.0,48.51295561,47.99530906
1074,219.0,334.77334301999997,41.0,81.0,1.0,3.0,40.0,16.0,104.0,180.0,0.0,0.0,33.49936955,21.99784999
1075,145.0,226.88385196,103.0,367.0,0.0,100.0,197.0,110.0,983.0,564.0,0.0,0.0,125.6348619,13.99863181
1076,59.0,98.04377318600001,111.0,194.0,0.0,85.0,731.0,552.0,845.0,754.0,0.0,0.0,162.899854,5.999413633
1077,357.0,500.89269154,56.0,350.0,23.0,47.0,963.0,37.0,384.0,1359.0,0.0,0.0,174.8813803,34.99657953
1078,94.0,146.92303026,16.0,178.0,2.0,12.0,419.0,17.0,270.0,380.0,0.0,0.0,67.8790145,8.99912045
1079,147.0,214.15415552000002,152.0,465.0,0.0,144.0,1140.0,281.0,2009.0,926.0,0.0,0.0,257.4316515,13.99863181
1080,0.0,0.0,33.0,275.0,14.0,72.0,1266.0,17.0,135.0,2203.0,0.0,0.0,196.3503193,0.0
1081,54.0,75.392958572,26.0,156.0,0.0,47.0,982.0,68.0,935.0,796.0,0.0,0.0,149.8424355,4.999511361
1082,121.0,163.19265442,75.0,32.0,2.0,160.0,1274.0,1508.0,180.0,760.0,0.0,55.13129021,201.0940257,11.99882727
1083,265.0,427.67371966,67.0,146.0,0.0,9.0,709.0,23.0,170.0,698.0,0.0,0.0,102.0630427,25.99745908
1084,498.0,793.1843103,542.0,108.0,0.0,13.0,459.0,515.0,137.0,228.0,0.0,0.0,122.2604728,48.99521134
1085,291.0,412.53882018,70.0,40.0,5.0,41.0,278.0,453.0,197.0,449.0,0.0,0.0,89.20124096,28.99716589
1086,536.0,814.97934804,94.0,110.0,0.0,61.0,420.0,58.0,362.0,743.0,0.0,0.0,116.5875869,52.99482043
1087,211.0,283.7552682,49.0,24.0,2.0,50.0,1042.0,81.0,307.0,959.0,0.0,0.0,133.2639154,20.99794772
1088,361.0,523.4867657,12.0,10.0,9.0,4.0,66.0,7.0,150.0,90.0,0.0,0.0,34.67307009,34.99657953
1089,411.0,591.53866562,69.0,19.0,8.0,13.0,110.0,40.0,158.0,254.0,0.0,0.0,52.91433263,39.99609089
1090,690.0,940.27318752,47.0,81.0,0.0,16.0,124.0,38.0,116.0,203.0,0.0,0.0,64.30900869,67.99335451
1091,724.0,1036.847653,3.0,3.0,0.0,5.0,2.0,3.0,2.0,17.0,0.0,0.0,37.11827954,70.99306132
1092,474.0,689.54473868,56.0,10.0,2.0,19.0,146.0,22.0,49.0,193.0,0.0,0.0,47.48596764,46.99540679
1093,217.0,373.65106604,72.0,40.0,0.0,15.0,171.0,275.0,162.0,388.0,0.0,0.0,65.53161342,20.99794772
1094,770.0,1044.837625,39.0,31.0,0.0,9.0,148.0,64.0,5.0,163.0,0.0,0.0,60.10324843,75.99257269
1095,292.0,472.27037268,97.0,32.0,4.0,31.0,275.0,130.0,53.0,757.0,0.0,0.0,81.71890002,28.99716589
1096,461.0,733.06572508,102.0,64.0,0.0,34.0,427.0,177.0,82.0,550.0,0.0,0.0,92.77124676,44.99560225
1097,610.0,864.7621131999999,15.0,10.0,0.0,4.0,16.0,10.0,123.0,39.0,0.0,3.9379493,40.4437644,59.99413633
1098,633.0,959.51351802,6.0,8.0,0.0,5.0,14.0,7.0,60.0,56.0,0.0,0.0,38.58540522,61.99394087
1099,621.0,916.0630322,38.0,7.0,3.0,6.0,51.0,33.0,109.0,92.0,0.0,0.0,46.94802156,60.9940386
1100,488.0,833.5901018000001,18.0,5.0,0.0,8.0,29.0,14.0,13.0,59.0,0.0,0.0,31.0052559,47.99530906
1101,318.0,630.72931676,81.0,174.0,0.0,0.0,6.0,1.0,20.0,10.0,0.0,0.0,29.83155536,30.99697044
1102,372.0,736.6283064600001,39.0,47.0,447.0,64.0,1595.0,231.0,4784.0,352.0,0.0,0.0,387.8591239,36.99638407
1103,0.0,0.0,0.0,0.0,0.0,0.0,0.0,0.0,0.0,0.0,0.0,0.0,0.0,0.0
1104,0.0,0.0,28.0,12.0,0.0,164.0,27.0,51.0,0.0,164.0,0.0,0.0,21.81126835,0.0
1105,0.0,0.0,11.0,7.0,281.0,1314.0,1799.0,14.0,6.0,84.0,0.0,0.0,171.9471289,0.0
1106,1.0,1.0,90.0,0.0,438.0,991.0,15.0,3.0,20.0,14.0,0.0,0.0,76.8773853,0.0
1107,0.0,0.0,7.0,2.0,307.0,361.0,8.0,9.0,2.0,128.0,0.0,0.0,40.29705184,0.0
1108,823.0,1354.6643311999999,2.0,9.0,0.0,0.0,2.0,3.0,1.0,29.0,0.0,0.0,42.49774035,80.99208405
1109,382.0,1034.694193,0.0,0.0,0.0,0.0,1.0,1.0,0.0,6.0,0.0,0.0,19.07263376,37.99628634
1110,253.0,445.94517198,31.0,11.0,0.0,12.0,64.0,73.0,80.0,114.0,0.0,0.0,34.20087266,24.9975568
1111,279.0,522.32836574,9.0,9.0,0.0,0.0,20.0,212.0,0.0,30.0,0.0,0.0,27.33744172,26.99736135
1112,141.0,269.77526246,18.0,7.0,0.0,2.0,34.0,26.0,93.0,57.0,0.0,0.0,18.48578349,13.99863181
1113,74.0,136.21651992,18.0,14.0,0.0,4.0,47.0,37.0,0.0,79.0,0.0,0.0,13.35084363,6.999315905
1114,1050.0,1663.2142466,71.0,13.0,58.0,126.0,307.0,71.0,17.0,170.0,0.0,0.0,92.08658811,102.989934
1115,513.0,850.24174294,124.0,52.0,95.0,99.0,274.0,124.0,7.0,380.0,0.0,0.0,81.57218745,49.99511361
1116,385.0,599.41022446,148.0,75.0,1.0,18.0,374.0,189.0,7.0,444.0,0.0,0.0,80.25177435,37.99628634
1117,131.0,207.7679496,8.0,1.0,0.0,8.0,11.0,3.0,6.0,44.0,0.0,0.0,10.36768809,12.99872954
1118,660.0,1012.0998447000001,4.0,3.0,4.0,19.0,6.0,3.0,2.0,37.0,0.0,0.0,36.09129157,64.99364769
1119,0.0,0.0,69.0,11.0,82.0,30.0,52.0,41.0,17.0,112.0,0.0,0.0,20.2463343,0.0
1120,243.0,392.653868,139.0,67.0,5.0,19.0,367.0,163.0,2.0,508.0,0.0,0.0,73.99203814,23.99765453
1121,494.0,775.0636586,7.0,3.0,0.0,2.0,11.0,2.0,0.0,19.0,0.0,0.0,26.31045375,48.99521134
1122,779.0,1125.5574654,4.0,0.0,3.0,2.0,1.0,0.0,0.0,7.0,0.0,0.0,38.92773454,76.99247496
1123,0.0,0.0,122.0,34.0,16.0,50.0,55.0,136.0,101.0,188.0,0.0,0.0,34.33074076,0.0
1124,324.0,490.12712324,180.0,97.0,0.0,33.0,510.0,230.0,37.0,868.0,0.0,0.0,111.452647,31.99687271
1125,256.0,353.49088592,57.0,37.0,0.0,19.0,102.0,48.0,5.0,202.0,0.0,0.0,35.5044413,24.9975568
1126,407.0,609.00838362,18.0,7.0,0.0,6.0,119.0,7.0,0.0,110.0,0.0,0.0,32.96142347,39.99609089
1127,656.0,1054.9912554,92.0,28.0,0.0,10.0,169.0,100.0,13.0,255.0,0.0,0.0,64.70024221,63.99374542
1128,696.0,1023.3818886,36.0,5.0,0.0,4.0,61.0,20.0,1.0,89.0,0.0,0.0,44.60062048,67.99335451
1129,190.0,287.65337086,0.0,0.0,0.0,0.0,0.0,0.0,0.0,0.0,0.0,0.0,9.291795933,18.99814317
1130,494.0,761.9896453,162.0,130.0,0.0,29.0,179.0,43.0,3.0,753.0,0.0,0.0,87.68521109,48.99521134
1131,368.0,623.35789114,135.0,63.0,0.0,25.0,427.0,149.0,343.0,756.0,0.0,0.0,110.8168925,35.9964818
1132,1222.0,1840.9976562,23.0,2.0,7.0,20.0,14.0,6.0,12.0,38.0,0.0,0.0,65.72723018,119.9882727
1133,0.0,0.0,43.0,42.0,0.0,99.0,273.0,63.0,1.0,488.0,0.0,0.0,49.34432682,0.0
1134,0.0,0.0,14.0,208.0,0.0,0.0,7.0,3.0,8.0,35.0,0.0,0.0,13.44865201,0.0
1135,0.0,0.0,0.0,0.0,0.0,0.0,0.0,0.0,0.0,0.0,0.0,0.0,0.0,0.0
1136,665.0,1017.3186416000001,457.0,176.0,0.0,49.0,1485.0,187.0,3.0,2049.0,0.0,0.0,247.993143,64.99364769
1137,676.0,977.0850089,93.0,14.0,0.0,9.0,40.0,23.0,7.0,153.0,0.0,0.0,49.63775196,65.99354996
1138,0.0,0.0,17.0,571.0,0.0,0.0,12.0,1.0,4.0,52.0,0.0,0.0,32.13005225,0.0
1139,0.0,0.0,173.0,76.0,0.0,94.0,755.0,618.0,233.0,1058.0,0.0,0.0,147.0548967,0.0
1140,418.0,615.9864654200001,137.0,58.0,29.0,34.0,180.0,159.0,33.0,430.0,0.0,0.0,223.2803915,40.99599316
1141,0.0,0.0,190.0,95.0,0.0,50.0,259.0,150.0,64.0,543.0,0.0,0.0,66.0695595,0.0
1142,0.0,0.0,214.0,25.0,0.0,8.0,64.0,11.0,10.0,224.0,0.0,0.0,27.19072915,0.0
1143,0.0,0.0,18.0,6.0,1.0,8.0,24.0,506.0,26.0,35.0,0.0,0.0,30.51621401,0.0
1144,181.0,265.04025638,44.0,11.0,0.0,34.0,45.0,19.0,1.0,107.0,0.0,0.0,21.61565159,17.9982409
1145,386.0,577.06602664,40.0,13.0,0.0,21.0,98.0,185.0,66.0,242.0,0.0,0.0,51.39830277,37.99628634
1146,474.0,620.3189283,3.0,10.0,0.0,2.0,6.0,364.0,4.0,12.0,0.0,0.0,42.79116548,46.99540679
1147,0.0,0.0,0.0,2.0,0.0,1.0,231.0,1.0,0.0,67.0,0.0,0.0,14.76906511,0.0
1148,479.0,752.87026146,4.0,9.0,0.0,3.0,11.0,2.0,0.0,31.0,0.0,0.0,26.35935794,46.99540679
1149,97.0,148.89217392,0.0,0.0,0.0,0.0,1.0,0.0,0.0,0.0,0.0,0.0,4.792610534,9.999022722
1150,366.0,463.8154162,61.0,27.0,1.0,14.0,266.0,110.0,21.0,230.0,0.0,0.0,53.59899128,35.9964818
1151,495.0,656.6783738,29.0,14.0,1.0,255.0,91.0,479.0,9.0,213.0,0.0,0.0,77.56204394,48.99521134
1152,312.0,448.6182259,19.0,24.0,0.0,1.0,8.0,4.0,6.0,23.0,0.0,0.0,19.41496308,30.99697044
1153,435.0,625.45016618,64.0,16.0,0.0,6.0,41.0,28.0,0.0,124.0,0.0,0.0,34.91759103,42.9957977
1154,215.0,307.93668246,34.0,15.0,0.0,7.0,90.0,57.0,5.0,107.0,0.0,0.0,25.91922023,20.99794772
1155,415.0,591.5009655,1.0,0.0,0.0,0.0,8.0,1.0,0.0,102.0,0.0,0.0,25.77250767,40.99599316
1156,533.0,798.9609249,3.0,60.0,0.0,1.0,1.0,0.0,0.0,3.0,0.0,0.0,29.39141766,51.99491815
1157,309.0,470.11272826,525.0,311.0,0.0,29.0,360.0,178.0,21.0,677.0,0.0,0.0,117.8590958,29.99706817
1158,265.0,426.94738562,294.0,126.0,0.0,53.0,749.0,391.0,4.0,955.0,0.0,0.0,138.7411845,25.99745908
1159,696.0,1059.698593,56.0,25.0,21.0,5.0,85.0,27.0,81.0,96.0,0.0,0.0,53.40337452,67.99335451
1160,568.0,882.2268156199999,13.0,22.0,0.0,0.0,15.0,3.0,692.0,46.0,0.0,0.0,66.46079301,55.99452724
1161,515.0,799.0163407,186.0,178.0,0.0,11.0,53.0,66.0,180.0,210.0,0.0,0.0,68.41696058,50.99501588
1162,456.0,785.9536542,83.0,140.0,5.0,3.0,24.0,177.0,2.0,51.0,0.0,0.0,46.01884196,44.99560225
1163,658.0,1074.2202585999999,0.0,0.0,0.0,0.0,0.0,0.0,1.0,10.0,0.0,0.0,32.71690252,64.99364769
1164,445.0,754.28021384,0.0,16.0,2.0,0.0,0.0,0.0,0.0,4.0,0.0,1.96897465,22.83825632,43.99569998
1165,410.0,701.0429523800001,7.0,1.0,0.0,2.0,12.0,232.0,1.0,17.0,0.0,0.0,33.35265698,39.99609089
1166,225.0,475.26243611999996,16.0,7.0,0.0,7.0,14.0,537.0,3.0,55.0,0.0,0.0,42.2532194,21.99784999
1167,0.0,0.0,3.0,2.0,0.0,2.0,101.0,552.0,2804.0,126.0,0.0,0.0,175.5660389,0.0
1168,634.0,1331.5687216000001,0.0,0.0,0.0,0.0,0.0,0.0,0.0,0.0,0.0,0.0,31.0052559,61.99394087
1169,0.0,0.0,6.0,3.0,0.0,3.0,19.0,33.0,0.0,197.0,7.040262942,0.0,12.76399336,0.0
1170,0.0,0.0,7.0,5.0,0.0,5.0,13.0,24.0,0.0,19.0,0.0,0.0,3.570005806,0.0
1171,0.0,0.0,68.0,16.0,182.0,156.0,58.0,67.0,0.0,209.0,0.0,0.0,36.97156698,0.0
1172,0.0,0.0,0.0,0.0,0.0,0.0,0.0,0.0,0.0,0.0,0.0,0.0,0.0,0.0
1173,0.0,0.0,130.0,3.0,540.0,866.0,66.0,10.0,102.0,121.0,0.0,0.0,89.8858996,0.0
1174,0.0,0.0,40.0,11.0,706.0,901.0,254.0,48.0,21.0,380.0,0.0,0.0,115.4627905,0.0
1175,0.0,0.0,72.0,29.0,284.0,452.0,119.0,97.0,0.0,302.0,0.0,0.0,66.26517626,0.0
1176,0.0,0.0,65.0,1.0,346.0,6.0,2.0,1.0,0.0,12.0,0.0,0.0,21.17551389,0.0
1177,129.0,330.17409108,137.0,97.0,87.0,317.0,146.0,187.0,9.0,673.0,0.0,0.0,87.14726501,12.99872954
1178,492.0,1222.8674648,61.0,20.0,25.0,40.0,139.0,100.0,2.0,202.0,0.0,0.0,52.86542844,47.99530906
1179,447.0,1124.3285744,69.0,30.0,2.0,30.0,39.0,27.0,1.0,144.0,0.0,0.0,38.58540522,43.99569998
1180,619.0,1497.4958494,0.0,0.0,0.0,0.0,0.0,0.0,0.0,0.0,0.0,0.0,42.27169307,60.9940386
1181,189.0,516.2764457200001,0.0,0.0,0.0,0.0,0.0,92.0,0.0,0.0,0.0,0.0,13.74207714,18.99814317
1182,126.0,308.59392751999997,4.0,5.0,0.0,1.0,11.0,3.0,0.0,17.0,0.0,0.0,8.166999583,11.99882727
1183,143.0,376.16435422,47.0,21.0,77.0,24.0,102.0,31.0,0.0,160.0,0.0,0.0,29.58703442,13.99863181
1184,72.0,127.15619410000001,43.0,40.0,12.0,12.0,88.0,50.0,0.0,156.0,0.0,0.0,23.13168145,6.999315905
1185,0.0,0.0,6.0,1.0,302.0,125.0,2.0,5.0,0.0,34.0,0.0,0.0,23.22948983,0.0
1186,401.0,653.00814534,225.0,73.0,20.0,25.0,374.0,218.0,1.0,555.0,0.0,0.0,92.52672582,38.99618861
1187,374.0,623.66450788,2.0,3.0,4.0,1.0,2.0,2.0,0.0,6.0,0.0,0.0,121.2682505,36.99638407
1188,692.0,1141.8120426,137.0,69.0,1.0,15.0,297.0,106.0,7.0,427.0,0.0,0.0,85.63123515,67.99335451
1189,349.0,640.42423406,279.0,164.0,0.0,54.0,757.0,366.0,93.0,1091.0,0.0,7.875898601,154.1949083,33.99667725
1190,808.0,1329.5655978,20.0,64.0,7.0,3.0,60.0,15.0,0.0,88.0,0.0,0.0,52.08296141,78.9922795
1191,367.0,581.7846903999999,166.0,63.0,0.0,23.0,396.0,212.0,55.0,508.0,0.0,0.0,87.53849853,35.9964818
1192,479.0,756.50193176,180.0,97.0,0.0,42.0,521.0,570.0,35.0,715.0,0.0,0.0,129.0581551,46.99540679
1193,440.0,652.45898526,494.0,239.0,0.0,55.0,1061.0,787.0,139.0,1504.0,0.0,0.0,230.7788685,42.9957977
1194,880.0,1501.0281704,68.0,38.0,0.0,10.0,139.0,121.0,20.0,249.0,0.0,0.0,74.57888841,85.99159541
1195,697.0,1144.1255039999999,25.0,68.0,0.0,4.0,21.0,7.0,100.0,126.0,0.0,0.0,51.2515902,68.99325678
1196,0.0,0.0,0.0,0.0,0.0,0.0,0.0,44.0,0.0,31.0,0.0,0.0,3.667814184,0.0
1197,699.0,1213.4715583999998,26.0,79.0,1.0,3.0,24.0,6.0,2.0,87.0,0.0,0.0,45.33418331,68.99325678
1198,654.0,1286.3475086,59.0,20.0,1.0,4.0,16.0,14.0,28.0,74.0,0.0,0.0,42.54664453,63.99374542
1199,255.0,526.9125711400001,0.0,0.0,0.0,0.0,0.0,0.0,0.0,0.0,0.0,0.0,12.47056823,24.9975568
1200,372.0,818.70405678,0.0,0.0,0.0,0.0,0.0,0.0,0.0,0.0,0.0,0.0,18.19235835,36.99638407
1201,344.0,673.70114318,1.0,0.0,0.0,0.0,0.0,48.0,0.0,0.0,0.0,0.0,19.21934632,33.99667725
1202,155.0,301.23884412,0.0,0.0,0.0,0.0,0.0,0.0,0.0,0.0,0.0,0.0,7.580149314,14.99853408
1203,544.0,1202.7663424,0.0,0.0,0.0,0.0,0.0,0.0,0.0,0.0,0.0,0.0,26.60387888,52.99482043
1204,624.0,1070.5458726,18.0,7.0,0.0,21.0,33.0,53.0,5.0,56.0,0.0,0.0,39.95472251,60.9940386
1205,265.0,588.9198841,2.0,158.0,0.0,0.0,1.0,17.0,1.0,251.0,0.0,0.0,33.98841144,25.99745908
1206,936.0,1801.2026744,0.0,0.0,0.0,0.0,0.0,0.0,0.0,0.0,0.0,0.0,45.77432102,91.99100904
1207,0.0,0.0,329.0,182.0,347.0,569.0,541.0,382.0,0.0,1912.0,0.0,0.0,208.429654,0.0
1208,0.0,0.0,0.0,0.0,0.0,0.0,0.0,0.0,0.0,0.0,0.0,0.0,0.0,0.0
1209,0.0,0.0,2.0,1.0,0.0,2.0,6.0,17.0,0.0,15.0,0.0,0.0,2.102880132,0.0
1210,0.0,0.0,58.0,19.0,1.0,233.0,43.0,88.0,0.0,377.0,0.0,0.0,40.05253089,0.0
1211,0.0,0.0,507.0,33.0,1557.0,3034.0,312.0,157.0,0.0,730.0,0.0,0.0,309.5635171,0.0
1212,0.0,0.0,335.0,71.0,818.0,2816.0,486.0,245.0,121.0,1403.0,0.0,0.0,307.8518705,0.0
1213,0.0,0.0,742.0,687.0,1776.0,1810.0,994.0,949.0,363.0,4351.0,0.0,0.0,570.8096954,0.0
1214,0.0,0.0,102.0,18.0,1284.0,821.0,84.0,333.0,31.0,272.0,0.0,0.0,144.022837,0.0
1215,0.0,0.0,65.0,16.0,398.0,370.0,24.0,33.0,1.0,281.0,0.0,1014.021945,58.09817668,0.0
1216,70.0,179.83426456,303.0,40.0,920.0,392.0,261.0,133.0,36.0,466.0,0.0,0.0,128.1778797,6.999315905
1217,393.0,1096.8736646,212.0,134.0,11.0,120.0,376.0,296.0,241.0,834.0,0.0,5.906923951,127.9822629,38.99618861
1218,379.0,1107.5374592,1.0,0.0,0.0,0.0,3.0,154.0,0.0,11.0,0.0,0.0,26.79949564,36.99638407
1219,370.0,1167.0000957999998,17.0,3.0,0.0,2.0,18.0,8.0,0.0,14.0,0.0,0.0,21.1266097,35.9964818
1220,489.0,1202.7399696,26.0,32.0,0.0,0.0,19.0,25.0,0.0,55.0,0.0,0.0,31.59210617,47.99530906
1221,96.0,242.41711098,2.0,0.0,0.0,0.0,0.0,0.0,0.0,5.0,0.0,0.0,5.037131479,8.99912045
1222,305.0,761.4103921,84.0,48.0,54.0,62.0,134.0,239.0,44.0,537.0,0.0,0.0,73.698613,29.99706817
1223,258.0,682.86453836,4.0,0.0,0.0,3.0,59.0,7.0,1.0,21.0,0.0,0.0,17.26317876,24.9975568
1224,0.0,0.0,30.0,7.0,145.0,132.0,13.0,26.0,1.0,113.0,0.0,0.0,22.83825632,0.0
1225,0.0,0.0,268.0,38.0,0.0,50.0,90.0,89.0,5.0,943.0,0.0,0.0,72.52491247,0.0
1226,1157.0,2825.6113706,463.0,160.0,4.0,54.0,1036.0,239.0,15.0,1468.0,0.0,0.0,271.7636532,113.988859
1227,969.0,1684.85978,16.0,11.0,0.0,15.0,60.0,35.0,33.0,58.0,0.0,0.0,58.53831438,94.99071586
1228,628.0,1071.2345068000002,101.0,58.0,3.0,174.0,184.0,131.0,296.0,393.0,0.0,0.0,96.24344419,61.99394087
1229,926.0,1468.999086,23.0,65.0,0.0,6.0,79.0,129.0,1244.0,100.0,0.0,0.0,131.7815744,90.99110677
1230,437.0,695.5225542,53.0,97.0,9.0,9.0,119.0,289.0,2414.0,186.0,0.0,0.0,176.6908353,42.9957977
1231,556.0,1153.2625256000001,25.0,51.0,0.0,14.0,106.0,950.0,981.0,176.0,0.0,0.0,139.8170767,54.99462497
1232,736.0,1291.7484942,7.0,13.0,6.0,0.0,18.0,4.0,9.0,23.0,0.0,0.0,39.90581832,71.9929636
1233,584.0,1023.71115926,8.0,47.0,6.0,1.0,27.0,109.0,32.0,4.0,0.0,0.0,40.0036267,56.99442951
1234,595.0,1089.522301,117.0,36.0,0.0,14.0,100.0,45.0,16.0,158.0,0.0,0.0,52.86542844,57.99433179
1235,693.0,1281.4403436,37.0,85.0,0.0,25.0,64.0,125.0,101.0,121.0,0.0,0.0,61.17914059,67.99335451
1236,606.0,1153.8807746,53.0,29.0,0.0,22.0,125.0,90.0,94.0,162.0,0.0,0.0,57.75584735,59.99413633
1237,203.0,398.8415422,1.0,20.0,0.0,1.0,3.0,1.0,0.0,9.0,0.0,0.0,11.63919701,19.99804544
1238,629.0,1214.4944776,2.0,25.0,0.0,0.0,1.0,4.0,3.0,23.0,0.0,0.0,33.59717793,61.99394087
1239,228.0,485.22125452,0.0,0.0,0.0,0.0,0.0,0.0,0.0,0.0,0.0,0.0,11.15015512,21.99784999
1240,498.0,1049.580238,92.0,46.0,5.0,9.0,3.0,3.0,2.0,36.0,0.0,0.0,33.93950725,48.99521134
1241,382.0,925.0177481,0.0,0.0,0.0,0.0,0.0,63.0,0.0,0.0,0.0,0.0,21.76236416,37.99628634
1242,453.0,1245.9329817999999,31.0,5.0,0.0,17.0,19.0,12.0,13.0,72.0,0.0,0.0,30.41840563,44.99560225
1243,526.0,1013.7259673,371.0,188.0,19.0,25.0,110.0,129.0,30.0,549.0,0.0,0.0,95.21645622,51.99491815
1244,396.0,809.76184694,58.0,49.0,0.0,5.0,54.0,50.0,21.0,258.0,0.0,0.0,43.57363251,38.99618861
1245,525.0,1109.4299066,0.0,0.0,0.0,0.0,0.0,29.0,0.0,0.0,0.0,0.0,27.09292077,51.99491815
1246,0.0,0.0,254.0,10.0,224.0,192.0,49.0,32.0,0.0,407.0,0.0,0.0,57.12009289,0.0
1247,0.0,0.0,100.0,73.0,74.0,2336.0,449.0,159.0,7.0,256.0,0.0,0.0,168.9150692,0.0
1248,0.0,0.0,0.0,0.0,0.0,0.0,0.0,0.0,0.0,0.0,0.0,0.0,0.0,0.0
1249,1229.0,3116.9190655999996,127.0,56.0,44.0,38.0,235.0,92.0,0.0,518.0,0.0,0.0,114.3868984,120.9881749
1250,0.0,0.0,398.0,49.0,1.0,484.0,78.0,66.0,0.0,413.0,0.0,0.0,72.8183376,0.0
1251,0.0,0.0,69.0,11.0,0.0,148.0,71.0,63.0,0.0,168.0,0.0,0.0,25.91922023,0.0
1252,0.0,0.0,22.0,26.0,15.0,146.0,9.0,13.0,6.0,143.0,0.0,0.0,18.58359187,0.0
1253,739.0,1340.203019,870.0,399.0,0.0,136.0,2307.0,776.0,20.0,3435.0,0.0,0.0,424.5861699,72.99286587
1254,878.0,1398.9970834,357.0,145.0,0.0,40.0,739.0,345.0,26.0,1099.0,0.0,0.0,177.4733023,85.99159541
1255,717.0,1052.4189096,191.0,84.0,0.0,34.0,443.0,358.0,166.0,580.0,0.0,0.0,125.8304786,69.99315905
1256,432.0,619.12301818,134.0,109.0,0.0,21.0,351.0,329.0,743.0,399.0,0.0,0.0,123.1407482,41.99589543
1257,474.0,734.57745128,25.0,100.0,0.0,3.0,72.0,66.0,335.0,130.0,0.0,0.0,58.92954789,46.99540679
1258,1035.0,1470.3323432,185.0,75.0,0.0,24.0,139.0,6307.0,407.0,525.0,0.0,0.0,425.3197328,101.9900318
1259,738.0,1183.1427,177.0,76.0,1.0,105.0,339.0,324.0,118.0,668.0,0.0,0.0,124.5100655,72.99286587
1260,769.0,1351.1784462,64.0,138.0,0.0,7.0,44.0,46.0,48.0,242.0,0.0,0.0,66.41188883,75.99257269
1261,721.0,1357.4415205999999,44.0,37.0,4.0,19.0,85.0,62.0,101.0,170.0,0.0,0.0,60.78790708,70.99306132
1262,504.0,805.11227226,30.0,19.0,0.0,2.0,44.0,16.0,56.0,94.0,0.0,0.0,37.41170468,49.99511361
1263,257.0,360.92638524,19.0,30.0,0.0,10.0,46.0,428.0,116.0,111.0,0.0,0.0,49.73556034,24.9975568
1264,533.0,867.4852600199999,26.0,149.0,1.0,6.0,50.0,30.0,149.0,112.0,0.0,0.0,51.64282371,51.99491815
1265,543.0,1186.6148349999999,11.0,1.0,0.0,2.0,5.0,5.0,0.0,37.0,0.0,0.0,29.53813023,52.99482043
1266,541.0,1032.2876946,12.0,0.0,0.0,1.0,0.0,0.0,0.0,11.0,0.0,0.0,27.63086685,52.99482043
1267,514.0,1030.5447526,0.0,0.0,0.0,0.0,13.0,0.0,8.0,0.0,0.0,0.0,26.16374118,50.99501588
1268,709.0,1441.0830392,0.0,0.0,0.0,0.0,0.0,61.0,0.0,0.0,0.0,0.0,37.65622562,69.99315905
1269,575.0,1086.0791314,0.0,0.0,0.0,0.0,0.0,139.0,0.0,0.0,0.0,0.0,34.91759103,56.99442951
1270,467.0,921.49286744,0.0,9.0,0.0,0.0,0.0,0.0,0.0,0.0,0.0,0.0,28.27839402,45.99550452
1271,346.0,560.01101046,66.0,46.0,0.0,4.0,34.0,30.0,58.0,123.0,0.0,0.0,34.57526171,33.99667725
1272,388.0,593.3896933,170.0,74.0,0.0,22.0,460.0,144.0,8.0,616.0,0.0,0.0,92.03768392,37.99628634
1273,1392.0,2085.2594842,221.0,162.0,0.0,19.0,242.0,110.0,42.0,491.0,0.0,0.0,131.0143227,136.9866113
1274,360.0,703.33003948,52.0,44.0,0.0,5.0,96.0,50.0,30.0,170.0,0.0,0.0,39.46568062,34.99657953
1275,233.0,389.47961502,505.0,217.0,0.0,86.0,2050.0,219.0,232.0,2291.0,0.0,17.72077185,285.2581351,22.99775226
1276,677.0,985.97317644,85.0,72.0,2.0,58.0,130.0,143.0,565.0,345.0,0.0,0.0,101.5740008,66.99345224
1277,0.0,0.0,3.0,3.0,0.0,0.0,2.0,133.0,7.0,7.0,0.0,0.0,7.580149314,0.0
1278,564.0,1118.3230898,1.0,3.0,0.0,0.0,17.0,27.0,20.0,38.0,0.0,0.0,32.76580671,54.99462497
1279,331.0,771.69718508,4.0,0.0,3.0,0.0,0.0,0.0,0.0,2.0,0.0,0.0,16.6274243,32.99677498
1280,798.0,1512.3328678,25.0,25.0,0.0,3.0,187.0,38.0,31.0,207.0,0.0,0.0,64.2601045,77.99237723
1281,577.0,1188.836553,0.0,0.0,0.0,0.0,14.0,0.0,12.0,1.0,0.0,5.906923951,29.53813023,56.99442951
1282,377.0,614.73864036,32.0,5.0,0.0,30.0,4.0,2.0,0.0,12.0,0.0,0.0,22.59373537,36.99638407
1283,285.0,443.46456846,17.0,5.0,0.0,11.0,6.0,8.0,0.0,48.0,0.0,0.0,18.58359187,27.99726362
1284,568.0,999.89293574,11.0,4.0,0.0,5.0,12.0,9.0,0.0,18.0,0.0,0.0,30.66292658,55.99452724
1285,220.0,308.07114076,0.0,0.0,0.0,0.0,0.0,0.0,0.0,0.0,0.0,0.0,10.75892161,21.99784999
1286,581.0,920.7815794400001,13.0,8.0,0.0,3.0,20.0,2.0,0.0,74.0,0.0,0.0,34.28183657,56.99442951
1287,227.0,410.96302044,87.0,63.0,0.0,13.0,271.0,165.0,49.0,281.0,0.0,0.0,56.53324262,21.99784999
1288,400.0,710.94271266,293.0,227.0,0.0,25.0,442.0,50.0,220.0,344.0,0.0,0.0,97.85728243,38.99618861
1289,197.0,320.81717948,3.0,0.0,0.0,0.0,9.0,0.0,0.0,54.0,0.0,0.0,12.86180174,18.99814317
1290,774.0,1463.168352,0.0,14.0,33.0,0.0,21.0,0.0,9.0,50.0,0.0,0.0,44.0626744,75.99257269
1291,429.0,1063.8493304,24.0,3.0,0.0,5.0,15.0,21.0,9.0,231.0,0.0,0.0,36.04238738,41.99589543
1292,468.0,1048.0471548,10.0,13.0,0.0,10.0,18.0,32.0,4.0,201.0,0.0,0.0,36.97156698,45.99550452
1293,416.0,859.69039722,155.0,47.0,0.0,6.0,43.0,27.0,0.0,201.0,0.0,0.0,43.76924926,40.99599316
1294,0.0,0.0,0.0,0.0,0.0,0.0,0.0,0.0,0.0,30.0,0.0,0.0,1.467125674,0.0
1295,189.0,328.15592054,0.0,0.0,0.0,0.0,0.0,45.0,0.0,0.0,0.0,0.0,11.44358025,18.99814317
1296,438.0,793.02347856,0.0,0.0,18.0,0.0,0.0,0.0,0.0,7.0,0.0,0.0,22.64263956,42.9957977
1297,585.0,938.90223164,67.0,25.0,0.0,12.0,136.0,54.0,61.0,216.0,0.0,0.0,56.53324262,56.99442951
1298,738.0,1547.0360719999999,75.0,51.0,4.0,2.0,17.0,27.0,0.0,110.0,0.0,0.0,50.07788966,72.99286587
1299,382.0,702.7595216,22.0,2.0,3.0,4.0,22.0,90.0,0.0,31.0,0.0,0.0,27.19072915,37.99628634
1300,184.0,460.94059771999997,54.0,25.0,0.0,0.0,135.0,1.0,79.0,0.0,0.0,0.0,23.3762024,17.9982409
1301,724.0,1164.7531319999998,650.0,127.0,0.0,15.0,334.0,204.0,26.0,1071.0,0.0,0.0,154.0970999,70.99306132
1302,1.0,4.530162921800001,156.0,78.0,150.0,246.0,334.0,193.0,0.0,892.0,5.028759244,0.0,100.2535877,0.0
1303,439.0,1009.64319114,37.0,18.0,21.0,49.0,80.0,150.0,9.0,214.0,6.034511093,0.0,57.73556034,42.9957977
1304,323.0,698.41284392,2.0,1.0,0.0,3.0,7.0,7.0,0.0,14.0,10.05751849,0.0,17.45879552,31.99687271
1305,0.0,0.0,113.0,33.0,17.0,732.0,127.0,63.0,0.0,466.0,10.05751849,0.0,75.85039733,0.0
1306,1419.0,3578.8926146,58.0,46.0,41.0,20.0,65.0,174.0,8.0,209.0,0.0,0.0,99.76454581,138.9864158
1307,508.0,1120.30356,6.0,5.0,0.0,2.0,7.0,49.0,0.0,19.0,0.0,0.0,29.14689672,49.99511361
1308,891.0,1991.7447454,0.0,0.0,0.0,0.0,0.0,0.0,0.0,0.0,0.0,0.0,64.57363251,87.99139995
1309,1121.0,3051.8405696,7.0,3.0,0.0,3.0,6.0,47.0,0.0,23.0,0.0,0.0,71.17406884,109.9892499
1310,1232.0,3307.735068,15.0,5.0,0.0,0.0,19.0,5.0,0.0,31.0,0.0,0.0,71.91777518,120.9881749
1311,900.0,2257.6797745999997,4.0,6.0,0.0,3.0,27.0,29.0,0.0,24.0,0.0,0.0,48.5618598,87.99139995
1312,1303.0,2842.0305002,3.0,1.0,0.0,9.0,14.0,86.0,4.0,16.0,0.0,0.0,70.22641558,127.9874908
1313,1066.0,2868.0516754,48.0,22.0,37.0,50.0,63.0,35.0,0.0,163.0,3.017255546,0.0,78.57381665,104.9897386
1314,755.0,1576.8371262,3.0,10.0,20.0,5.0,3.0,86.0,0.0,17.0,0.0,0.0,43.96486602,73.99276814
1315,803.0,1896.6980506,19.0,11.0,0.0,0.0,7.0,5.0,19.0,103.0,0.0,0.0,60.29035088,78.9922795
1316,1167.0,3196.310665,12.0,1.0,8.0,10.0,9.0,139.0,39.0,20.0,0.0,0.0,68.71038571,114.9887613
1317,82.0,213.13253148,12.0,2.0,2.0,64.0,13.0,27.0,0.0,88.0,7.040262942,0.0,14.18221484,7.999218177
1318,337.0,870.0589019,0.0,0.0,0.0,0.0,0.0,0.0,0.0,0.0,0.0,0.0,16.48071173,32.99677498
1319,0.0,0.0,125.0,50.0,187.0,210.0,107.0,77.0,0.0,461.0,0.0,0.0,59.51639816,0.0
1320,513.0,1340.5172426,0.0,0.0,0.0,0.0,0.0,0.0,0.0,0.0,7.040262942,0.0,25.08784902,49.99511361
1321,0.0,0.0,28.0,3.0,8.0,352.0,209.0,47.0,0.0,212.0,0.0,0.0,42.00869845,0.0
1322,0.0,0.0,24.0,8.0,0.0,258.0,26.0,43.0,0.0,207.0,0.0,0.0,27.67977104,0.0
1323,0.0,0.0,46.0,2.0,0.0,38.0,16.0,7.0,0.0,56.0,0.0,0.0,8.069191205,0.0
1324,0.0,0.0,272.0,40.0,15.0,1176.0,135.0,139.0,0.0,1258.0,0.0,0.0,148.424214,0.0
1325,0.0,0.0,146.0,36.0,271.0,2015.0,594.0,110.0,0.0,518.0,2.011503698,7.875898601,180.4564579,0.0
1326,0.0,0.0,339.0,4.0,1767.0,786.0,171.0,8.0,149.0,286.0,0.0,0.0,171.6537038,0.0
1327,339.0,1184.9058725999998,77.0,43.0,1282.0,689.0,190.0,115.0,4.0,721.0,0.0,0.0,169.2084944,32.99677498
1328,0.0,0.0,222.0,34.0,295.0,2048.0,375.0,101.0,3.0,603.0,0.0,0.0,180.0163202,0.0
1329,0.0,0.0,23.0,5.0,362.0,334.0,10.0,28.0,0.0,110.0,0.0,0.0,42.64445291,0.0
1330,0.0,0.0,266.0,206.0,1168.0,1259.0,428.0,535.0,179.0,1511.0,0.0,0.0,271.516058,0.0
1331,954.0,2108.635504,263.0,76.0,53.0,115.0,741.0,236.0,340.0,1869.0,1.005751849,0.0,230.2577668,93.99081358
1332,70.0,184.192269,95.0,22.0,293.0,628.0,61.0,116.0,0.0,518.0,0.0,0.0,100.174253,6.999315905
1333,194.0,480.82053438,2.0,0.0,0.0,1.0,3.0,57.0,0.0,8.0,3.017255546,0.0,12.95961012,18.99814317
1334,373.0,1008.44940894,48.0,13.0,0.0,27.0,48.0,34.0,1.0,151.0,0.0,0.0,40.98841144,36.99638407
1335,212.0,482.46671884,286.0,273.0,170.0,1027.0,193.0,157.0,0.0,709.0,3.017255546,0.0,148.0329805,20.99794772
1336,23.0,51.89769388,201.0,126.0,51.0,159.0,2360.0,333.0,39.0,869.0,1.005751849,0.0,203.4903309,1.999804544
1337,0.0,0.0,68.0,66.0,0.0,34.0,999.0,262.0,4.0,3371.0,0.0,0.0,234.9357245,0.0
1338,637.0,1950.9218288,0.0,0.0,0.0,0.0,0.0,64.0,0.0,0.0,1.005751849,0.0,34.28183657,62.99384315
1339,324.0,935.36991066,1.0,1.0,0.0,5.0,3.0,3.0,0.0,11.0,0.0,0.0,25.01865781,31.99687271
1340,397.0,1045.9925792,0.0,0.0,0.0,0.0,0.0,0.0,0.0,0.0,0.0,0.0,19.41496308,38.99618861
1341,248.0,623.0362277199999,81.0,130.0,0.0,26.0,93.0,76.0,49.0,331.0,0.0,0.0,50.56693155,23.99765453
1342,1291.0,3117.424214,96.0,169.0,0.0,4.0,53.0,188.0,77.0,236.0,0.0,0.0,103.3834558,126.9875886
1343,0.0,0.0,198.0,110.0,0.0,162.0,963.0,657.0,0.0,1513.0,0.0,0.0,176.2017934,0.0
1344,0.0,0.0,79.0,18.0,6.0,245.0,1151.0,45.0,56.0,405.0,1.005751849,0.0,98.05289919,0.0
1345,288.0,712.72465126,0.0,0.0,0.0,0.0,0.0,0.0,0.0,0.0,0.0,0.0,14.08440647,27.99726362
1346,0.0,0.0,23.0,14.0,10.0,130.0,81.0,238.0,0.0,194.0,0.0,0.0,33.74389049,0.0
1347,702.0,1925.7954260000001,80.0,46.0,27.0,54.0,101.0,63.0,0.0,289.0,0.0,0.0,66.60750558,68.99325678
1348,626.0,1602.566732,28.0,25.0,1.0,3.0,9.0,133.0,0.0,32.0,0.0,0.0,41.91089008,61.99394087
1349,425.0,1174.2898089999999,0.0,2.0,0.0,0.0,0.0,0.0,0.0,6.0,0.0,0.0,21.17551389,41.99589543
1350,1293.0,3488.1989094,97.0,115.0,0.0,17.0,147.0,271.0,34.0,640.0,0.0,0.0,127.8355504,126.9875886
1351,786.0,1638.8280972,39.0,25.0,2.0,1.0,17.0,114.0,7.0,458.0,0.0,0.0,70.86217004,76.99247496
1352,380.0,887.63039352,43.0,2.0,5.0,32.0,40.0,211.0,40.0,190.0,0.0,0.0,46.11665034,36.99638407
1353,291.0,587.5853319,20.0,18.0,0.0,10.0,47.0,61.0,0.0,106.0,2.011503698,0.0,27.04401658,28.99716589
1354,1118.0,2742.6321124,6.0,32.0,0.0,5.0,1.0,5.0,0.0,32.0,0.0,0.0,58.63612276,109.9892499
1355,761.0,2359.4055408,4.0,8.0,0.0,0.0,16.0,88.0,24.0,13.0,0.0,0.0,44.69842886,74.99267041
1356,27.0,47.501989277999996,422.0,238.0,0.0,27.0,46.0,209.0,126.0,265.0,0.0,0.0,66.5096972,2.999706817
1357,295.0,790.9211724200001,22.0,63.0,0.0,0.0,3.0,5.0,13.0,8.0,0.0,0.0,20.00181335,28.99716589
1358,562.0,1618.4229494,81.0,72.0,9.0,16.0,82.0,117.0,23.0,330.0,0.0,0.0,63.18421234,54.99462497
1359,366.0,915.72620568,0.0,0.0,0.0,0.0,0.0,0.0,0.0,0.0,0.0,0.0,17.89893322,35.9964818
1360,415.0,1223.4116104,34.0,12.0,0.0,83.0,43.0,43.0,4.0,70.0,0.0,0.0,34.42854914,40.99599316
1361,312.0,788.7635281,0.0,0.0,0.0,0.0,0.0,44.0,0.0,0.0,0.0,0.0,22.40989133,30.99697044
1362,320.0,1238.28892,0.0,0.0,0.0,0.0,0.0,0.0,0.0,0.0,0.0,0.0,15.64934052,30.99697044
1363,729.0,2084.4265274,161.0,39.0,0.0,33.0,168.0,251.0,480.0,471.0,0.0,0.0,114.044569,71.9929636
1364,725.0,2046.6948566,132.0,76.0,0.0,19.0,93.0,70.0,9.0,389.0,0.0,0.0,73.99203814,70.99306132
1365,209.0,599.61636332,34.0,54.0,0.0,0.0,3.0,1.0,45.0,106.0,0.0,0.0,30.10469348,20.99794772
1366,711.0,1914.9971725999999,64.0,144.0,26.0,12.0,44.0,277.0,22.0,227.0,0.0,0.0,74.67669679,69.99315905
1367,672.0,1579.9799906,51.0,23.0,1.0,3.0,92.0,47.0,0.0,134.0,0.0,0.0,50.02898547,65.99354996
1368,389.0,1014.1092804,1.0,0.0,0.0,0.0,0.0,2.0,6.0,2.0,0.0,0.0,19.56167565,37.99628634
1369,698.0,1559.7607528,69.0,43.0,0.0,6.0,121.0,97.0,0.0,201.0,0.0,0.0,60.39667356,68.99325678
1370,600.0,1595.1852752,139.0,160.0,0.0,46.0,86.0,60.0,0.0,330.0,0.0,0.0,69.49285274,58.99423406
1371,745.0,1458.1757562,68.0,44.0,8.0,19.0,130.0,97.0,0.0,217.0,0.0,0.0,64.94476315,72.99286587
1372,890.0,2234.1681672,40.0,11.0,15.0,10.0,27.0,96.0,1.0,180.0,2.011503698,0.0,62.10832018,86.99149768
1373,1063.0,2559.5695528,10.0,3.0,0.0,3.0,6.0,79.0,59.0,33.0,0.0,0.0,81.42366154,103.9898363
1374,189.0,504.6551005,201.0,85.0,0.0,57.0,605.0,313.0,3.0,1037.0,2.011503698,0.0,121.7714309,18.99814317
1375,277.0,747.14761172,328.0,13.0,0.0,29.0,17.0,58.0,23.0,88.0,1.005751849,0.0,40.73718954,26.99736135
1376,1014.0,2653.5468918,30.0,26.0,0.0,3.0,1.0,62.0,13.0,162.0,0.0,0.0,64.11339194,99.99022722
1377,1162.0,3006.603013,39.0,13.0,13.0,18.0,34.0,37.0,1.0,134.0,0.0,0.0,77.95997841,113.988859
1378,503.0,1421.5977421999999,101.0,42.0,0.0,26.0,45.0,122.0,12.0,240.0,0.0,0.0,53.35447033,48.99521134
1379,495.0,1097.7281454,378.0,49.0,7.0,26.0,293.0,213.0,51.0,431.0,0.0,0.0,95.02083946,48.99521134
1380,240.0,688.48169468,162.0,34.0,0.0,9.0,48.0,50.0,0.0,211.0,0.0,0.0,43.8737586,23.99765453
1381,90.0,255.18450744,2.0,1.0,0.0,1.0,3.0,205.0,2.0,24.0,0.0,0.0,16.04057403,8.99912045
1382,826.0,2091.6835576,73.0,48.0,0.0,16.0,72.0,95.0,1.0,244.0,0.0,0.0,67.24326004,80.99208405
1383,1197.0,2614.5974882,101.0,121.0,0.0,76.0,387.0,1036.0,234.0,970.0,0.0,0.0,201.5830676,117.9884681
1384,483.0,909.7207209999999,612.0,461.0,0.0,15.0,119.0,87.0,0.0,456.0,0.0,0.0,109.2030543,46.99540679
1385,602.0,1196.0458512,29.0,14.0,0.0,6.0,27.0,19.0,0.0,129.0,0.0,0.0,40.39486021,58.99423406
1386,964.0,1862.6771695999998,102.0,68.0,16.0,44.0,68.0,132.0,16.0,337.0,0.0,0.0,91.43561839,94.99071586
1387,909.0,2894.7715158,217.0,85.0,28.0,51.0,112.0,126.0,3.0,459.0,0.0,0.0,97.31933635,88.99130222
1388,1001.0,2390.5548983999997,0.0,0.0,0.0,0.0,0.0,0.0,0.0,0.0,0.0,0.0,48.95309331,97.99042267
1389,1227.0,3107.85874,0.0,0.0,0.0,3.0,1.0,0.0,0.0,5.0,0.0,1.96897465,60.44557775,120.9881749
1390,544.0,1414.1295582,11.0,20.0,0.0,13.0,23.0,36.0,0.0,64.0,0.0,0.0,34.77087846,52.99482043
1391,540.0,1488.2533338,37.0,0.0,0.0,1.0,15.0,26.0,20.0,35.0,0.0,0.0,32.96142347,52.99482043
1392,281.0,725.31988934,0.0,2.0,0.0,3.0,13.0,10.0,11.0,10.0,0.0,0.0,16.13838241,27.99726362
1393,269.0,726.15932388,7.0,2.0,0.0,9.0,10.0,7.0,1.0,18.0,0.0,0.0,15.79605309,25.99745908
1394,517.0,1096.4312938,0.0,0.0,0.0,0.0,0.0,72.0,0.0,0.0,0.0,0.0,28.80456739,50.99501588
1395,454.0,1217.0517768,10.0,4.0,0.0,3.0,12.0,59.0,19.0,29.0,0.0,0.0,28.85347158,44.99560225
1396,353.0,854.65508566,0.0,0.0,0.0,0.0,0.0,0.0,0.0,0.0,0.0,0.0,17.26317876,34.99657953
1397,377.0,677.2033707,0.0,0.0,0.0,0.0,0.0,0.0,0.0,0.0,0.0,0.0,18.4368793,36.99638407
1398,144.0,464.94926966,1.0,0.0,0.0,0.0,1.0,2.0,0.0,1.0,0.0,0.0,12.28672418,13.99863181
1399,2810.0,7856.0561746,19.0,53.0,0.0,3.0,14.0,12.0,10.0,78.0,0.0,0.0,146.6636632,275.9730271
1400,1107.0,2059.4370078,116.0,51.0,0.0,4.0,90.0,56.0,0.0,253.0,0.0,0.0,85.01232515,108.9893477
1401,0.0,0.0,16.0,3.0,131.0,132.0,8.0,38.0,0.0,95.0,0.0,0.0,20.686472,0.0
1402,0.0,0.0,10.0,2.0,2.0,6.0,23.0,7.0,0.0,21.0,0.0,0.0,3.472197428,0.0
1403,0.0,0.0,33.0,15.0,0.0,90.0,73.0,134.0,0.0,163.0,0.0,0.0,24.84332807,0.0
1404,289.0,831.2892638,3.0,0.0,0.0,0.0,5.0,18.0,31.0,22.0,0.0,0.0,17.9967416,27.99726362
1405,585.0,1490.9161272,6.0,0.0,0.0,0.0,0.0,50.0,0.0,0.0,0.0,0.0,45.34758523,56.99442951
1406,308.0,756.1161948800001,4.0,1.0,0.0,3.0,4.0,369.0,0.0,16.0,0.0,0.0,34.47745333,29.99706817
1407,478.0,1636.6466704,39.0,34.0,0.0,49.0,77.0,62.0,30.0,137.0,1.005751849,0.0,44.30719534,46.99540679
1408,520.0,1347.5330244,14.0,0.0,0.0,0.0,0.0,1.0,0.0,1.0,0.0,0.0,26.21264537,50.99501588
1409,550.0,1446.3948744,0.0,0.0,0.0,0.0,1.0,0.0,1.0,8.0,0.0,0.0,27.38634591,53.9947227
1410,453.0,1266.9966694,15.0,44.0,0.0,0.0,4.0,2.0,0.0,30.0,0.0,0.0,26.79949564,44.99560225
1411,386.0,1009.96113418,11.0,7.0,0.0,1.0,6.0,2.0,0.0,20.0,0.0,0.0,21.17551389,37.99628634
1412,279.0,701.732882,24.0,14.0,0.0,29.0,130.0,126.0,79.0,212.0,0.0,0.0,43.67144088,26.99736135
1413,545.0,1522.525494,15.0,1.0,0.0,2.0,7.0,73.0,0.0,13.0,0.0,0.0,32.08114806,53.9947227
1414,554.0,1317.0697092,0.0,0.0,0.0,0.0,0.0,130.0,0.0,0.0,0.0,0.0,33.45046536,53.9947227
1415,649.0,1846.2166206,32.0,14.0,0.0,3.0,23.0,6.0,0.0,68.0,0.0,0.0,38.87883035,63.99374542
1416,910.0,2740.9608502,22.0,2.0,0.0,9.0,18.0,73.0,1.0,46.0,0.0,0.0,52.86542844,88.99130222
1417,375.0,1185.2929056,13.0,5.0,0.0,10.0,29.0,131.0,6.0,58.0,0.0,0.0,30.66292658,36.99638407
1418,485.0,1574.6607159999999,26.0,5.0,4.0,9.0,7.0,168.0,0.0,58.0,0.0,0.0,37.26499211,47.99530906
1419,671.0,1600.145186,299.0,17.0,0.0,6.0,28.0,43.0,0.0,170.0,0.0,0.0,60.34776937,65.99354996
1420,477.0,1210.1164105999999,400.0,75.0,1.0,25.0,78.0,86.0,8.0,353.0,0.0,0.0,73.50299625,46.99540679
1421,137.0,311.94033892,22.0,8.0,0.0,2.0,18.0,16.0,98.0,83.0,0.0,0.0,18.77920862,12.99872954
1422,544.0,1383.623528,29.0,20.0,1.0,1.0,30.0,14.0,0.0,96.0,0.0,0.0,35.944579,52.99482043
1423,756.0,1604.6099798,21.0,43.0,3.0,12.0,77.0,102.0,58.0,195.0,0.0,0.0,61.96160762,73.99276814
1424,0.0,0.0,1.0,0.0,487.0,3.0,3.0,2.0,0.0,5.0,0.0,0.0,24.50099875,0.0
1425,0.0,0.0,4.0,1.0,993.0,25.0,1.0,4.0,0.0,23.0,0.0,0.0,51.39830277,0.0
1426,324.0,912.85355426,257.0,127.0,1.0,28.0,183.0,354.0,0.0,712.0,0.0,0.0,97.12371959,31.99687271
1427,0.0,0.0,8.0,3.0,720.0,257.0,40.0,24.0,2.0,48.0,0.0,0.0,53.89241641,0.0
1428,0.0,0.0,9.0,6.0,0.0,31.0,13.0,15.0,0.0,61.0,0.0,0.0,6.602065531,0.0
1429,0.0,0.0,0.0,0.0,2.0,4.0,0.0,4.0,0.0,4.0,27.15529992,0.0,0.684658648,0.0
1430,172.0,339.02957383999995,0.0,0.0,0.0,0.0,0.0,0.0,0.0,0.0,5.028759244,0.0,8.411520529,16.99833863
1431,2.0,2.808391869,0.0,3.0,48.0,0.0,0.0,8.0,0.0,1.0,0.0,0.0,28.03205973,0.0
1432,0.0,0.0,2.0,1.0,18.0,8.0,2.0,2.0,0.0,16.0,0.0,196.897465,2.396305267,0.0
1433,825.0,2225.1568692,301.0,133.0,104.0,32.0,234.0,22.0,1.0,793.0,1.005751849,0.0,128.5707424,80.99208405
1434,675.0,1740.2899628,21.0,40.0,556.0,0.0,18.0,25.0,0.0,61.0,18.10353328,0.0,68.27024801,65.99354996
1435,452.0,908.74181246,25.0,24.0,299.0,3.0,31.0,21.0,0.0,71.0,2.011503698,0.0,45.28527913,43.99569998
1436,622.0,1922.1914242,0.0,0.0,0.0,12.0,3.0,82.0,2.0,6.0,0.0,0.0,35.55334549,60.9940386
1437,515.0,1105.5293196,251.0,160.0,30.0,21.0,203.0,100.0,7.0,535.0,6.034511093,0.0,89.10343258,50.99501588
1438,687.0,2213.7466778,0.0,0.0,0.0,0.0,0.0,0.0,0.0,0.0,0.0,0.0,33.59717793,67.99335451
1439,0.0,0.0,23.0,7.0,767.0,380.0,230.0,107.0,0.0,379.0,0.0,0.0,92.57563,0.0
1440,0.0,0.0,192.0,25.0,332.0,393.0,76.0,115.0,0.0,288.0,0.0,0.0,69.49285274,0.0
1441,0.0,0.0,37.0,9.0,64.0,111.0,24.0,38.0,0.0,145.0,0.0,0.0,20.93099294,0.0
1442,0.0,0.0,77.0,41.0,0.0,115.0,28.0,23.0,4.0,164.0,0.0,0.0,22.10469348,0.0
1443,0.0,0.0,168.0,24.0,0.0,118.0,54.0,37.0,4.0,268.0,0.0,0.0,32.91251928,0.0
1444,325.0,539.6899988,176.0,65.0,0.0,16.0,328.0,146.0,16.0,457.0,0.0,0.0,81.77450517,31.99687271
1445,604.0,1031.5123336,210.0,100.0,0.0,29.0,477.0,236.0,7.0,873.0,0.0,0.0,124.0210236,58.99423406
1446,254.0,415.61129934,43.0,62.0,8.0,4.0,72.0,47.0,99.0,82.0,0.0,0.0,32.8147109,24.9975568
1447,86.0,133.19808316,26.0,10.0,0.0,63.0,12.0,25.0,16.0,76.0,0.0,0.0,15.35591538,7.999218177
1448,0.0,0.0,36.0,12.0,276.0,116.0,103.0,2.0,0.0,50.0,0.0,0.0,29.09799253,0.0
1449,225.0,452.01974574,299.0,165.0,0.0,35.0,880.0,295.0,0.0,1028.0,0.0,0.0,143.1425616,21.99784999
1450,0.0,0.0,39.0,8.0,179.0,191.0,18.0,17.0,0.0,75.0,0.0,0.0,25.77250767,0.0
1451,0.0,0.0,520.0,68.0,107.0,59.0,158.0,147.0,3.0,664.0,0.0,0.0,84.40863042,0.0
1452,157.0,435.2286307,42.0,13.0,22.0,60.0,19.0,46.0,0.0,208.0,0.0,0.0,27.72867523,14.99853408
1453,259.0,500.72684432000005,244.0,112.0,0.0,27.0,675.0,260.0,1.0,947.0,0.0,0.0,123.4830775,24.9975568
1454,219.0,388.52206448,43.0,21.0,9.0,21.0,84.0,80.0,4.0,169.0,0.0,0.0,31.78772293,21.99784999
1455,580.0,1009.22217796,265.0,123.0,12.0,37.0,664.0,362.0,23.0,829.0,0.0,0.0,141.5776275,56.99442951
1456,10.0,14.795598112,29.0,1.0,4.0,33.0,4.0,273.0,1.0,47.0,0.0,0.0,19.65948403,0.999902272
1457,307.0,713.81666016,168.0,84.0,0.0,47.0,286.0,258.0,68.0,635.0,0.0,0.0,90.61946244,29.99706817
1458,615.0,1019.6057296,24.0,5.0,0.0,6.0,14.0,11.0,2.0,20.0,0.0,0.0,34.08621982,59.99413633
1459,431.0,1021.3399368,20.0,8.0,1.0,12.0,28.0,58.0,54.0,61.0,0.0,0.0,32.91251928,41.99589543
1460,485.0,793.85158642,0.0,0.0,0.0,0.0,0.0,0.0,0.0,0.0,0.0,0.0,23.71853172,47.99530906
1461,0.0,0.0,63.0,12.0,35.0,189.0,114.0,45.0,0.0,110.0,0.0,0.0,27.77757942,0.0
1462,0.0,0.0,160.0,36.0,77.0,231.0,103.0,127.0,14.0,489.0,0.0,0.0,60.49448194,0.0
1463,0.0,0.0,86.0,12.0,63.0,93.0,76.0,37.0,0.0,213.0,0.0,0.0,28.36442969,0.0
1464,278.0,571.54692428,36.0,4.0,36.0,228.0,8.0,14.0,0.0,70.0,0.0,0.0,32.96142347,26.99736135
1465,152.0,291.28002568,107.0,27.0,57.0,52.0,255.0,138.0,11.0,339.0,0.0,0.0,55.65296722,14.99853408
1466,252.0,598.30316908,61.0,15.0,10.0,6.0,64.0,156.0,32.0,260.0,0.0,0.0,41.86198589,24.9975568
1467,755.0,1518.7304006,104.0,40.0,4.0,7.0,45.0,66.0,20.0,166.0,0.0,0.0,59.02735627,73.99276814
1468,671.0,1664.788919,0.0,0.0,0.0,0.0,0.0,0.0,0.0,0.0,0.0,0.0,32.8147109,65.99354996
1469,280.0,507.2475087,78.0,23.0,135.0,572.0,83.0,80.0,204.0,597.0,0.0,0.0,100.3513961,27.99726362
1470,0.0,0.0,17.0,11.0,47.0,46.0,39.0,147.0,0.0,134.0,0.0,0.0,21.5667474,0.0
1471,75.0,158.17870066,122.0,6.0,24.0,55.0,35.0,504.0,0.0,85.0,0.0,0.0,44.30719534,6.999315905
1472,183.0,390.31403408,37.0,16.0,28.0,114.0,80.0,35.0,0.0,175.0,0.0,0.0,39.66799833,17.9982409
1473,220.0,541.95071262,61.0,13.0,2.0,55.0,56.0,38.0,0.0,147.0,0.0,0.0,31.95127996,21.99784999
1474,252.0,542.3754454,129.0,50.0,9.0,119.0,252.0,104.0,27.0,365.0,0.0,0.0,63.91777518,24.9975568
1475,343.0,828.23814244,49.0,29.0,1.0,29.0,67.0,40.0,14.0,162.0,0.0,0.0,35.89567481,33.99667725
1476,599.0,1511.4846982,28.0,51.0,0.0,0.0,190.0,233.0,0.0,83.0,0.0,0.0,57.90255992,58.99423406
1477,421.0,814.06580894,55.0,17.0,13.0,17.0,37.0,43.0,0.0,211.0,0.0,0.0,39.80800994,40.99599316
1478,575.0,1218.998267,75.0,14.0,0.0,5.0,35.0,35.0,2.0,169.0,0.0,0.0,44.5028121,56.99442951
1479,72.0,165.65190004,177.0,96.0,0.0,328.0,631.0,3005.0,120.0,1088.0,0.0,0.0,269.8044114,6.999315905
1480,0.0,0.0,50.0,6.0,885.0,357.0,21.0,10.0,0.0,385.0,0.0,0.0,83.82178015,0.0
1481,166.0,290.058574,189.0,50.0,222.0,115.0,116.0,64.0,0.0,355.0,0.0,0.0,62.45064951,15.99843635
1482,205.0,391.92251842,138.0,18.0,6.0,55.0,93.0,16.0,2.0,192.0,0.0,0.0,35.45553711,19.99804544
1483,246.0,396.07567974,34.0,31.0,1.0,6.0,46.0,32.0,84.0,108.0,0.0,0.0,28.7556632,23.99765453
1484,157.0,269.62446178,280.0,191.0,5.0,18.0,146.0,120.0,2.0,659.0,0.0,0.0,77.17081043,14.99853408
1485,919.0,1869.4567198,69.0,60.0,0.0,8.0,48.0,51.0,3.0,181.0,0.0,0.0,65.48270923,89.9912045
1486,830.0,1594.833351,12.0,9.0,0.0,76.0,13.0,1.0,5.0,15.0,0.0,0.0,46.99692574,81.99198632
1487,414.0,824.4820447999999,3.0,1.0,0.0,2.0,11.0,20.0,30.0,43.0,0.0,0.0,25.6257951,40.99599316
1488,1167.0,2549.8733389999998,0.0,0.0,0.0,0.0,0.0,51.0,0.0,0.0,0.0,0.0,59.56530235,114.9887613
1489,454.0,1007.14122978,135.0,44.0,23.0,128.0,165.0,71.0,1.0,450.0,0.0,0.0,71.9380622,44.99560225
1490,0.0,0.0,1.0,0.0,22.0,0.0,0.0,0.0,0.0,0.0,0.0,0.0,1.12479635,0.0
1491,157.0,401.09092918,111.0,46.0,99.0,178.0,142.0,140.0,0.0,330.0,0.0,0.0,58.83173951,14.99853408
1492,582.0,1049.514869,1.0,1.0,2.0,4.0,13.0,12.0,0.0,45.0,0.0,0.0,32.27676482,56.99442951
1493,506.0,1081.4635372,46.0,25.0,311.0,117.0,226.0,77.0,3.0,195.0,0.0,0.0,73.64970882,49.99511361
1494,340.0,795.03663366,57.0,30.0,0.0,13.0,90.0,74.0,143.0,227.0,0.0,0.0,47.6326802,32.99677498
1495,709.0,1411.3033421999999,90.0,25.0,6.0,22.0,63.0,60.0,25.0,167.0,0.0,0.0,57.0711887,69.99315905
1496,413.0,850.4579129,10.0,3.0,4.0,9.0,64.0,186.0,65.0,87.0,0.0,0.0,41.12842305,40.99599316
1497,336.0,688.30322494,0.0,0.0,0.0,1.0,213.0,72.0,324.0,6.0,0.0,0.0,46.55678804,32.99677498
1498,260.0,517.6046865,10.0,0.0,0.0,0.0,0.0,0.0,0.0,0.0,0.0,0.0,13.20413106,25.99745908
1499,467.0,1066.0333481999999,1.0,10.0,0.0,1.0,39.0,84.0,0.0,24.0,0.0,0.0,30.61402239,45.99550452
1500,353.0,835.04406576,0.0,0.0,0.0,0.0,0.0,0.0,0.0,0.0,0.0,0.0,17.26317876,34.99657953
1501,519.0,1069.9012496,3.0,0.0,1.0,2.0,21.0,149.0,3.0,110.0,0.0,0.0,39.51458481,50.99501588
1502,642.0,1531.2351918,42.0,46.0,0.0,3.0,24.0,59.0,9.0,93.0,0.0,0.0,51.89404561,62.99384315
1503,589.0,1291.1365567999999,392.0,100.0,3.0,15.0,98.0,147.0,0.0,576.0,0.0,0.0,93.89604311,57.99433179
1504,951.0,1815.4063972,0.0,0.0,0.0,0.0,0.0,53.0,3.0,0.0,0.0,0.0,57.24651844,92.99091131
1505,395.0,773.27298478,8.0,2.0,0.0,6.0,20.0,61.0,0.0,45.0,0.0,0.0,26.26154956,38.99618861
1506,361.0,622.8791158199999,63.0,12.0,5.0,33.0,190.0,68.0,3.0,180.0,0.0,0.0,44.74733305,34.99657953
1507,1163.0,2738.0315648,229.0,135.0,0.0,36.0,445.0,237.0,8.0,831.0,0.0,0.0,150.8205192,113.988859
1508,539.0,1126.3668069999999,40.0,5.0,0.0,4.0,25.0,28.0,27.0,62.0,0.0,0.0,35.70005806,52.99482043
1509,424.0,821.11929102,0.0,0.0,0.0,2.0,13.0,2.0,1.0,4.0,0.0,0.0,21.81126835,41.99589543
1510,341.0,623.7939506600001,7.0,10.0,1.0,4.0,22.0,21.0,6.0,39.0,0.0,0.0,25.05578929,33.99667725
1511,468.0,1040.0574794,56.0,20.0,0.0,13.0,45.0,38.0,1.0,133.0,0.0,0.0,37.85184238,45.99550452
1512,477.0,1075.0182734,3.0,0.0,0.0,1.0,17.0,13.0,20.0,37.0,0.0,0.0,27.77757942,46.99540679
1513,743.0,1223.2255329999998,92.0,6.0,0.0,37.0,32.0,42.0,11.0,120.0,0.0,0.0,52.96323682,72.99286587
1514,345.0,707.28466904,42.0,13.0,6.0,15.0,73.0,84.0,6.0,183.0,0.0,0.0,37.50951306,33.99667725
1515,513.0,1115.35368,45.0,15.0,0.0,5.0,18.0,29.0,0.0,104.0,0.0,0.0,35.65115387,49.99511361
1516,310.0,751.3761733800001,416.0,203.0,0.0,63.0,1010.0,481.0,127.0,1578.0,0.0,0.0,204.810744,29.99706817
1517,346.0,840.375963,41.0,17.0,1.0,13.0,117.0,72.0,21.0,189.0,0.0,0.0,39.95472251,33.99667725
1518,284.0,629.96026702,0.0,1.0,0.0,0.0,0.0,0.0,0.0,10.0,0.0,0.0,14.42673579,27.99726362
1519,654.0,1725.053289,41.0,72.0,1.0,27.0,128.0,350.0,84.0,256.0,0.0,0.0,78.88245705,63.99374542
1520,518.0,1223.7119152,62.0,10.0,0.0,7.0,20.0,30.0,11.0,102.0,0.0,0.0,53.16718373,50.99501588
1521,792.0,2000.8490834000002,34.0,48.0,5.0,43.0,87.0,141.0,87.0,204.0,0.0,0.0,70.47093652,77.99237723
1522,488.0,792.91539362,38.0,26.0,5.0,45.0,175.0,239.0,449.0,390.0,0.0,0.0,90.71727082,47.99530906
1523,499.0,997.45634362,53.0,93.0,1.0,10.0,172.0,161.0,465.0,247.0,0.0,0.0,83.18602569,48.99521134
1524,276.0,553.7705896,169.0,96.0,0.0,47.0,402.0,375.0,696.0,570.0,0.0,0.0,128.6669216,26.99736135
1525,773.0,1585.7466514,132.0,65.0,2.0,75.0,311.0,446.0,197.0,504.0,0.0,0.0,122.5049937,75.99257269
1526,366.0,904.1048604,12.0,32.0,1.0,0.0,17.0,83.0,4.0,57.0,0.0,0.0,27.97319618,35.9964818
1527,310.0,709.97513112,0.0,0.0,0.0,0.0,0.0,0.0,0.0,0.0,0.0,0.0,15.16029863,29.99706817
1528,431.0,1160.0697452,23.0,6.0,0.0,6.0,38.0,29.0,10.0,177.0,0.0,0.0,35.21101617,41.99589543
1529,554.0,1250.2469741999998,1.0,0.0,0.0,0.0,18.0,0.0,0.0,19.0,0.0,0.0,28.95127996,53.9947227
1530,843.0,2000.186822,1.0,0.0,0.0,0.0,0.0,531.0,0.0,1.0,0.0,0.0,67.29216423,82.99188859
1531,1662.0,3439.1436058,82.0,76.0,6.0,3.0,46.0,15.0,0.0,188.0,0.0,0.0,106.622905,162.9840704
1532,651.0,1216.8292962,129.0,46.0,27.0,184.0,114.0,58.0,61.0,328.0,0.0,0.0,78.14889421,63.99374542
1533,0.0,0.0,15.0,4.0,146.0,160.0,25.0,9.0,0.0,73.0,0.0,0.0,21.1266097,0.0
1534,1236.0,2831.222216,256.0,98.0,9.0,66.0,428.0,155.0,5.0,850.0,0.0,0.0,151.7496988,120.9881749
1535,874.0,1884.225945,42.0,14.0,5.0,36.0,61.0,36.0,0.0,132.0,0.0,0.0,58.68502694,85.99159541
1536,786.0,1704.1981636,167.0,78.0,24.0,103.0,386.0,112.0,13.0,692.0,0.0,0.0,115.4627905,76.99247496
1537,588.0,1112.2862162000001,7.0,2.0,1.0,6.0,22.0,26.0,26.0,91.0,0.0,0.0,37.60732143,57.99433179
1538,969.0,1875.8856418,46.0,9.0,0.0,32.0,44.0,47.0,125.0,114.0,0.0,0.0,67.78120612,94.99071586
1539,771.0,1466.283547,258.0,1.0,16.0,19.0,78.0,86.0,226.0,313.0,0.0,1.96897465,86.46260636,75.99257269
1540,577.0,1011.611039,18.0,5.0,46.0,36.0,83.0,77.0,352.0,117.0,0.0,1.96897465,64.11339194,56.99442951
1541,581.0,1082.0277436,237.0,42.0,0.0,7.0,77.0,40.0,20.0,169.0,0.0,0.0,57.36461384,56.99442951
1542,296.0,514.36004876,16.0,28.0,6.0,6.0,297.0,2276.0,157.0,419.0,0.0,0.0,171.2135661,28.99716589
1543,378.0,707.88156024,12.0,32.0,0.0,11.0,37.0,56.0,58.0,111.0,3.017255546,0.0,33.98841144,36.99638407
1544,433.0,800.8786951200001,27.0,23.0,0.0,11.0,91.0,73.0,126.0,87.0,0.0,0.0,42.59554872,42.9957977
1545,247.0,426.0275352,380.0,338.0,0.0,84.0,1358.0,963.0,1043.0,1478.0,0.0,0.0,288.0945781,23.99765453
1546,363.0,810.61762382,2.0,0.0,0.0,0.0,4.0,0.0,10.0,10.0,0.0,0.0,19.02372957,35.9964818
1547,328.0,631.7245675199999,19.0,35.0,21.0,8.0,34.0,41.0,83.0,85.0,0.0,0.0,31.98333968,31.99687271
1548,768.0,1478.8410844,47.0,57.0,0.0,84.0,213.0,60.0,186.0,322.0,0.0,0.0,84.9465765,74.99267041
1549,1420.0,2396.5929002000003,223.0,55.0,0.0,91.0,382.0,323.0,181.0,605.0,0.0,0.0,160.4057403,139.9863181
1550,144.0,281.91308306,0.0,0.0,0.0,1.0,0.0,4.0,5.0,3.0,0.0,0.0,7.677957692,13.99863181
1551,835.0,1622.5685042,78.0,41.0,1.0,38.0,192.0,86.0,278.0,309.0,1.005751849,0.0,90.86398339,81.99198632
1552,707.0,1555.4995062,0.0,0.0,0.0,0.0,0.0,0.0,1.0,0.0,0.0,0.0,34.6241659,68.99325678
1553,472.0,951.40702244,13.0,6.0,23.0,8.0,89.0,84.0,101.0,136.0,0.0,0.0,45.57870426,45.99550452
1554,834.0,1803.2535298,0.0,0.0,0.0,0.0,1.0,223.0,0.0,1.0,0.0,0.0,84.78953628,81.99198632
1555,620.0,1222.3873938,0.0,0.0,24.0,12.0,130.0,3.0,116.0,72.0,0.0,0.0,56.77939277,60.9940386
1556,262.0,470.73728868,3.0,0.0,0.0,12.0,15.0,5.0,6.0,34.0,0.0,0.0,16.48071173,25.99745908
1557,903.0,2184.836508,131.0,40.0,10.0,177.0,93.0,86.0,0.0,427.0,0.0,0.0,91.30412109,88.99130222
1558,241.0,500.533328,571.0,204.0,59.0,675.0,632.0,351.0,0.0,1947.0,0.0,0.0,228.8716051,23.99765453
1559,1019.0,2501.8775286,0.0,0.0,0.0,0.0,0.0,133.0,0.0,0.0,0.0,0.0,56.33762587,99.99022722
1560,964.0,2243.276225,0.0,0.0,0.0,0.0,0.0,85.0,0.0,0.0,0.0,0.0,51.30049439,94.99071586
1561,420.0,899.60107122,36.0,12.0,0.0,5.0,27.0,240.0,6.0,73.0,0.0,0.0,40.05253089,40.99599316
1562,731.0,2992.6884374,8.0,0.0,2.0,0.0,4.0,243.0,0.0,87.0,5.028759244,0.0,52.5720033,71.9929636
1563,897.0,2139.4971792,59.0,62.0,4.0,15.0,75.0,102.0,1.0,169.0,0.0,0.0,67.68339774,87.99139995
1564,639.0,1696.3228854,3.0,3.0,0.0,39.0,8.0,83.0,0.0,42.0,0.0,0.0,39.95472251,62.99384315
1565,657.0,1532.3649004000001,0.0,0.0,0.0,0.0,0.0,0.0,0.0,0.0,0.0,0.0,32.13005225,64.99364769
1566,368.0,940.03954716,3.0,31.0,2.0,0.0,12.0,314.0,0.0,22.0,0.0,0.0,36.77595022,35.9964818
1567,484.0,1238.1958806,8.0,18.0,0.0,8.0,5.0,72.0,0.0,26.0,0.0,0.0,30.36950144,47.99530906
1568,294.0,672.3565598800001,246.0,145.0,8.0,30.0,310.0,202.0,22.0,682.0,0.0,0.0,94.8252227,28.99716589
1569,389.0,884.0954813,158.0,95.0,0.0,38.0,348.0,103.0,0.0,606.0,0.0,0.0,84.9465765,37.99628634
1570,497.0,1650.8126929999999,126.0,52.0,5.0,22.0,68.0,97.0,0.0,469.0,0.0,0.0,65.33599666,48.99521134
1571,833.0,2352.189931,2.0,0.0,1.0,23.0,3.0,54.0,0.0,16.0,0.0,0.0,45.57870426,81.99198632
1572,442.0,1143.0788026,0.0,0.0,0.0,0.0,0.0,0.0,0.0,0.0,0.0,0.0,21.61565159,42.9957977
1573,544.0,1264.5047392000001,187.0,80.0,0.0,110.0,683.0,2114.0,61.0,944.0,0.0,0.0,230.9744852,52.99482043
1574,281.0,632.34912784,0.0,0.0,0.0,0.0,0.0,0.0,0.0,0.0,0.0,0.0,13.74207714,27.99726362
1575,447.0,991.40943904,173.0,89.0,2.0,31.0,124.0,160.0,95.0,407.0,0.0,0.0,74.72560098,43.99569998
1576,593.0,1249.6978148,6.0,3.0,0.0,0.0,2.0,66.0,0.0,6.0,0.0,0.0,33.05923185,57.99433179
1577,1318.0,2326.0103478,347.0,150.0,584.0,242.0,832.0,370.0,2582.0,604.0,0.0,0.0,343.7475453,129.9872954
1578,624.0,1087.2515564,159.0,61.0,0.0,18.0,485.0,86.0,146.0,665.0,0.0,0.0,109.7410004,60.9940386
1579,333.0,753.15681614,0.0,0.0,0.0,0.0,0.0,0.0,0.0,0.0,0.0,0.0,16.28509498,32.99677498
1580,215.0,535.27924752,5.0,2.0,0.0,8.0,1.0,1790.0,14.0,1.0,0.0,0.0,112.568929,20.99794772
1581,838.0,1993.5153568,31.0,85.0,4.0,18.0,3.0,120.0,10.0,37.0,0.0,0.0,56.04420073,81.99198632
1582,1534.0,3422.1916594,56.0,153.0,0.0,4.0,72.0,273.0,2740.0,249.0,0.0,0.0,248.4821849,150.9852431
1583,330.0,1020.65761454,96.0,83.0,0.0,21.0,104.0,92.0,120.0,374.0,0.0,0.0,59.66311073,31.99687271
1584,223.0,713.15569536,0.0,0.0,0.0,0.0,0.0,0.0,0.0,0.0,0.0,0.0,10.90563417,21.99784999
1585,892.0,2433.528021,9.0,8.0,0.0,0.0,0.0,54.0,9.0,39.0,0.0,0.0,49.4421352,87.99139995
1586,329.0,717.60414676,26.0,10.0,5.0,7.0,35.0,36.0,66.0,113.0,0.0,0.0,30.66292658,31.99687271
1587,556.0,1218.6325916,13.0,4.0,0.0,7.0,29.0,184.0,2.0,77.0,0.0,0.0,42.64445291,54.99462497
1588,531.0,1101.020515,22.0,20.0,0.0,3.0,15.0,14.0,11.0,73.0,0.0,0.0,36.6949863,51.99491815
1589,1316.0,2810.8571930000003,222.0,187.0,53.0,60.0,208.0,296.0,192.0,702.0,0.0,0.0,245.253956,128.9873931
1590,629.0,1329.2552606,27.0,12.0,0.0,9.0,55.0,59.0,5.0,131.0,0.0,0.0,45.33418331,61.99394087
1591,1102.0,2526.3353588,0.0,0.0,0.0,0.0,0.0,0.0,0.0,2.0,0.0,1.96897465,79.99022479,107.9894454
1592,923.0,1432.8922413999999,7.0,4.0,0.0,15.0,41.0,66.0,113.0,162.0,0.0,0.0,65.09147572,90.99110677
1593,277.0,607.6914695,0.0,0.0,0.0,0.0,0.0,0.0,0.0,0.0,0.0,0.0,13.54646039,26.99736135
1594,175.0,410.00045432,105.0,125.0,1.0,18.0,113.0,191.0,38.0,418.0,0.0,0.0,57.90255992,16.99833863
1595,391.0,973.05255528,39.0,7.0,0.0,5.0,18.0,20.0,0.0,119.0,0.0,0.0,29.29360928,37.99628634
1596,347.0,1033.0266510000001,2.0,31.0,0.0,0.0,1.0,0.0,0.0,9.0,0.0,0.0,19.07263376,33.99667725
1597,364.0,821.68479342,11.0,1.0,1.0,6.0,3.0,5.0,0.0,11.0,0.0,0.0,19.65948403,35.9964818
1598,587.0,1070.7130154,9.0,6.0,0.0,10.0,27.0,375.0,2.0,37.0,0.0,0.0,51.49611114,57.99433179
1599,314.0,681.61040208,394.0,219.0,3.0,59.0,858.0,359.0,0.0,1408.0,0.0,0.0,186.7397395,30.99697044
1600,1130.0,2428.0163574000003,545.0,254.0,1.0,71.0,1021.0,413.0,192.0,1796.0,0.0,0.0,265.2074176,110.9891522
1601,1117.0,2518.7490594,31.0,32.0,0.0,9.0,17.0,59.0,0.0,96.0,0.0,0.0,66.55860139,109.9892499
1602,746.0,1740.1655348,0.0,0.0,0.0,0.0,0.0,104.0,0.0,0.0,0.0,0.0,41.56856075,72.99286587
1603,312.0,648.58105178,3.0,1.0,0.0,3.0,18.0,14.0,40.0,20.0,0.0,0.0,24.09962173,30.99697044
1604,1210.0,2463.5790586,582.0,385.0,0.0,59.0,881.0,177.0,0.0,1657.0,0.0,0.0,289.1246403,118.9883704
1605,944.0,2392.363211,47.0,150.0,0.0,15.0,982.0,695.0,472.0,321.0,0.0,0.0,674.3265898,92.99091131
1606,438.0,1123.5054822,0.0,0.0,0.0,0.0,0.0,114.0,0.0,0.0,0.0,0.0,26.99511239,42.9957977
1607,162.0,384.5197038,25.0,14.0,25.0,33.0,36.0,106.0,24.0,86.0,0.0,0.0,24.99004064,15.99843635
1608,528.0,1452.0497316,0.0,0.0,0.0,0.0,0.0,0.0,0.0,0.0,0.0,0.0,25.82141186,51.99491815
1609,641.0,1204.2127004,8.0,2.0,0.0,7.0,19.0,65.0,30.0,37.0,0.0,0.0,39.563489,62.99384315
1610,433.0,1076.1593088,0.0,0.0,0.0,0.0,1.0,0.0,0.0,0.0,0.0,0.0,21.22441808,42.9957977
1611,576.0,1347.7315564,0.0,0.0,0.0,0.0,1.0,0.0,38.0,0.0,0.0,0.0,30.07607631,56.99442951
1612,264.0,678.81315076,13.0,4.0,0.0,6.0,613.0,6.0,149.0,39.0,2.011503698,0.0,53.5011829,25.99745908
1613,596.0,1121.6531587999998,30.0,22.0,19.0,44.0,164.0,186.0,134.0,264.0,0.0,0.0,96.35121193,58.99423406
1614,365.0,870.5213348,41.0,24.0,8.0,56.0,181.0,90.0,116.0,215.0,0.0,0.0,59.59899128,35.9964818
1615,19.0,51.935394046,210.0,128.0,655.0,435.0,147.0,63.0,92.0,526.0,0.0,1.96897465,111.2570302,1.999804544
1616,1.0,1.0,217.0,98.0,5.0,85.0,207.0,113.0,64.0,389.0,0.0,0.0,57.65803897,0.0
1617,1362.0,3519.688864,431.0,206.0,4.0,97.0,1042.0,249.0,27.0,1688.0,0.0,0.0,249.7047896,133.9869045
1618,1429.0,3139.7294164,392.0,156.0,18.0,112.0,1008.0,445.0,26.0,1599.0,0.0,0.0,253.5682206,139.9863181
1619,1599.0,2545.8017218,18.0,6.0,1.0,18.0,48.0,37.0,0.0,100.0,0.0,0.0,89.34795352,156.9846567
1620,1301.0,3127.1354738,305.0,99.0,0.0,26.0,428.0,140.0,9.0,620.0,0.0,0.0,165.1914657,127.9874908
1621,399.0,709.3178861,155.0,50.0,0.0,29.0,101.0,58.0,0.0,296.0,0.0,0.0,53.20775776,38.99618861
1622,619.0,1486.6008384,193.0,44.0,0.0,33.0,348.0,120.0,1.0,423.0,0.0,0.0,87.09836082,60.9940386
1623,779.0,1462.5764768,17.0,14.0,0.0,1.0,4.0,3.0,1.0,48.0,0.0,0.0,42.39993197,76.99247496
1624,395.0,895.29710918,29.0,74.0,0.0,27.0,295.0,92.0,204.0,334.0,0.0,0.0,99.91107422,38.99618861
1625,808.0,1638.9839127999999,31.0,14.0,0.0,23.0,267.0,126.0,161.0,253.0,0.0,0.0,91.30575029,78.9922795
1626,953.0,2073.5993106,43.0,11.0,0.0,5.0,44.0,148.0,33.0,96.0,0.0,0.0,65.1892841,93.99081358
1627,1493.0,3412.9541600000002,67.0,33.0,4.0,41.0,208.0,80.0,372.0,426.0,0.0,80.72796066,149.2150112,146.985634
1628,218.0,553.22774078,638.0,261.0,0.0,114.0,1397.0,687.0,328.0,1782.0,0.0,0.0,265.305226,20.99794772
1629,699.0,1454.6144702,124.0,65.0,0.0,30.0,274.0,482.0,62.0,426.0,0.0,0.0,105.7308569,68.99325678
1630,1090.0,2216.3038098,20.0,12.0,0.0,23.0,146.0,83.0,31.0,174.0,0.0,0.0,84.21971462,106.9895431
1631,816.0,1658.5195328,9.0,3.0,0.0,1.0,12.0,59.0,95.0,74.0,0.0,0.0,52.27857817,79.99218177
1632,1024.0,2005.1994800000002,49.0,47.0,0.0,38.0,601.0,306.0,1659.0,824.0,0.0,0.0,222.4162521,100.9901295
1633,511.0,915.9938271,22.0,120.0,0.0,6.0,133.0,298.0,3339.0,280.0,0.0,0.0,230.2898266,49.99511361
1634,0.0,0.0,332.0,8.0,0.0,39.0,149.0,88.0,12451.0,200.0,0.0,0.0,648.8118771,0.0
1635,386.0,833.4619547000001,52.0,101.0,0.0,1.0,28.0,38.0,0.0,134.0,0.0,0.0,70.18909995,37.99628634
1636,321.0,700.97386336,0.0,11.0,0.0,0.0,0.0,42.0,0.0,21.0,0.0,0.0,23.3171547,31.99687271
1637,919.0,1346.496187,30.0,14.0,0.0,59.0,159.0,137.0,167.0,336.0,0.0,0.0,89.05452839,89.9912045
1638,425.0,1015.9489814799999,0.0,0.0,0.0,0.0,0.0,0.0,0.0,0.0,1.005751849,0.0,76.78428038,41.99589543
1639,566.0,1322.0409468,0.0,0.0,0.0,0.0,0.0,0.0,0.0,0.0,0.0,0.0,35.67977104,55.99452724
1640,560.0,1405.2627488,219.0,30.0,3.0,38.0,325.0,61.0,843.0,1647.0,0.0,0.0,188.2170087,54.99462497
1641,0.0,0.0,68.0,60.0,46.0,38.0,118.0,288.0,185.0,368.0,0.0,0.0,57.26680546,0.0
1642,3.0,3.0,17.0,5.0,6.0,84.0,11.0,20.0,122.0,66.0,0.0,0.0,16.33399917,0.0
1643,680.0,1258.864929,554.0,135.0,45.0,96.0,245.0,337.0,328.0,714.0,0.0,0.0,153.2657287,66.99345224
1644,866.0,1941.6817364,105.0,108.0,1.0,32.0,262.0,386.0,150.0,388.0,0.0,0.0,112.3818266,84.99169313
1645,1240.0,1950.1412838,185.0,79.0,0.0,70.0,227.0,177.0,90.0,536.0,0.0,1.96897465,127.3465085,121.9880772
1646,789.0,1953.8472272,12.0,9.0,0.0,17.0,94.0,116.0,28.0,168.0,0.0,0.0,60.29886519,77.99237723
1647,680.0,1366.3623722,1.0,1.0,0.0,0.0,1.0,0.0,0.0,12.0,0.0,0.0,33.98841144,66.99345224
1648,768.0,1786.8067318,0.0,0.0,0.0,0.0,0.0,92.0,0.0,1.0,0.0,0.0,55.10650683,74.99267041
1649,223.0,492.35013694,242.0,128.0,0.0,89.0,549.0,453.0,874.0,803.0,0.0,0.0,164.3669796,21.99784999
1650,415.0,935.0569827,13.0,5.0,0.0,31.0,50.0,66.0,50.0,66.0,0.0,0.0,34.03731563,40.99599316
1651,752.0,1855.2329348,15.0,6.0,0.0,28.0,164.0,69.0,124.0,144.0,0.0,0.0,74.67325423,73.99276814
1652,896.0,2077.5866248,3.0,2.0,0.0,3.0,11.0,3.0,26.0,26.0,0.0,0.0,47.43706345,87.99139995
1653,874.0,1424.456476,22.0,9.0,9.0,23.0,141.0,427.0,33.0,164.0,0.0,0.0,83.23492988,85.99159541
1654,514.0,1217.212609,0.0,0.0,2.0,7.0,3.0,0.0,0.0,4.0,0.0,0.0,25.91922023,50.99501588
1655,11.0,18.599426966,1.0,0.0,0.0,0.0,1.0,1.0,0.0,37.0,0.0,0.0,2.494113645,0.999902272
1656,295.0,656.54936876,4.0,1.0,0.0,4.0,0.0,24.0,1.0,6.0,0.0,0.0,20.38290336,28.99716589
1657,7.0,14.279122683999999,25.0,2.0,115.0,72.0,22.0,9.0,21.0,163.0,0.0,0.0,21.32222646,0.999902272
1658,21.0,29.037020636,36.0,23.0,141.0,101.0,22.0,13.0,44.0,92.0,0.0,0.0,24.10976524,1.999804544
1659,1422.0,2483.3709724,470.0,120.0,0.0,65.0,332.0,251.0,46.0,922.0,0.0,0.0,177.4243981,139.9863181
1660,1466.0,2443.7342304,1164.0,581.0,0.0,331.0,1892.0,965.0,200.0,2879.0,0.0,0.0,463.5139045,143.9859272
1661,850.0,1387.6396398,52.0,105.0,30.0,71.0,613.0,157.0,223.0,447.0,0.0,0.0,124.6078739,83.99179086
1662,369.0,942.39070806,15.0,7.0,0.0,8.0,32.0,35.0,262.0,103.0,0.0,0.0,40.63938116,35.9964818
1663,442.0,1182.3008426000001,246.0,158.0,24.0,86.0,638.0,380.0,260.0,1211.0,0.0,0.0,168.4749315,42.9957977
1664,769.0,1494.2662588,61.0,78.0,2.0,19.0,188.0,83.0,189.0,590.0,0.0,1.96897465,96.78139027,75.99257269
1665,957.0,1843.3137086,35.0,4.0,0.0,13.0,125.0,24.0,64.0,128.0,0.0,0.0,66.02065531,93.99081358
1666,375.0,642.72135226,0.0,0.0,0.0,0.0,0.0,0.0,0.0,0.0,0.0,0.0,18.33907092,36.99638407
1667,269.0,465.4053914,0.0,0.0,0.0,0.0,0.0,0.0,0.0,0.0,0.0,0.0,16.15522687,25.99745908
1668,284.0,494.13579518,166.0,64.0,110.0,146.0,407.0,154.0,0.0,584.0,0.0,0.0,93.65152217,27.99726362
1669,1432.0,2235.2336354,86.0,44.0,0.0,27.0,228.0,135.0,5.0,462.0,0.0,0.0,158.2992335,140.9862204
1670,616.0,1169.4027072,3.0,0.0,0.0,2.0,111.0,7.0,13.0,41.0,0.0,0.0,43.78102197,60.9940386
1671,591.0,1304.5548876,18.0,7.0,0.0,5.0,47.0,27.0,80.0,61.0,0.0,0.0,43.8839021,57.99433179
1672,619.0,1395.80908,38.0,6.0,8.0,12.0,30.0,30.0,124.0,75.0,0.0,0.0,50.06774615,60.9940386
1673,634.0,1549.4689432,0.0,0.0,0.0,0.0,0.0,71.0,0.0,1.0,0.0,0.0,34.52635752,61.99394087
1674,470.0,1301.882063,4.0,3.0,66.0,8.0,29.0,7.0,51.0,19.0,0.0,0.0,35.13005225,45.99550452
1675,374.0,927.99848454,0.0,0.0,0.0,0.0,0.0,34.0,0.0,0.0,0.0,0.0,19.95290916,36.99638407
1676,308.0,581.06968316,3.0,1.0,0.0,2.0,2.0,289.0,0.0,3.0,0.0,1.96897465,29.73374699,29.99706817
1677,459.0,1123.4891402,2.0,1.0,0.0,0.0,0.0,1.0,0.0,1.0,0.0,0.0,28.69154375,44.99560225
1678,528.0,973.39557636,0.0,0.0,0.0,0.0,0.0,18.0,0.0,18.0,0.0,0.0,27.58196266,51.99491815
1679,242.0,551.54887168,0.0,0.0,0.0,0.0,9.0,0.0,0.0,11.0,0.0,0.0,12.81289755,23.99765453
1680,595.0,1164.334711,88.0,36.0,14.0,6.0,4.0,39.0,0.0,48.0,0.0,0.0,40.59047697,57.99433179
1681,841.0,1800.8269692,6.0,5.0,1.0,6.0,0.0,0.0,0.0,28.0,0.0,0.0,47.37801575,82.99188859
1682,213.0,491.35488614,0.0,0.0,0.0,0.0,0.0,0.0,0.0,0.0,0.0,0.0,10.41659228,20.99794772
1683,514.0,1239.0026312,0.0,0.0,0.0,0.0,1.0,42.0,0.0,0.0,0.0,0.0,27.23963334,50.99501588
1684,768.0,1899.3885128,6.0,1.0,0.0,2.0,33.0,18.0,21.0,26.0,0.0,0.0,42.79116548,74.99267041
1685,865.0,1526.7728218,27.0,20.0,4.0,37.0,56.0,41.0,121.0,113.0,0.0,0.0,62.79297883,84.99169313
1686,542.0,970.72145664,46.0,29.0,2.0,8.0,148.0,314.0,133.0,225.0,0.0,0.0,70.76436166,52.99482043
1687,406.0,892.83284798,0.0,0.0,0.0,0.0,0.0,0.0,0.0,0.0,0.0,0.0,25.85510078,39.99609089
1688,953.0,1897.1001302,33.0,26.0,0.0,25.0,190.0,470.0,55.0,469.0,0.0,0.0,108.616204,93.99081358
1689,1145.0,2188.0031541999997,62.0,18.0,0.0,3.0,56.0,47.0,55.0,131.0,0.0,5.906923951,74.1876549,112.9889568
1690,937.0,2216.111589,320.0,179.0,0.0,28.0,470.0,211.0,20.0,1201.0,0.0,0.0,164.6115006,91.99100904
1691,221.0,509.43783776000004,5.0,3.0,1.0,3.0,33.0,23.0,8.0,46.0,0.0,0.0,16.77413687,21.99784999
1692,324.0,813.34578616,0.0,0.0,0.0,0.0,0.0,0.0,0.0,0.0,0.0,0.0,15.84495728,31.99687271
1693,363.0,826.59697342,0.0,5.0,0.0,0.0,0.0,0.0,7.0,0.0,0.0,0.0,18.33907092,35.9964818
1694,642.0,1426.6430852,0.0,0.0,0.0,0.0,6.0,52.0,0.0,27.0,0.0,0.0,39.55334549,62.99384315
1695,475.0,938.12315054,0.0,0.0,3.0,2.0,2.0,1.0,0.0,78.0,0.0,0.0,50.4352501,46.99540679
1696,719.0,1313.5171596,32.0,12.0,0.0,10.0,8.0,5.0,138.0,52.0,0.0,0.0,54.73048858,70.99306132
1697,387.0,832.90777914,124.0,46.0,1.0,6.0,33.0,106.0,5.0,282.0,0.0,0.0,48.41514723,37.99628634
1698,297.0,665.60969464,20.0,13.0,2.0,4.0,36.0,30.0,0.0,147.0,0.0,0.0,26.84839983,28.99716589
1699,105.0,250.50354394,7.0,71.0,2.0,1.0,0.0,0.0,0.0,14.0,0.0,0.0,9.780837824,9.999022722
1700,37.0,72.466264428,568.0,697.0,4558.0,160.0,1893.0,2128.0,118.0,2515.0,0.0,0.0,619.8116929,3.999609089
1701,1229.0,2782.8053924,15.0,0.0,0.0,7.0,4.0,46.0,1.0,10.0,0.0,0.0,64.16229613,120.9881749
1702,0.0,0.0,19.0,39.0,98.0,178.0,93.0,148.0,18.0,445.0,2.011503698,0.0,50.76254831,0.0
1703,421.0,1082.8094164,55.0,31.0,0.0,12.0,41.0,68.0,1.0,159.0,0.0,0.0,38.53650103,40.99599316
1704,622.0,1694.8488586,0.0,0.0,0.0,0.0,0.0,0.0,0.0,0.0,2.011503698,0.0,30.41840563,60.9940386
1705,1691.0,4095.6578664,5.0,20.0,0.0,19.0,1.0,2.0,0.0,29.0,0.0,0.0,86.41370218,165.9837772
1706,1283.0,2187.7919994,30.0,14.0,0.0,38.0,357.0,142.0,17.0,464.0,0.0,0.0,114.6803235,125.9876863
1707,446.0,1240.369868,0.0,0.0,0.0,0.0,0.0,0.0,0.0,0.0,0.0,0.0,21.81126835,43.99569998
1708,459.0,1233.165585,0.0,0.0,0.0,0.0,0.0,0.0,0.0,0.0,0.0,0.0,22.44702281,44.99560225
1709,376.0,930.52180382,1.0,0.0,0.0,0.0,0.0,1.0,19.0,0.0,0.0,0.0,19.41496308,36.99638407
1710,347.0,968.38291894,0.0,0.0,0.0,0.0,0.0,0.0,0.0,0.0,0.0,0.0,16.96975362,33.99667725
1711,255.0,626.42033924,246.0,118.0,0.0,58.0,145.0,199.0,8.0,724.0,2.011503698,0.0,85.72904353,24.9975568
1712,893.0,1839.5589064,71.0,7.0,0.0,20.0,58.0,58.0,74.0,112.0,0.0,0.0,63.23311653,87.99139995
1713,343.0,737.4463831,16.0,2.0,0.0,1.0,5.0,3.0,29.0,28.0,0.0,0.0,23.88208875,33.99667725
1714,2527.0,4731.3105226,52.0,60.0,1013.0,3.0,42.0,62.0,0.0,120.0,8.04601479,0.0,189.6993496,247.9757635
1715,55.0,116.96615926,0.0,0.0,0.0,0.0,0.0,0.0,0.0,0.0,1.005751849,0.0,2.689730402,4.999511361
1716,559.0,1231.4967470000001,0.0,0.0,0.0,0.0,0.0,64.0,0.0,0.0,8.04601479,0.0,30.46730982,54.99462497
1717,66.0,129.75491362,42.0,157.0,1.0,17.0,38.0,10.0,0.0,136.0,5.028759244,0.0,22.83825632,5.999413633
1718,465.0,1339.5169766000001,0.0,0.0,0.0,0.0,0.0,62.0,0.0,0.0,0.0,0.0,25.77250767,45.99550452
1719,688.0,1985.1236032,0.0,0.0,0.0,0.0,0.0,0.0,0.0,0.0,0.0,0.0,33.64608211,67.99335451
1720,564.0,1243.25255,23.0,11.0,0.0,13.0,20.0,22.0,0.0,65.0,3.017255546,0.0,35.11320779,54.99462497
1721,0.0,0.0,2400.0,1343.0,72.0,854.0,1277.0,594.0,309.0,3325.0,0.0,0.0,497.5512201,0.0
1722,719.0,2020.9665468,15.0,1.0,1.0,5.0,7.0,89.0,165.0,18.0,1.005751849,0.0,49.8822729,70.99306132
1723,715.0,1993.4035526,49.0,35.0,1.0,8.0,42.0,84.0,20.0,155.0,0.0,0.0,54.23474573,69.99315905
1724,840.0,1640.1349796,33.0,10.0,1.0,0.0,11.0,76.0,50.0,35.0,0.0,0.0,51.64282371,82.99188859
1725,1256.0,2668.3348832,259.0,141.0,1.0,77.0,401.0,471.0,109.0,817.0,1.005751849,0.0,172.729596,122.9879795
1726,1565.0,3203.0913434,282.0,116.0,5.0,64.0,314.0,244.0,146.0,676.0,0.0,0.0,240.8610933,153.9849499
1727,869.0,1812.1844128,108.0,70.0,3.0,42.0,133.0,186.0,0.0,425.0,1.005751849,0.0,89.78809123,84.99169313
1728,1013.0,2644.6587237999997,19.0,4.0,63.0,3.0,10.0,11.0,0.0,25.0,51.29334429,0.0,56.14200911,99.99022722
1729,790.0,2061.516828,56.0,17.0,0.0,7.0,64.0,20.0,0.0,135.0,6.034511093,0.0,53.25666195,77.99237723
1730,760.0,1698.269375,126.0,73.0,3.0,15.0,102.0,35.0,17.0,281.0,4.023007395,0.0,91.05271504,74.99267041
1731,949.0,2202.1981416,9.0,9.0,0.0,3.0,4.0,4.0,0.0,36.0,0.0,0.0,49.58884777,92.99091131
1732,681.0,1622.9304594,58.0,27.0,2.0,7.0,54.0,117.0,0.0,146.0,0.0,0.0,53.40337452,66.99345224
1733,635.0,1427.6169788,97.0,35.0,7.0,41.0,120.0,166.0,0.0,411.0,1.005751849,0.0,73.94313395,61.99394087
1734,865.0,1679.3029774,79.0,62.0,7.0,13.0,77.0,146.0,7.0,237.0,1.005751849,0.0,73.01395436,84.99169313
1735,508.0,1850.2693044,35.0,12.0,0.0,0.0,10.0,76.0,0.0,49.0,5.028759244,0.0,33.74389049,49.99511361
1736,144.0,319.68245488,9.0,0.0,0.0,0.0,2.0,4.0,7.0,11.0,0.0,0.0,8.656041474,13.99863181
1737,0.0,0.0,172.0,67.0,240.0,632.0,218.0,244.0,7.0,708.0,3.017255546,0.0,111.8927847,0.0
1738,504.0,1313.5461240000002,27.0,38.0,0.0,20.0,45.0,48.0,145.0,103.0,0.0,0.0,45.48089588,49.99511361
1739,684.0,1402.6413764000001,210.0,152.0,1.0,32.0,167.0,225.0,61.0,539.0,0.0,0.0,101.2805757,66.99345224
1740,567.0,1099.9548796,371.0,168.0,14.0,35.0,264.0,114.0,31.0,869.0,0.0,0.0,118.9838921,55.99452724
1741,724.0,1732.7463778000001,195.0,53.0,0.0,104.0,151.0,317.0,25.0,211.0,0.0,0.0,87.04945663,70.99306132
1742,551.0,1240.2881564,37.0,30.0,7.0,32.0,90.0,133.0,6.0,305.0,0.0,0.0,58.24488924,53.9947227
1743,193.0,388.40394854,77.0,36.0,0.0,16.0,147.0,494.0,8.0,200.0,0.0,0.0,57.26680546,18.99814317
1744,414.0,989.35987958,452.0,185.0,5.0,75.0,490.0,422.0,0.0,1231.0,0.0,0.0,172.1123152,40.99599316
1745,769.0,1853.0752914,9.0,4.0,0.0,0.0,31.0,15.0,0.0,33.0,10.05751849,0.0,42.10650683,75.99257269
1746,869.0,2518.9074674000003,11.0,3.0,0.0,2.0,5.0,172.0,0.0,24.0,0.0,0.0,53.10994938,84.99169313
1747,546.0,1593.1520573999999,7.0,6.0,0.0,1.0,8.0,5.0,0.0,28.0,3.017255546,0.0,29.39141766,53.9947227
1748,262.0,616.73043752,10.0,2.0,0.0,0.0,4.0,4.0,0.0,14.0,0.0,0.0,14.47563998,25.99745908
1749,763.0,2072.8478982,0.0,0.0,0.0,0.0,1.0,65.0,4.0,0.0,0.0,0.0,40.73718954,74.99267041
1750,793.0,2258.8698372,0.0,0.0,0.0,0.0,0.0,0.0,0.0,0.0,1.005751849,0.0,38.78102197,77.99237723
1751,734.0,1917.5041494,0.0,0.0,3.0,1.0,0.0,0.0,0.0,0.0,0.0,0.0,36.09129157,71.9929636
1752,240.0,533.7725369999999,4.0,1.0,0.0,5.0,13.0,79.0,0.0,18.0,0.0,0.0,17.60550808,23.99765453
1753,537.0,1223.3512556,43.0,24.0,0.0,7.0,78.0,91.0,0.0,134.0,0.0,0.0,44.69842886,52.99482043
1754,1083.0,3051.8355534,528.0,253.0,51.0,232.0,1785.0,735.0,119.0,2267.0,0.0,0.0,350.9212459,105.9896409
1755,102.0,228.92338038,0.0,1.0,0.0,0.0,0.0,60.0,0.0,0.0,27.15529992,0.0,7.971382827,9.999022722
1756,284.0,834.0601418,91.0,43.0,1.0,9.0,63.0,58.0,0.0,224.0,8.04601479,0.0,37.80293819,27.99726362
1757,0.0,0.0,76.0,34.0,0.0,5.0,70.0,28.0,0.0,208.0,4.023007395,0.0,20.58866362,0.0
1758,390.0,1020.0921111600001,9.0,28.0,0.0,1.0,8.0,281.0,0.0,32.0,0.0,0.0,36.62923765,37.99628634
1759,6.0,14.833298278,167.0,31.0,23.0,315.0,128.0,115.0,45.0,590.0,6.034511093,0.0,69.44394855,0.999902272
1760,1548.0,3833.5279618,379.0,217.0,0.0,98.0,603.0,427.0,1416.0,1268.0,0.0,0.0,291.2733504,151.9851454
1761,579.0,1306.1206554,47.0,14.0,182.0,27.0,46.0,59.0,40.0,164.0,0.0,0.0,56.631051,56.99442951
1762,75.0,171.252714,110.0,37.0,0.0,16.0,33.0,97.0,12.0,194.0,0.0,0.0,28.07100456,6.999315905
1763,248.0,560.57149734,355.0,86.0,0.0,69.0,240.0,317.0,198.0,632.0,0.0,0.0,104.8994857,23.99765453
1764,498.0,1114.9503049999998,304.0,271.0,3.0,99.0,446.0,373.0,68.0,815.0,0.0,0.0,140.6973521,48.99521134
1765,525.0,1240.8963736,19.0,5.0,0.0,14.0,123.0,89.0,0.0,165.0,10.05751849,0.0,45.96993777,51.99491815
1766,1126.0,2256.639217,579.0,562.0,7126.0,362.0,1733.0,1581.0,0.0,2514.0,70.40262942,0.0,762.0739791,110.9891522
1767,430.0,1056.7581476,157.0,39.0,628.0,1398.0,240.0,245.0,2.0,833.0,14.08052588,0.0,194.2474392,41.99589543
1768,2486.0,5035.8493424,551.0,226.0,66.0,184.0,1179.0,645.0,0.0,1899.0,15.08627773,0.0,353.8707125,243.9761544
1769,0.0,0.0,79.0,5.0,876.0,232.0,54.0,73.0,0.0,209.0,3.017255546,1.96897465,74.72560098,0.0
1770,0.0,0.0,120.0,1.0,887.0,297.0,2.0,15.0,0.0,119.0,11.06327034,0.0,70.47093652,0.0
1771,771.0,1890.4626456,15.0,5.0,1.0,50.0,13.0,12.0,0.0,58.0,0.0,0.0,45.23637494,75.99257269
1772,320.0,806.1201455,0.0,0.0,0.0,0.0,0.0,0.0,0.0,0.0,0.0,0.0,21.64934052,30.99697044
1773,522.0,1347.877342,27.0,23.0,0.0,2.0,20.0,6.0,1.0,84.0,1.005751849,0.0,33.49936955,50.99501588
1774,150.0,377.36946358,115.0,39.0,0.0,155.0,56.0,61.0,182.0,142.0,0.0,0.0,44.01377021,14.99853408
1775,352.0,900.9683083,82.0,117.0,0.0,28.0,31.0,24.0,31.0,156.0,0.0,0.0,40.15033927,34.99657953
1776,41.0,96.397588744,3.0,2.0,0.0,43.0,59.0,85.0,54.0,21.0,0.0,0.0,15.06249025,3.999609089
1777,362.0,846.76216902,5.0,31.0,0.0,2.0,15.0,10.0,290.0,41.0,0.0,0.0,40.97156698,35.9964818
1778,279.0,679.21652574,0.0,0.0,0.0,0.0,1.0,90.0,74.0,10.0,1.005751849,0.0,22.20250186,26.99736135
1779,1013.0,1842.0595720000001,150.0,43.0,0.0,17.0,96.0,58.0,26.0,443.0,0.0,0.0,90.27713312,99.99022722
1780,626.0,1407.1828659999999,255.0,166.0,1.0,219.0,383.0,266.0,166.0,879.0,1.005751849,0.0,173.805304,61.99394087
1781,392.0,968.86670938,158.0,74.0,15.0,42.0,235.0,169.0,137.0,405.0,1.005751849,0.0,79.5671157,38.99618861
1782,10.0,22.05893885,57.0,12.0,566.0,410.0,56.0,83.0,58.0,341.0,0.0,0.0,77.90437327,0.999902272
1783,0.0,0.0,1.0,1.0,26.0,4.0,1.0,5.0,0.0,3.0,22.12654067,21.65872115,2.005071754,0.0
1784,429.0,1149.5567504,70.0,36.0,0.0,6.0,67.0,17.0,0.0,226.0,0.0,0.0,41.61746494,41.99589543
1785,0.0,0.0,1.0,0.0,172.0,2.0,1.0,1.0,0.0,3.0,0.0,0.0,8.802754042,0.0
1786,225.0,542.8115049200001,215.0,112.0,0.0,85.0,640.0,327.0,0.0,1014.0,0.0,0.0,136.0311671,21.99784999
1787,986.0,2071.2908648,393.0,110.0,0.0,52.0,212.0,282.0,55.0,669.0,0.0,0.0,134.9266578,96.9905204
1788,603.0,1136.658616,0.0,0.0,0.0,0.0,0.0,0.0,0.0,0.0,0.0,0.0,29.48922604,58.99423406
1789,1004.0,1860.1211658,63.0,121.0,0.0,2.0,4.0,5.0,0.0,254.0,0.0,0.0,170.0577868,98.99032495
1790,0.0,0.0,151.0,63.0,0.0,848.0,1400.0,933.0,0.0,1405.0,0.0,0.0,234.7401078,0.0
1791,88.0,129.91072972,904.0,399.0,33.0,276.0,1909.0,782.0,0.0,2839.0,0.0,0.0,376.5772873,8.99912045
1792,1091.0,1492.3208974,305.0,95.0,43.0,108.0,424.0,84.0,24.0,525.0,0.0,0.0,131.9924064,106.9895431
1793,422.0,746.68889856,42.0,26.0,0.0,19.0,82.0,89.0,8.0,231.0,0.0,0.0,44.9429498,40.99599316
1794,729.0,1291.9960532,20.0,7.0,0.0,21.0,129.0,102.0,74.0,223.0,0.0,0.0,68.8199668,71.9929636
1795,619.0,1028.28403822,642.0,388.0,1.0,29.0,302.0,67.0,11.0,739.0,0.0,0.0,136.8339212,60.9940386
1796,845.0,1426.000887,131.0,68.0,1.0,11.0,118.0,55.0,5.0,330.0,0.0,0.0,76.48615178,82.99188859
1797,1092.0,2092.4450004,0.0,0.0,0.0,0.0,0.0,0.0,0.0,0.0,0.0,0.0,53.40337452,106.9895431
1798,0.0,0.0,504.0,158.0,0.0,13.0,88.0,76.0,18.0,356.0,0.0,0.0,59.3207814,0.0
1799,742.0,1496.88132,42.0,30.0,0.0,3.0,34.0,8.0,2.0,139.0,0.0,0.0,48.90418912,72.99286587
1800,477.0,1065.5759304,456.0,235.0,53.0,57.0,619.0,280.0,422.0,1292.0,0.0,0.0,190.2861999,46.99540679
1801,1035.0,1651.9158614,91.0,165.0,1.0,72.0,230.0,123.0,30.0,370.0,0.0,0.0,103.5301684,101.9900318
1802,582.0,931.12241466,415.0,176.0,81.0,78.0,398.0,356.0,138.0,1056.0,0.0,0.0,160.4057403,56.99442951
1803,599.0,1137.4226498,76.0,23.0,9.0,26.0,68.0,86.0,174.0,214.0,0.0,0.0,62.35284113,58.99423406
1804,402.0,806.43679344,27.0,3.0,3.0,3.0,32.0,9.0,14.0,24.0,0.0,0.0,32.28346578,39.99609089
1805,402.0,827.5004815599999,9.0,6.0,0.0,0.0,13.0,151.0,35.0,33.0,0.0,0.0,31.73881874,39.99609089
1806,1066.0,2050.1995078,139.0,36.0,13.0,10.0,60.0,41.0,13.0,189.0,0.0,0.0,76.63286435,104.9897386
1807,427.0,798.39307612,14.0,9.0,0.0,5.0,222.0,110.0,28.0,161.0,0.0,0.0,47.73048858,41.99589543
1808,1048.0,2616.5465692000002,545.0,295.0,0.0,102.0,880.0,637.0,0.0,2125.0,0.0,0.0,275.4283931,102.989934
1809,1503.0,3289.7462842,47.0,20.0,0.0,41.0,65.0,57.0,3.0,186.0,0.0,0.0,93.99385149,147.9855363
1810,285.0,377.9650649,11.0,9.0,0.0,88.0,20.0,35.0,0.0,40.0,0.0,0.0,23.86524429,27.99726362
1811,295.0,571.56828218,3.0,0.0,0.0,13.0,4.0,248.0,8.0,7.0,0.0,0.0,28.26662131,28.99716589
1812,227.0,457.44840116,76.0,46.0,0.0,43.0,64.0,65.0,0.0,196.0,0.0,0.0,35.0643036,21.99784999
1813,797.0,1467.1279968000001,54.0,6.0,4.0,14.0,72.0,70.0,0.0,159.0,0.0,0.0,57.51132641,77.99237723
1814,478.0,1234.983928,95.0,35.0,9.0,50.0,75.0,149.0,0.0,222.0,0.0,0.0,54.43036249,46.99540679
1815,626.0,1219.788675,51.0,7.0,57.0,25.0,66.0,56.0,3.0,145.0,0.0,0.0,50.66473993,61.99394087
1816,474.0,952.47767334,1.0,1.0,0.0,1.0,5.0,9.0,80.0,14.0,0.0,0.0,28.60895064,46.99540679
1817,290.0,684.7419393600001,74.0,30.0,0.0,21.0,68.0,63.0,0.0,218.0,0.0,0.0,37.36280049,28.99716589
1818,234.0,513.12856608,119.0,34.0,8.0,75.0,127.0,122.0,0.0,328.0,0.0,0.0,51.20268601,22.99775226
1819,270.0,620.2867075199999,0.0,0.0,0.0,0.0,0.0,0.0,0.0,0.0,1.005751849,0.0,16.20413106,26.99736135
1820,353.0,721.00961608,5.0,2.0,0.0,6.0,26.0,6.0,0.0,53.0,0.0,0.0,22.05578929,34.99657953
1821,179.0,428.84744015999996,32.0,11.0,14.0,3.0,10.0,51.0,1.0,307.0,0.0,0.0,29.73374699,17.9982409
1822,385.0,640.08493262,10.0,6.0,2.0,19.0,62.0,26.0,81.0,109.0,0.0,0.0,34.23293238,37.99628634
1823,517.0,1063.0199266,124.0,46.0,5.0,144.0,117.0,120.0,84.0,243.0,0.0,0.0,79.46586477,50.99501588
1824,1031.0,2081.216999,73.0,24.0,27.0,60.0,143.0,229.0,128.0,311.0,0.0,0.0,99.07988716,100.9901295
1825,1328.0,2485.346427,22.0,9.0,28.0,11.0,78.0,51.0,33.0,160.0,0.0,0.0,87.11520529,130.9871977
1826,66.0,127.5759114,815.0,529.0,979.0,654.0,4456.0,1793.0,163.0,5369.0,0.0,0.0,724.9556995,5.999413633
1827,494.0,991.51121254,0.0,31.0,128.0,0.0,9.0,12.0,2.0,9.0,0.0,0.0,33.49936955,48.99521134
1828,770.0,1529.3024522,0.0,43.0,601.0,1.0,0.0,40.0,0.0,0.0,0.0,0.0,71.15559517,75.99257269
1829,706.0,1164.5596157999998,125.0,38.0,1.0,24.0,241.0,65.0,46.0,462.0,0.0,0.0,83.52835502,68.99325678
1830,62.0,136.32962048000002,814.0,327.0,5.0,226.0,2208.0,695.0,15.0,2749.0,0.0,0.0,347.2686469,5.999413633
1831,1241.0,2593.1190986,18.0,5.0,1.0,6.0,82.0,21.0,8.0,76.0,0.0,0.0,83.30230774,121.9880772
1832,555.0,1147.2796942,464.0,241.0,7.0,95.0,929.0,214.0,0.0,1448.0,0.0,0.0,193.3182596,54.99462497
1833,691.0,1573.082324,25.0,14.0,2.0,0.0,115.0,94.0,92.0,58.0,0.0,0.0,53.35447033,67.99335451
1834,939.0,2071.189092,3.0,4.0,1.0,5.0,26.0,5.0,19.0,37.0,0.0,0.0,50.8114525,91.99100904
1835,707.0,1521.3618044,136.0,65.0,129.0,26.0,81.0,514.0,46.0,390.0,0.0,0.0,102.405372,68.99325678
1836,830.0,1623.886714,0.0,0.0,1.0,0.0,20.0,0.0,0.0,0.0,0.0,0.0,41.61746494,81.99198632
1837,461.0,890.68021914,2.0,1.0,0.0,1.0,10.0,4.0,71.0,15.0,1.005751849,0.0,27.63086685,44.99560225
1838,242.0,469.47312136,3.0,1.0,1.0,4.0,12.0,10.0,36.0,29.0,0.0,0.0,16.52961592,23.99765453
1839,144.0,272.47074006,1.0,0.0,21.0,1.0,6.0,6.0,10.0,9.0,3.017255546,0.0,9.683029446,13.99863181
1840,738.0,1351.652206,0.0,0.0,0.0,0.0,1.0,137.0,0.0,0.0,0.0,0.0,42.84006967,72.99286587
1841,1211.0,2555.9956439999996,15.0,258.0,231.0,11.0,42.0,48.0,6.0,84.0,0.0,0.0,93.21138446,118.9883704
1842,1000.0,1907.3705806,0.0,0.0,11.0,4.0,20.0,5.0,5.0,21.0,0.0,0.0,58.1318656,97.99042267
1843,408.0,1001.4009424200001,0.0,0.0,0.0,0.0,0.0,0.0,0.0,0.0,0.0,0.0,19.95290916,39.99609089
1844,402.0,775.20442822,5.0,0.0,5.0,0.0,0.0,2.0,0.0,11.0,0.0,0.0,20.78428038,39.99609089
1845,596.0,1467.3881782,0.0,0.0,0.0,0.0,0.0,0.0,0.0,0.0,0.0,0.0,29.14689672,58.99423406
1846,1065.0,2127.0187614,0.0,0.0,4.0,0.0,0.0,39.0,0.0,3.0,0.0,0.0,69.33255411,104.9897386
1847,788.0,1607.9400492,0.0,0.0,1.0,41.0,22.0,0.0,32.0,24.0,0.0,0.0,44.40500372,76.99247496
1848,218.0,408.68726004,0.0,0.0,0.0,0.0,0.0,0.0,0.0,0.0,0.0,0.0,10.66111323,20.99794772
1849,297.0,566.82826058,38.0,143.0,1.0,17.0,349.0,48.0,192.0,534.0,0.0,0.0,79.17588219,28.99716589
1850,502.0,956.57177688,15.0,3.0,0.0,8.0,30.0,29.0,6.0,47.0,0.0,0.0,31.29868104,48.99521134
1851,200.0,380.89304894,4.0,41.0,0.0,1.0,4.0,74.0,0.0,14.0,0.0,0.0,16.52961592,19.99804544
1852,1194.0,2652.5767180000003,67.0,32.0,0.0,34.0,142.0,213.0,80.0,292.0,0.0,0.0,100.4492045,116.9885658
1853,1618.0,2987.7785142,29.0,17.0,1.0,15.0,240.0,121.0,183.0,280.0,0.0,0.0,126.4560896,158.9844613
1854,699.0,1589.7126084,0.0,0.0,1.0,0.0,6.0,0.0,1.0,0.0,0.0,0.0,34.57526171,68.99325678
1855,334.0,748.2446361,0.0,0.0,0.0,0.0,0.0,0.0,0.0,0.0,1.005751849,0.0,16.33399917,32.99677498
1856,464.0,1005.9574785,44.0,33.0,12.0,50.0,140.0,121.0,82.0,251.0,0.0,0.0,58.53831438,45.99550452
1857,766.0,1540.9614976,0.0,0.0,0.0,0.0,0.0,96.0,0.0,1.0,0.0,0.0,49.20431521,74.99267041
1858,423.0,1082.427399,37.0,1.0,9.0,2.0,53.0,56.0,33.0,40.0,0.0,0.0,31.98333968,41.99589543
1859,770.0,1689.0959488,13.0,6.0,5.0,10.0,32.0,88.0,0.0,129.0,0.0,0.0,51.49611114,75.99257269
1860,990.0,2218.698982,0.0,0.0,6.0,0.0,0.0,0.0,0.0,215.0,0.0,0.0,95.22297302,96.9905204
1861,0.0,0.0,294.0,72.0,327.0,503.0,1438.0,502.0,13.0,1518.0,0.0,0.0,228.2358506,0.0
1862,900.0,2036.8742164,96.0,52.0,34.0,189.0,323.0,112.0,1.0,608.0,0.0,0.0,113.2131978,87.99139995
1863,729.0,1655.1630906,117.0,65.0,3.0,15.0,168.0,74.0,0.0,412.0,0.0,0.0,77.41533138,71.9929636
1864,664.0,1484.1792928,31.0,11.0,0.0,31.0,33.0,49.0,0.0,107.0,0.0,0.0,45.28527913,64.99364769
1865,493.0,896.91562452,35.0,4.0,0.0,7.0,37.0,31.0,0.0,78.0,0.0,0.0,36.49936955,47.99530906
1866,1030.0,1820.290908,53.0,51.0,26.0,60.0,162.0,107.0,87.0,367.0,0.0,0.0,95.02083946,100.9901295
1867,333.0,801.0948650400001,7.0,4.0,0.0,9.0,53.0,33.0,8.0,67.0,0.0,0.0,25.13675321,32.99677498
1868,592.0,1461.6152056,0.0,0.0,0.0,1.0,0.0,59.0,0.0,32.0,0.0,0.0,33.45046536,57.99433179
1869,355.0,971.2128542600001,0.0,0.0,0.0,0.0,0.0,0.0,0.0,0.0,0.0,0.0,17.36098714,34.99657953
1870,476.0,982.6016874000001,202.0,14.0,211.0,291.0,347.0,396.0,215.0,394.0,0.0,0.0,124.5100655,46.99540679
1871,0.0,0.0,226.0,7.0,181.0,131.0,80.0,13.0,7.0,138.0,0.0,0.0,38.29198008,0.0
1872,921.0,2316.4964928,717.0,439.0,0.0,252.0,2118.0,621.0,140.0,3403.0,0.0,0.0,421.1139725,90.99110677
1873,912.0,2158.7852402,176.0,75.0,3.0,77.0,517.0,308.0,14.0,768.0,0.0,0.0,139.376939,89.9912045
1874,170.0,384.44430346,112.0,46.0,3.0,36.0,229.0,91.0,1.0,246.0,0.0,0.0,45.67651264,16.99833863
1875,157.0,361.1425551,0.0,0.0,0.0,52.0,0.0,79.0,0.0,9.0,0.0,0.0,14.52454417,14.99853408
1876,156.0,386.39208917999997,60.0,27.0,19.0,6.0,119.0,70.0,0.0,167.0,0.0,0.0,37.51621401,14.99853408
1877,514.0,1267.3296602,104.0,40.0,0.0,69.0,115.0,182.0,44.0,332.0,0.0,0.0,68.46586477,50.99501588
1878,725.0,1530.9976636000001,24.0,28.0,0.0,40.0,117.0,203.0,0.0,277.0,0.0,0.0,77.15052342,70.99306132
1879,744.0,1490.6886307999998,93.0,63.0,5.0,27.0,94.0,163.0,43.0,386.0,0.0,0.0,79.126978,72.99286587
1880,877.0,1991.5135284,90.0,30.0,0.0,17.0,44.0,80.0,13.0,165.0,0.0,0.0,64.35791288,85.99159541
1881,442.0,874.33519472,51.0,58.0,0.0,15.0,95.0,55.0,175.0,242.0,0.0,0.0,55.40844627,42.9957977
1882,475.0,1063.0526106,0.0,0.0,0.0,0.0,0.0,0.0,0.0,0.0,0.0,0.0,23.22948983,46.99540679
1883,1876.0,4022.915078,91.0,37.0,15.0,52.0,50.0,93.0,84.0,149.0,0.0,0.0,119.6685508,183.9820181
1884,483.0,1092.7569078000001,0.0,0.0,1.0,0.0,0.0,72.0,0.0,0.0,0.0,0.0,34.19072915,46.99540679
1885,668.0,1063.5941638,116.0,15.0,84.0,150.0,197.0,29.0,79.0,343.0,0.0,0.0,82.20794191,65.99354996
1886,0.0,0.0,76.0,38.0,56.0,63.0,575.0,442.0,227.0,1557.0,0.0,0.0,148.3753098,0.0
1887,866.0,2203.1620034000002,53.0,432.0,0.0,71.0,931.0,1788.0,2283.0,1070.0,0.0,0.0,1760.487993,84.99169313
1888,41.0,96.397588744,143.0,82.0,0.0,84.0,325.0,482.0,3.0,1130.0,0.0,41.34846765,111.9905931,3.999609089
1889,280.0,643.0719804400001,0.0,0.0,0.0,0.0,0.0,0.0,0.0,0.0,0.0,0.0,13.69317295,27.99726362
1890,714.0,1425.2381481999998,19.0,7.0,10.0,17.0,101.0,74.0,54.0,214.0,0.0,0.0,59.17406884,69.99315905
1891,661.0,1598.4236012000001,13.0,12.0,2.0,93.0,126.0,206.0,111.0,238.0,0.0,0.0,71.49792449,64.99364769
1892,385.0,860.89049104,14.0,1.0,1.0,0.0,6.0,51.0,922.0,14.0,0.0,0.0,68.17243963,37.99628634
1893,337.0,750.9401137,25.0,24.0,0.0,35.0,145.0,606.0,49.0,183.0,0.0,0.0,68.66148153,32.99677498
1894,890.0,1677.7962676,2.0,2.0,0.0,0.0,1.0,1.0,0.0,6.0,0.0,0.0,58.11157859,86.99149768
1895,622.0,1471.8642982,15.0,11.0,0.0,17.0,83.0,87.0,10.0,305.0,0.0,0.0,56.23981749,60.9940386
1896,433.0,982.4622133400001,0.0,0.0,0.0,0.0,0.0,0.0,0.0,0.0,0.0,0.0,21.17551389,42.9957977
1897,1240.0,2599.4839458,147.0,406.0,16.0,147.0,2653.0,1761.0,1714.0,1927.0,0.0,0.0,1235.579837,121.9880772
1898,1387.0,2522.3781376,0.0,0.0,0.0,0.0,3.0,0.0,69.0,30.0,0.0,0.0,141.8183376,135.986709
1899,336.0,690.48222716,68.0,14.0,7.0,15.0,44.0,72.0,20.0,187.0,0.0,0.0,37.3138963,32.99677498
1900,206.0,518.47680568,1.0,0.0,0.0,0.0,8.0,1.0,15.0,6.0,0.0,0.0,11.59029282,19.99804544
1901,522.0,1294.1286202000001,7.0,10.0,0.0,12.0,31.0,103.0,104.0,120.0,0.0,0.0,44.45390791,50.99501588
1902,206.0,445.84339832,21.0,4.0,13.0,7.0,31.0,40.0,100.0,28.0,0.0,0.0,37.0068851,19.99804544
1903,881.0,2022.7081938000001,0.0,0.0,4.0,0.0,0.0,0.0,0.0,0.0,0.0,0.0,43.28020737,86.99149768
1904,1124.0,2180.0298218,0.0,0.0,0.0,0.0,0.0,0.0,0.0,0.0,0.0,0.0,57.96830857,109.9892499
1905,824.0,1698.3925066000002,0.0,0.0,0.0,0.0,0.0,92.0,0.0,1.0,0.0,0.0,55.84514142,80.99208405
1906,402.0,737.43505636,0.0,0.0,0.0,0.0,0.0,0.0,0.0,0.0,0.0,0.0,33.65948403,39.99609089
1907,413.0,851.184247,0.0,71.0,8.0,0.0,0.0,0.0,0.0,0.0,0.0,0.0,29.06086105,40.99599316
1908,733.0,1768.4335058000001,919.0,458.0,1.0,419.0,2350.0,1160.0,470.0,3409.0,0.0,212.6492622,485.0806519,71.9929636
1909,985.0,2273.7659135999997,33.0,11.0,0.0,12.0,108.0,11.0,0.0,139.0,0.0,0.0,103.5265417,96.9905204
1910,728.0,1637.5589146,12.0,65.0,2.0,2.0,6.0,5.0,2.0,66.0,0.0,0.0,43.42691994,71.9929636
1911,702.0,1380.318536,25.0,46.0,0.0,7.0,12.0,67.0,0.0,97.0,0.0,0.0,46.7524048,68.99325678
1912,257.0,634.0279970400001,0.0,0.0,0.0,0.0,0.0,0.0,0.0,0.0,0.0,0.0,12.5683766,24.9975568
1913,308.0,761.20053346,16.0,14.0,0.0,5.0,20.0,17.0,4.0,67.0,0.0,0.0,22.05578929,29.99706817
1914,408.0,914.96718704,0.0,0.0,0.0,0.0,0.0,0.0,0.0,0.0,0.0,0.0,19.95290916,39.99609089
1915,445.0,1007.7708053,0.0,0.0,0.0,0.0,0.0,0.0,0.0,0.0,0.0,0.0,21.76236416,43.99569998
1916,606.0,1179.302468,2.0,4.0,28.0,2.0,9.0,26.0,0.0,29.0,0.0,0.0,47.52635752,59.99413633
1917,393.0,762.75999078,0.0,0.0,0.0,0.0,0.0,0.0,0.0,0.0,0.0,0.0,57.21934632,38.99618861
1918,0.0,0.0,670.0,371.0,47.0,13.0,54.0,38.0,0.0,419.0,0.0,0.0,78.83355286,0.0
1919,963.0,2397.08689,483.0,220.0,0.0,124.0,692.0,187.0,0.0,1138.0,0.0,0.0,186.178248,94.99071586
1920,756.0,1843.5738900000001,17.0,8.0,0.0,5.0,72.0,29.0,17.0,93.0,1.005751849,0.0,55.75747655,73.99276814
1921,308.0,748.12652016,66.0,20.0,2.0,16.0,77.0,117.0,0.0,151.0,0.0,0.0,40.02047116,29.99706817
1922,630.0,1569.1176639999999,54.0,21.0,0.0,22.0,104.0,101.0,30.0,252.0,0.0,0.0,64.36968559,61.99394087
1923,475.0,1014.38822806,6.0,3.0,0.0,11.0,38.0,83.0,40.0,155.0,0.0,0.0,39.66129738,46.99540679
1924,552.0,1221.5756284,6.0,7.0,1.0,0.0,3.0,1.0,4.0,28.0,0.0,0.0,32.44032185,53.9947227
1925,54.0,102.2673193,39.0,2.0,15.0,4.0,22.0,30.0,0.0,34.0,0.0,0.0,9.780837824,4.999511361
1926,155.0,344.0925545,0.0,0.0,0.0,0.0,0.0,0.0,0.0,0.0,0.0,0.0,7.580149314,14.99853408
1927,632.0,1307.9817152,0.0,0.0,0.0,0.0,0.0,0.0,0.0,0.0,0.0,0.0,40.90744752,61.99394087
1928,270.0,602.1283557,724.0,423.0,13.0,75.0,1450.0,672.0,0.0,1929.0,0.0,0.0,271.7116748,26.99736135
1929,1084.0,2594.4172456,26.0,11.0,3.0,90.0,168.0,164.0,54.0,235.0,0.0,0.0,92.73918704,106.9895431
1930,471.0,1123.3760396,5.0,5.0,0.0,6.0,25.0,31.0,0.0,48.0,0.0,0.0,31.90237577,45.99550452
1931,526.0,1310.7966038,25.0,1.0,0.0,14.0,54.0,73.0,7.0,46.0,0.0,0.0,39.48252508,51.99491815
1932,421.0,1071.1880712,2.0,0.0,0.0,4.0,19.0,165.0,64.0,44.0,0.0,0.0,35.16211198,40.99599316
1933,532.0,1245.7331543999999,0.0,0.0,0.0,0.0,0.0,42.0,0.0,0.0,0.0,0.0,38.07100456,51.99491815
1934,669.0,1254.7921840000001,0.0,0.0,0.0,5.0,5.0,8.0,4.0,1.0,0.0,0.0,42.84169887,65.99354996
1935,718.0,1490.570515,0.0,0.0,0.0,0.0,0.0,0.0,0.0,0.0,0.0,0.0,64.11320779,70.99306132
1936,210.0,357.19294112,0.0,0.0,0.0,0.0,0.0,0.0,0.0,0.0,0.0,0.0,14.26987972,20.99794772
1937,286.0,692.76931436,25.0,3.0,2.0,34.0,15.0,10.0,11.0,42.0,0.0,0.0,20.93099294,27.99726362
1938,985.0,2642.7436232,2.0,16.0,1.0,8.0,40.0,137.0,63.0,46.0,0.0,0.0,63.47763748,96.9905204
1939,989.0,2060.91233,0.0,0.0,0.0,0.0,0.0,0.0,0.0,0.0,0.0,0.0,67.36624304,96.9905204
1940,333.0,681.9760769,0.0,0.0,0.0,0.0,0.0,0.0,0.0,0.0,0.0,0.0,22.28509498,32.99677498
1941,917.0,1860.3963938,0.0,0.0,3.0,3.0,18.0,46.0,19.0,45.0,0.0,0.0,62.39830277,89.9912045
1942,391.0,871.36578492,1.0,1.0,0.0,0.0,6.0,3.0,0.0,229.0,0.0,0.0,36.85854333,37.99628634
1943,308.0,722.7048275,0.0,0.0,0.0,0.0,0.0,0.0,0.0,0.0,0.0,0.0,49.06249025,29.99706817
1944,397.0,955.9271543,1.0,0.0,0.0,0.0,1.0,1.0,1.0,2.0,0.0,0.0,19.70838822,38.99618861
1945,726.0,1825.3351224,0.0,1.0,0.0,1.0,8.0,74.0,0.0,42.0,0.0,0.0,41.66636913,70.99306132
1946,583.0,1327.1466438,11.0,13.0,0.0,16.0,19.0,19.0,0.0,84.0,0.0,0.0,36.43362089,56.99442951
1947,392.0,902.77030876,0.0,0.0,0.0,0.0,0.0,71.0,114.0,0.0,0.0,0.0,120.2177171,38.99618861
1948,623.0,1175.692155,0.0,0.0,0.0,0.0,0.0,0.0,0.0,0.0,0.0,0.0,197.4673098,60.9940386
1949,435.0,914.53112792,0.0,0.0,0.0,0.0,0.0,74.0,0.0,0.0,0.0,0.0,24.89223226,42.9957977
1950,715.0,1544.5290942,29.0,17.0,0.0,27.0,92.0,109.0,122.0,157.0,0.0,0.0,105.0105118,69.99315905
1951,519.0,1037.9425508,35.0,14.0,0.0,0.0,35.0,6.0,0.0,97.0,0.0,0.0,116.5263575,50.99501588
1952,645.0,1610.1957472,0.0,0.0,0.0,0.0,0.0,0.0,0.0,0.0,1.005751849,0.0,34.54320198,62.99384315
1953,0.0,0.0,0.0,0.0,0.0,0.0,0.0,0.0,0.0,0.0,3.017255546,0.0,0.0,0.0
1954,832.0,2160.2655772000003,0.0,0.0,0.0,0.0,0.0,0.0,0.0,0.0,0.0,0.0,43.68828535,81.99198632
1955,446.0,1034.090991,0.0,0.0,0.0,0.0,0.0,97.0,0.0,1.0,0.0,0.0,37.60387888,43.99569998
1956,677.0,1571.3984394,106.0,162.0,7.0,2.0,429.0,205.0,1.0,267.0,0.0,0.0,112.766175,66.99345224
1957,778.0,1725.3372522,5.0,2.0,0.0,0.0,0.0,0.0,0.0,6.0,1.005751849,0.0,78.68321359,75.99257269
1958,847.0,1827.2816126,9.0,0.0,0.0,6.0,5.0,98.0,0.0,20.0,0.0,0.0,57.17062628,82.99188859
1959,329.0,734.30983036,21.0,2.0,0.0,0.0,6.0,3.0,3.0,62.0,1.005751849,0.0,53.83318457,31.99687271
1960,762.0,1262.813248,131.0,71.0,3247.0,104.0,286.0,564.0,105.0,506.0,0.0,0.0,282.4705964,74.99267041
1961,466.0,1078.2088681999999,89.0,41.0,7.0,79.0,338.0,305.0,344.0,840.0,5.028759244,3.9379493,128.7006105,45.99550452
1962,425.0,977.45327582,49.0,39.0,1.0,32.0,303.0,143.0,91.0,481.0,6.034511093,1.96897465,88.48615178,41.99589543
1963,335.0,460.06216722,30.0,4.0,75.0,162.0,829.0,13.0,111.0,544.0,0.0,0.0,102.8455097,32.99677498
1964,7.0,10.647452306,28.0,12.0,13.0,211.0,233.0,203.0,0.0,360.0,0.0,0.0,52.18076979,0.999902272
1965,15.0,34.541076422,19.0,4.0,7.0,165.0,13.0,30.0,0.0,124.0,1.005751849,0.0,18.4368793,0.999902272
1966,1135.0,2770.9804986,655.0,326.0,8.0,392.0,2189.0,599.0,0.0,2756.0,6.034511093,0.0,394.1677643,111.9890545
1967,2778.0,6188.6947424,351.0,186.0,3.0,166.0,693.0,613.0,0.0,834.0,3.017255546,0.0,275.0371596,272.9733203
1968,680.0,1816.6894982000001,0.0,0.0,0.0,0.0,0.0,0.0,0.0,0.0,0.0,0.0,33.2548486,66.99345224
1969,150.0,445.64486646,0.0,0.0,0.0,0.0,0.0,0.0,0.0,0.0,0.0,0.0,7.335628368,14.99853408
1970,167.0,394.82283920000003,46.0,19.0,0.0,25.0,113.0,98.0,63.0,206.0,0.0,0.0,57.04238738,15.99843635
1971,319.0,707.166553,47.0,20.0,4.0,126.0,98.0,262.0,10.0,189.0,0.0,0.0,52.5720033,30.99697044
1972,764.0,1327.8012966000001,70.0,31.0,865.0,45.0,139.0,54.0,21.0,188.0,11.06327034,0.0,106.4644197,74.99267041
1973,95.0,224.81293472000002,832.0,391.0,0.0,209.0,1200.0,764.0,735.0,2310.0,0.0,0.0,319.6377801,8.99912045
1974,2283.0,4757.5792564,249.0,123.0,50.0,225.0,675.0,414.0,0.0,1084.0,6.034511093,0.0,249.5580771,223.978109
1975,3784.0,6754.106572,30.0,13.0,1.0,11.0,58.0,20.0,0.0,74.0,0.0,0.0,195.1766188,371.9636452
1976,513.0,1155.3020542,0.0,0.0,0.0,0.0,0.0,0.0,0.0,0.0,0.0,0.0,25.08784902,49.99511361
1977,945.0,2108.5387464,103.0,25.0,0.0,21.0,7.0,2.0,0.0,235.0,0.0,0.0,65.43380504,92.99091131
1978,726.0,2131.8481011999997,0.0,1.0,0.0,0.0,0.0,75.0,0.0,0.0,0.0,0.0,39.22115967,70.99306132
1979,248.0,736.3443433,9.0,1.0,0.0,2.0,14.0,15.0,8.0,25.0,0.0,0.0,15.7471489,23.99765453
1980,701.0,1950.3186258,130.0,132.0,0.0,14.0,108.0,39.0,0.0,378.0,0.0,0.0,73.45409206,68.99325678
1981,420.0,969.3291421399999,429.0,67.0,2.0,109.0,281.0,197.0,125.0,786.0,0.0,0.0,118.1525209,40.99599316
1982,1244.0,3423.8354196,0.0,0.0,0.0,0.0,0.0,0.0,6.0,0.0,0.0,0.0,70.1302364,121.9880772
1983,1576.0,3476.6340308000003,23.0,3.0,1.0,8.0,34.0,91.0,53.0,37.0,0.0,0.0,112.2990493,154.9848522
1984,352.0,813.80821906,56.0,43.0,2.0,27.0,109.0,114.0,24.0,226.0,0.0,0.0,71.60569223,34.99657953
1985,973.0,1873.6689394,128.0,119.0,0.0,35.0,156.0,467.0,199.0,330.0,2.011503698,0.0,117.7123832,95.99061813
1986,621.0,1250.8865814,8.0,12.0,0.0,6.0,118.0,117.0,56.0,57.0,0.0,0.0,183.6596682,60.9940386
1987,815.0,1963.407685,461.0,354.0,18.0,475.0,3590.0,1476.0,213.0,3035.0,6.034511093,1.96897465,536.4130218,79.99218177
1988,1168.0,2290.0178988,8.0,29.0,1.0,14.0,168.0,54.0,26.0,617.0,0.0,0.0,101.9652343,114.9887613
1989,827.0,1910.272198,342.0,106.0,0.0,86.0,398.0,197.0,4.0,642.0,0.0,0.0,127.2487001,80.99208405
1990,0.0,0.0,0.0,0.0,15.0,0.0,0.0,6.0,0.0,0.0,10.05751849,0.0,1.026987972,0.0
1991,384.0,753.22088964,0.0,0.0,0.0,0.0,0.0,0.0,0.0,0.0,0.0,0.0,18.77920862,37.99628634
1992,976.0,2096.443641,0.0,0.0,0.0,0.0,0.0,0.0,0.0,0.0,9.051766639,0.0,47.73048858,95.99061813
1993,570.0,1080.1340012,0.0,0.0,0.0,0.0,0.0,0.0,0.0,0.0,3.017255546,0.0,27.8753878,55.99452724
1994,892.0,1403.5863036,275.0,99.0,5.0,172.0,754.0,333.0,0.0,1154.0,0.0,0.0,180.1630327,87.99139995
1995,786.0,1283.6507348,764.0,486.0,22.0,427.0,1789.0,1121.0,0.0,2275.0,4.023007395,0.0,375.0951306,76.99247496
1996,1675.0,3662.9135585999998,241.0,171.0,0.0,248.0,1070.0,527.0,193.0,1450.0,0.0,0.0,272.6408543,164.9838749
1997,582.0,1701.7628676,2.0,1.0,4.0,18.0,44.0,9.0,3.0,24.0,0.0,0.0,33.59717793,56.99442951
1998,483.0,1338.9841588000002,0.0,0.0,0.0,0.0,0.0,0.0,0.0,0.0,1.005751849,0.0,23.62072335,46.99540679
1999,888.0,1661.4726,31.0,285.0,0.0,52.0,159.0,48.0,1.0,189.0,0.0,0.0,87.83862462,86.99149768
2000,506.0,1324.7854518000001,2.0,1.0,0.0,2.0,13.0,10.0,0.0,32.0,0.0,0.0,27.67977104,49.99511361
2001,62.0,164.65664934,16.0,10.0,0.0,12.0,52.0,92.0,0.0,172.0,0.0,0.0,20.34414267,5.999413633
2002,349.0,826.36575696,0.0,0.0,0.0,0.0,14.0,0.0,0.0,1.0,0.0,0.0,76.80112484,33.99667725
2003,501.0,1229.5012308,0.0,0.0,0.0,0.0,0.0,0.0,0.0,0.0,1.005751849,0.0,51.50099875,48.99521134
2004,309.0,694.5499571199999,46.0,50.0,591.0,2.0,42.0,27.0,0.0,133.0,0.0,0.0,58.68502694,29.99706817
2005,331.0,555.24963106,0.0,0.0,0.0,0.0,0.0,0.0,0.0,0.0,0.0,0.0,16.1872866,32.99677498
2006,1230.0,2888.295991,1.0,5.0,1.0,1.0,2.0,1.0,0.0,4.0,0.0,0.0,60.88571545,120.9881749
2007,456.0,1109.1723172,8.0,1.0,1.0,5.0,7.0,4.0,0.0,26.0,0.0,0.0,24.84332807,44.99560225
2008,0.0,0.0,233.0,182.0,15.0,168.0,90.0,53.0,0.0,383.0,0.0,0.0,54.96830857,0.0
2009,478.0,826.05784438,521.0,242.0,3.0,351.0,2011.0,677.0,15.0,2487.0,2.011503698,0.0,331.8149232,46.99540679
2010,476.0,1095.1834694,0.0,0.0,0.0,0.0,0.0,0.0,0.0,0.0,0.0,0.0,23.27839402,46.99540679
2011,483.0,1560.5160512,0.0,0.0,2.0,0.0,0.0,81.0,0.0,20.0,0.0,0.0,28.65785482,46.99540679
2012,457.0,1327.971032,0.0,0.0,0.0,0.0,20.0,0.0,4.0,0.0,0.0,0.0,23.52291497,44.99560225
2013,246.0,594.36488184,40.0,32.0,0.0,8.0,72.0,146.0,17.0,166.0,0.0,0.0,127.5533455,23.99765453
2014,840.0,1452.7407885999999,297.0,205.0,1.0,25.0,164.0,116.0,19.0,644.0,0.0,0.0,113.0175811,82.99188859
2015,270.0,728.51048454,3.0,217.0,13.0,2.0,9.0,73.0,1.0,27.0,0.0,0.0,30.07607631,26.99736135
2016,484.0,1284.681262,7.0,4.0,0.0,0.0,23.0,13.0,0.0,15.0,0.0,0.0,34.70168726,47.99530906
2017,231.0,516.24376108,0.0,0.0,0.0,0.0,0.0,0.0,0.0,0.0,0.0,0.0,21.29686769,22.99775226
2018,625.0,1316.9452822,24.0,16.0,2.0,34.0,206.0,151.0,54.0,197.0,0.0,0.0,64.01558356,60.9940386
2019,301.0,582.04357592,52.0,56.0,0.0,32.0,141.0,192.0,26.0,421.0,0.0,0.0,59.71201492,29.99706817
2020,434.0,1102.4794947999999,2.0,2.0,1.0,0.0,20.0,5.0,0.0,17.0,1.005751849,0.0,27.52291497,42.9957977
2021,325.0,724.17885348,2.0,1.0,0.0,8.0,34.0,150.0,1.0,47.0,0.0,0.0,27.77757942,31.99687271
2022,803.0,1689.6928406,1.0,29.0,421.0,0.0,0.0,25.0,0.0,4.0,33.18981101,0.0,62.74407464,78.9922795
2023,801.0,1546.9870448,20.0,13.0,50.0,1.0,24.0,43.0,0.0,47.0,11.06327034,0.0,48.85528493,78.9922795
2024,188.0,356.31079088,0.0,0.0,0.0,0.0,0.0,338.0,0.0,2.0,0.0,0.0,25.82141186,17.9982409
2025,811.0,1574.8566566,17.0,9.0,1.0,7.0,32.0,113.0,19.0,99.0,0.0,0.0,54.18584155,79.99218177
2026,445.0,857.41965234,77.0,72.0,6.0,36.0,53.0,28.0,0.0,182.0,0.0,0.0,43.96486602,43.99569998
2027,0.0,0.0,444.0,337.0,20.0,65.0,349.0,169.0,0.0,1182.0,8.04601479,0.0,125.4881493,0.0
2028,769.0,1895.9290012,16.0,0.0,0.0,0.0,0.0,0.0,0.0,2.0,1.005751849,0.0,38.48759684,75.99257269
2029,1529.0,2965.1930681999997,3.0,2.0,17.0,10.0,1.0,1.0,0.0,27.0,4.023007395,0.0,77.7576607,149.9853408
2030,294.0,936.01582878,0.0,2.0,42.0,0.0,2.0,12.0,0.0,4.0,8.04601479,0.0,17.40989133,28.99716589
2031,220.0,719.17622656,1.0,5.0,104.0,2.0,5.0,17.0,0.0,8.0,9.051766639,0.0,17.70331646,21.99784999
2032,483.0,1576.4954010000001,15.0,17.0,80.0,19.0,12.0,109.0,61.0,47.0,0.0,0.0,41.22623143,46.99540679
2033,686.0,1787.216418,0.0,0.0,4.0,2.0,6.0,236.0,0.0,8.0,0.0,0.0,46.06774615,66.99345224
2034,126.0,235.9605201,0.0,0.0,0.0,0.0,0.0,0.0,0.0,0.0,1.005751849,0.0,6.161927829,11.99882727
2035,562.0,1462.9874576,0.0,3.0,59.0,0.0,0.0,2.0,1.0,0.0,5.028759244,0.0,43.66292658,54.99462497
2036,726.0,1588.5502138,0.0,3.0,44.0,0.0,0.0,61.0,0.0,0.0,1.005751849,0.0,40.78609373,70.99306132
2037,215.0,457.56150172,15.0,3.0,34.0,5.0,0.0,73.0,1.0,0.0,3.017255546,0.0,16.92084944,20.99794772
2038,348.0,820.38292588,29.0,65.0,253.0,9.0,0.0,49.0,0.0,99.0,0.0,0.0,45.66636913,33.99667725
2039,1438.0,3691.113737,33.0,38.0,17.0,12.0,10.0,4.0,4.0,25.0,0.0,0.0,101.317523,140.9862204
2040,980.0,2466.836319,0.0,27.0,837.0,0.0,1.0,33.0,0.0,3.0,0.0,0.0,91.98877974,95.99061813
2041,620.0,1653.8298338,0.0,0.0,1.0,12.0,6.0,0.0,0.0,0.0,1.005751849,0.0,50.24977685,60.9940386
2042,270.0,884.6723105,2.0,1.0,54.0,0.0,3.0,16.0,0.0,18.0,0.0,0.0,22.80112484,26.99736135
2043,372.0,1261.767842,26.0,1.0,11.0,2.0,0.0,2.0,0.0,23.0,0.0,0.0,21.37113065,36.99638407
2044,977.0,2741.6004574,0.0,0.0,1.0,0.0,0.0,75.0,0.0,6.0,0.0,0.0,65.78953628,95.99061813
2045,298.0,707.90922946,0.0,1.0,41.0,0.0,5.0,28.0,2.0,6.0,0.0,0.0,18.63249605,28.99716589
2046,260.0,782.71662342,0.0,0.0,0.0,0.0,0.0,0.0,0.0,0.0,0.0,0.0,12.71508917,25.99745908
2047,658.0,1432.3029566,0.0,0.0,3.0,0.0,0.0,363.0,0.0,1.0,3.017255546,0.0,50.12679385,64.99364769
2048,1166.0,2919.4052251999997,0.0,13.0,33.0,0.0,0.0,27.0,0.0,0.0,0.0,0.0,75.59229032,114.9887613
2049,14.0,33.642583873999996,0.0,0.0,1.0,0.0,0.0,94.0,0.0,0.0,0.0,0.0,5.330556614,0.999902272
2050,398.0,1226.2955878,0.0,0.0,0.0,0.0,0.0,0.0,0.0,0.0,0.0,0.0,19.46386727,38.99618861
2051,339.0,1240.107262,0.0,0.0,0.0,0.0,0.0,0.0,0.0,0.0,0.0,0.0,16.57852011,32.99677498
2052,613.0,1938.80035,0.0,4.0,111.0,0.0,0.0,96.0,0.0,0.0,0.0,0.0,40.29705184,59.99413633
2053,2072.0,4453.2365442,132.0,36.0,48.0,32.0,117.0,178.0,0.0,234.0,0.0,0.0,139.3280348,203.9800635
2054,547.0,1233.0625152,0.0,0.0,0.0,0.0,0.0,0.0,0.0,0.0,0.0,0.0,26.75059145,53.9947227
2055,718.0,1752.7771149999999,4.0,35.0,0.0,0.0,0.0,0.0,0.0,0.0,0.0,0.0,37.02047116,70.99306132
2056,1931.0,4044.731474,68.0,38.0,223.0,6.0,52.0,28.0,0.0,167.0,0.0,0.0,122.8962273,189.9814317
2057,457.0,1038.163736,0.0,0.0,3.0,4.0,10.0,300.0,56.0,27.0,0.0,0.0,41.91089008,44.99560225
2058,2399.0,5036.8509044,78.0,95.0,8.0,10.0,61.0,51.0,6.0,230.0,1.005751849,0.0,143.6805076,235.9769362
2059,259.0,531.2328754600001,83.0,54.0,1.0,16.0,93.0,35.0,0.0,281.0,0.0,0.0,40.19924346,24.9975568
2060,0.0,0.0,10.0,7.0,0.0,70.0,37.0,71.0,0.0,62.0,0.0,0.0,12.5683766,0.0
2061,1.0,2.3511607002,89.0,85.0,16.0,640.0,151.0,153.0,0.0,578.0,0.0,0.0,83.77287596,0.0
2062,608.0,1841.337126,0.0,0.0,0.0,0.0,0.0,74.0,0.0,0.0,0.0,0.0,33.35265698,59.99413633
2063,372.0,872.45277824,65.0,152.0,11.0,45.0,177.0,74.0,354.0,295.0,7.040262942,0.0,75.55697219,36.99638407
2064,427.0,1181.171133,292.0,250.0,13.0,79.0,113.0,87.0,24.0,223.0,0.0,0.0,88.74751719,41.99589543
2065,413.0,930.3546608600001,0.0,0.0,0.0,0.0,0.0,29.0,0.0,0.0,0.0,0.0,56.61565159,40.99599316
2066,961.0,2063.3552332,19.0,62.0,3.0,16.0,37.0,210.0,18.0,99.0,0.0,0.0,105.6884695,93.99081358
2067,690.0,1410.9376671999999,39.0,45.0,0.0,23.0,64.0,63.0,85.0,191.0,0.0,0.0,108.6850269,67.99335451
2068,192.0,425.27482774000003,0.0,0.0,0.0,0.0,0.0,0.0,0.0,0.0,0.0,0.0,9.389604311,18.99814317
2069,1357.0,3091.7436368,38.0,14.0,0.0,14.0,25.0,81.0,44.0,89.0,0.0,0.0,89.27876232,132.9870022
2070,1156.0,2385.2807629999998,25.0,3.0,1.0,5.0,56.0,10.0,24.0,71.0,0.0,0.0,73.0695595,113.988859
2071,883.0,1967.124787,0.0,0.0,1.0,0.0,13.0,0.0,1.0,3.0,3.017255546,0.0,69.0626744,86.99149768
2072,619.0,1403.0724198,0.0,0.0,0.0,0.0,0.0,0.0,0.0,0.0,0.0,0.0,30.27169307,60.9940386
2073,302.0,669.37582334,33.0,12.0,1.0,24.0,9.0,6.0,0.0,61.0,2.011503698,0.0,29.90907673,29.99706817
2074,669.0,1628.8542324,73.0,42.0,9.0,79.0,69.0,53.0,12.0,261.0,5.028759244,0.0,61.96160762,65.99354996
2075,123.0,324.78313572,1.0,5.0,0.0,2.0,20.0,69.0,1476.0,8.0,0.0,0.0,83.33273826,11.99882727
2076,114.0,314.51770053999996,124.0,44.0,49.0,143.0,614.0,352.0,120.0,561.0,1.005751849,0.0,103.7257851,10.99892499
2077,378.0,1005.67853044,23.0,11.0,9.0,29.0,64.0,51.0,36.0,100.0,0.0,0.0,34.28183657,36.99638407
2078,286.0,810.43543432,19.0,6.0,1.0,10.0,19.0,190.0,1.0,55.0,0.0,0.0,31.70675901,27.99726362
2079,893.0,1697.9237628,35.0,29.0,0.0,86.0,58.0,288.0,27.0,165.0,0.0,0.0,77.317523,87.99139995
2080,701.0,1525.4131926,32.0,6.0,0.0,3.0,20.0,7.0,14.0,100.0,0.0,0.0,90.18239899,68.99325678
2081,206.0,453.10673906,8.0,8.0,0.0,5.0,9.0,16.0,0.0,35.0,1.005751849,0.0,26.03550228,19.99804544
2082,566.0,1225.4385156,717.0,473.0,600.0,225.0,0.0,71.0,0.0,124.0,0.0,0.0,135.758029,55.99452724
2083,552.0,1090.1091614,172.0,188.0,1748.0,36.0,224.0,171.0,8.0,618.0,9.051766639,0.0,181.776871,53.9947227
2084,0.0,0.0,355.0,182.0,9.0,60.0,86.0,95.0,21.0,379.0,2.011503698,0.0,58.04927249,0.0
2085,211.0,464.13620843999996,1.0,0.0,0.0,0.0,15.0,0.0,0.0,0.0,2.011503698,0.0,26.10125093,20.99794772
2086,461.0,1136.9074706000001,0.0,0.0,0.0,0.0,0.0,0.0,0.0,0.0,0.0,0.0,70.54483118,44.99560225
2087,408.0,989.779597,0.0,0.0,0.0,0.0,0.0,0.0,0.0,0.0,0.0,0.0,27.95290916,39.99609089
2088,569.0,1391.5591591999998,0.0,0.0,0.0,15.0,4.0,68.0,1.0,14.0,0.0,0.0,50.8147109,55.99452724
2089,130.0,309.28256138,0.0,4.0,99.0,0.0,2.0,11.0,44.0,5.0,0.0,0.0,14.42673579,12.99872954
2090,500.0,1508.9676896,0.0,0.0,0.0,0.0,0.0,87.0,0.0,0.0,0.0,1.96897465,28.70675901,48.99521134
2091,546.0,1282.2810738,0.0,5.0,32.0,0.0,3.0,3.0,11.0,5.0,0.0,0.0,29.58703442,53.9947227
2092,514.0,1117.7048408,0.0,8.0,218.0,0.0,0.0,30.0,0.0,10.0,12.06902219,0.0,38.14526751,50.99501588
2093,170.0,476.68873082,115.0,117.0,13.0,11.0,71.0,127.0,28.0,231.0,4.023007395,0.0,43.18239899,16.99833863
2094,523.0,1488.2319762,415.0,191.0,24.0,33.0,84.0,75.0,78.0,350.0,0.0,0.0,86.70712731,50.99501588
2095,359.0,1050.3455682000001,0.0,0.0,0.0,1.0,3.0,190.0,0.0,0.0,0.0,0.0,27.04401658,34.99657953
2096,208.0,496.30476634,0.0,0.0,0.0,0.0,0.0,0.0,0.0,0.0,3.017255546,0.0,10.17207134,19.99804544
2097,674.0,1546.1866054,13.0,33.0,0.0,16.0,25.0,17.0,0.0,71.0,0.0,0.0,54.51965656,65.99354996
2098,393.0,863.72042706,2.0,1.0,1.0,2.0,11.0,8.0,187.0,57.0,0.0,0.0,40.3745732,38.99618861
2099,247.0,529.89330778,6.0,2.0,0.0,43.0,33.0,46.0,27.0,39.0,8.04601479,0.0,38.66455578,23.99765453
2100,474.0,1477.6172086,0.0,0.0,0.0,0.0,0.0,0.0,0.0,0.0,0.0,0.0,23.18058564,46.99540679
2101,417.0,978.98134394,22.0,6.0,3.0,23.0,63.0,99.0,4.0,135.0,8.04601479,0.0,44.754034,40.99599316
2102,394.0,961.94768512,80.0,7.0,0.0,10.0,90.0,13.0,56.0,69.0,2.011503698,0.0,43.16211198,38.99618861
2103,359.0,693.7155381,278.0,24.0,1.0,36.0,194.0,183.0,0.0,421.0,0.0,0.0,73.16066692,34.99657953
2104,0.0,0.0,750.0,145.0,208.0,660.0,1311.0,571.0,24.0,2859.0,0.0,0.0,319.2465466,0.0
2105,543.0,1018.1053293,252.0,116.0,15.0,163.0,430.0,293.0,344.0,845.0,0.0,0.0,146.7614716,52.99482043
2106,317.0,642.1785035,0.0,0.0,0.0,0.0,0.0,0.0,0.0,0.0,0.0,0.0,15.50262795,30.99697044
2107,424.0,866.87833766,1.0,0.0,1.0,2.0,6.0,6.0,36.0,16.0,0.0,0.0,70.06086105,41.99589543
2108,643.0,1104.3229145999999,459.0,538.0,75.0,242.0,298.0,133.0,786.0,985.0,0.0,0.0,203.3925226,62.99384315
2109,1005.0,1896.6100284000001,158.0,113.0,0.0,85.0,316.0,523.0,34.0,712.0,1.005751849,0.0,197.0717411,98.99032495
2110,533.0,1242.9999758000001,21.0,2.0,16.0,0.0,89.0,22.0,199.0,64.0,0.0,0.0,123.2633629,51.99491815
2111,0.0,0.0,153.0,31.0,1610.0,15.0,77.0,81.0,0.0,502.0,1.005751849,0.0,120.7444429,0.0
2112,306.0,621.4000743199999,40.0,33.0,0.0,34.0,181.0,114.0,60.0,410.0,0.0,0.0,57.60913478,29.99706817
2113,517.0,1132.7479978,157.0,104.0,23.0,69.0,455.0,218.0,18.0,567.0,0.0,0.0,104.0681144,50.99501588
2114,279.0,532.49704278,127.0,77.0,6.0,13.0,109.0,46.0,0.0,336.0,0.0,0.0,48.5618598,26.99736135
2115,244.0,569.32520642,0.0,0.0,0.0,0.0,0.0,0.0,0.0,0.0,0.0,0.0,11.93262215,23.99765453
2116,272.0,568.3349712,0.0,0.0,0.0,0.0,9.0,0.0,6.0,1.0,1.005751849,0.0,18.08440647,26.99736135
2117,1393.0,2953.4008599999997,577.0,49.0,0.0,113.0,440.0,304.0,2.0,754.0,0.0,0.0,406.6200149,136.9866113
2118,0.0,0.0,336.0,55.0,159.0,1391.0,269.0,25.0,29.0,266.0,0.0,0.0,123.7275985,0.0
2119,450.0,901.8604889,129.0,84.0,0.0,130.0,526.0,347.0,10.0,547.0,2.011503698,0.0,108.7140124,43.99569998
2120,273.0,580.85480894,517.0,516.0,149.0,354.0,541.0,716.0,318.0,1277.0,0.0,0.0,272.9424255,26.99736135
2121,414.0,908.73679708,88.0,168.0,0.0,92.0,174.0,159.0,134.0,432.0,0.0,3.9379493,118.2298581,40.99599316
2122,467.0,1087.8233704,156.0,42.0,9.0,72.0,215.0,143.0,92.0,328.0,0.0,0.0,85.52998422,45.99550452
2123,284.0,640.12894402,16.0,8.0,14.0,32.0,110.0,456.0,18.0,96.0,2.011503698,0.0,50.56693155,27.99726362
2124,428.0,1092.0042008,0.0,0.0,0.0,0.0,0.0,60.0,0.0,0.0,0.0,0.0,29.86524429,41.99589543
2125,138.0,370.21922323999996,0.0,0.0,0.0,0.0,0.0,0.0,0.0,0.0,0.0,0.0,6.748778099,13.99863181
2126,495.0,1404.2411252000002,0.0,0.0,0.0,0.0,0.0,0.0,2.0,0.0,1.005751849,0.0,24.30538199,48.99521134
2127,879.0,1700.5978826,12.0,5.0,0.0,0.0,12.0,5.0,0.0,30.0,0.0,0.0,69.11665034,85.99159541
2128,1.0,1.0,727.0,246.0,77.0,456.0,1320.0,1036.0,125.0,2455.0,0.0,0.0,315.0896905,0.0
2129,962.0,2020.6736813999999,313.0,94.0,14.0,157.0,205.0,124.0,33.0,734.0,2.011503698,0.0,149.9114425,94.99071586
2130,389.0,940.74953868,0.0,0.0,0.0,0.0,0.0,0.0,0.0,0.0,0.0,0.0,49.02372957,37.99628634
2131,19.0,50.482725898,0.0,0.0,0.0,0.0,0.0,147.0,0.0,0.0,0.0,0.0,8.118095394,1.999804544
2132,345.0,824.95078896,0.0,0.0,0.0,1.0,1.0,179.0,0.0,0.0,0.0,0.0,25.72360348,33.99667725
2133,0.0,0.0,0.0,0.0,0.0,0.0,0.0,0.0,0.0,0.0,2.011503698,0.0,0.0,0.0
2134,1246.0,2490.114118,77.0,17.0,0.0,10.0,38.0,28.0,0.0,254.0,1.005751849,0.0,218.6699958,121.9880772
2135,665.0,2170.737151,0.0,0.0,0.0,0.0,0.0,63.0,0.0,1.0,0.0,0.0,35.65115387,64.99364769
2136,751.0,1818.7440738,0.0,0.0,1.0,0.0,0.0,1.0,1.0,0.0,1.005751849,0.0,67.8737586,73.99276814
2137,224.0,660.3054664599999,0.0,0.0,0.0,0.0,0.0,0.0,0.0,0.0,0.0,0.0,10.95453836,21.99784999
2138,7770.0,19097.265822,14.0,2.0,0.0,3.0,10.0,4.0,6.0,42.0,0.0,0.0,383.9467888,763.9253359
2139,0.0,0.0,221.0,113.0,17.0,261.0,1094.0,341.0,0.0,912.0,0.0,0.0,144.7074956,0.0
2140,0.0,0.0,537.0,301.0,0.0,242.0,1613.0,539.0,2783.0,2390.0,18.10353328,0.0,411.0397096,0.0
2141,0.0,0.0,603.0,410.0,0.0,428.0,1834.0,829.0,1772.0,2529.0,0.0,0.0,411.0397096,0.0
2142,0.0,0.0,384.0,529.0,0.0,414.0,2211.0,1706.0,952.0,1973.0,0.0,0.0,399.4983209,0.0
2143,0.0,0.0,292.0,128.0,2.0,69.0,317.0,136.0,17.0,856.0,0.0,0.0,88.85891163,0.0
2144,417.0,866.3995624400001,19.0,39.0,0.0,16.0,226.0,115.0,44.0,185.0,0.0,0.0,51.88734466,40.99599316
2145,336.0,680.3135501200001,0.0,0.0,0.0,0.0,0.0,0.0,0.0,0.0,0.0,0.0,16.43180754,32.99677498
2146,838.0,1773.4361330000002,2.0,1.0,13.0,10.0,44.0,61.0,1.0,41.0,0.0,0.0,56.4421352,81.99198632
2147,476.0,975.33834624,0.0,0.0,0.0,0.0,0.0,0.0,0.0,0.0,0.0,0.0,23.27839402,46.99540679
2148,263.0,574.04888562,0.0,0.0,0.0,0.0,0.0,0.0,0.0,0.0,0.0,0.0,12.86180174,25.99745908
2149,0.0,0.0,0.0,416.0,0.0,0.0,0.0,780.0,9317.0,0.0,0.0,0.0,514.1297402,0.0
2150,392.0,791.64119524,70.0,31.0,0.0,57.0,131.0,70.0,123.0,359.0,0.0,0.0,60.29886519,38.99618861
2151,419.0,842.7748549199999,0.0,0.0,0.0,0.0,0.0,0.0,0.0,0.0,0.0,0.0,20.49085524,40.99599316
2152,510.0,1053.8251426,0.0,0.0,0.0,0.0,0.0,0.0,0.0,0.0,0.0,0.0,24.94113645,49.99511361
2153,0.0,0.0,90.0,2.0,0.0,41.0,9.0,296.0,2.0,35.0,0.0,0.0,23.22948983,0.0
2154,373.0,785.46484782,47.0,42.0,0.0,139.0,781.0,375.0,4.0,742.0,0.0,0.0,122.4071854,36.99638407
2155,726.0,1695.3213230000001,0.0,0.0,0.0,0.0,0.0,0.0,0.0,0.0,0.0,0.0,35.5044413,70.99306132
2156,512.0,1351.2400949999999,0.0,6.0,0.0,2.0,15.0,1.0,3.0,65.0,0.0,0.0,29.53813023,49.99511361
2157,0.0,0.0,15.0,5.0,0.0,54.0,11.0,10.0,0.0,32.0,0.0,0.0,6.210832018,0.0
2158,1114.0,2322.8487182,76.0,36.0,0.0,69.0,286.0,208.0,7.0,920.0,0.0,0.0,132.8237777,108.9893477
2159,1.0,1.624826626,1.0,0.0,0.0,12.0,0.0,3.0,0.0,8.0,0.0,0.0,1.222604728,0.0
2160,0.0,0.0,0.0,0.0,0.0,0.0,0.0,0.0,0.0,0.0,0.0,0.0,0.0,0.0
2161,0.0,0.0,58.0,39.0,0.0,175.0,195.0,155.0,0.0,382.0,0.0,0.0,49.09980588,0.0
2162,219.0,514.17785928,0.0,0.0,0.0,0.0,0.0,0.0,0.0,0.0,1.005751849,0.0,10.71001742,21.99784999
2163,132.0,300.91086944,0.0,0.0,0.0,0.0,0.0,0.0,0.0,0.0,11.06327034,0.0,6.455352964,12.99872954
2164,93.0,222.2896155,1.0,0.0,0.0,1.0,0.0,78.0,0.0,0.0,1.005751849,0.0,8.460424718,8.99912045
2165,120.0,298.84496778,5.0,2.0,2.0,36.0,7.0,176.0,2.0,43.0,3.017255546,0.0,19.21934632,11.99882727
2166,210.0,525.7024463,30.0,1.0,6.0,9.0,3.0,42.0,7.0,20.0,4.023007395,0.0,16.04057403,20.99794772
2167,729.0,1749.5865205999999,33.0,86.0,0.0,26.0,157.0,83.0,68.0,441.0,4.023007395,0.0,90.37149894,71.9929636
2168,37.0,91.350950324,9.0,9.0,13.0,66.0,29.0,57.0,0.0,53.0,4.023007395,0.0,13.35084363,3.999609089
2169,235.0,627.33517418,0.0,0.0,0.0,0.0,0.0,0.0,0.0,0.0,2.011503698,0.0,11.49248444,22.99775226
2170,0.0,0.0,78.0,5.0,26.0,455.0,82.0,65.0,84.0,210.0,3.017255546,0.0,49.14871007,0.0
2171,182.0,432.99558594,0.0,0.0,0.0,0.0,0.0,0.0,0.0,0.0,2.011503698,0.0,8.90056242,17.9982409
2172,183.0,591.5085725,0.0,0.0,0.0,0.0,0.0,0.0,0.0,0.0,2.011503698,0.0,8.949466609,17.9982409
2173,187.0,595.82887682,0.0,0.0,0.0,0.0,0.0,0.0,0.0,0.0,0.0,0.0,9.145083366,17.9982409
2174,108.0,307.67407706,15.0,11.0,0.0,1.0,21.0,4.0,0.0,54.0,0.0,0.0,10.46549647,10.99892499
2175,172.0,412.38931524000003,22.0,28.0,12.0,5.0,51.0,45.0,0.0,60.0,2.011503698,0.0,19.3171547,16.99833863
2176,9.0,21.88678037,0.0,0.0,0.0,0.0,0.0,0.0,0.0,0.0,7.040262942,0.0,0.440137702,0.999902272
2177,440.0,1046.8583878,0.0,0.0,0.0,0.0,0.0,0.0,0.0,0.0,1.005751849,0.0,21.51784321,42.9957977
2178,1342.0,3285.2714585999997,36.0,9.0,46.0,228.0,81.0,97.0,0.0,163.0,0.0,7.875898601,97.90618662,131.9870999
2179,310.0,656.95274374,65.0,73.0,0.0,78.0,239.0,163.0,22.0,471.0,0.0,0.0,69.49285274,29.99706817
2180,204.0,651.05162426,0.0,0.0,0.0,0.0,0.0,0.0,0.0,0.0,1.005751849,7.875898601,9.976454581,19.99804544
2181,368.0,874.66948068,4.0,2.0,1.0,21.0,10.0,11.0,0.0,65.0,2.011503698,0.0,23.57181916,35.9964818
2182,1306.0,3102.5745738,0.0,0.0,0.0,0.0,0.0,237.0,0.0,0.0,0.0,0.0,75.45916381,127.9874908
2183,1072.0,2560.3926444000003,0.0,0.0,0.0,3.0,0.0,87.0,0.0,1.0,0.0,0.0,56.87557195,104.9897386
2184,65.0,149.19377508,12.0,6.0,0.0,216.0,13.0,31.0,0.0,122.0,0.0,0.0,22.74044794,5.999413633
2185,0.0,0.0,268.0,124.0,197.0,327.0,271.0,139.0,0.0,894.0,0.0,472.553916,108.5672998,0.0
2186,586.0,1369.7904958,113.0,77.0,3.0,179.0,310.0,427.0,1.0,688.0,8.04601479,0.0,116.5875869,57.99433179
2187,31.1,51.034376982,0.0,0.0,0.0,0.0,0.0,0.0,0.0,0.0,0.0,0.0,0.0,0.0
2188,457.9,998.0455273800001,0.0,0.0,0.0,0.0,0.0,0.0,0.0,0.0,0.0,0.0,0.0,0.0
2189,206.0,449.515824,0.0,0.0,0.0,0.0,0.0,10.0,0.0,0.0,0.0,0.0,0.0,0.0
2190,7.0,12.668744988,0.0,53.9,0.0,0.0,0.0,1.1,0.0,0.0,0.0,0.0,0.0,0.0
2191,0.0,0.0,0.0,0.0,0.0,0.0,0.0,0.0,0.0,0.0,0.0,0.0,0.0,0.0
2192,72.2,102.8,0.0,51.0,0.0,0.0,0.0,0.0,0.0,0.0,0.0,0.0,0.0,0.0
2193,15.6,23.899901898,0.0,0.0,0.0,0.0,0.0,0.0,0.0,0.0,0.0,0.0,0.0,0.0
2194,23.6,39.264124546,34.2,46.0,0.0,0.0,0.0,0.0,0.0,34.5,0.0,0.0,0.0,0.0
2195,85.1,133.2464455,11.3,13.6,0.0,0.0,0.0,9.7,0.0,35.0,0.0,0.0,0.0,0.0
2196,209.5,283.5,0.0,114.8,0.0,0.0,0.0,41.2,0.0,52.3,0.0,0.0,0.0,0.0
2197,33.7,46.9,36.3,508.5,0.0,0.0,0.0,35.9,0.0,144.5,0.0,0.0,0.0,0.0
2198,0.0,0.0,0.0,0.0,0.0,0.0,0.0,0.0,0.0,0.0,0.0,0.0,0.0,0.0
2199,20.6,50.046035176,0.0,0.0,0.0,0.0,11.0,0.0,0.0,87.3,0.0,0.0,0.0,0.0
2200,1.0,1.0,0.0,0.0,0.0,0.0,0.0,162.0,0.0,0.0,0.0,0.0,7.971382827,0.0
2201,0.0,0.0,0.0,0.0,0.0,0.0,0.0,0.0,0.0,0.0,0.0,0.0,0.0,0.0
2202,0.0,0.0,0.0,0.0,0.0,0.0,0.0,5.0,0.0,0.0,0.0,0.0,0.0,0.0
2203,0.0,0.0,0.0,0.0,0.0,0.0,0.0,0.0,0.0,0.0,0.0,0.0,0.0,0.0
2204,0.0,0.0,0.0,0.0,0.0,0.0,0.0,0.0,0.0,0.0,0.0,0.0,0.0,0.0
2205,0.0,0.0,0.0,0.0,0.0,0.0,0.0,0.0,0.0,0.0,0.0,0.0,10.0,0.0
2206,4.0,16.083016688,0.0,4.5,0.0,0.0,0.0,0.0,0.0,10.5,0.0,0.0,0.0,0.0
2207,32.2,56.87457857,0.0,0.0,0.0,0.0,0.0,0.0,0.0,0.0,0.0,0.0,0.0,0.0
2208,0.0,0.0,0.0,0.0,0.0,0.0,0.0,0.0,0.0,0.0,0.0,0.0,0.0,0.0
2209,0.0,0.0,0.0,0.0,0.0,0.0,0.0,0.0,0.0,0.0,0.0,0.0,0.0,0.0
2210,0.0,0.0,0.0,0.0,0.0,0.0,0.0,0.0,0.0,0.0,0.0,0.0,0.0,0.0
2211,1.0,1.624826626,0.0,0.0,0.0,0.0,0.0,0.0,0.0,0.0,0.0,0.0,0.048904189,0.0
2212,2.0,2.808391869,0.0,0.0,0.0,0.0,0.0,0.0,0.0,0.0,0.0,0.0,0.097808378,0.0
2213,0.0,0.0,0.0,0.0,0.0,0.0,0.0,0.0,0.0,0.0,0.0,0.0,0.0,0.0
2214,0.0,0.0,0.0,0.0,0.0,0.0,0.0,0.0,0.0,0.0,0.0,0.0,0.0,0.0
2215,0.0,0.0,0.0,0.0,0.0,0.0,0.0,0.0,0.0,0.0,0.0,0.0,0.0,0.0
2216,0.0,0.0,0.0,0.0,0.0,0.0,0.0,0.0,0.0,0.0,0.0,0.0,0.0,0.0
2217,1.0,6.0593749378,0.0,0.0,0.0,0.0,0.0,0.0,0.0,0.0,1010.390156,0.0,0.04901861,0.0
2218,0.0,0.0,0.0,0.0,0.0,0.0,0.0,0.0,0.0,0.0,1.011401557,0.0,0.0,0.0
2219,0.0,0.0,0.0,0.0,0.0,0.0,0.0,0.0,0.0,0.0,0.0,0.0,0.0,0.0
2220,8.0,20.774999788,0.0,0.0,0.0,0.0,0.0,0.0,0.0,0.0,6.068409344,0.0,6.176344867,1.000061363
2221,1.0,1.0,0.0,0.0,0.0,0.0,0.0,0.0,0.0,0.0,50.57007786,0.0,0.04901861,0.0
2222,6.0,21.640624776,0.0,2.0,2.0,2.0,92.0,7.0,0.0,0.0,22.25083426,0.0,55.99969468,0.0
2223,9.0,29.431249698,0.0,1.0,2.0,1.0,190.0,25.0,1.0,0.0,12.13681869,0.0,11.27428031,1.000061363
2224,0.0,0.0,0.0,2.0,1.0,0.0,113.2,14.0,15.0,0.0,0.0,0.0,13.13698716,0.0
2225,0.0,0.0,0.0,0.0,0.0,0.0,0.0,0.0,0.0,0.0,0.0,0.0,0.0,0.0
2226,0.0,0.0,0.0,0.0,0.0,0.0,0.0,0.0,0.0,0.0,0.0,0.0,0.0,0.0
2227,7.2,17.230671972,0.0,0.0,0.0,0.0,0.0,0.0,0.0,0.0,0.0,0.0,16.22515993,22.00134998
2228,16.0,38.953124596,0.0,0.0,0.0,0.0,0.0,0.0,0.0,0.0,12.13681869,0.0,14.99969468,20.00122726
2229,29.0,102.143748972,0.0,1.0,2.0,0.0,28.0,10.0,0.0,0.0,5.057007786,0.0,3.480321314,2.000122726
2230,4.0,17.31249982,0.0,0.0,0.0,0.0,0.0,0.0,0.0,0.0,3.034204672,0.0,0.19607444,0.0
2231,0.0,0.0,0.0,0.0,0.0,0.0,0.0,0.0,0.0,0.0,0.0,0.0,0.0,0.0
2232,2.0,5.1937499462,0.0,0.0,0.0,0.0,0.0,0.0,0.0,0.0,1.087913669,0.0,0.418106709,0.0
2233,0.0,0.0,0.0,1.0,6.0,0.0,39.0,2.0,0.0,0.0,5.99189674,0.0,2.032823958,0.0
2234,0.0,0.0,0.0,1.0,18.4,0.0,198.8,1.0,3.0,0.0,6.068409344,0.0,16.76436464,0.0
2235,0.0,0.0,0.0,0.0,4.0,4.0,294.0,0.0,0.0,0.0,0.0,0.0,14.80362024,0.0
2236,0.0,0.0,0.0,0.0,0.0,0.0,0.0,0.0,0.0,0.0,6.068409344,0.0,4.558730735,6.000368177
2237,10.2,28.2519160752,0.0,0.0,0.0,0.0,0.0,0.0,0.0,0.0,0.0,0.0,3.627377144,5.000306814
2238,9.0,32.028124672,0.0,1.0,1.0,0.0,30.0,2.0,0.0,0.0,1.011401557,0.0,2.794060773,2.000122726
2239,2.0,6.0593749378,0.0,0.0,0.0,0.0,0.0,0.0,0.0,0.0,1.011401557,0.0,1.274483861,2.000122726
2240,0.0,0.0,0.0,0.0,0.0,0.0,0.0,0.0,0.0,0.0,0.0,0.0,1.176446641,2.000122726
2241,0.0,0.0,0.0,0.0,0.0,0.0,0.0,0.0,0.0,0.0,1.673107707,0.0,2.467440198,2.000122723
2242,1.0,1.731249982,0.0,0.0,0.0,0.0,0.0,0.0,0.0,0.0,3.952485518,0.0,1.660197474,1.21e-08
2243,1.0,1.731249982,0.0,0.8,3.4000000000000004,0.0,63.8,11.8,3.8000000000000003,0.0,0.0,0.0,6.813586798,0.0
2244,0.0,0.0,0.0,2.4000000000000004,4.0,0.0,81.2,20.0,2.4000000000000004,0.0,8.091212458,0.0,101.7146336,4.000245451
2245,99.60000000000001,241.56726392000002,0.0,2.0,2.4000000000000004,0.0,143.20000000000002,6.4,4.800000000000001,0.0,0.0,0.0,30.09742657,40.00245451
2246,86.4,221.63374144,0.0,7.0,3.0,0.0,222.2,3.6,5.0,0.0,1.011401554,0.0,39.80311125,34.00208624
2247,286.0,713.78304288,0.0,0.0,0.0,0.0,0.0,0.0,0.0,0.0,1.05e-06,0.0,22.45058984,30.00190207
2248,0.0,0.0,0.0,0.0,0.0,0.0,0.0,0.0,0.0,0.0,0.0,0.0,1.862707182,2.000122726
2249,23.400000000000002,62.967179507400004,0.0,0.0,0.0,0.0,9.0,2.0,0.0,0.0,6.511226306,0.0,2.048708769,2.000122865
2250,603.4000000000001,1494.9171725400001,0.0,1.0,0.0,1.0,30.0,4.0,1.0,0.0,0.0,0.0,102.0567461,134.0082226
2251,122.2,329.3006607,0.0,1.2000000000000002,9.4,0.0,61.2,3.6,1.2000000000000002,0.0,0.0,0.0,30.7346685,32.00196361
2252,843.0,2076.7721751999998,0.0,0.0,0.0,0.0,0.0,0.0,0.0,0.0,0.552912534,0.0,41.18652964,55.21643309
2253,1600.0,4137.00584,0.0,1.4,8.4,0.0,65.8,7.4,4.0,0.0,0.876655896,0.0,60.64284495,70.1838982
2254,1056.8,2747.399136,0.0,0.8,1.0,0.0,67.4,1.8,1.2000000000000002,0.0,0.593245819,0.0,81.35282896,92.61261304
2255,224.0,576.045014,0.0,0.0,0.0,0.0,0.0,0.0,0.0,0.0,1.011401496,0.0,40.39133223,54.00331031
2256,8.600000000000001,18.9619219516,0.0,0.0,0.0,0.0,0.0,0.0,0.0,0.0,2.943754019,0.0,13.51922519,6.985509055
2257,27.0,91.756249056,0.0,0.0,0.0,0.0,0.0,0.0,0.0,0.0,1.011401528,0.0,1.323502448,2.000122661
2258,1.0,1.731249982,0.0,1.0,2.0,0.0,112.0,13.0,2.0,0.0,3.034204672,0.0,6.470456527,0.0
2259,0.0,0.0,0.0,3.0,6.0,7.0,127.0,61.0,5.0,9.0,2.022803115,0.0,84.99928758,0.0
2260,0.0,0.0,0.0,0.0,0.4,0.0,1.6,0.4,0.4,0.0,6.068409344,0.0,177.9886086,0.0
2261,0.0,0.0,0.0,1.6,1.2000000000000002,0.0,88.80000000000001,2.4000000000000004,2.0,0.0,3.034204672,0.0,9.607647571,2.000122726
2262,61.6,151.99221244,0.0,0.0,0.0,0.0,0.0,0.0,0.0,0.0,2.022803115,0.0,1.960744402,3.000184089
2263,8.2,20.355315623800003,0.0,6.6,7.2,0.0,171.4,5.800000000000001,7.6,0.0,4.136056667,0.0,19.32324488,11.0155987
2264,25.0,69.24999928800001,0.0,9.8,5.8,0.0,219.4,5.0,9.8,0.0,5.057007741,0.0,28.77392385,2.000122708
2265,0.0,0.0,0.0,0.0,1.2000000000000002,0.0,29.6,1.6,1.6,0.0,0.0,0.0,48.96959144,2.000122726
2266,1.0,1.731249982,0.0,6.0,4.0,0.0,157.6,8.4,11.0,0.4,0.0,0.0,90.49923669,0.0
2267,383.8,1005.3547274199999,0.0,2.0,4.0,0.4,78.6,4.0,5.0,0.0,3.034204672,0.0,25.78378889,26.00159543
2268,18.2,41.574147252,2.4000000000000004,2.0,3.2,34.800000000000004,54.400000000000006,2.4000000000000004,4.0,4.0,2.022803115,0.0,13.82324804,15.00092044
2269,74.6,178.63667478,1.0,2.0,4.0,2.0,55.0,59.0,3.0,6.0,0.0,0.0,19.11725792,17.00104317
2270,1.0,2.5968749736,0.0,0.0,0.0,0.0,0.0,0.0,0.0,0.0,0.0,0.0,21.22505815,28.00171816
2271,325.6,983.3248932,0.0,8.2,8.4,0.0,335.2,12.6,16.8,0.0,1.011401557,0.0,64.60652805,45.00276133
2272,112.2,272.94688146,0.0,18.0,24.4,0.0,638.4000000000001,17.0,22.4,0.0,6.068409344,0.0,201.9294199,13.00079772
2273,297.2,752.76643082,0.0,0.0,0.0,0.0,0.0,0.0,0.0,0.0,6.068397164,0.0,36.27404736,48.00331711
2274,0.0,0.0,0.0,0.0,775.0,1.0,73.0,1.0,0.0,0.0,4.045606229,0.0,95.68432682,4.000245451
2275,0.0,0.0,0.0,15.4,11.0,0.0,359.6,11.8,16.200000000000003,0.0,5.057007786,0.0,72.54754288,35.0021477
2276,0.0,0.0,0.0,0.0,0.0,0.0,0.0,0.0,0.0,0.0,3.034204672,0.0,109.5075749,42.00257724
2277,0.0,0.0,0.0,0.8,2.4000000000000004,0.0,39.6,2.0,3.6,0.0,3.034204672,0.0,57.93999708,16.00098181
2278,0.0,0.0,0.0,0.0,0.0,0.0,0.0,0.0,0.0,0.0,8.091212458,0.0,65.88101191,0.0
2279,0.0,0.0,0.0,0.0,0.0,0.0,0.0,0.0,0.0,0.0,7.079810901,0.0,16.5682902,0.0
2280,0.0,0.0,0.0,0.0,0.0,0.0,0.0,0.0,0.0,0.0,6.068409344,0.0,148.8997237,0.0
2281,0.0,0.0,0.0,3.4,7.8,0.0,211.8,16.8,11.6,0.0,0.0,0.0,24.65636086,3.000184089
2282,0.0,0.0,0.0,2.8000000000000003,6.4,0.0,362.20000000000005,13.200000000000001,19.4,0.0,2.022803115,0.0,48.72449839,0.0
2283,0.0,0.0,0.0,0.0,0.0,0.0,0.0,0.0,0.0,0.0,3.034204672,0.0,0.04901861,0.0
2284,0.0,0.0,0.0,0.0,0.0,0.0,0.0,0.0,0.0,0.0,2.022803115,0.0,4.803823785,0.0
2285,0.0,0.0,0.0,0.0,0.0,0.0,0.0,0.0,0.0,0.0,0.0,0.0,0.0,0.0
2286,0.0,0.0,0.0,0.0,0.0,0.0,0.0,0.0,0.0,0.0,6.068409344,0.0,16.17614132,0.0
2287,4.800000000000001,10.811402020000001,0.0,0.0,0.0,0.0,0.0,0.0,0.0,0.0,6.068409344,0.0,71.95931956,0.0
2288,1.0,3.4624999646,0.0,0.0,0.0,0.0,0.0,0.0,0.0,0.0,0.0,0.0,0.29411166,0.0
2289,0.0,0.0,0.0,0.0,0.0,0.0,0.0,0.0,0.0,0.0,6.068409344,0.0,0.0,0.0
2290,0.0,0.0,0.0,0.0,0.0,0.0,0.0,0.0,0.0,0.0,5.057007786,0.0,0.0,0.0
2291,0.0,0.0,0.0,0.0,0.0,0.0,0.0,0.0,0.0,0.0,2.022803115,0.0,0.0,0.0
2292,19.200000000000003,52.36772852000001,0.0,0.0,0.0,0.0,0.0,0.0,0.0,0.0,6.068409344,0.0,66.32319715,0.0
2293,24.0,59.12485480000001,0.0,0.0,0.0,0.0,0.0,0.0,0.0,0.0,6.068409217,0.0,46.02847408,1.64e-08
2294,81.0,210.38367440000002,1.6,13.2,12.0,11.200000000000001,280.0,11.8,21.6,5.6000000000000005,2.022803115,0.0,64.99867693,29.00177952
2295,197.0,479.1250671,0.0,14.0,7.0,0.0,282.6,12.6,21.0,0.0,1.011401544,0.0,15.0977317,20.001227
2296,0.0,0.0,1.2000000000000002,19.4,29.8,12.4,934.8,25.400000000000002,44.0,3.2,4.045606229,0.0,140.1354609,0.0
2297,486.0,1260.98584,0.0,0.0,0.0,0.0,0.0,0.0,0.0,0.0,1.944281691,0.0,26.80889073,35.56591245
2298,230.0,594.68436884,0.0,0.0,0.0,0.0,0.0,0.0,0.0,0.0,0.942531079,0.0,12.56220185,16.77533628
2299,7.2,19.595666164,0.0,0.0,0.0,0.0,0.0,0.0,0.0,0.0,0.0,0.0,27.05827214,36.00220825
2300,0.0,0.0,0.0,0.0,0.0,0.0,0.0,0.0,0.0,0.0,0.0,0.0,23.62697005,32.00196361
2301,236.60000000000002,617.29469626,0.0,0.0,0.0,0.0,0.0,0.0,0.0,0.0,2.022803115,0.0,64.01830473,20.00122726
2302,321.8,847.1101699200001,0.0,0.0,0.0,0.0,0.0,68.0,0.0,0.0,2.46e-09,0.0,21.67860307,24.36286166
2303,336.0,851.6155535,0.0,0.0,0.0,0.0,0.0,0.0,0.0,0.0,1.05e-08,0.0,18.97523881,24.80187385
2304,546.2,1531.5864974,3.2,9.8,11.6,0.8,186.4,18.4,6.6,6.4,0.0,0.0,31.55705755,39.16594797
2305,1060.0,3070.3718434,8.6,37.4,14.2,43.2,322.6,67.6,18.8,32.8,0.048266606,0.0,71.35036185,68.88709112
2306,747.0,1941.596855,8.0,22.0,35.0,6.0,194.0,82.0,17.0,29.0,0.099125296,0.0,60.59858716,54.78245971
2307,399.0,1034.09571292,0.0,0.0,0.0,0.0,0.0,0.0,0.0,0.0,0.0,0.0,24.55832364,33.00202497
2308,0.0,0.0,0.0,1.6,2.0,0.0,13.200000000000001,5.6000000000000005,0.4,0.0,0.0,0.0,23.57795144,26.00159543
2309,194.8,508.84071092,0.0,0.0,0.0,0.0,0.0,0.0,0.0,0.0,0.0,0.0,24.50930503,33.00202497
2310,188.8,574.6261012800001,4.4,13.8,2.8000000000000003,11.600000000000001,40.2,1.6,4.8,4.6,0.0,0.0,26.91121685,26.00159536
2311,249.2,773.47109656,21.0,12.8,5.6,1.6,231.20000000000002,37.0,13.0,1.6,0.0,0.0,27.41454542,20.67600653
2312,563.0,1625.6437332,0.0,0.0,0.0,0.0,0.0,0.0,0.0,0.0,1.0114015,0.0,27.59747589,37.00226832
2313,822.6,2318.1807387999997,0.0,0.0,0.0,0.0,0.0,0.0,0.0,0.0,0.0,0.0,32.00915237,43.0026386
2314,327.0,1156.4749882,25.8,86.2,12.2,23.4,434.4,33.6,16.0,19.6,0.0,0.0,57.93999708,21.00128862
2315,265.4,914.43784692,1.4,3.4,5.0,6.4,167.6,146.4,12.4,15.0,0.0,0.0,52.45031986,17.00104317
2316,493.2,1644.5416478,0.0,0.0,0.0,0.0,0.0,0.0,0.0,0.0,0.0,0.0,24.55832364,33.00202497
2317,476.4,1453.1566976,0.0,0.0,0.0,0.0,0.0,39.0,0.0,0.0,0.0,0.0,28.92097993,36.00220906
2318,665.8,2123.3004932,0.0,0.0,0.0,0.0,0.0,0.0,0.0,0.0,0.0,0.0,37.40119947,50.00306814
2319,307.4,1009.45308072,0.0,0.0,0.0,0.0,0.0,0.0,0.0,0.0,0.0,0.0,29.80331491,40.00245451
2320,0.0,0.0,0.0,0.0,0.0,0.0,0.0,0.0,0.0,0.0,0.0,0.0,0.0,0.0
2321,22.0,56.265624422,0.0,1.0,7.0,1.0,37.0,2.0,1.0,0.0,4.045606229,0.0,3.529339924,1.000061363
2322,2.0,4.3281249552,0.0,0.0,0.0,0.0,0.0,0.0,0.0,0.0,7.079810901,0.0,0.09803722,0.0
2323,0.0,0.0,0.0,0.0,0.0,0.0,0.0,0.0,0.0,0.0,6.068409344,0.0,0.09803722,0.0
2324,12.8,32.434206064,0.0,0.0,0.0,0.0,0.0,0.0,0.0,0.0,2.022803115,0.0,0.588223321,1.000061363
2325,62.800000000000004,164.53602452,0.0,0.0,0.0,0.0,0.0,0.0,0.0,0.0,7.079810901,0.0,62.00955946,0.0
2326,67.6,180.8201925,0.8,2.2,3.2,0.8,79.6,0.4,5.8,0.4,9.018850907,0.0,147.8489133,2.435843362
2327,5.0,12.984374866,0.0,0.0,0.0,0.0,0.0,0.0,0.0,0.0,3.034205025,0.0,0.245093044,0.0
2328,2.0,5.1937499462,0.0,0.0,0.0,0.0,0.0,0.0,0.0,0.0,9.102613376,0.0,0.739522092,0.858026237
2329,0.0,0.0,0.0,0.0,0.0,0.0,0.0,0.0,0.0,0.0,3.034204672,0.0,2.745042163,4.000245451
2330,17.2,35.137056568000006,0.0,0.0,0.0,0.0,0.0,0.0,0.0,0.0,5.057007786,0.0,125.1566153,11.00067499
2331,34.0,87.8426414,0.0,0.0,0.0,0.0,0.0,0.0,0.0,0.0,4.957009584,0.0,138.8303854,4.201225566
2332,0.0,0.0,1.6,9.6,12.6,9.600000000000001,262.6,6.2,16.6,4.0,6.657466299,0.0,164.0776382,1.799142611
2333,1.0,4.3281249552,0.0,0.0,0.0,0.0,0.0,0.0,0.0,0.0,0.0,0.0,15.02196028,20.22774788
2334,8.0,27.70421768,0.0,0.0,0.0,0.0,0.0,0.0,0.0,0.0,0.0,0.0,21.66622564,29.00177952
2335,36.2,93.328061288,0.0,0.0,0.0,0.0,0.0,0.0,0.0,0.0,0.0,0.0,35.34241785,47.00288405
2336,563.6,1371.25585734,7.4,5.6,14.6,44.400000000000006,111.8,15.600000000000001,11.8,21.4,1.011401557,0.0,149.212649,178.0109226
2337,14.0,39.191332324,0.0,0.4,0.4,0.0,48.0,1.2000000000000002,0.4,0.0,0.0,0.0,19.01922068,25.00153405
2338,53.400000000000006,138.46435709000002,0.0,0.8,0.4,0.0,16.0,2.8000000000000003,1.2000000000000002,0.0,0.0,0.0,41.76385577,51.00312951
2339,6.4,17.230671972,0.4,0.4,0.8,10.8,34.4,2.8000000000000003,2.0,1.2000000000000002,3.034204672,0.0,5.146954056,4.000245451
2340,1128.6,2764.53058168,30.0,10.4,16.400000000000002,120.0,301.2,46.400000000000006,38.400000000000006,74.8,1.011401557,0.0,183.8197877,210.0128862
2341,170.20000000000002,408.737913844,4.800000000000001,1.2000000000000002,1.6,19.6,10.4,1.2000000000000002,4.4,9.600000000000001,3.034204672,0.0,3.529339924,5.000306814
2342,2.0,5.067844696000001,0.0,0.0,0.0,0.0,0.0,0.0,0.0,0.0,0.0,0.0,0.0,0.0
2343,0.0,0.0,2.0,0.8,0.8,50.400000000000006,78.0,4.0,8.8,3.6,0.0,0.0,20.34272317,0.0
2344,663.6,1725.3512048,7.4,22.0,17.4,27.6,419.8,70.4,33.0,35.0,5.044929868,0.0,141.458611,39.56673536
2345,373.4,1049.2078234,0.0,0.0,0.0,0.0,0.0,0.0,0.0,0.0,1.22e-07,0.0,20.27869705,27.09950906
2346,219.0,643.691355,2.0,2.0,3.4,2.0,9.0,153.0,0.0,4.0,0.0,0.0,23.28383978,20.00122726
2347,36.0,103.00937394,0.0,7.0,5.0,6.0,80.8,9.0,6.0,3.0,1.011401557,0.0,34.90125036,47.00288405
2348,45.2,126.70128424,0.0,0.0,0.0,0.0,0.0,0.0,0.0,0.0,3.034204672,0.0,1.862707182,2.000122726
2349,24.0,66.253369866,0.0,0.0,0.0,0.0,0.0,0.0,0.0,0.0,0.0,0.0,5.686158766,8.000490903
2350,16.2,43.34736565,0.8,17.2,5.8,5.2,337.8,7.2,20.8,1.6,4.34982751,0.0,82.77847601,14.69430183
2351,429.2,1058.50414418,9.0,14.0,4.0,19.0,93.0,12.0,11.4,19.0,4.359569094,0.0,106.1173934,18.20987597
2352,0.0,0.0,0.0,1.0,0.0,1.0,12.0,1.0,4.0,4.0,1.011401557,0.0,7.499847338,9.000552266
2353,1240.8,3149.5971456,8.600000000000001,8.6,3.2,24.6,190.0,11.2,13.0,19.2,1.011401557,0.0,63.82223029,49.00300678
2354,175.0,437.1406205,0.0,0.0,0.0,0.0,0.0,0.0,0.0,0.0,2.022803115,0.0,62.98016865,7.00042954
2355,4.6,11.71899543,4.0,1.0,6.8,6.4,37.0,10.0,9.0,14.0,0.0,0.0,5.392047106,1.000061363
2356,10.8,28.042073992000002,6.4,3.6,3.2,50.400000000000006,87.60000000000001,7.2,4.4,16.8,2.022802862,0.0,48.47939929,36.00220457
2357,88.2,223.77929749999998,1.4,2.0,3.0,29.8,75.4,3.8,6.8,3.0,2.022803115,0.0,111.9094867,55.00337496
2358,671.0,2590.815598,3.0,9.0,6.0,9.0,62.0,130.0,8.0,15.0,0.0,0.0,44.75399095,44.00269993
2359,765.0,1975.3951406,28.4,18.2,11.4,84.0,193.8,12.600000000000001,27.6,98.0,0.0,0.0,32.25424524,35.00214751
2360,32.0,103.87499892,0.0,0.0,0.0,0.0,0.0,0.0,0.0,0.0,2.122988297,6.14e-09,2.042360818,2.066164069
2361,0.0,0.0,9.600000000000001,2.0,3.2,20.8,32.800000000000004,3.6,5.2,17.6,5.057007786,0.0,52.10678249,25.00153407
2362,0.0,0.0,34.6,15.2,14.6,139.2,192.0,14.600000000000001,29.8,89.0,4.625413104,0.0,72.40278521,10.25924609
2363,442.8,1079.20881,0.0,0.0,0.0,0.0,0.0,0.0,0.0,0.0,1.991144984,0.0,9.939796296,1.575055665
2364,452.0,1217.0687374000001,0.0,0.0,0.0,0.0,1.0,39.0,0.0,0.0,2.739525032,0.0,15.26899628,18.28445745
2365,28.0,102.143748972,0.0,0.0,0.0,0.0,0.0,0.0,0.0,0.0,2.934019484,4.89e-09,15.31022729,1.934081572
2366,0.0,0.0,8.0,2.4000000000000004,1.6,33.2,22.400000000000002,7.6000000000000005,5.6000000000000005,20.8,1.011401557,0.0,38.5286275,27.0016568
2367,0.0,0.0,6.0,0.4,1.2000000000000002,34.0,0.4,8.4,4.0,15.200000000000001,1.474008199,0.0,45.79609231,21.03259744
2368,142.8,363.299192,16.6,5.6,7.2,20.0,97.0,2.6,10.0,36.8,4.864413615,0.0,31.07473886,13.80788559
2369,263.0,798.10624178,0.0,0.0,0.0,0.0,0.0,0.0,0.0,0.0,1.499321473,0.0,10.96668689,13.58183946
2370,475.0,1948.521855,1.2000000000000002,6.4,8.4,2.0,12.0,17.8,10.600000000000001,19.200000000000003,4.19e-09,0.0,25.75871364,31.9882165
2371,853.2,2502.775031,0.0,0.0,0.0,0.0,0.0,49.0,0.0,0.0,0.0,0.0,60.14583454,77.00472494
2372,38.800000000000004,92.23477348,0.0,0.0,0.0,0.0,0.0,0.0,0.0,0.0,1.288389086,1.06e-08,54.98114402,73.25173453
2373,80.0,212.50835189999998,0.0,0.0,0.0,0.0,0.0,0.0,0.0,0.0,0.734414028,1.09e-08,31.34062829,41.7553222
2374,1.6,4.054275756,0.8,0.0,2.4000000000000004,4.4,24.0,2.4000000000000004,2.0,4.0,3.034204672,0.0,92.98932102,5.000306814
2375,4.0,13.85210884,0.0,0.0,0.0,0.0,0.0,0.0,0.0,0.0,1.624633471,0.0,81.93802481,2.000123193
2376,31.0,109.06874888,18.0,4.0,5.2,1.0,98.0,21.4,8.600000000000001,36.800000000000004,4.231576318,0.0,22.88009196,2.019056461
2377,152.0,624.1156186000001,0.0,0.0,0.0,0.0,0.0,0.0,0.0,0.0,0.0,0.0,20.39174178,11.00067499
2378,364.0,1082.8968633999998,25.0,0.0,0.0,1.0,1.0,29.0,0.0,14.0,0.0,0.0,21.27407676,24.00147271
2379,335.0,1334.793736,0.0,0.0,0.0,0.0,0.0,0.0,0.0,0.0,0.0,0.0,16.42123437,22.00134998
2380,4.0,12.162827272000001,18.8,4.800000000000001,5.2,56.0,0.0,8.4,6.800000000000001,43.6,3.034204672,0.0,55.83219685,0.0
2381,7.2,22.974229296,124.80000000000001,52.0,33.0,68.0,212.0,62.400000000000006,66.2,257.0,1.037469343,0.0,104.2359181,0.125398446
2382,146.2,548.4925356800001,0.0,0.0,0.0,0.0,0.0,0.0,0.0,0.0,3.303933073,0.0,22.45187459,24.62349046
2383,275.4,1091.4492472,0.0,0.0,0.0,0.0,0.0,0.0,0.0,0.0,5.015684684,0.0,14.63403534,19.83778848
2384,460.6,1585.9949662,24.0,0.0,0.0,2.0,55.0,0.0,26.0,2.0,0.0,0.0,28.18570078,31.00190225
2385,266.0,920.1593655199999,37.6,5.6,0.8,9.0,6.0,39.8,9.2,65.4,0.0,0.0,19.46038819,17.00104317
2386,87.0,251.03124738,0.0,0.0,2.0,0.0,5.0,32.0,1.0,1.0,0.0,0.0,6.274382087,6.000368177
2387,47.0,167.9312483,0.0,0.0,0.0,0.0,7.0,7.0,0.0,0.0,1.46e-07,0.0,2.554550162,2.563135165
2388,1.0,3.4624999646,0.0,0.0,0.0,0.0,0.0,0.0,0.0,0.0,1.69e-07,0.0,2.61491439,3.352748095
2389,0.0,0.0,0.0,0.0,0.0,0.0,0.0,0.0,0.0,0.0,2.89e-11,0.0,3.75e-10,5.14e-10
2390,7.0,19.909374794,0.0,0.0,0.0,0.0,0.0,0.0,0.0,0.0,1.011401528,0.0,13.13698711,18.001104
2391,11.200000000000001,36.48848182,0.0,0.0,0.0,0.0,0.0,0.0,0.0,0.0,0.0,0.0,24.65636083,33.00202494
2392,1.6,3.7164194448000005,0.0,0.0,0.0,0.0,0.0,0.0,0.0,0.0,5.057007786,0.0,1.617614132,2.000122726
2393,5.6000000000000005,19.595666164,0.0,0.0,0.0,0.0,0.0,0.0,0.0,0.0,0.0,0.0,7.891996219,2.000122726
2394,0.0,0.0,0.0,0.0,0.0,0.0,0.0,0.0,0.0,0.0,5.057007786,0.0,26.76416109,36.00220906
2395,0.0,0.0,0.0,0.0,0.0,0.0,0.0,0.0,0.0,0.0,0.0,0.0,12.64680139,17.00104317
2396,1.2000000000000002,2.364994192,0.0,0.0,0.0,0.0,0.0,0.0,0.0,0.0,0.0,0.0,8.82334981,12.00073635
2397,5.6000000000000005,15.203534092000002,0.0,0.0,0.0,0.0,0.0,0.0,0.0,0.0,0.0,0.0,2.843079383,4.000245451
2398,10.8,31.420637124000002,0.0,0.0,0.0,0.0,0.0,0.0,0.0,0.0,5.057007786,0.0,10.53900116,2.000122726
2399,0.0,0.0,0.0,0.0,0.0,0.0,0.0,0.0,0.0,0.0,0.0,0.0,11.37231753,15.00092044
2400,0.0,0.0,0.0,0.0,0.0,0.0,0.0,0.0,0.0,0.0,0.0,0.0,10.34292672,14.00085908
2401,3.6,10.473545708000001,0.0,0.0,0.0,0.0,0.0,0.0,0.0,0.0,1.011401557,0.0,18.72510904,25.00153407
2402,12.8,32.772062376,0.0,0.0,0.0,0.0,0.0,0.0,0.0,0.0,0.0,0.0,23.52893283,31.00190225
2403,0.0,0.0,0.8,0.8,0.0,0.0,0.0,2.8000000000000003,3.6,3.6,2.022803115,0.0,24.01911893,32.00196361
2404,0.0,0.0,0.0,0.0,0.0,0.0,0.0,0.0,0.0,0.0,2.991931212,0.0,42.53538783,8.875153904
2405,0.0,0.0,0.0,0.0,0.0,0.0,0.0,0.0,0.0,0.0,3.034204672,0.0,64.70456527,86.00527721
2406,0.0,0.0,0.0,0.0,0.0,0.0,0.0,0.0,0.0,0.0,0.0,0.0,21.12702093,28.00171816
2407,0.0,0.0,0.0,0.0,0.0,0.0,0.0,0.0,0.0,0.0,0.0,0.0,23.52893283,31.00190225
2408,0.0,0.0,0.0,0.0,0.0,0.0,20.0,2.0,0.0,0.0,0.0,0.0,21.76426286,29.00177952
2409,0.0,0.0,0.0,0.0,0.0,0.0,0.0,0.0,0.0,0.0,0.0,0.0,22.20543035,30.00184089
2410,0.0,0.0,0.0,0.0,0.0,0.0,0.0,0.0,0.0,0.0,0.0,0.0,23.62697005,32.00196361
2411,34.0,98.68124898,0.0,0.0,0.0,0.0,0.0,0.0,0.0,0.0,0.0,0.0,21.4701512,29.00177952
2412,0.0,0.0,0.0,0.0,0.0,0.0,0.0,0.0,0.0,0.0,0.0,0.0,23.52893283,31.00190225
2413,0.0,0.0,0.0,0.0,0.0,0.0,0.0,0.0,0.0,0.0,0.0,0.0,23.52893283,31.00190225
2414,0.0,0.0,0.0,0.0,0.0,0.0,0.0,0.0,0.0,0.0,0.0,0.0,22.79365368,30.00184089
2415,0.0,0.0,0.0,0.0,0.0,0.0,0.0,0.0,0.0,0.0,0.0,0.0,23.52893283,31.00190225
2416,21.0,48.4749995,0.0,0.0,0.0,0.0,0.0,0.0,0.0,0.0,0.0,0.0,45.04810264,60.00368177
2417,525.8,1500.874156,3.4,120.80000000000001,5.0,5.4,6.0,15.0,12.0,6.4,1.011401555,0.0,51.95972652,45.00276121
2418,387.0,1408.3718608,4.2,14.4,4.0,8.0,60.0,142.0,5.2,29.4,0.0,0.0,35.04830619,28.00171816
2419,455.8,1574.6684496,4.0,4.0,6.0,6.0,9.0,16.0,5.0,16.4,0.0,0.0,32.00915237,38.00233179
2420,0.0,0.0,0.0,0.0,0.0,0.0,0.0,0.0,0.0,0.0,26.29644049,0.0,0.0,0.0
2421,0.0,0.0,0.0,0.0,0.0,0.0,0.0,0.0,0.0,0.0,25.28503893,0.0,0.0,0.0
2422,0.0,0.0,0.0,0.0,0.0,0.0,0.0,0.0,0.0,0.0,73.83231368,0.0,0.0,0.0
2423,0.0,0.0,0.0,0.0,0.0,0.0,0.0,0.0,0.0,0.0,68.7753059,0.0,0.0,0.0
2424,1.0,3.4624999646,0.0,0.0,0.0,0.0,0.0,0.0,0.0,0.0,20.22803115,0.0,0.04901861,0.0
2425,0.0,0.0,0.0,0.0,0.0,0.0,0.0,0.0,0.0,0.0,0.0,0.0,73.92006396,99.00607492
2426,0.0,0.0,0.0,0.0,0.0,0.0,0.0,0.0,0.0,0.0,0.0,0.0,32.6463943,44.00269997
2427,0.0,0.0,0.0,0.0,0.0,0.0,0.0,0.0,0.0,0.0,0.0,0.0,125.4386231,163.0100021
2428,350.8,1146.3464704,7.6000000000000005,1.2000000000000002,0.6,0.0,26.2,2.8000000000000003,0.4,13.200000000000001,0.0,0.0,64.21437917,75.00460222
2429,456.0,1427.4208843458,8.0,1.6,1.2000000000000002,0.0,0.0,2.0,0.8,10.8,0.0,0.0,116.0760686,138.0084681
2430,0.0,0.0,0.0,0.0,2.0,0.0,36.0,0.0,0.0,0.0,0.0,0.0,1.862707182,0.0
2431,266.8,706.71758586,20.6,14.2,27.6,84.6,96.0,30.2,10.2,60.8,0.0,0.0,42.64619075,32.00196361
2432,67.2,197.98379952000002,0.0,0.0,0.0,0.0,0.0,0.0,0.0,0.0,0.0,0.0,8.82334981,12.00073635
2433,401.8,1168.3080797399998,0.0,0.0,0.0,0.0,0.0,0.0,0.0,0.0,0.0,0.0,48.82253561,65.00398859
2434,674.8000000000001,2051.9657831600002,0.0,0.0,0.0,0.0,0.0,0.0,0.0,0.0,0.0,0.0,88.13546088,118.0072408
2435,500.8,1380.4808956000002,12.8,2.8000000000000003,2.4000000000000004,0.0,0.0,2.8000000000000003,1.6,24.8,0.0,0.0,119.6544271,112.0068726
2436,491.0,1274.20462722,8.4,1.2000000000000002,2.4000000000000004,11.600000000000001,0.0,4.0,2.4000000000000004,10.0,0.0,0.0,42.79324658,49.00300678
2437,576.4000000000001,1435.7880998800001,0.0,0.0,0.0,0.0,0.0,0.0,0.0,0.0,0.0,0.0,51.86168944,69.00423404
2438,494.4,1429.416703,14.2,11.0,19.2,12.0,46.0,51.0,5.8,26.4,0.0,0.0,36.66592032,36.00220906
2439,518.2,1341.59863148,8.0,2.0,2.0,3.6,17.2,0.8,2.4000000000000004,11.200000000000001,0.0,0.0,81.07678103,60.00368177
2440,579.0,1845.7206362000002,1.6,3.6,5.8,1.6,69.6,1.4,2.0,4.4,0.0,0.0,96.84185809,47.00288405
2441,930.2,2738.9829916,0.0,0.0,0.0,0.0,0.0,0.0,0.0,0.0,0.0,0.0,73.33184064,98.00601356
2442,646.6,2024.7892272,6.4,8.0,13.4,13.4,35.0,56.2,6.4,24.0,0.0,0.0,40.68544635,44.00269997
2443,375.20000000000005,966.97598066,4.0,1.2000000000000002,4.0,3.6,0.0,8.4,0.8,12.8,0.0,0.0,52.614788,55.50677407
2444,612.8,1891.8166165999999,0.0,0.0,0.0,0.0,0.0,0.0,0.0,0.0,0.0,0.0,27.56727989,36.60183671
2445,1000.6,2801.1300988,13.600000000000001,3.6,6.2,7.0,18.0,79.8,4.6,29.200000000000003,0.0,0.0,74.85141755,74.00454085
2446,545.0,1681.9093576,0.0,0.0,0.0,0.0,22.0,2.0,0.0,5.0,0.0,0.0,28.08766356,36.00220906
2447,268.8,704.89586102,0.0,0.0,0.0,0.0,0.0,0.0,0.0,0.0,0.0,0.0,25.47185796,32.49862606
2448,474.2,1636.8581586,0.0,0.0,0.0,0.0,0.0,0.0,0.0,0.0,0.0,0.0,31.05897759,41.4029494
2449,439.4,1609.0069462000001,40.6,8.4,5.8,1.0,31.0,4.4,4.0,51.6,0.0,0.0,41.02857662,29.00177952
2450,353.4,1090.4975762,10.8,1.2000000000000002,2.0,1.6,24.0,35.8,2.4000000000000004,47.0,0.0,0.0,26.8131797,23.00141135
2451,288.8,742.68325476,33.0,8.0,14.4,45.0,25.0,10.8,9.4,83.4,0.0,0.0,28.7739241,20.00122726
2452,634.8,1744.2535492,7.6000000000000005,0.4,1.6,0.0,3.0,3.2,1.2000000000000002,11.600000000000001,0.0,0.0,42.45011631,57.00349768
2453,257.2,714.38631248,15.600000000000001,2.8000000000000003,4.0,0.0,0.0,49.8,2.0,25.6,0.0,0.0,31.81307793,27.0016568
2454,0.0,0.0,0.0,0.0,0.0,0.0,0.0,0.0,0.0,0.0,0.0,0.0,0.44116749,1.000061363
2455,161.0,432.81249552,0.0,0.0,0.0,0.0,0.0,0.0,0.0,0.0,2.382160458,0.0,10.84767332,8.132336865
2456,187.8,492.33288682,27.8,13.6,8.8,21.0,64.0,8.2,10.2,77.0,2.674847356,0.0,22.73007465,15.86913593
2457,693.6,2376.9548724,9.8,7.4,3.4,12.0,10.0,3.8,4.8,21.2,0.0,0.0,50.1950567,62.0038045
2458,474.6,1603.5278532,0.0,0.0,0.0,0.0,0.0,59.0,0.0,0.0,0.0,0.0,36.51886449,45.00276133
2459,426.0,1087.2249888,0.0,0.0,0.0,0.0,0.0,0.0,0.0,0.0,0.0,0.0,20.88192788,28.00171816
2460,75.0,215.54062274,0.0,0.0,0.0,0.0,0.0,0.0,0.0,0.0,8.19023423,0.0,11.78914238,14.32732753
2461,147.0,438.52673832000005,39.4,10.2,8.4,32.0,9.0,19.8,5.4,69.6,3.946584435,0.0,12.08292148,11.67426892
2462,417.4,1133.5638172000001,0.0,0.0,0.0,0.0,0.0,0.0,0.0,0.0,1.011401557,0.0,28.43079383,38.00233179
2463,893.6,2750.8065912,0.0,0.0,0.0,0.0,0.0,0.0,0.0,0.0,1.011401557,0.0,62.64578365,84.00515448
2464,303.0,901.11561572,93.80000000000001,29.6,17.6,23.0,0.0,36.400000000000006,54.6,205.8,1.011401557,0.0,20.39174178,27.0016568
2465,1009.6,3096.0069548,0.0,0.0,0.0,0.0,0.0,42.0,0.0,0.0,0.0,0.0,52.59696859,68.00417268
2466,459.0,1635.1656082,1.0,6.0,3.0,2.0,11.0,9.0,4.0,5.0,0.0,0.0,24.50930503,30.00184089
2467,1374.6,5005.8054569999995,0.0,0.0,0.0,0.0,0.0,49.0,0.0,0.0,0.0,0.0,70.29268605,91.00558302
2468,954.0,2880.6637314,7.6000000000000005,1.2000000000000002,2.8000000000000003,0.0,0.0,42.2,3.2,18.8,1.011401552,0.0,56.12630843,72.00441803
2469,798.2,2385.6584684,1.2000000000000002,0.4,1.2000000000000002,0.0,0.0,2.0,0.4,3.6,1.011401557,0.0,35.04830619,47.00288405
2470,1614.2,4860.8866108,0.0,0.0,0.0,0.0,0.0,0.0,0.0,0.0,7.079810591,0.0,17.89179188,24.00147166
2471,595.4,1673.0631954,12.0,79.0,2.0,10.0,99.0,59.0,53.4,80.8,0.0,0.0,48.62646117,40.00245451
2472,467.0,1724.1791476,55.4,4.0,2.0,19.0,6.0,5.4,3.4,101.4,0.0,0.0,33.57774789,32.00196361
2473,737.0,2724.1218472,0.0,0.0,0.0,0.0,0.0,0.0,0.0,0.0,0.0,0.0,36.12671561,48.00294542
2474,237.0,724.52811754,77.6,31.200000000000003,25.200000000000003,9.0,0.0,39.2,57.2,271.4,2.022803115,0.0,55.5871038,39.00239315
2475,830.4,2539.6850948,31.4,10.2,13.2,0.0,0.0,19.200000000000003,42.8,141.0,4.354414619,0.0,11.42917042,15.61161272
2476,48.6,123.29857346,48.2,23.8,21.6,0.0,0.0,24.8,44.8,153.4,2.725396595,0.0,3.962673941,5.389676953
2477,558.0,2000.4593539999998,12.4,3.0,1.0,1.0,4.0,6.0,3.0,48.0,0.0,0.0,31.27387321,37.00227043
2478,158.4,557.80035058,43.0,12.0,13.4,0.0,13.0,96.0,13.0,170.8,2.022803115,0.0,25.68575167,10.00061363
2479,510.0,1685.3718575999999,20.4,5.4,0.4,14.0,1.0,9.8,5.8,30.2,0.0,0.0,29.50920325,33.00202497
2480,729.2,2573.697229,238.0,141.4,12.2,27.0,15.0,32.8,68.0,204.2,0.0,0.0,83.8708418,49.00300678
2481,991.8,3229.2440296,0.0,0.0,0.0,0.0,0.0,0.0,0.0,0.0,0.0,0.0,60.68503925,72.00441813
2482,432.0,1436.3187149999999,7.0,1.0,0.0,1.0,5.0,6.4,2.0,32.4,0.0,0.0,35.44045507,47.00288405
2483,194.0,681.246868,0.0,0.0,0.0,0.0,0.0,410.0,0.0,0.0,0.0,0.0,29.70527769,13.00079772
2484,6.0,17.31249982,1.6,1.6,2.4000000000000004,0.0,0.0,187.0,9.600000000000001,8.8,2.022803112,0.0,16.27417852,0.0
2485,499.8,1389.7646666,4.0,1.0,4.0,0.0,0.0,4.0,2.4,14.0,0.0,0.0,34.21498982,44.00269997
2486,950.8,2916.0903488000004,0.0,0.0,0.0,0.0,0.0,0.0,0.0,0.0,0.0,0.0,54.55771299,73.00447949
2487,922.2,3052.8274624,58.8,22.0,13.4,31.0,135.4,13.4,85.4,196.2,1.011401557,0.0,73.57693369,62.0038045
2488,619.0,1806.1734161999998,5.4,3.4,6.4,0.0,19.0,21.8,9.4,18.0,0.0,0.0,45.88141901,56.00343632
2489,568.4,1430.7533654000001,0.0,0.0,0.0,0.0,0.0,0.0,0.0,0.0,0.0,0.0,37.45021808,50.00306814
2490,348.8,1196.430188,0.0,0.0,0.0,0.0,0.0,0.0,0.0,0.0,0.0,0.0,18.82314626,25.00153407
2491,329.0,1169.4593632,0.0,0.0,0.0,0.0,0.0,0.0,0.0,0.0,0.0,0.0,16.12712174,22.00134866
2492,187.0,676.05311804,0.0,0.0,0.0,0.0,0.0,0.0,0.0,0.0,0.580689462,0.0,44.94036446,23.54132167
2493,100.4,338.7636953,31.0,4.0,5.0,1.0,15.0,36.4,15.0,161.6,0.743162691,0.0,22.90753742,17.63592213
2494,216.2,614.6598598,0.0,0.0,0.0,0.0,0.0,0.0,0.0,0.4,1.011401557,0.0,19.26431375,15.00092044
2495,1209.8,3741.9699826,16.0,8.4,9.8,10.0,1.0,47.0,13.8,47.8,0.0,0.0,78.87094358,95.00582947
2496,240.8,680.98145472,53.6,5.6,16.2,0.0,1.0,51.2,49.4,102.2,1.011401557,0.0,30.29350101,19.00116589
2497,370.8,1073.8399105400001,0.0,0.0,0.0,0.0,0.0,0.0,0.0,0.0,0.468358686,0.0,24.31114569,27.78643702
2498,305.0,956.20095778,47.4,11.8,7.2,0.0,0.0,10.4,28.6,113.0,0.543042869,0.0,28.18778579,32.21724492
2499,500.2,1601.4746702,0.0,0.0,0.0,0.0,0.0,0.0,0.0,0.0,0.698950961,0.0,41.6017083,23.82674593
2500,0.0,0.0,123.6,37.2,43.400000000000006,183.0,35.0,69.80000000000001,134.6,333.6,0.0,0.0,89.94914945,0.0
2501,0.0,0.0,65.6,26.2,29.200000000000003,0.0,0.0,33.0,116.80000000000001,183.0,0.0,0.0,13.57815444,0.0
2502,1496.6,4659.8634758,76.4,30.8,64.0,0.0,0.0,107.0,49.8,174.0,0.0,0.0,120.5367621,127.0077931
2503,1558.0,4622.2782258,0.0,0.0,0.0,0.0,0.0,0.0,0.0,0.0,0.0,0.0,74.47638366,97.31174119
2504,571.4,1620.2717758000001,0.4,0.4,0.8,0.0,0.0,2.4000000000000004,2.4000000000000004,0.8,1.011401557,0.0,51.64850044,68.69844489
2505,1091.0,3491.1328651999997,21.0,6.4,4.4,0.0,7.0,16.0,7.4,76.0,2.022803115,0.0,64.4039545,77.01781805
2506,225.2,742.62441452,9.0,3.0,2.0,0.0,3.0,27.0,2.0,38.0,1.011401574,0.0,26.54271469,16.00098189
2507,105.4,323.35664614,146.8,234.0,39.8,3.0,39.0,85.6,116.2,720.6,2.022803042,0.0,99.65483066,10.00061327
2508,321.8,955.9020118799999,428.8,79.2,27.2,0.0,89.0,80.4,67.4,556.8,2.022803117,0.0,92.00793119,35.00214784
2509,72.8,227.48000518000003,574.6,444.8,23.6,1.0,55.0,77.8,50.8,773.2,0.0,0.0,104.6547305,7.000429406
2510,361.6,987.57751728,90.6,27.2,17.4,1.0,20.0,78.8,89.2,308.2,0.0,0.0,66.16546234,35.0021477
2511,599.8,1599.4714682,115.4,253.4,15.8,27.0,82.0,349.4,208.6,450.6,0.0,0.0,105.0468813,41.00251588
2512,3.0,10.387499892,538.2,106.4,31.2,1.0,72.0,89.8,92.2,567.8,5.61e-08,0.0,75.46501641,2.78e-07
2513,473.6,1311.3421426,173.8,252.8,27.2,22.0,19.0,23.6,81.2,209.4,0.082015947,0.0,59.85101713,34.73320225
2514,899.0,3033.1499685999997,15.0,2.0,3.0,3.0,16.0,12.0,8.0,58.8,0.0,0.0,49.05867892,59.26869911
2515,177.4,586.246397,2.4,30.8,5.4,1.0,2.0,83.6,146.0,104.8,0.0,0.0,29.85233268,14.00085869
2516,827.4,1953.5582762000001,35.6,35.6,13.6,10.0,1.0,11.8,26.6,108.2,0.929385618,0.0,54.70547551,55.27232091
2517,667.4,1599.3277426,55.6,17.4,8.0,0.0,4.0,32.4,27.8,108.0,3.034204665,0.0,44.8520281,49.00300667
2518,499.6,1609.5168944,0.0,0.0,0.0,0.0,0.0,0.0,0.0,0.0,0.0,0.0,27.80005048,36.9891766
2519,1162.4,3879.5412979999996,28.4,15.4,27.8,12.0,47.0,52.6,17.4,95.6,0.0,0.0,81.47788031,75.73958576
2520,1633.2,4418.405034,67.8,5.6,27.0,1.0,15.0,23.0,25.2,193.8,0.0,0.0,114.1153242,115.0070567
2521,768.6,2236.225381,0.0,0.0,0.0,0.0,0.0,0.0,0.0,0.0,6.068409344,0.0,48.2833309,64.00392722
2522,380.4,1354.1973810000002,5.0,0.8,2.8,2.0,2.0,5.2,5.2,12.8,3.034204672,0.0,24.65636086,25.00153407
2523,1154.0,2577.831223,42.2,10.6,5.800000000000001,3.0,17.2,10.2,17.4,127.4,0.0,0.0,67.10647716,75.00460222
2524,434.0,1011.9156148799999,80.0,22.2,70.2,6.0,6.0,63.0,54.2,170.4,1.011401557,0.0,64.26339778,28.00171816
2525,301.0,836.83170354,67.2,8.2,6.4,1.0,10.0,31.6,34.6,135.0,2.022803115,0.0,36.42082727,22.00134998
2526,0.0,0.0,174.2,17.0,121.8,13.0,19.0,33.4,57.8,345.0,3.034204672,0.0,46.22454928,0.0
2527,526.8,1442.347404,39.6,12.6,14.0,0.0,0.0,8.4,29.4,110.2,1.011401557,0.0,107.2638049,37.00227043
2528,96.0,217.27187278000002,93.4,97.6,10.8,3.0,22.0,98.4,63.0,331.8,0.0,0.0,41.22465106,6.000368177
2529,3.0,8.6562499108,62.6,99.2,24.6,3.0,0.0,139.8,538.6,616.4,0.0,0.0,132.9986769,0.0
2530,876.4,2072.140464,0.0,0.0,0.0,0.0,0.0,0.0,0.0,0.0,1.011401557,0.0,43.28343268,58.00355905
2531,0.0,0.0,166.4,4.8,174.0,8.0,48.0,23.8,36.2,170.0,5.057007786,0.0,39.31292526,0.0
2532,0.0,0.0,0.0,0.0,0.0,0.0,0.0,0.0,0.0,0.0,0.0,0.0,0.0,0.0
2533,0.0,0.0,92.8,18.4,27.0,0.0,31.0,177.4,42.4,304.0,0.0,0.0,34.21498982,0.0
2534,593.6,1760.0800714,0.0,0.0,0.0,0.0,0.0,0.0,0.0,0.0,2.022803115,0.0,34.31302704,46.00282269
2535,444.2,1300.5087016,36.0,20.0,13.0,4.0,0.0,147.4,124.0,244.2,0.0,0.0,52.1558011,30.00184089
2536,0.0,0.0,262.0,65.0,84.4,1.0,82.0,593.4,128.8,900.4,1.92e-09,0.0,104.6057135,1.38e-08
2537,210.2,718.4488129,6.8,2.0,5.4,0.0,0.0,9.0,5.0,7.0,1.011401557,0.0,14.01932248,16.00098181
2538,251.2,885.78828536,13.0,8.0,8.4,0.0,0.0,40.0,14.0,20.0,0.0,0.0,18.28394155,18.00110453
2539,96.8,323.34610118,20.0,12.0,15.0,1.0,0.0,62.8,22.0,48.8,0.0,0.0,16.66632742,10.00061363
2540,397.6,1016.501877,26.4,11.0,7.4,2.0,26.2,114.6,50.6,108.8,1.011401557,0.0,72.54815353,31.00190225
2541,267.8,1035.393465,0.0,0.0,1.0,0.0,0.0,48.0,0.0,0.0,0.0,0.0,15.83301105,18.00110453
2542,257.4,642.80369132,3.0,2.0,1.4,0.0,0.0,2.4,2.4,12.0,0.0,0.0,66.66632742,21.00128862
2543,314.8,872.21635266,138.6,18.4,174.6,94.0,49.0,73.2,127.4,424.6,0.0,287.884058,72.10637539,23.00141135
2544,424.0,1252.559362,4.0,0.0,0.0,2.0,1.0,1.4,2.0,18.0,0.0,0.0,22.20543035,28.00171816
2545,7.2,15.983113268,6.6,4.6,3.6,0.0,0.0,288.4,15.2,33.6,0.0,0.0,19.65646263,2.000122726
2546,230.0,705.4843677,96.0,37.8,29.6,1.0,0.0,41.0,164.0,217.2,2.022803115,0.0,43.43048851,15.00092044
2547,0.0,0.0,84.8,58.4,15.6,0.0,20.0,48.8,79.0,344.2,0.0,0.0,92.72480372,0.0
2548,8.4,20.271378788000003,47.4,10.8,9.8,4.0,176.0,53.2,98.2,210.8,0.0,0.0,33.03854318,2.000122726
2549,1076.8,2683.8426048,80.0,58.8,45.0,1.0,888.8,149.0,136.6,1156.6,0.0,0.0,132.497303,16.00098181
2550,0.0,0.0,382.0,103.4,61.8,138.0,1055.0,408.2,729.2,1842.0,0.0,0.0,237.0539982,0.0
2551,0.0,0.0,27.4,9.4,6.4,3.0,358.0,33.8,71.4,136.0,0.0,0.0,32.25424542,0.0
2552,123.4,308.0586303,133.2,246.2,36.4,303.0,152.0,162.8,307.2,567.6,0.0,0.0,98.82151787,1.000061363
2553,41.6,103.07338104,35.0,72.8,50.0,0.0,2955.0,8.0,44.0,1405.6,0.0,0.0,224.7013085,1.000061363
2554,147.0,435.40937052,52.0,8.4,12.2,4.0,38.0,73.6,109.4,219.4,0.0,0.0,33.43069206,10.00061363
2555,330.0,993.73748988,108.2,151.2,23.0,13.0,284.0,106.4,251.6,451.2,0.0,0.0,88.08644227,22.00134998
2556,0.0,0.0,106.2,275.8,6.0,8.0,239.0,39.4,113.0,195.6,0.0,0.0,48.57744256,0.0
2557,665.0,2000.4593539999998,327.4,35.2,73.0,77.0,478.0,66.2,193.2,278.2,0.0,0.0,107.5958491,44.00269997
2558,1.6,3.0388433896000002,10.6,0.0,6.0,0.0,3.2,8.6,9.8,19.4,0.0,0.0,18.43099738,0.0
2559,600.0,1723.7038918,15.600000000000001,4.4,2.0,0.0,0.0,4.4,5.6000000000000005,32.400000000000006,0.0,0.0,42.49913492,47.00288405
2560,386.0,1193.6654394,80.8,34.4,17.8,0.0,0.0,19.8,67.6,164.0,4.045606229,0.0,47.84216341,29.00177952
2561,336.2,967.7267716399999,0.0,0.0,0.0,0.0,0.0,0.0,0.0,0.0,3.034204672,0.0,16.61730881,22.00134998
2562,302.2,846.41969458,0.0,0.0,0.0,0.0,0.0,0.0,0.0,0.0,4.045606229,0.0,16.42123437,22.00134998
2563,266.4,794.69625514,0.0,0.0,0.0,0.0,0.0,0.0,0.0,0.0,1.011401381,0.0,15.04871066,20.00122377
2564,260.4,741.7273659800001,0.0,0.0,0.0,0.0,0.0,0.0,0.0,0.0,1.292125519,0.0,17.25296389,22.99747913
2565,410.4,1360.6639974,16.400000000000002,3.6,2.8000000000000003,0.0,0.0,5.6000000000000005,10.8,41.2,2.022802939,0.0,41.76385214,32.00196084
2566,13.0,37.457973366000004,35.6,5.4,140.4,382.0,142.0,51.4,17.6,67.2,5.057007786,0.0,54.1165455,3.000184089
2567,120.6,336.44699648,0.0,0.0,0.0,0.0,0.0,0.0,0.0,0.0,0.731307103,0.0,9.781048937,13.03112344
2568,617.4,1822.2707294,39.6,9.2,10.0,44.0,2.0,18.0,22.6,107.8,1.035667525,0.0,37.57845826,39.40367931
2569,13.0,44.318966178,0.0,0.0,62.0,165.0,118.0,1.4,1.0,2.0,2.022803115,0.0,19.65646263,3.000184089
2570,521.4,1620.4469256,119.6,9.0,13.0,201.0,377.0,161.8,101.8,579.8,2.022803115,0.0,104.4096394,38.00233179
2571,1.0,2.5968749736,310.4,5.2,319.4,313.2,357.0,18.6,31.6,118.2,0.0,0.0,73.57693369,0.0
2572,192.8,600.64852436,0.0,0.0,0.0,0.0,0.0,0.0,0.0,0.0,7.079810901,0.0,26.86219831,26.00159543
2573,1659.0,5154.5398446,63.2,21.4,13.0,1.0,11.0,62.400000000000006,49.2,179.8,3.034204672,0.0,112.3996729,115.0070567
2574,472.4,1644.0579568,0.0,0.0,0.0,0.0,0.0,0.0,0.0,0.0,0.0,0.0,63.97986333,35.0021477
2575,131.6,463.56585600000005,31.6,29.0,31.2,0.0,0.0,142.8,54.0,100.6,3.034204672,0.0,31.42092904,16.00098181
2576,446.6,1404.5536832,59.2,6.0,10.8,0.0,4.8,4.0,7.6000000000000005,35.6,0.0,0.0,32.45031986,30.00184089
2577,294.8,1170.7730376,0.0,0.0,0.0,0.0,0.0,0.0,0.0,0.0,0.0,0.0,16.61730881,22.00134998
2578,374.0,1044.0140732,24.6,10.2,7.800000000000001,0.0,0.0,11.200000000000001,15.8,67.2,1.011401543,0.0,29.36214701,27.00165641
2579,639.2,1794.6138582,4.4,4.0,6.0,0.0,14.0,23.2,18.0,16.0,1.27e-07,0.0,42.26067555,49.63386321
2580,584.0,1607.1298614,0.0,0.0,0.0,0.0,0.0,0.0,0.0,0.0,6.77e-08,0.0,21.13993019,24.82819755
2581,625.6,1799.2146724,0.4,0.0,0.0,0.0,0.0,0.0,0.0,0.0,0.339660764,0.0,27.722018,32.241827
2582,217.0,659.60624324,2.0,0.0,1.0,28.0,2.0,0.0,0.0,4.0,0.488360747,0.0,39.85842994,46.35696452
2583,715.6,2099.8374058,6.4,2.0,2.8,8.0,11.0,1.8,6.4,28.2,0.986506241,0.0,50.73828835,56.57582053
2584,595.8,1723.5203064,46.8,27.4,9.8,0.0,0.0,25.8,115.80000000000001,131.8,6.85e-09,0.0,27.63859809,32.46068065
2585,729.0,1869.8245325999999,0.0,0.0,0.0,0.0,0.0,0.0,0.0,0.0,3.53e-08,0.0,14.54702488,17.08495525
2586,670.0,1857.6312308000001,0.0,0.0,0.0,0.0,0.0,0.0,0.0,0.0,0.183380017,0.0,14.96688673,17.407094
2587,272.6,784.48812274,34.8,10.200000000000001,4.0,1.0,1.0,50.2,80.0,83.0,0.0,0.0,26.32285908,18.00102661
2588,466.2,1168.8183428,0.0,0.0,0.0,0.0,0.0,0.0,0.0,0.0,0.0,0.0,9.264517076,12.00073606
2589,670.0,2549.2655988,0.0,0.0,0.0,0.0,0.0,0.0,0.0,0.0,4.045606229,0.0,32.84246874,44.00269997
2590,192.6,593.2595517,72.0,17.8,12.8,0.0,2.4,34.8,44.0,147.8,1.011401557,0.0,38.23451584,19.00116589
2591,58.4,207.56008549999999,0.0,0.0,0.0,0.0,0.0,31.0,0.0,0.0,0.0,0.0,4.411674905,4.000245451
2592,149.4,529.23472584,2.0,2.0,1.0,0.0,2.0,2.4,71.0,4.0,0.0,0.0,12.45072695,11.00067499
2593,292.2,1112.7719456,3.6,0.8,44.8,1.0,0.0,0.8,0.4,2.0,0.0,0.0,18.5290346,19.00116589
2594,203.4,734.2882002,6.0,1.0,1.0,1.0,5.0,1.0,2.0,24.0,0.0,0.0,13.97030387,17.00104317
2595,169.0,481.08187094000004,11.200000000000001,2.8000000000000003,1.2000000000000002,0.0,0.0,6.800000000000001,5.6000000000000005,25.200000000000003,1.011401557,0.0,10.93115004,15.00092044
2596,603.8,1653.1118518,151.8,189.8,2.0,6.0,99.0,165.8,490.2,959.8,0.0,0.0,132.497303,40.00245451
2597,487.0,1350.187183,0.6,0.0,12.6,0.0,0.0,0.0,0.0,0.0,0.0,0.0,26.07790055,33.00202497
2598,392.2,1317.7813422,11.0,1.4,0.8,0.0,0.0,37.2,22.2,28.4,0.0,0.0,27.10729136,31.00190225
2599,222.4,553.05675942,30.0,27.0,4.0,1.0,13.6,51.4,16.2,64.4,0.0,0.0,23.72500727,17.00104317
2600,203.6,512.58644486,121.6,24.2,11.6,1.0,66.4,37.2,64.6,305.6,0.0,0.0,50.34211253,14.00085908
2601,333.6,899.9226793400001,112.2,8.0,324.8,35.0,108.0,71.8,79.0,330.2,0.0,0.0,78.03772898,25.00153407
2602,17.0,45.012499538,194.2,142.0,11.4,5.0,69.0,55.6,218.8,355.4,0.0,0.0,53.18519191,1.000061363
2603,53.0,178.31874816,127.6,63.2,136.6,37.0,124.0,31.4,130.6,456.6,0.0,0.0,115.5673742,3.000184089
2604,295.0,807.02273808,91.2,15.8,16.8,7.0,17.0,38.8,87.2,261.4,0.0,0.0,40.34231607,23.00141135
2605,363.8,1248.021395,8.0,1.0,3.0,2.0,13.0,7.0,7.0,35.0,2.022803115,0.0,22.4505234,25.00153407
2606,172.4,593.48299656,30.4,21.8,2.2,8.0,2.0,84.4,2.4,25.0,0.0,0.0,20.29370456,13.00079772
2607,142.8,464.2551714,13.0,0.0,18.6,0.0,3.6,2.2,2.6,16.0,0.0,0.0,12.15661529,13.00079772
2608,138.4,380.16153302000004,80.8,8.2,16.4,0.0,11.6,36.6,52.2,229.4,0.0,0.0,28.13668217,11.00067499
2609,241.8,604.93236076,53.4,73.8,35.6,0.0,33.0,294.8,105.4,578.8,0.0,0.0,72.00833817,17.00104317
2610,242.6,620.1516065999999,18.8,8.8,16.8,117.6,59.4,210.8,47.2,106.4,0.0,0.0,45.39123291,17.00104317
2611,95.8,263.36405732,102.4,106.0,35.8,2.0,47.0,263.2,98.0,348.6,0.0,0.0,54.01850828,7.00042954
2612,173.2,598.09129768,0.0,0.0,0.0,0.0,2.4,73.0,0.0,0.0,0.0,0.0,14.65656441,14.00085908
2613,225.4,782.1472762,0.0,0.0,0.0,0.0,0.0,48.0,0.0,0.0,0.0,0.0,14.6075458,16.00098181
2614,149.2,363.18267152,30.4,5.0,23.0,0.0,14.0,64.0,12.0,97.0,0.0,0.0,19.55842541,10.00061363
2615,340.8,932.92240454,8.4,1.0,7.2,2.0,4.0,23.2,4.4,33.6,0.0,0.0,24.41126781,27.0016568
2616,251.0,692.8882535399999,108.4,19.0,123.0,3.0,392.6,242.0,82.2,345.8,0.0,0.0,92.84134922,20.00122726
2617,493.6,1505.3900844,0.0,0.0,3.0,0.0,0.0,0.0,0.0,0.0,0.0,0.0,25.04850974,33.00202497
2618,268.0,653.54686826,295.2,73.8,30.8,434.0,1306.0,220.6,444.8,769.2,1.011401557,0.0,203.2412256,18.00110453
2619,511.4,1283.8993318,38.6,1.6,47.0,2.0,10.2,5.6,6.4,73.8,0.0,0.0,17.94081128,4.000245451
2620,330.2,920.60319736,0.0,0.0,0.0,0.0,0.0,0.0,0.0,0.0,0.0,0.0,16.61730881,22.00134998
2621,301.4,1079.118546,0.0,0.0,0.0,0.0,0.0,0.0,0.0,0.0,0.0,71.97101449,14.95067607,20.00122726
2622,305.0,1020.3924971600001,7.4,8.0,2.4,0.0,0.0,18.4,10.0,22.0,0.0,0.0,20.58781622,23.00141135
2623,827.6,2119.6501896,38.4,10.0,13.2,0.0,137.0,48.6,739.2,197.0,0.0,0.0,92.10596829,37.00227043
2624,648.0,1719.9968572,0.0,0.0,0.0,0.0,0.0,0.0,0.0,0.0,0.0,0.0,31.81307793,42.00257724
2625,340.8,1222.580414,22.0,12.4,9.4,0.0,14.0,37.0,37.4,121.4,0.0,0.0,29.80331491,23.00141135
2626,460.2,1700.8691704,1.4,0.0,0.0,0.0,38.0,34.0,1.0,47.0,0.0,0.0,28.96999854,31.00190225
2627,131.4,454.22123952,0.0,0.0,0.0,0.0,0.0,147.0,0.0,0.0,0.0,0.0,21.65656441,10.00061363
2628,262.0,815.31698402,0.0,0.0,0.0,0.0,0.0,0.0,0.0,0.0,0.0,11.07246377,14.36245275,19.00116589
2629,0.0,0.0,90.6,305.2,16.8,3.0,38.0,60.6,148.2,491.6,0.0,0.0,88.07678103,0.0
2630,0.0,0.0,430.2,133.8,65.8,75.0,1111.0,348.6,771.4,1571.8,0.0,0.0,232.2011558,0.0
2631,0.6,0.6,140.0,235.8,27.8,8.0,203.0,134.8,312.4,837.0,0.0,0.0,97.44899679,0.0
2632,165.4,604.92392486,4.0,0.0,0.0,51.0,12.0,1.0,0.0,152.4,0.0,0.0,18.97020209,11.00067499
2633,368.4,1362.1579887999999,13.4,30.0,3.0,8.0,14.0,6.4,84.0,46.6,0.0,0.0,27.15630997,25.00153407
2634,336.8,771.41981102,0.0,0.0,0.0,0.0,7.199999999999999,0.0,0.0,42.0,0.0,0.0,20.63683483,22.00134998
2635,160.6,507.44615713999997,56.4,7.0,7.8,0.0,34.0,100.0,107.0,202.4,0.0,0.0,40.69541291,11.00067499
2636,100.0,309.41005554,423.0,132.8,22.4,1.0,71.0,86.0,191.0,544.8,0.0,0.0,80.19444605,8.000490903
2637,0.0,0.0,106.2,282.0,33.6,6.0,1448.0,98.2,234.0,446.0,0.0,0.0,141.7128017,0.0
2638,0.0,0.0,687.2,221.8,37.6,4.0,80.0,125.0,162.2,832.4,0.0,0.0,110.5859843,0.0
2639,2.0,5.1937499462,341.2,415.8,11.0,14.0,56.0,83.2,95.8,306.0,0.0,0.0,68.47899825,0.0
2640,236.6,583.60755362,266.8,69.8,46.4,19.0,1476.0,177.6,401.8,765.4,0.0,0.0,192.7411747,19.00116589
2641,864.8,2238.1264022,20.8,12.2,10.2,0.0,0.0,22.6,20.6,96.4,0.0,0.0,72.40048705,57.00349768
2642,714.6,1850.6222942000002,12.4,9.0,11.2,0.0,4.0,36.4,28.2,80.2,0.0,0.0,44.75399098,47.00288405
2643,120.8,302.08530118,54.2,17.8,16.4,0.0,0.0,159.4,36.4,110.0,1.011401557,0.0,30.09742657,8.000490903
2644,275.4,710.58479604,98.0,33.6,22.8,0.0,0.0,21.4,82.0,211.8,0.0,0.0,25.24458418,34.00208634
2645,0.0,0.0,0.0,0.0,1138.0,5.0,0.0,0.0,0.0,0.0,0.0,0.0,56.12630851,0.0
2646,0.0,0.0,244.2,32.0,14.0,4.0,531.0,55.4,69.0,788.4,0.0,0.0,82.84145099,0.0
2647,639.0,1793.5749816,0.0,0.0,0.0,0.0,0.0,0.0,0.0,0.0,0.0,0.0,31.37191043,42.00257724
2648,302.4,756.70418616,65.0,2.0,4.0,0.0,11.0,63.0,31.0,28.0,0.0,0.0,24.8524353,20.00122726
2649,119.0,295.01024834,0.0,0.0,0.0,0.0,0.0,0.0,0.0,0.0,0.0,0.0,6.127326257,8.000490903
2650,316.4,815.71157164,72.6,26.8,35.6,0.0,1.0,26.6,107.2,189.0,0.0,0.0,53.67537801,30.00184089
2651,236.0,663.9343681800001,0.0,0.0,0.0,0.0,0.0,0.0,0.0,0.0,0.0,0.0,19.80351846,15.00092044
2652,456.6,1163.1303566,0.0,0.0,0.0,0.0,0.0,34.0,0.0,0.0,0.0,0.0,26.3229936,33.00202497
2653,400.0,1079.0578082,68.8,9.2,106.6,3.0,15.0,17.4,42.2,118.2,0.0,0.0,53.28322913,35.0021477
2654,1703.2,4994.7832638,0.0,0.0,0.0,0.0,0.0,0.0,0.0,0.0,0.0,0.0,90.48835416,121.0074249
2655,439.2,1194.5026986,0.0,0.0,0.0,0.0,0.0,0.0,0.0,0.0,1.011401557,0.0,23.72500727,32.00196361
2656,1053.6,3230.2334504,38.4,22.4,24.6,0.0,0.0,66.2,49.6,87.0,0.0,0.0,69.90053794,74.00454085
2657,111.6,253.81803476,292.0,147.0,6.0,86.0,23.0,28.0,15.0,218.6,0.0,0.0,45.8324004,7.00042954
2658,500.4,1212.519277,28.4,1.0,11.0,86.0,14.0,111.8,27.8,73.8,0.0,0.0,45.93043762,38.00233179
2659,122.0,313.2303415,115.0,12.0,13.0,387.0,80.0,86.0,80.8,311.4,0.0,0.0,59.9497601,9.000552266
2660,662.6,1881.8551281999999,46.0,252.2,9.4,25.0,311.0,36.8,187.4,75.4,0.0,0.0,86.86097702,46.00282269
2661,425.4,1025.5977406,222.2,468.6,151.6,56.0,84.0,89.0,200.8,533.6,0.0,0.0,117.5956455,25.00153407
2662,0.0,0.0,1004.2,282.8,33.8,16.0,77.0,114.2,132.8,921.8,0.0,0.0,128.2326839,0.0
2663,142.0,296.90937193999997,693.4,556.8,6.6,2.0,94.0,22.8,37.8,224.4,0.0,0.0,92.44909856,9.000552266
2664,475.6,1037.195049,230.8,206.2,40.4,184.0,182.0,104.6,159.6,643.8,0.0,0.0,116.5662547,39.00239315
2665,17.0,38.087499608,275.4,25.4,20.4,494.0,142.0,255.2,205.4,428.0,0.0,0.0,91.81185663,1.000061363
2666,190.6,350.74810401999997,153.6,124.4,83.8,135.0,50.0,13.0,80.2,262.8,0.0,0.0,54.01850828,14.00085908
2667,424.4,1092.9612702,7.0,0.0,0.0,1.2,12.8,33.8,128.8,37.0,0.0,0.0,48.71493893,38.00233179
2668,333.4,786.3337841599999,30.0,4.0,24.0,171.0,24.0,90.0,116.0,148.2,0.0,0.0,51.87155422,25.00153407
2669,542.4,1831.2627266000002,99.0,71.4,9.0,1.0,20.0,28.0,110.0,275.8,0.0,0.0,57.74392264,36.00220906
2670,468.6,1222.7965828,3.4,1.0,20.0,2.0,3.0,385.4,4.0,296.4,0.0,0.0,74.8319933,41.00251588
2671,572.4,1712.4549848000001,9.0,2.0,2.0,69.0,21.0,12.0,21.0,36.0,0.0,0.0,45.64619075,46.00282269
2672,382.2,1011.14025322,28.4,7.0,6.0,1.0,25.0,69.4,47.0,264.8,0.0,0.0,42.69520936,27.0016568
2673,414.6,1499.7346818,684.0,280.2,47.2,20.0,239.0,94.2,210.0,641.6,0.0,0.0,130.8796888,30.00184089
2674,607.8,1952.7461134,2.0,1.0,1.7999999999999998,0.0,4.199999999999999,6.0,3.0,9.0,0.0,0.0,32.25424542,41.00251588
2675,302.2,882.17784144,0.0,0.0,0.0,0.0,0.0,0.0,0.0,0.0,0.0,0.0,15.29380634,20.00122726
2676,358.6,1073.427502,0.0,0.0,0.0,0.0,0.0,0.0,0.0,0.0,0.0,0.0,20.09763012,27.0016568
2677,459.6,1446.7458632,1.0,0.0,0.0,3.0,6.0,1.0,0.0,98.0,0.0,0.0,29.99938935,33.00202497
2678,265.4,761.52022032,0.0,0.0,0.0,0.0,0.0,48.0,0.0,0.0,0.0,0.0,16.86240186,19.00116589
2679,244.0,652.66131358,0.0,0.0,0.0,0.0,0.0,96.0,0.0,0.0,0.0,0.0,18.38197877,18.00110453
2680,240.4,802.67046548,0.0,0.0,0.0,0.0,0.0,0.0,0.0,0.0,0.0,0.0,14.50950858,19.00116589
2681,475.6,1672.2815071999999,0.0,0.0,0.0,0.0,0.0,0.0,0.0,0.0,2.022803115,0.0,24.21519337,32.00196361
2682,372.2,1197.7731776,3.8,1.0,1.0,1.0,0.0,208.4,2.0,9.2,0.0,0.0,30.19546379,25.00153407
2683,212.0,774.69450756,0.0,0.0,0.0,0.0,0.0,0.0,0.0,0.0,0.0,0.0,11.12722448,15.00092044
2684,301.0,688.63984744,0.0,0.0,0.0,0.0,0.0,0.0,0.0,0.0,0.0,0.0,16.76436464,22.00134998
2685,348.6,1044.09801,0.0,0.0,0.0,0.0,0.0,0.0,0.0,0.0,0.0,0.0,18.57805321,25.00153407
2686,432.4,1531.1489924,0.0,0.0,0.0,0.0,0.0,0.0,0.0,0.0,0.0,0.0,24.31323059,32.00196361
2687,380.8,1246.7958748,0.0,0.0,0.0,0.0,0.0,35.0,0.0,0.0,0.0,0.0,21.12702093,26.00159543
2688,325.8,1076.9497918000002,0.0,0.0,0.0,0.0,0.0,0.0,0.0,0.0,0.0,0.0,25.77412765,25.00153407
2689,154.6,485.93354658,0.0,0.0,0.0,0.0,0.0,0.0,0.0,0.0,0.0,0.0,8.186107879,11.00067499
2690,352.0,1105.0453274000001,0.0,0.0,0.0,0.0,0.0,61.0,0.0,0.0,1.011401557,0.0,20.63683483,24.00147271
2691,229.2,671.4931123,13.0,1.0,1.0,28.0,4.0,4.0,3.0,42.0,0.0,0.0,15.98006688,15.00092044
2692,727.0,2078.3656036,0.0,44.0,0.0,0.0,1.0,122.0,0.4,0.4,0.0,0.0,44.16576766,48.00294542
2693,628.2,1785.6185922,60.0,113.4,10.8,92.0,173.0,121.4,125.4,110.2,0.0,0.0,70.83189153,41.00251588
2694,410.0,1374.6586724,0.0,1.0,7.0,1.0,45.0,4.0,10.0,18.0,0.0,0.0,24.90145391,28.00171816
2695,485.6,1416.3765456,0.0,0.0,0.0,0.0,0.0,0.0,0.0,0.0,0.0,0.0,24.90145391,33.00202497
2696,244.2,914.1881453999999,296.4,56.0,20.0,42.0,349.0,52.0,70.4,131.0,0.0,0.0,63.13596975,17.00104317
2697,434.0,1484.5468596,0.0,0.0,0.0,0.0,0.0,0.0,0.0,0.0,0.0,0.0,21.56818842,29.00177952
2698,382.0,1184.174988,0.0,1.0,13.0,1.0,17.0,48.0,1.0,23.0,0.0,0.0,23.82304449,25.00153407
2699,376.2,1366.086359,0.0,0.0,0.0,0.0,0.0,0.0,0.0,0.0,0.0,0.0,19.65646263,26.00159543
2700,237.8,740.40947322,4.0,0.0,0.0,0.0,12.0,36.0,2.0,15.0,0.0,0.0,17.15651352,18.00110453
2701,288.6,799.79763234,6.0,0.0,0.0,7.0,9.0,22.0,3.0,26.4,0.0,0.0,19.26431375,21.00128862
2702,500.2,1362.5640702,177.2,159.0,7.2,55.2,29.4,195.8,54.0,286.4,0.0,0.0,57.98901569,39.00239315
2703,245.0,716.73749258,26.0,49.0,2.0,107.0,54.0,21.0,50.0,256.4,0.0,0.0,39.95016719,16.00098181
2704,225.4,868.7076663,0.0,0.0,0.0,0.0,0.0,0.0,0.0,0.0,0.0,0.0,11.2252617,15.00092044
2705,343.0,1157.340613,0.0,0.0,0.0,0.0,31.0,2.0,0.0,55.0,0.0,0.0,21.12702093,22.00134998
2706,89.4,282.50017988,0.0,0.0,0.0,0.0,0.0,0.0,0.0,0.0,0.0,0.0,8.7743312,12.00073635
2707,364.0,1039.7016602,69.0,30.0,2.0,27.0,14.0,11.0,55.0,179.0,0.0,0.0,37.84236696,25.00153407
2708,130.0,412.03749578,16.0,0.0,0.0,2.0,0.0,0.0,1.0,39.0,0.0,0.0,11.47035475,12.00073635
2709,76.0,245.83749748,0.0,0.0,0.0,0.0,0.0,0.0,0.0,0.0,0.0,0.0,4.264619075,6.000368177
2710,122.0,388.665621,0.0,0.0,1.0,0.0,5.0,4.0,2.0,2.0,1.011401557,0.0,7.548865948,9.000552266
2711,547.0,1508.3069952,24.4,0.0,29.4,39.0,76.0,38.8,29.2,54.8,0.0,0.0,51.44025152,40.00245451
2712,103.6,300.90385856,0.0,0.0,0.0,0.0,0.0,0.0,0.0,0.0,0.0,0.0,6.470456527,9.000552266
2713,284.8,832.26747984,54.2,28.0,68.0,147.0,113.0,119.6,144.6,215.4,2.022803115,0.0,58.72429485,20.00122726
2714,204.6,515.11087682,0.0,0.0,0.0,0.0,0.0,0.0,0.0,0.0,0.0,0.0,10.34292672,14.00085908
2715,240.0,611.13124368,0.0,0.0,0.0,0.0,0.0,0.0,0.0,0.0,0.0,0.0,12.49974556,17.00104317
2716,368.0,1119.2531134,0.0,0.0,2.0,0.0,116.0,14.0,3.0,11.0,0.0,0.0,26.86219831,26.00159543
2717,155.2,382.86016554,20.0,4.0,18.4,57.0,399.0,122.0,90.8,51.8,0.0,0.0,45.58730735,11.00067499
2718,271.8,671.3693160600001,0.0,0.0,0.0,1.0,28.0,46.0,0.0,4.0,0.0,0.0,17.64669962,18.00110453
2719,1465.6,4576.8216836,92.8,27.0,24.2,9.0,0.0,48.8,74.2,226.6,0.0,0.0,117.3015339,99.00607492
2720,1112.4,3949.05787,4.8,9.0,10.0,0.0,13.0,28.4,14.4,17.0,1.011401557,0.0,64.06732334,79.00484767
2721,448.0,1664.5968578,0.0,0.0,0.0,0.0,0.0,0.0,0.0,0.0,0.0,0.0,22.05837452,29.00177952
2722,364.2,941.9059658399999,0.0,0.0,0.0,0.0,0.0,0.0,0.0,0.0,0.0,0.0,20.58781622,27.0016568
2723,378.0,1069.6008892,0.0,1.0,61.0,3.0,215.0,13.0,0.0,34.0,0.0,0.0,36.42082727,27.0016568
2724,225.0,747.03436732,0.0,0.0,0.0,0.0,0.0,0.0,0.0,0.0,0.0,0.0,12.35268973,16.00098181
2725,317.0,995.4687399200001,0.0,0.0,0.0,0.0,0.0,0.0,0.0,0.0,0.0,0.0,18.57805321,25.00153407
2726,0.0,0.0,0.0,0.0,130.0,41.0,18.0,0.0,0.4,14.0,1.011401557,0.0,9.999796451,0.0
2727,118.0,316.40117158,361.2,53.0,80.4,956.0,540.0,121.8,186.6,998.6,5.057007786,0.0,173.3298052,12.00073635
2728,0.0,0.0,416.2,26.0,1020.6,212.0,181.0,191.4,65.8,544.0,2.022803115,343.2463768,133.9678613,0.0
2729,0.0,0.0,302.4,29.0,320.6,497.0,1228.0,23.0,31.4,938.8,2.022803115,0.0,165.2907531,0.0
2730,0.0,0.0,321.0,18.0,12.0,6.0,708.0,44.0,55.0,177.0,0.0,0.0,65.93003052,0.0
2731,442.6,1291.6845784,5.6,0.0,4.0,79.2,12.8,0.0,0.0,10.8,0.0,0.0,31.81307793,36.00220906
2732,9.0,19.909374794,68.6,6.4,868.6,164.0,41.0,79.0,43.4,172.2,1.011401557,0.0,70.78287292,1.000061363
2733,74.2,191.021998012,73.4,6.0,659.8,182.0,23.0,72.2,44.2,203.2,0.0,0.0,72.6455801,9.000552266
2734,218.4,509.75347116,0.0,0.0,0.0,0.0,0.0,0.0,0.0,0.0,0.0,0.0,12.84287583,17.00104317
2735,248.4,744.75752792,16.6,25.0,3.0,30.0,23.4,12.8,10.4,99.6,0.0,0.0,25.78378889,18.00110453
2736,326.8,719.3564063,141.4,35.2,40.8,100.0,71.6,150.0,329.0,496.2,0.0,0.0,96.12569787,23.00141135
2737,47.4,140.46523832,40.0,63.0,0.0,7.6,26.0,163.0,0.4,211.8,0.0,0.0,26.76416109,4.000245451
2738,243.0,737.13688562,115.8,69.4,19.0,1.0,41.4,139.8,118.0,543.8,0.0,0.0,70.2339052,19.00116589
2739,309.0,1024.0564034000001,0.4,1.0,0.0,0.0,9.0,105.0,2.4,32.8,1.011401557,0.0,23.72500727,21.00128862
2740,450.6,1297.7240234,0.0,0.0,0.0,0.0,0.0,0.0,0.0,0.0,0.0,0.0,22.79365368,30.00184089
2741,0.0,0.0,184.2,136.0,36.4,438.0,378.0,92.0,245.4,611.0,1.011401557,0.0,191.5759159,0.0
2742,92.0,265.74687224,55.2,13.4,69.0,180.0,41.0,23.4,31.2,551.4,0.0,0.0,55.44004797,6.000368177
2743,268.8,744.11018094,12.8,14.4,6.800000000000001,0.0,13.0,7.4,26.6,56.0,1.011401557,0.0,22.00935591,24.00147271
2744,86.6,216.83436784000003,510.6,119.2,100.2,270.0,72.0,96.8,79.4,692.6,0.0,0.0,110.9291146,8.000490903
2745,238.4,708.0833517,48.8,20.4,7.8,47.0,84.6,108.4,102.8,273.4,0.0,0.0,42.94030241,17.00104317
2746,469.2,1447.5631932000001,6.0,0.0,1.0,14.0,16.0,8.0,4.0,50.4,0.0,0.0,32.1562082,32.00196361
2747,447.6,1342.9285444,0.0,0.0,0.0,0.0,0.0,0.0,0.0,0.0,0.0,0.0,22.30346757,30.00184089
2748,12.0,34.624999646,183.4,65.0,130.0,419.0,742.0,64.2,138.8,611.8,0.0,0.0,114.5564917,2.000122726
2749,0.0,0.0,78.2,30.6,216.0,129.0,52.0,36.2,118.4,180.0,1.011401557,0.0,53.47930357,0.0
2750,78.2,192.38280804000001,296.6,53.6,138.2,596.0,133.0,234.8,248.8,1007.8,1.011401557,0.0,147.4969977,7.00042954
2751,147.0,387.15054006,146.0,104.6,12.2,79.6,75.6,9.6,47.6,1402.2,0.0,0.0,95.48835416,16.00098181
2752,746.2,1802.7432884,89.6,114.0,2.4,100.0,132.0,54.4,70.6,115.8,0.0,0.0,68.13586798,53.00325223
2753,665.4,1947.6688840000002,24.0,7.0,4.4,36.0,20.0,180.0,21.0,397.4,0.0,0.0,71.35157021,45.00276133
2754,615.4,1889.0938366,0.0,0.0,0.0,0.0,0.0,0.0,0.0,0.0,0.0,0.0,30.29350101,40.00245451
2755,371.0,1100.2093638,5.4,53.4,211.0,28.0,524.0,64.6,25.6,103.2,0.0,0.0,69.06722157,24.00147271
2756,571.0,1577.1687336,302.8,8.8,59.4,178.0,1439.0,50.4,54.8,146.2,0.0,0.0,139.0657967,37.00227043
2757,590.0,1305.362487,55.0,25.4,18.2,90.0,223.0,30.8,48.2,234.2,0.0,0.0,65.48886303,41.00251588
2758,271.0,728.85624248,188.0,110.8,23.8,75.0,630.0,48.4,231.0,236.6,0.0,0.0,98.03722011,18.00110453
2759,676.0,1465.5031096,1949.0,3.0,273.0,202.0,118.0,36.4,96.0,131.4,0.0,0.0,170.8788746,44.00269997
2760,661.6,2020.7171304,0.0,0.0,0.0,0.0,0.0,0.0,0.0,0.0,0.0,0.0,35.19536202,47.00288405
2761,0.0,0.0,36.0,2.0,152.4,519.0,48.0,9.0,5.4,71.0,0.0,0.0,41.37170689,0.0
2762,177.4,272.29204748,56.6,23.6,4.4,111.0,25.6,35.0,107.0,271.2,0.0,0.0,38.96979499,12.00073635
2763,1877.0,3814.8093354,118.6,370.0,100.6,168.0,1243.0,189.0,282.6,446.0,0.0,0.0,237.1520354,123.0075476
2764,492.8,1007.33567936,65.0,5.4,6.0,17.4,363.8,22.8,25.0,50.8,0.0,0.0,51.12641029,33.00202497
2765,910.6,2098.802747,155.8,51.0,4.6,4.8,266.0,49.6,32.2,102.2,0.0,0.0,84.31200929,60.00368177
2766,653.0,1404.0437354,204.4,126.8,12.8,44.0,350.0,38.2,83.4,98.80000000000001,0.0,0.0,86.17471648,43.0026386
2767,136.0,209.48124786,23.6,128.2,9.8,73.0,285.0,58.4,63.2,115.8,0.0,0.0,43.28343268,9.000552266
2768,33.8,67.8366759,47.0,3.0,51.0,66.0,249.6,19.6,91.0,106.6,0.0,0.0,32.00915237,4.000245451
2769,385.6,668.0547600399999,109.0,152.4,21.0,208.4,465.6,270.2,139.8,268.6,0.0,0.0,97.10586652,26.00159543
2770,564.0,1223.67792,66.2,252.0,22.4,12.0,452.0,56.8,205.0,72.0,0.0,0.0,84.94925122,39.00239315
2771,638.8,1920.0202373999998,17.0,2.4,2.0,4.0,87.0,7.0,469.4,216.8,0.0,0.0,79.23380342,45.00276133
2772,480.6,1303.4476514,15.8,7.2,7.0,17.0,109.0,61.4,27.4,54.8,0.0,0.0,49.97945623,33.00202497
2773,1008.6,2584.7709861999997,7.0,14.0,39.0,21.0,339.0,210.4,31.0,13.8,0.0,0.0,89.54733933,72.00441813
2774,448.0,1173.138032,3.0,0.0,0.4,1.0,4.0,112.0,6.0,12.0,0.0,0.0,32.59737569,34.00208634
2775,653.4,1635.9137638,0.0,0.0,0.0,0.0,0.0,0.0,33.0,0.0,0.0,0.0,35.93064117,46.00282269
2776,699.0,2271.8648984,0.0,0.0,0.0,0.0,0.0,0.0,0.0,0.0,0.0,0.0,36.71493893,49.00300678
2777,476.0,1359.397458,0.0,0.0,0.0,0.0,0.0,148.0,0.0,0.0,0.0,0.0,31.91111515,33.00202497
2778,562.2,1670.5103978,0.0,0.0,0.0,0.0,0.0,0.0,0.0,0.0,0.0,0.0,27.7935519,37.00227043
2779,811.2,2582.963075,31.0,1.0,14.0,3.0,113.0,42.0,81.0,100.0,0.0,33.2173913,64.55761122,54.00331359
2780,171.2,497.6305033,36.0,17.0,11.0,10.0,1330.0,164.0,1576.0,15.0,0.0,0.0,179.721954,12.00073635
2781,372.2,1145.3719162,2.0,0.0,0.4,2.0,3.0,5.0,0.0,0.0,0.0,0.0,19.95057429,26.00159543
2782,354.4,1027.2649832,0.0,0.0,0.0,0.0,0.0,36.0,0.0,0.0,0.0,0.0,19.80351846,24.00147271
2783,696.8,1721.524592,0.0,0.0,2.0,1.0,27.0,154.0,1.0,46.0,0.0,0.0,46.66571677,47.00288405
2784,437.8,1296.902476,0.0,0.0,0.0,0.0,18.0,3.0,19.0,9.0,0.0,0.0,25.29360279,31.00190225
2785,326.4,1290.2271774,0.0,0.0,0.0,0.0,0.0,0.0,0.0,0.0,0.0,0.0,21.30356935,23.00141135
2786,334.0,1055.647023,0.0,0.0,0.0,0.0,8.399999999999999,0.6,0.0,18.6,0.0,0.0,19.06823931,22.00134998
2787,334.4,967.9619215600001,155.2,28.4,42.6,117.0,99.0,294.4,720.4,505.6,0.0,0.0,116.4191989,31.00190225
2788,686.0,2113.3106386,1.0,3.0,3.0,5.0,2.0,377.0,2.4,3.0,1.011401557,0.0,53.92047106,46.00282269
2789,489.4,1360.1078631999999,0.0,0.6,1.6,0.6,106.4,103.8,5.2,17.0,0.0,0.0,36.96003198,38.00233179
2790,0.0,0.0,483.2,87.6,513.2,371.0,95.0,175.4,143.2,924.2,0.0,0.0,174.7222594,0.0
2791,45.8,116.71353884,84.60000000000001,66.2,3.4,0.0,1.0,117.80000000000001,432.20000000000005,427.8,3.37e-11,0.0,276.7465673,16.63605237
2792,984.0,2949.572605,6.4,2.4000000000000004,4.0,0.0,0.0,8.8,6.800000000000001,13.600000000000001,0.0,0.0,55.29299214,67.00411131
2793,0.0,0.0,143.0,46.6,36.0,0.0,0.0,46.2,118.4,279.20000000000005,0.0,0.0,130.6836144,0.0
2794,0.0,0.0,80.6,18.8,12.2,1.0,0.0,12.8,60.8,146.0,0.0,0.0,15.88202966,0.0
2795,0.0,0.0,492.6,93.0,129.0,60.0,144.0,192.0,276.4,1469.2,1.011401557,0.0,147.3009232,0.0
2796,2558.0,6352.4569592,0.0,0.0,0.0,0.0,0.0,0.0,0.0,0.0,0.0,0.0,116.395273,144.1967074
2797,3483.4,9390.9296408,0.0,0.0,0.0,0.0,0.0,0.0,0.0,0.0,0.0,0.0,128.1006073,156.288999
2798,813.4,2506.9973916,137.8,87.8,111.0,1.0,0.0,250.4,252.8,547.8,0.0,0.0,170.3897002,0.0
2799,0.0,0.0,105.60000000000001,34.8,47.6,0.0,0.0,60.2,108.0,343.8,0.0,0.0,61.22424396,0.0
2800,0.0,0.0,179.6,3.4,655.6,67.0,297.0,35.8,26.2,237.8,0.0,0.0,75.83178975,0.0
2801,427.2,1070.35843,17.4,13.8,5.2,3.0,0.0,11.4,32.8,80.4,0.0,0.0,61.19915269,75.81679257
2802,703.0,1724.8035068,21.8,14.8,2.4,0.0,0.0,22.8,95.2,101.2,0.0,0.0,84.19899898,102.726894
2803,1582.4,4431.8960879999995,0.0,0.0,0.4,0.0,0.0,67.0,0.0,0.0,5.51e-11,0.0,93.29491855,91.37057473
2804,631.4,1768.4298882,0.0,0.0,0.0,0.0,0.0,34.0,0.0,0.0,0.0,0.0,32.6463943,41.00251588
2805,395.20000000000005,968.78484052,0.0,0.0,0.0,0.0,0.0,9.0,0.0,0.0,0.0,0.0,0.44116749,0.0
2806,552.6,1375.6145612,48.8,211.4,23.6,0.0,112.0,50.8,152.4,474.6,0.0,0.0,67.79273771,11.00067499
2807,1.0,1.731249982,197.6,34.8,149.4,464.0,224.0,433.4,226.6,960.2,0.0,0.0,135.4384196,0.0
2808,305.2,885.4525380399999,3.0,2.0,13.4,0.0,0.0,18.0,6.0,16.0,0.0,0.0,18.77412765,21.00128862
2809,752.0,2196.9562276,0.0,0.0,0.0,0.0,0.0,0.0,0.0,0.0,1.011401557,0.0,37.10708781,50.00306814
2810,1171.0,2396.9156006000003,12.6,8.2,7.0,0.0,0.0,26.6,35.4,87.6,0.0,0.0,71.22404041,77.00472494
2811,496.0,1014.5124896000001,54.2,14.0,19.8,0.0,20.0,26.8,61.4,181.8,0.0,0.0,51.86168944,32.00196361
2812,1.0,1.731249982,212.6,41.4,928.8,105.0,49.0,43.6,73.4,350.8,0.0,0.0,89.16485169,0.0
2813,381.2,1288.4319206,0.0,0.0,0.0,0.0,0.0,0.0,0.0,0.0,0.0,0.0,19.70548124,26.00159543
2814,187.2,635.34881372,0.0,0.0,0.0,0.0,0.0,39.0,0.0,0.0,1.011401557,0.0,12.25465251,14.00085908
2815,404.6,1194.3390428,24.4,27.0,10.0,14.0,9.0,61.8,43.4,150.2,0.0,0.0,39.75409275,30.00184089
2816,324.0,663.06874316,53.0,32.0,6.0,0.0,10.0,22.8,43.2,131.0,0.0,0.0,30.58761267,21.00128862
2817,0.0,0.0,336.4,70.4,176.2,425.0,361.0,113.8,364.2,850.2,0.0,0.0,134.4580474,0.0
2818,900.4,2440.8967102,0.4,0.0,0.0,0.0,0.0,0.0,0.0,267.4,0.0,0.0,59.85172288,62.0038045
2819,2.0,6.0593749378,7.0,2.8,60.2,0.0,3.0,35.0,19.2,34.4,1.011401557,0.0,9.16648008,0.0
2820,221.0,698.5593678,57.4,1.0,232.8,46.0,23.0,8.4,4.4,148.4,1.011401557,0.0,37.0580692,14.00085908
2821,161.4,432.53864634,15.0,1.0,0.0,0.0,7.0,23.0,13.0,89.4,0.0,0.0,15.73497383,11.00067499
2822,0.0,0.0,23.8,10.0,83.0,194.0,47.0,169.4,21.0,97.8,0.0,0.0,32.05817098,0.0
2823,35.8,106.34596864,104.6,20.8,1095.6,68.0,230.0,322.4,180.2,473.8,1.011401557,0.0,127.2523117,3.000184089
2824,33.0,68.724339588,826.4,55.2,348.8,145.6,1339.6,207.4,448.0,1007.4,0.0,0.0,225.1914946,2.000122726
2825,333.8,741.29291894,0.0,0.0,0.0,0.0,0.0,88.0,0.0,0.0,0.0,0.0,21.22505815,23.00141135
2826,234.4,619.2397952,46.0,136.8,9.4,2.0,23.0,92.0,125.2,299.6,0.0,0.0,50.58720558,16.00098181
2827,161.8,463.7231847,91.8,135.2,18.8,7.6,26.4,22.8,296.6,173.6,0.0,0.0,56.32238295,10.00061363
2828,698.0,2304.0881024,0.0,0.0,0.0,0.0,0.0,31.4,0.0,0.0,0.0,0.0,36.37180866,46.00282269
2829,670.8,2043.424786,0.0,0.0,7.0,0.0,0.0,0.0,0.0,0.0,0.0,0.0,33.23461762,44.00269997
2830,154.2,472.2556384,0.0,0.0,0.0,0.0,0.0,0.0,0.0,0.0,0.0,0.0,8.82334981,12.00073635
2831,337.0,611.13124368,64.0,9.0,16.4,7.0,299.0,21.8,179.2,114.0,0.0,0.0,51.86168944,22.00134998
2832,536.8,1835.2928548,0.0,0.0,0.0,0.0,0.0,33.0,0.0,0.0,0.0,0.0,28.08766356,35.0021477
2833,435.0,1349.0697473999999,51.4,55.8,66.6,3.6,32.4,27.4,85.6,180.4,0.0,0.0,67.05745855,29.00177952
2834,491.6,1307.8355656,66.0,60.599999999999994,5.8,3.0,59.6,63.0,22.2,197.6,0.0,0.0,49.45977754,33.00202497
2835,317.6,833.28104876,0.0,0.0,0.0,0.0,0.0,253.0,0.0,0.0,0.0,0.0,28.52883105,22.00134998
2836,237.4,625.6370265,239.8,86.2,58.6,101.0,777.0,530.8,791.2,1197.6,0.0,0.0,202.5448967,17.00104317
2837,953.4,2080.5826542,415.0,196.8,48.2,10.0,226.0,372.4,486.6,1251.8,0.0,0.0,194.1136958,63.00386586
2838,550.8,1600.8585348000001,280.8,90.6,36.2,11.8,109.2,157.4,1377.2,704.6,0.0,0.0,208.5650334,35.0021477
2839,719.6,1653.1360002,129.8,53.2,26.0,19.6,22.2,107.4,66.4,327.8,0.0,0.0,90.34129833,47.00288405
2840,592.6,1546.3881678,4.0,0.0,1.0,6.0,0.0,2.4,0.0,12.0,0.0,0.0,30.04840796,38.00233179
2841,361.8,776.8276210199999,0.0,1.0,0.0,0.0,0.0,85.0,0.0,0.0,0.0,0.0,22.20543035,24.00147271
2842,725.4,2256.2112056,14.4,43.0,5.4,12.0,124.0,35.2,292.2,119.6,0.0,55.36231883,70.39072404,51.00312951
2843,1798.0,4548.721191600001,115.4,80.6,41.6,18.0,25.4,78.4,67.6,251.4,0.0,0.0,143.2323786,147.0090203
2844,586.8,1698.9920852,17.0,1.4,3.0,6.0,30.0,89.0,34.4,53.8,0.0,0.0,41.37170689,40.00245451
2845,394.2,883.9353480999999,109.8,32.6,7.2,21.2,57.2,45.6,133.6,221.8,0.0,0.0,66.8123655,26.00159543
2846,361.2,777.54530204,20.6,8.2,7.2,3.2,8.8,10.6,25.0,83.2,0.0,0.0,56.95962488,25.00153407
2847,833.0,2167.4431502,24.0,6.0,5.2,1.6,14.8,50.8,41.0,171.39999999999998,0.0,0.0,61.56737423,55.00337496
2848,473.8,1368.683234,8.0,47.0,69.8,12.0,91.0,5.4,170.8,130.2,0.0,0.0,48.96959144,32.00196361
2849,433.0,1245.0226564,218.4,19.4,7.4,2.0,64.0,49.4,158.8,336.6,0.0,0.0,64.94965832,29.00177952
2850,86.4,279.4069598,91.2,15.4,23.6,23.0,109.0,169.8,356.2,384.0,0.0,0.0,63.92026751,6.000368177
2851,387.0,1168.2223494,63.2,11.4,11.2,3.0,86.8,168.4,940.4,481.0,0.0,0.0,110.9291146,27.0016568
2852,13.0,36.356249628,62.0,17.2,30.2,24.0,88.0,64.8,164.4,251.2,0.0,0.0,35.44045507,1.000061363
2853,827.8,2462.9150506,22.0,35.4,5.0,79.0,9.0,24.0,59.4,99.2,0.0,0.0,57.74392264,54.00331359
2854,402.0,1092.2351532,9.0,0.0,3.4,19.0,10.0,48.0,499.2,12.8,0.0,0.0,37.10708781,33.00202497
2855,810.8,1518.036603,215.2,114.4,33.4,43.6,133.2,157.4,428.0,662.0,0.0,0.0,169.8494838,50.00306814
2856,263.4,632.45605088,90.6,129.4,65.6,1.0,101.0,242.8,187.8,233.8,0.0,0.0,71.02796597,17.00104317
2857,378.4,888.2791847999999,21.8,2.8,7.8,0.0,11.0,47.4,46.4,114.6,0.0,0.0,30.53859406,25.00153407
2858,538.0,1481.6142376,0.0,0.0,0.0,0.0,0.0,0.0,0.0,0.0,0.0,0.0,26.61710526,36.00220906
2859,444.2,1342.7564525999999,0.0,0.0,0.0,0.0,0.0,55.0,0.0,0.0,0.0,0.0,26.71514248,32.00196361
2860,46.0,160.48174876000002,25.0,8.2,7.6,204.6,1630.0,47.2,150.0,1050.4,0.0,0.0,170.1926141,2.000122726
2861,124.4,286.21238136,229.8,320.4,50.6,18.0,100.6,138.6,225.2,652.6,0.0,0.0,65.68493747,7.00042954
2862,519.8,1307.4883246,19.6,2.0,4.6,2.6,4.4,51.4,10.8,76.4,1.011401557,0.0,36.42082727,41.00251588
2863,651.2,1731.8637966000001,5.0,0.0,3.0,3.0,58.0,2.4,59.0,180.0,0.0,0.0,48.62646117,44.00269997
2864,235.6,731.8549809,4.0,3.0,4.0,0.0,201.0,188.4,142.0,353.4,0.0,0.0,55.68514102,15.00092044
2865,544.6,1408.3603667999998,262.2,59.2,20.2,5.8,49.2,100.6,144.6,456.0,0.0,0.0,97.84114567,36.00220906
2866,534.4,1382.4514060000001,102.0,79.8,11.6,2.6,86.0,57.2,96.6,592.4,0.0,0.0,113.5664583,33.00202497
2867,359.0,885.41478758,194.4,84.4,16.2,4.0,80.8,172.6,165.2,688.6,0.0,0.0,129.0169817,19.00116589
2868,393.8,1034.3379276,1.0,0.0,0.0,0.0,96.0,101.0,0.0,25.0,0.0,0.0,30.58761267,26.00159543
2869,371.0,979.29993208,1.0,0.0,0.0,0.0,6.0,3.0,1.0,17.0,0.0,22.14492754,20.14664873,25.00153407
2870,111.0,321.844623,3.4,71.0,1.0,0.0,285.0,4.4,81.2,44.4,0.0,121.7971014,29.95037074,8.000490903
2871,644.8,1965.0149164,0.0,0.0,0.0,0.0,0.0,0.0,0.0,0.0,0.0,0.0,32.84246874,44.00269997
2872,445.0,1370.432305,0.0,0.0,0.0,0.0,0.0,0.0,0.0,0.0,0.0,0.0,21.86230008,29.00177952
2873,456.6,1245.3605128000002,1.0,0.0,0.0,0.0,12.0,29.0,2.0,26.4,0.0,0.0,26.51906804,31.00190225
2874,657.2,1425.988684,106.4,33.4,22.4,1.6,103.8,139.2,176.8,503.2,0.0,0.0,106.7135141,41.00251588
2875,85.6,205.76693738,50.2,11.2,6.8,22.0,172.2,146.6,89.0,276.0,0.0,0.0,58.18509013,6.000368177
2876,461.2,1083.2147902,0.0,0.0,0.0,0.0,3.5999999999999996,0.0,7.8,0.0,0.0,0.0,23.52893283,30.00184089
2877,267.6,800.51953136,0.0,0.0,0.0,0.0,0.0,0.0,0.0,0.0,0.0,11.07246377,15.0977319,20.00122726
2878,635.2,1821.987495,48.4,10.0,14.4,7.0,15.0,74.0,16.0,152.0,0.0,0.0,52.05776388,47.00288405
2879,121.2,335.84256684,35.0,6.0,9.0,0.0,49.0,166.8,134.2,332.2,0.0,0.0,43.23441407,9.000552266
2880,417.0,1173.586082,17.0,1.2000000000000002,3.0,2.0,61.0,3.4000000000000004,35.8,76.4,0.0,0.0,31.6660221,30.00184089
2881,450.6,1311.7282943999999,0.0,0.0,0.0,0.0,0.0,0.0,0.0,0.0,0.0,0.0,26.76416109,36.00220906
2882,396.0,1001.12319328,13.0,0.0,1.0,0.0,12.0,10.4,12.0,58.4,0.0,0.0,43.01901715,32.00196361
2883,405.4,1154.215969,2.0,0.0,2.0,2.0,2.0,108.4,3.0,8.0,0.0,0.0,26.22495638,27.0016568
2884,666.0,1339.6517392,2.0,0.0,0.0,0.0,1.0,0.0,26.0,13.0,0.0,0.0,35.04830619,44.00269997
2885,20.0,52.953177384,194.8,48.4,27.6,22.6,179.8,111.8,286.0,388.8,0.0,0.0,78.33173887,1.000061363
2886,217.4,646.83381936,28.2,45.0,6.4,0.0,17.0,20.4,41.8,98.2,0.0,0.0,37.45021808,12.00073635
2887,744.2,1841.4802436,471.8,191.4,19.8,1.0,35.0,53.0,81.2,456.2,0.0,0.0,102.2528206,49.00300678
2888,357.8,938.2462777600001,163.4,61.0,21.8,68.0,274.0,103.8,156.8,552.6,0.0,0.0,93.18437771,31.00190225
2889,428.6,1132.7317248,1.4,2.4,3.4,4.0,277.0,48.8,186.6,969.4,0.0,0.0,97.0078293,33.00202497
2890,71.2,200.40320476,112.0,126.8,18.0,1.0,422.0,85.0,387.2,534.4,0.0,0.0,89.40994474,5.000306814
2891,518.0,1473.1521182,160.0,27.4,12.4,12.0,155.0,129.6,105.4,196.4,0.0,0.0,66.27316079,35.0021477
2892,666.6,1780.075492,0.0,0.0,6.4,0.0,29.0,159.0,11.0,31.0,0.0,0.0,52.02847484,46.00282269
2893,339.0,921.55486818,48.2,1.6,0.0,1.0,191.2,140.0,23.4,126.2,0.0,0.0,45.09712125,24.00147271
2894,564.8,1676.7880506,0.0,0.0,0.0,0.0,0.0,0.0,0.0,0.0,0.0,0.0,30.53859406,41.00251588
2895,347.4,829.71679128,0.0,0.0,0.0,0.0,0.0,0.0,0.0,0.0,0.0,0.0,18.23492294,24.00147271
2896,0.0,0.0,497.6,94.0,26.8,2.0,53.0,68.0,89.4,531.8,0.0,0.0,67.7437191,0.0
2897,37.2,88.275928362,311.8,76.6,6.4,1.6,13.2,25.4,46.8,312.2,0.0,0.0,62.20461616,2.000122726
2898,70.0,171.39374822,1045.4,850.4,4.8,23.0,255.0,42.0,122.6,654.8,0.0,0.0,151.4184865,5.000306814
2899,579.2,1371.2182109999999,818.8,157.2,52.2,7.0,176.0,190.6,233.0,1065.8,0.0,0.0,164.3593976,40.00245406
2900,203.0,536.6874944799999,62.6,89.0,15.4,90.0,31.0,57.0,99.2,278.4,0.0,0.0,46.46964233,13.00079772
2901,7.0,17.31249982,83.4,94.4,2.4,2.0,42.0,23.6,145.8,154.8,0.0,0.0,28.7739241,0.0
2902,0.0,0.0,613.0,643.0,49.8,20.6,129.0,211.2,258.4,1468.0,0.0,0.0,169.9475211,0.0
2903,219.2,495.4155621,114.6,56.0,5.6,1.6,228.4,47.2,272.8,260.0,0.0,0.0,74.55730589,13.00079772
2904,482.2,1147.27104,16.4,1.0,10.8,13.0,16.0,80.0,16.0,92.0,0.0,0.0,36.02867839,32.00196361
2905,440.4,1185.1308768000001,0.0,0.0,0.0,0.0,0.0,0.0,0.0,0.0,0.0,0.0,24.06813754,32.00196361
2906,844.8,1592.0123726,6.6,9.399999999999999,0.4,0.0,0.0,0.0,1.8,4.2,0.0,0.0,48.62646117,55.00337496
2907,456.0,1327.0870479999999,4.4,0.0,1.0,0.0,5.0,58.4,5.0,32.0,0.0,0.0,27.74453329,30.00184089
2908,578.4,1588.9716658,74.8,76.4,15.4,1.0,28.0,132.2,151.0,312.4,0.0,0.0,68.7240913,39.00239315
2909,407.4,890.85823904,98.6,35.6,29.6,3.6,71.2,102.2,109.2,402.2,0.0,0.0,75.88080836,29.00177952
2910,335.2,937.85169008,0.0,0.0,3.0,0.0,4.0,0.0,95.0,22.4,0.0,0.0,22.84267229,22.00134998
2911,429.6,1130.5524246,77.8,243.0,8.6,39.2,184.8,122.4,340.2,211.8,0.0,0.0,84.94925122,28.00171816
2912,169.8,398.02594914,4.0,0.0,1.0,0.0,5.0,7.0,3.0,26.0,0.0,0.0,14.80362024,17.00104317
2913,335.4,870.82085004,0.0,0.0,0.0,0.0,0.0,57.0,0.0,0.0,0.0,0.0,20.58781622,24.00147271
2914,377.4,1009.04489052,1.0,0.0,1.0,0.0,15.0,89.0,3.0,5.4,0.0,0.0,24.31323059,25.00153407
2915,468.2,795.99516704,22.0,12.0,13.4,1.0,56.0,64.4,218.4,172.8,0.0,0.0,51.32248473,31.00190225
2916,457.8,1456.8048918,263.2,91.4,15.4,4.0,26.0,44.6,90.0,282.2,0.0,0.0,63.33204419,30.00184089
2917,369.2,883.7874041599999,64.19999999999999,4.199999999999999,3.0,0.0,11.399999999999999,13.2,18.0,97.8,0.0,0.0,44.21478627,23.00141135
2918,80.0,190.43960701999998,172.6,12.2,59.0,8.6,35.0,33.0,71.6,1118.8,0.0,0.0,104.988405,4.000245451
2919,349.8,920.37131656,0.0,0.0,0.0,0.0,0.0,0.0,0.0,0.0,0.0,0.0,17.45062518,23.00141135
2920,343.0,1266.7472184,0.0,0.0,0.0,0.0,0.0,0.0,0.0,0.0,0.0,0.0,16.86240186,23.00141135
2921,496.0,1298.5455712,10.0,89.0,4.8,0.0,32.0,105.0,71.4,64.6,0.0,0.0,44.65595376,33.00202497
2922,287.0,761.74999212,6.4,0.0,11.6,2.0,8.0,2.0,3.0,16.0,0.0,0.0,16.81338325,19.00116589
2923,0.0,0.0,89.4,22.4,22.0,4.0,33.0,168.2,96.0,221.0,0.0,0.0,40.78348357,0.0
2924,125.8,316.69284152,40.6,8.8,73.2,2.0,444.0,174.6,60.6,81.8,0.0,0.0,51.12641029,8.000490903
2925,388.0,939.60708774,0.0,0.0,0.0,0.0,0.0,0.0,0.0,0.0,0.0,0.0,20.19566734,27.0016568
2926,0.0,0.0,60.6,3.4,89.2,0.0,10.0,14.4,32.0,91.0,0.0,0.0,16.27417854,0.0
2927,496.8,1312.2035495999999,6.0,1.0,1.0,0.0,3.0,9.4,5.0,42.0,0.0,0.0,28.03864495,33.00202497
2928,188.2,474.99834830000003,9.6,3.4,18.2,0.0,0.6,4.4,13.0,34.6,0.0,0.0,17.69571823,11.00067499
2929,363.8,965.85179566,24.4,3.0,58.2,69.4,3.2,8.0,18.8,81.6,0.0,0.0,30.93074294,24.00147271
2930,943.8,2231.139504,173.4,141.0,54.0,3.0,88.0,550.4,302.2,891.2,0.0,0.0,155.87918,62.0038045
2931,212.8,521.2541886,8.0,2.0,4.2,1.0,3.0,5934.8,8.8,54.0,0.0,0.0,305.7780895,14.00085908
2932,595.0,1439.8103182,0.0,0.0,1.0,0.0,1.0,7.0,0.0,33.0,0.0,0.0,31.61700349,39.00239315
2933,19.2,51.769625802,5.4,3.4,0.8,0.0,0.0,1.0,1.6,4.0,0.76121576,0.0,30.25234182,18.81701851
2934,616.8,1587.3705392,0.0,0.0,0.0,0.0,0.0,0.0,0.0,0.0,0.006006107,0.0,33.16080597,42.15462442
2935,312.0,690.7928905599999,63.2,17.4,12.8,0.0,0.0,9.4,48.8,118.2,0.241094429,0.0,9.581608772,5.959780123
2936,72.0,202.75037824,26.8,3.0,8.0,2.0,9.0,52.8,10.8,61.6,0.003085262,0.0,23.37603634,10.07330244
2937,515.4,1430.066159,117.2,47.6,17.2,0.0,0.0,32.4,96.0,291.4,1.011401556,0.0,69.36133312,57.00349759
2938,391.8,1131.304798,39.4,2.8,24.0,35.0,8.0,8.8,9.0,56.2,2.022803115,0.0,39.21488804,38.00233179
2939,122.0,317.68437172,0.0,0.0,0.0,0.0,0.0,335.4,0.4,0.0,1.011401557,0.0,22.4505234,8.000490903
2940,397.0,1022.3031144400001,0.0,0.0,0.0,0.0,0.0,68.0,0.0,0.0,1.011401557,0.0,23.13678395,26.00159543
2941,368.4,1142.4613325999999,0.0,0.0,0.0,0.0,0.0,0.0,0.0,0.0,0.0,0.0,22.8916909,31.00190225
2942,7.0,22.506249764,0.0,0.0,0.0,0.0,0.0,0.0,0.0,0.0,7.07981083,0.0,0.441167533,1.000061415
2943,585.6,1496.3540102,0.0,0.0,0.0,0.0,0.0,0.0,0.0,0.0,0.0,0.0,31.66602133,42.00257623
2944,127.6,321.65471062,0.0,0.0,0.0,0.0,0.0,0.0,0.0,0.0,0.0,0.0,7.303772898,10.00061363
2945,6.0,19.909374794,0.0,0.0,0.0,0.0,0.0,0.0,0.0,0.0,3.166475049,0.0,5.601525393,3.913714143
2946,470.0,1483.239512,52.8,40.4,28.2,0.0,6.0,30.2,8.4,35.8,0.879131325,0.0,32.97612189,36.08874147
2947,441.4,1281.4848816,11.0,19.0,0.0,0.0,2.0,5.0,3.0,25.4,0.0,0.0,25.04850974,29.00177952
2948,2.0,6.0593749378,2.0,0.0,3.0,323.0,0.0,14.4,1.0,9.0,3.034204672,0.0,17.45062518,0.0
2949,2.0,3.0,54.8,2.0,26.6,111.0,15.0,19.2,17.8,95.4,3.034204644,0.0,18.52903443,1.06e-10
2950,37.0,90.89062406400001,15.8,1.0,15.4,2.0,5.0,98.8,11.0,71.0,3.034204452,0.0,18.18590301,9.000551612
2951,266.6,730.82148222,20.0,1.0,3.8,2.0,11.0,37.4,24.0,117.0,1.99e-10,0.0,30.93074288,27.00165674
2952,463.6,1124.5108702,32.0,3.4,4.2,16.4,6.8,14.4,11.6,59.8,0.0,0.0,30.14644518,31.00190225
2953,302.2,837.48326852,0.0,0.0,0.0,0.0,0.0,65.0,0.0,0.0,0.0,0.0,18.43099738,20.00122726
2954,24.2,70.707400074,0.0,0.0,0.0,0.0,0.0,0.0,0.0,0.0,9.214017657,0.0,4.063616878,5.423580796
2955,6.0,12.984374866,74.0,11.6,73.8,252.0,18.0,18.6,67.0,324.8,0.0,0.0,56.17532712,0.0
2956,41.2,121.82546094,6.6000000000000005,0.8,1.6,0.0,0.0,8.4,10.0,14.200000000000001,0.89999809,0.0,14.61247466,19.57795385
2957,156.8,459.92609756,5.0,0.0,2.0,0.0,20.0,8.4,26.0,21.4,0.0,0.0,29.2641102,34.00208634
2958,173.2,510.197303,0.0,0.0,0.0,0.0,0.0,59.0,0.0,0.0,0.0,0.0,17.5486624,20.00122726
2959,158.0,469.74386030000005,0.0,0.0,0.0,0.0,0.0,0.0,0.0,0.0,0.0,0.0,86.67578511,33.00202497
2960,750.4,1883.8339704,16.0,82.0,358.4,4.0,25.0,1.0,17.0,51.8,0.0,0.0,64.45947222,49.00300678
2961,321.0,1270.7374868,0.0,0.0,0.0,0.0,0.0,25.0,0.0,0.0,0.0,0.0,16.96043908,21.00128862
2962,362.4,1061.1104042,0.0,0.4,0.0,0.0,0.0,517.0,0.0,32.0,0.0,0.0,45.39123291,25.00153407
2963,826.0,1901.7781056,0.0,0.0,0.0,0.0,0.0,17.0,0.0,0.0,0.0,0.0,41.32268828,54.00331359
2964,649.2,1865.379887,90.2,384.4,38.4,3.0,30.0,138.4,240.2,379.6,0.0,0.0,99.26268536,42.00257724
2965,176.2,690.83274998,42.0,195.0,3.4,0.0,13.0,135.0,35.6,155.8,0.0,0.0,38.67568333,11.00067499
2966,2.0,10.387499892,8.2,3.0,12.6,23.0,4.0,15645.0,10.8,34.8,0.0,0.0,772.9744619,0.0
2967,346.2,593.79670516,1.4,1.0,0.4,0.0,6.0,181.0,18.2,26.2,0.0,0.0,30.7346685,23.00141135
2968,148.8,620.13473474,16.2,191.0,5.2,0.0,6.0,25.8,22.4,108.4,0.0,0.0,28.47981244,12.00073635
2969,467.2,857.27728296,44.6,23.6,3.4,1.0,23.0,42.6,200.8,250.4,0.0,0.0,51.46954056,29.00177952
2970,438.6,1269.4573444,2.2,0.8,0.8,0.0,0.0,15.0,6.0,12.6,0.0,0.0,24.11715615,31.00190225
2971,555.6,1353.3076082,0.4,0.4,0.8,0.0,0.0,0.4,0.4,3.0,0.0,0.0,27.59747746,37.00227043
2972,765.4,1690.875098,158.0,127.4,29.0,2.0,75.0,615.8,181.2,963.6,0.0,0.0,145.193123,55.00337496
2973,549.0,1609.3122185999998,4.4,1.8,1.4,0.0,0.0,4.2,8.0,9.8,0.0,0.0,33.28363623,38.00233179
2974,466.0,1528.6937344,19.0,6.0,6.0,1.0,6.0,11.8,9.0,96.4,0.0,0.0,30.58761267,31.00190225
2975,405.8,894.7247113799999,22.0,17.8,0.0,0.0,3.0,17.2,40.2,155.0,0.0,0.0,56.76355044,16.00098181
2976,416.0,1384.9999858,0.0,0.0,0.0,0.0,0.0,0.0,0.0,0.0,0.0,0.0,20.39174178,27.0016568
2977,421.8,1071.2282726,6.8,1.8,1.0,0.6,56.0,34.4,6.8,33.2,0.0,0.0,43.92067461,21.00128862
2978,287.6,1020.27597656,7.6,22.4,0.0,7.6,6.0,1.4,67.4,7.8,0.0,0.0,20.09763012,19.00116589
2979,450.0,1022.3031144400001,0.0,0.0,0.0,0.0,0.0,0.0,0.0,0.0,0.0,0.0,23.381877,29.00177952
2980,436.6,1416.9022056000001,2.0,11.0,0.0,0.0,2.6,61.6,440.4,27.6,0.0,0.0,48.38136812,29.00177952
2981,231.6,501.26087698,354.8,234.8,48.2,6.0,135.0,127.2,257.2,667.6,0.0,0.0,103.0371183,15.00092044
2982,244.4,641.19623762,70.8,20.4,9.4,3.0,39.0,66.6,1260.8,372.2,0.0,0.0,103.4782858,16.00098181
2983,1.0,1.0,105.0,175.0,10.8,64.0,147.0,228.2,4769.8,530.0,0.0,0.0,297.3468886,0.0
2984,331.6,614.61578236,14.8,3.0,5.8,0.0,5.0,12.4,256.4,39.4,0.0,0.0,33.18559901,22.00134998
2985,109.0,180.0499981,123.8,39.0,48.6,6.0,64.0,522.8,123.2,929.6,0.0,0.0,97.89016428,7.00042954
2986,224.6,455.61463318,0.0,0.4,0.0,0.0,0.0,167.4,129.2,1.0,0.0,0.0,27.25434719,15.00092044
2987,688.0,1479.7277678,4.8,6.4,1.0,0.0,0.6,3.6,12.0,15.8,0.0,0.0,42.00894882,36.00220906
2988,306.6,634.3521166200001,106.19999999999999,8.8,7.4,0.0,13.4,55.0,41.8,115.4,0.0,0.0,34.1169526,18.00110453
2989,378.4,817.80999246,44.2,26.4,2.8,0.0,30.0,56.8,32.8,333.6,0.0,0.0,45.8324004,15.00092044
2990,191.8,463.4094761,15.0,24.0,19.0,4.0,61.2,14.4,24.2,123.2,0.0,0.0,53.84206164,2.000122726
2991,342.4,742.0169269200001,58.2,26.0,9.8,5.2,232.6,136.2,154.2,345.0,0.0,0.0,94.99806629,14.00085908
2992,198.6,389.5952531,8.2,6.0,0.0,0.0,0.0,1.4,9.8,16.0,0.0,0.0,14.50950858,12.00073635
2993,111.0,238.04687256,0.4,0.0,0.0,0.0,0.0,67.0,0.0,0.0,0.0,0.0,8.72531259,7.00042954
2994,115.6,246.36526612,0.0,0.0,0.0,0.0,0.0,0.0,0.0,0.0,0.0,0.0,5.686158766,8.000490903
2995,257.8,622.34029118,15.0,5.8,3.0,1.2,5.8,16.4,17.8,71.2,0.0,0.0,22.84267229,18.00110453
2996,394.8,954.7278452200001,115.2,52.0,20.2,3.6,136.2,739.2,125.0,630.2,0.0,0.0,139.0167781,12.00073635
2997,197.2,479.62447013999997,110.6,46.2,15.4,833.6,70.0,210.2,348.4,475.0,0.0,0.0,130.1934283,7.00042954
2998,308.6,640.28136836,123.0,44.4,31.8,3.0,66.0,1169.0,128.6,680.0,0.0,0.0,125.3896045,15.00092044
2999,251.0,542.0512271,9.0,7.2,10.6,2.0,7.199999999999999,6.8,20.0,32.2,0.0,0.0,25.63673306,16.00098181
3000,337.0,695.2448117800001,80.6,12.0,4.0,3.6,18.0,37.6,49.6,238.0,0.0,0.0,39.65605553,22.00134998
3001,363.8,1055.9145456,4.0,1.0,2.0,0.0,5.0,17.0,5.0,20.0,0.0,0.0,20.53879761,24.00147271
3002,0.0,0.0,170.4,41.2,51.6,7.0,90.0,265.6,1202.6,800.2,0.0,0.0,132.3992658,0.0
3003,427.0,1233.6016582,0.0,0.0,0.0,0.0,0.0,0.0,0.0,0.0,0.0,0.0,22.00935591,29.00177952
3004,493.6,1276.3971072,1.0,13.0,1.0,6.0,1.0,43.0,84.0,13.0,0.0,0.0,32.10718959,32.00196361
3005,318.6,805.59159404,0.0,0.0,0.0,0.0,0.0,0.0,0.0,0.0,0.0,0.0,19.36235097,26.00159543
3006,225.2,542.64300284,27.4,2.2,7.4,2.8,11.2,112.6,7.0,38.2,0.0,0.0,25.73477028,14.00085908
3007,323.0,750.91349356,8.6,1.4,10.2,1.2,6.0,16.0,13.2,65.4,0.0,0.0,32.25424542,17.00104317
3008,1386.6,3381.7776132,43.4,33.8,3.6,2.0,38.4,61.6,141.2,155.6,0.0,0.0,121.1740041,83.00509312
3009,221.8,470.7269546,31.6,25.8,9.2,1.2,4.8,20.0,30.4,127.0,0.0,0.0,23.62697005,11.00067499
3010,123.6,272.27211772,8.0,1.0,0.0,0.0,1.0,26.8,8.2,13.8,0.0,0.0,11.2252617,8.000490903
3011,343.0,717.4793213199999,2.0,0.0,2.6,0.0,6.4,5.4,5.2,19.799999999999997,0.0,0.0,40.58740913,21.00128862
3012,278.0,551.40311934,30.4,3.0,1.0,0.0,6.0,236.8,193.0,33.4,0.0,0.0,38.57764611,18.00110453
3013,436.4,1282.6883634,18.0,1.4,2.8,8.0,4.0,59.8,11.2,37.0,0.0,0.0,28.62686827,29.00177952
3014,225.0,529.76249454,0.0,0.0,0.0,0.0,0.0,0.0,0.0,0.0,0.0,0.0,11.12722448,15.00092044
3015,147.2,448.8596159,10.0,0.0,10.0,0.0,4.0,11.0,67.0,42.8,0.0,0.0,14.90165746,10.00061363
3016,759.8,1422.517748,0.0,0.0,0.0,0.0,0.0,0.0,0.0,0.0,0.0,0.0,37.15610642,50.00306814
3017,291.6,780.8326525,0.6,0.0,0.6,0.0,0.6,0.6,1.2,4.8,0.0,0.0,15.587918,15.00092044
3018,157.2,437.53636822000004,16.799999999999997,3.0,1.7999999999999998,0.6,10.2,12.0,23.4,116.8,0.0,0.0,18.18590433,4.000245451
3019,226.4,568.92778144,28.6,18.0,31.4,24.4,10.8,27.0,100.6,107.2,0.0,0.0,49.36174032,1.000061363
3020,424.2,1054.3532778,25.4,3.4,87.2,2.0,14.0,5.6,81.2,80.0,0.0,0.0,36.32279005,28.00171816
3021,1002.4,2994.9848594,17.8,9.0,9.4,1.0,0.0,48.8,21.0,35.4,0.0,0.0,64.50849083,69.00423404
3022,166.6,503.98365722,45.2,9.0,15.8,0.0,0.0,8.0,24.4,86.6,1.011401557,0.0,24.31323059,11.00067499
3023,313.4,873.9433846999999,1.6,1.0,1.0,0.0,0.0,1.4,0.8,6.0,0.0,0.0,15.93104827,21.00128862
3024,0.6,2.1110747117999997,662.8,265.4,129.6,9.0,296.0,327.0,459.2,2447.4,0.0,0.0,228.6718159,0.0
3025,1.0,1.731249982,349.4,375.6,32.0,2.0,58.0,107.6,113.0,614.8,0.0,0.0,84.45906512,0.0
3026,0.0,0.0,632.6,204.8,47.0,20.0,97.0,172.4,166.4,1012.6,0.0,0.0,117.8407386,0.0
3027,0.0,0.0,100.8,16.8,215.2,203.0,30.0,215.4,88.8,296.0,0.0,0.0,57.89097847,0.0
3028,0.0,0.0,109.0,81.0,42.6,1.0,898.0,35.4,1459.0,165.2,0.0,0.0,137.5952384,0.0
3029,559.0,1649.7196862,51.2,7.8,15.2,10.0,177.0,18.8,47.0,92.8,0.0,0.0,56.76355044,38.00233179
3030,550.0,1303.6312368000001,0.0,0.0,0.0,0.0,0.0,0.0,0.0,0.0,0.0,0.0,26.96023553,36.00220906
3031,177.2,514.94300316,37.8,12.0,29.8,10.0,49.0,20.2,20.4,98.6,0.0,0.0,27.3033658,13.00079772
3032,554.8,1655.929114,0.0,2.0,0.0,2.0,84.0,230.0,23.0,9.4,0.0,0.0,47.3029587,40.00245451
3033,0.0,0.0,74.6,8.0,248.6,56.0,111.0,49.2,67.8,433.0,0.0,0.0,55.78317824,0.0
3034,0.0,0.0,1.6,0.0,4.800000000000001,96.0,0.0,1.2000000000000002,0.8,3.2,1.011401557,0.0,4.852842395,0.0
3035,826.6,2227.2174606,5.8,0.6,31.2,0.6,8.6,88.6,9.6,16.6,0.0,0.0,54.80280604,56.00343632
3036,31.8,83.459894158,68.2,25.4,115.0,4.0,189.0,402.0,90.6,209.8,0.0,0.0,55.39102936,4.000245451
3037,0.0,0.0,6.0,2.0,7.4,0.0,5.0,14.2,9.8,20.8,4.045606229,0.0,3.284246874,0.0
3038,70.6,203.53417536,53.4,21.4,312.4,8.0,24.0,34.4,60.4,110.6,0.0,0.0,37.89138557,7.00042954
3039,0.0,0.0,293.4,18.4,667.4,147.0,84.0,53.0,55.8,298.8,1.011401557,0.0,88.03742366,0.0
3040,0.0,0.0,0.0,0.0,1187.4,69.0,0.0,0.0,2.4,244.0,1.011401557,0.0,73.72398952,0.0
3041,0.0,0.0,126.2,63.6,367.8,101.0,512.0,187.4,85.6,390.4,0.0,0.0,98.28231316,0.0
3042,130.0,346.24999646,128.2,59.0,11.200000000000001,0.0,0.0,16.4,24.400000000000002,63.800000000000004,0.0,0.0,26.17593777,9.000552266
3043,0.0,0.0,230.4,88.8,41.4,80.0,64.0,71.6,79.0,447.2,3.034204672,0.0,116.0869511,0.0
3044,0.0,0.0,39.4,2.0,369.2,79.0,46.0,5.4,7.2,47.8,0.0,0.0,30.58761267,0.0
3045,0.0,0.0,29.8,260.0,958.4,242.0,168.0,16.2,126.6,132.6,0.0,0.0,95.43923378,0.0
3046,234.8,749.36161104,12.2,15.0,203.4,17.0,5.0,104.0,7.8,61.4,1.011401557,0.0,33.67578511,16.00098181
3047,201.4,585.4668178,19.2,50.6,8.4,14.0,12.0,18.4,73.6,92.6,0.0,0.0,21.02898371,15.00092044
3048,0.0,0.0,130.4,26.2,32.0,11.0,17.0,109.0,114.8,276.0,3.034204672,0.0,108.6752762,0.0
3049,62.800000000000004,219.150117796,0.0,0.0,0.0,0.0,0.0,0.0,0.0,0.0,3.034204672,0.0,9.01942425,12.00073635
3050,0.0,0.0,2.0,1.0,8.8,5.0,0.0,0.0,1.0,5.0,3.034204672,0.0,1.225465251,0.0
3051,338.4,1064.5067882,90.4,20.4,50.0,154.0,89.0,77.8,45.4,194.2,0.0,0.0,53.82243384,24.00147271
3052,417.4,1126.734248,87.4,27.0,17.8,91.0,45.0,95.0,139.4,195.2,0.0,0.0,58.28312735,30.00184089
3053,500.6,1603.2235292,0.0,0.0,0.0,0.0,0.0,0.0,0.0,0.0,0.0,0.0,24.95047252,33.00202497
3054,1.0,3.4624999646,61.0,6.0,67.0,42.0,21.0,22.4,21.8,69.0,3.034204672,0.0,27.7935519,0.0
3055,311.6,1155.8916482,6.0,2.0,3.0,3.0,0.0,76.4,9.4,13.0,0.0,0.0,28.87196132,31.00190225
3056,434.0,1624.1045044,4.0,0.0,0.0,12.0,9.0,50.0,3.0,35.0,0.0,0.0,26.02888194,32.00196361
3057,334.8,835.3953926,17.0,52.0,1.0,34.6,3.0,4.0,17.0,28.6,0.0,0.0,24.46028642,21.00128862
3058,411.8,952.91993396,23.0,10.0,9.4,94.0,18.0,25.4,12.0,90.0,0.0,0.0,36.17573422,30.00184089
3059,552.0,1471.3737326,1.0,1.0,1.0,1.0,4.0,59.0,0.0,1.0,0.0,0.0,36.46984588,44.00269997
3060,339.2,1016.7337582,0.0,0.0,0.0,0.0,0.0,0.0,0.0,0.0,0.0,0.0,17.84277406,24.00147271
3061,0.0,0.0,42.2,30.6,17.6,45.0,5.0,15.600000000000001,23.8,98.0,3.034204672,0.0,41.12661384,0.0
3062,498.8,1473.3305362,70.6,64.8,7.4,40.0,206.0,126.2,116.6,332.6,0.0,0.0,39.45998109,38.00233179
3063,426.6,994.13935292,36.0,3.0,3.2,47.6,16.0,33.0,201.0,174.0,0.0,0.0,47.54805175,30.00184089
3064,342.6,828.3297245599999,148.4,180.4,1.0,71.6,30.4,111.4,50.8,179.2,0.0,0.0,59.41055539,27.0016568
3065,388.4,988.3728082800001,104.4,11.0,22.4,187.2,118.8,111.4,133.4,309.0,0.0,0.0,68.57703547,23.00141135
3066,255.6,597.1637745200001,134.0,2.0,4.4,29.0,13.0,210.8,31.2,111.8,0.0,0.0,39.41096248,17.00104317
3067,433.0,1242.2506326,0.0,1.0,1.2,3.0,15.8,19.0,0.0,6.0,0.0,0.0,25.58771445,32.00196361
3068,317.6,950.90429,0.0,0.0,0.0,0.0,0.0,85.0,0.0,0.0,0.0,0.0,21.02898371,23.00141135
3069,0.0,0.0,696.0,301.2,87.0,50.0,88.0,158.4,196.6,1173.0,3.034204672,0.0,207.9676577,0.0
3070,480.4,1279.177779,596.4,704.2,17.2,0.0,0.0,455.0,2793.8,3668.2,1.011401557,0.0,40.39133468,16.00098181
3071,118.4,348.31910272000005,320.4,149.8,15.4,47.0,36.0,168.8,43.2,506.2,0.0,0.0,69.41035184,8.000490903
3072,515.0,1464.047818,51.0,20.0,56.0,115.0,74.0,114.2,119.4,168.6,0.0,0.0,61.37129979,34.00208634
3073,269.2,581.23834142,40.0,5.0,4.4,39.0,27.0,24.0,9.0,84.0,0.0,0.0,25.88182611,19.00116589
3074,288.8,568.76180548,46.2,43.0,7.4,73.8,17.0,241.6,255.4,170.8,0.0,0.0,59.31251817,22.00134998
3075,478.6,1096.3356156,0.0,0.0,0.0,0.0,0.0,42.0,0.0,0.0,0.0,0.0,27.35238441,34.00208634
3076,289.8,819.9273941,10.0,7.0,5.0,14.0,4.0,384.0,14.0,31.0,0.0,0.0,40.63642774,24.00147271
3077,359.0,1048.4838152,2.0,6.0,6.0,0.0,273.0,20.0,12.0,8.0,0.0,0.0,34.01891538,24.00147271
3078,280.6,784.34344788,0.0,0.0,0.0,0.0,0.0,0.0,0.0,0.0,0.0,0.0,76.15641174,30.00184089
3079,617.8,1560.0283259999999,57.0,11.0,103.4,20.6,96.0,14.0,39.0,156.0,1.011401556,0.0,64.61639281,41.00251589
3080,358.8,1269.2592072,0.0,0.0,0.0,0.0,0.0,0.0,0.0,0.0,0.0,0.0,21.27407668,28.00171805
3081,546.4,1612.8000264,0.4,0.0,0.0,0.0,0.0,0.0,0.0,1.6,0.0,0.0,85.76405525,41.00251394
3082,412.8,1290.01237976,57.2,14.0,8.4,40.6,9.0,34.6,44.6,208.0,1.011125494,0.0,76.64400154,67.02756248
3083,72.2,187.40522718,5.0,0.0,21.0,40.0,7.0,8.0,3.0,25.0,0.0,0.0,33.00945769,16.00098181
3084,256.8,772.39773846,1.4,0.8,1.4,6.0,2.0,2.4,0.4,11.6,0.0,0.0,20.32319715,20.00122726
3085,248.8,701.9201101599999,0.0,0.0,0.0,0.0,0.0,43.0,0.0,0.0,0.0,0.0,16.86240186,20.00122726
3086,375.4,973.43679664,0.0,0.0,0.0,0.0,0.0,0.0,0.0,0.0,0.0,0.0,20.9799651,28.00171816
3087,216.4,634.9931367,0.0,0.0,0.0,0.0,0.0,0.0,0.0,0.0,0.0,0.0,28.66642919,16.00098181
3088,399.4,1249.1629785999999,0.0,0.0,0.0,0.0,0.0,0.0,0.0,0.0,0.0,0.0,21.61720703,29.00177952
3089,180.6,481.54774150000003,0.0,0.0,0.0,0.0,0.0,0.0,0.0,0.0,0.0,0.0,11.96054085,16.00098181
3090,180.0,537.23730184,4.0,0.0,0.0,6.0,16.0,12.0,1.0,21.0,0.0,0.0,12.25465251,12.00073635
3091,117.2,356.30174896,0.0,0.0,0.0,0.0,0.0,0.0,0.0,0.0,0.0,0.0,6.568493747,9.000552266
3092,132.0,400.81273652,0.0,0.0,0.0,0.0,0.0,0.0,0.0,0.0,0.0,0.0,9.852740621,13.00079772
3093,0.0,0.0,28.6,7.0,6.0,0.0,0.0,6.6000000000000005,20.0,90.4,1.062691264,0.0,32.57654756,9.456983954
3094,4.800000000000001,15.879246720000001,93.4,41.400000000000006,52.8,0.0,0.0,49.6,132.4,304.6,2.982914966,0.0,91.44053987,26.54522521
3095,435.2,1379.225216,29.4,7.0,16.8,0.0,0.0,7.2,18.2,84.80000000000001,0.633310935,0.0,50.52242639,43.8347031
3096,696.2,2152.7952232,0.0,0.0,0.0,0.0,0.0,0.0,0.0,0.0,0.393799724,0.0,55.41766366,48.07446548
3097,314.6,866.2727606399999,40.8,9.8,98.6,29.0,11.0,9.2,13.2,116.4,0.074943348,0.0,42.42638048,37.04508669
3098,114.0,383.54642304000004,7.0,0.0,4.8,4.0,13.0,5.0,2.0,27.4,9.17e-07,0.0,19.50959345,22.00152058
3099,105.8,331.03075058,19.6,2.0,17.6,25.0,8.0,0.8,8.0,48.4,0.0,0.0,12.74483849,10.00061353
3100,195.0,511.01674164,36.8,2.8,6.4,47.6,7.6,33.8,10.0,70.2,0.0,0.0,23.67598866,18.00110453
3101,225.0,663.8084629,3.0,0.0,0.0,4.0,11.0,2.4,0.0,19.4,0.0,0.0,14.55852719,17.00104317
3102,223.4,710.89006874,0.0,0.0,0.0,0.0,1.0,53.0,0.0,0.0,0.0,0.0,14.36245275,16.00098181
3103,0.0,0.0,185.4,45.8,241.0,18.0,72.0,134.6,560.4,684.6,0.0,0.0,104.1155278,0.0
3104,239.8,649.13290868,12.4,14.8,6.0,0.0,0.0,11.2,23.6,75.8,0.515498425,0.0,39.23015567,39.75804057
3105,287.2,784.28576754,5.6,4.8,4.0,0.0,1.0,8.6,14.4,40.6,0.405525845,0.0,30.86108766,31.27635756
3106,251.8,664.96997576,1.0,2.0,4.0,0.0,0.0,5.0,4.0,8.0,0.0,0.0,14.26441553,17.00104317
3107,211.2,775.3261427799999,0.0,0.0,0.0,0.0,0.0,0.0,0.0,0.0,0.0,0.0,15.63693661,21.00128862
3108,513.2,1610.4308146,3.0,1.0,2.0,0.0,0.0,7.0,1.0,3.4,0.0,0.0,30.16038282,39.31770538
3109,295.0,989.4093645199999,0.0,0.0,0.0,0.0,0.0,0.0,0.0,0.0,0.0,0.0,16.4023026,21.65917902
3110,526.2,1702.3171868,6.2,5.4,2.8,0.0,0.0,7.6,6.6,41.2,0.0,0.0,29.56321612,39.02925199
3111,206.0,582.38836052,11.2,14.2,2.2,1.6,8.399999999999999,5.4,36.2,38.4,0.0,0.0,22.05837452,24.00147271
3112,177.4,477.95300934,16.6,7.8,1.0,12.0,2.0,158.4,14.8,94.0,0.0,0.0,21.66622564,14.00085908
3113,326.0,1061.3003162,0.0,0.0,1.0,2.0,7.0,79.0,1.0,102.0,0.0,0.0,27.49944024,23.00141135
3114,324.2,1040.085703,0.0,0.0,0.0,0.0,0.0,0.0,0.0,0.0,0.0,0.0,20.04861151,27.0016568
3115,250.2,569.90127972,109.2,39.0,68.8,16.0,13.0,101.4,19.6,161.4,0.0,0.0,49.70507414,19.00116589
3116,92.0,281.6901261,46.2,5.0,15.8,0.0,0.0,100.6,22.4,89.0,0.0,0.0,15.98006688,15.00092044
3117,152.6,495.70934094,0.0,0.0,0.0,0.0,0.0,0.0,0.0,0.0,0.0,0.0,8.382182319,11.00067499
3118,288.0,824.1211779,0.0,0.0,0.0,0.0,0.0,0.0,0.0,0.0,1.011401557,33.2173913,21.22505815,28.00171816
3119,479.4,1172.3994724,0.0,0.0,5.0,4.0,0.0,0.0,1.0,0.0,0.0,0.0,34.36204565,46.00282269
3120,173.4,553.13647828,39.0,1.0,3.0,9.0,16.0,34.0,69.0,151.2,0.0,0.0,27.3033658,15.00092044
3121,39.8,125.1777674,0.0,0.0,0.0,0.0,0.0,0.0,0.0,0.0,0.0,0.0,4.362656295,6.000368177
3122,90.0,281.82024928,17.0,4.0,2.0,0.0,9.0,16.0,8.4,80.4,0.0,0.0,21.21539692,10.00061363
3123,88.4,280.53072218,0.0,0.0,0.0,2.4,0.0,0.0,0.0,0.0,0.0,0.0,9.509610351,12.00073635
3124,88.4,283.18738628,0.0,0.0,0.0,0.0,0.0,0.0,0.0,0.0,0.0,0.0,5.882233207,8.000490903
3125,89.8,247.74294808,0.0,0.0,0.0,0.0,0.0,0.0,0.0,0.0,0.0,0.0,12.47708007,16.65301528
3126,134.6,420.50594224,0.0,0.0,0.0,0.0,3.0,0.0,0.0,2.0,0.0,0.0,11.37231754,15.00092045
3127,449.0,1373.37969,65.4,28.8,29.2,0.0,0.0,53.2,37.4,159.6,0.0,0.0,48.71669094,59.28705637
3128,1126.6,3439.4293552,0.0,0.0,0.0,0.0,0.0,0.0,0.0,0.0,0.0,0.0,52.35968329,63.72049158
3129,1309.2,4275.0273142,16.8,4.800000000000001,2.8000000000000003,0.0,0.0,4.4,2.4000000000000004,25.6,0.0,0.0,98.89320195,115.3550846
3130,20.0,45.878124526,0.0,0.0,0.0,0.0,0.0,0.0,0.0,0.0,32.36484983,0.0,7.205735678,10.00061363
3131,8.0,18.178124814,0.0,0.0,0.0,0.0,0.0,0.0,0.0,0.0,19.21662959,0.0,0.39214888,1.000061363
3132,0.0,0.0,0.0,0.0,0.0,0.0,0.0,0.0,0.0,0.0,4.744770608,0.0,25.04796672,0.0
3133,0.0,0.0,99.8,7.4,116.8,48.0,0.0,12.6,23.0,124.0,4.371622138,0.0,23.07809113,1.19e-08
3134,0.0,0.0,0.0,0.0,0.0,0.0,0.0,0.0,0.0,0.0,7.079810913,0.0,6.53e-08,0.0
3135,215.4,626.4252529,7.6000000000000005,3.2,2.8000000000000003,0.0,0.0,4.0,4.0,20.8,5.057007786,0.0,30.2444824,30.00184089
3136,66.8,196.29451796,220.8,41.0,52.2,57.0,45.0,208.2,126.0,572.4,1.011401557,0.0,95.58628961,20.00122726
3137,0.0,0.0,217.6,44.4,116.4,52.0,42.0,44.4,38.2,164.4,5.057007786,0.0,39.31292526,0.0
3138,0.0,0.0,167.0,9.6,240.2,185.0,0.0,19.8,39.0,168.8,4.031829062,0.0,21.28429462,5.95e-08
3139,7.6000000000000005,26.69064874,0.0,0.0,0.0,0.0,0.0,0.0,0.0,0.0,7.079810396,0.0,0.784297705,1.000061291
3140,25.0,85.69687411999999,54.2,13.2,22.4,0.0,0.0,20.200000000000003,24.2,132.6,1.011401557,0.0,45.3422143,32.00196361
3141,0.0,0.0,173.8,66.8,32.8,113.0,40.0,49.8,66.2,320.6,1.011401557,0.0,69.55740767,23.00141135
3142,5.0,9.5218749018,0.0,0.0,0.0,0.0,0.0,0.0,0.0,0.0,12.13681869,0.0,2.450930503,3.000184089
3143,13.0,30.296874686,0.0,0.0,0.0,0.0,0.0,0.0,0.0,0.0,8.091212458,0.0,2.205837452,3.000184089
3144,12.0,30.296874686,0.0,0.0,0.0,0.0,0.0,0.0,0.0,0.0,3.034204672,0.0,11.42133614,6.000368177
3145,0.0,0.0,22.6,0.0,15.4,22.0,0.0,5.6,2.0,14.0,7.839732172,0.0,4.68618112,0.0
3146,1.0,1.731249982,20.8,0.4,28.8,5.0,17.0,3.4,1.0,16.8,2.322682061,0.0,4.474704064,0.0
3147,299.2,708.97523334,48.2,18.2,65.6,41.0,1.0,12.600000000000001,34.8,127.8,0.0,0.0,27.25434719,22.00134998
3148,298.8,723.71289686,322.2,145.2,146.4,395.0,124.0,149.0,132.2,681.6,0.0,0.0,122.6445624,21.00128862
3149,15.0,37.221874616,0.0,0.0,0.0,0.0,0.0,0.0,0.0,0.0,6.068409344,0.0,1.519576912,2.000122726
3150,13.0,34.624999646,13.0,1.0,1.0,0.0,7.0,16.0,5.0,54.0,4.045606229,0.0,10.19587089,2.000122726
3151,18.0,40.684374582,0.0,0.0,0.0,0.0,0.0,0.0,0.0,0.0,5.983890159,0.0,0.870046055,0.986132775
3152,4.0,7.7906249198,550.8,23.4,894.0,78.0,32.0,74.0,143.4,690.4,11.16153658,0.0,53.01756334,0.013928588
3153,0.0,0.0,321.2,61.0,237.6,39.0,90.0,1298.0,140.2,829.2,0.0,0.0,149.3981608,0.0
3154,0.0,0.0,580.0,13.0,233.2,18.0,151.0,26.2,53.8,302.6,1.011401557,0.0,78.25343122,0.0
3155,15.0,34.624999646,0.0,0.0,0.0,0.0,0.0,0.0,0.0,0.0,6.068409344,0.0,1.372521082,2.000122726
3156,19.0,45.012499538,0.0,0.0,0.0,0.0,0.0,0.0,0.0,0.0,5.057007786,0.0,1.813688572,2.000122726
3157,15.0,36.356249628,0.0,0.0,0.0,0.0,0.0,0.0,0.0,0.0,6.068409344,0.0,1.617614132,2.000122726
3158,0.0,0.0,177.4,7.8,476.0,56.0,56.0,21.8,30.0,201.8,0.0,0.0,57.74392004,0.0
3159,8.0,18.178124814,0.0,0.0,0.0,0.0,0.0,0.0,0.0,0.0,0.0,0.0,22.10739313,25.00153407
3160,8.0,19.593557182,0.0,0.0,0.0,0.0,0.0,0.0,0.0,0.0,6.068409344,0.0,1.666632742,2.000122726
3161,6.0,18.178124814,0.0,0.0,0.0,0.0,0.0,0.0,0.0,0.0,0.0,0.0,22.84267229,31.00190225
3162,4.0,7.7906249198,0.0,0.0,0.0,0.0,0.0,0.0,0.0,0.0,5.057007786,0.0,0.19607444,0.0
3163,1.0,1.731249982,50.4,3.0,222.8,7.0,6.0,6.8,19.8,72.0,2.022803115,0.0,28.93094649,0.0
3164,1.0,4.3281249552,336.0,15.0,422.8,68.0,64.0,60.4,63.2,414.6,0.0,0.0,94.89067315,0.0
3165,0.0,0.0,180.8,12.4,720.4,22.0,58.0,40.8,99.0,358.6,0.0,0.0,78.52781202,0.0
3166,2.0,3.0,0.0,0.0,0.0,0.0,0.0,0.0,0.0,0.0,0.0,0.0,28.96999854,39.00239315
3167,118.60000000000001,288.11055616000004,0.0,0.0,0.0,0.0,0.0,0.0,0.0,0.0,0.0,0.0,15.68595522,21.00128862
3168,214.60000000000002,533.2631672673999,0.0,0.0,0.0,0.0,0.0,0.0,0.0,0.0,5.057007786,0.0,2.450930503,3.000184089
3169,9.0,22.506249764,46.2,2.0,60.6,3.0,11.0,4.0,7.4,49.2,4.045606229,0.0,10.29390811,1.000061363
3170,8.0,19.995420609,0.0,0.0,0.0,0.0,0.0,0.0,0.0,0.0,0.0,0.0,9.11746147,12.00073635
3171,494.0,1277.08378728,0.0,0.0,0.0,0.0,0.0,0.0,0.0,0.0,0.0,0.0,23.82304449,21.00128862
3172,8.4,17.679246720000002,5.2,1.2000000000000002,1.2000000000000002,0.0,0.0,3.6,1.6,13.200000000000001,0.0,0.0,24.26421198,15.00092044
3173,14.0,39.191332324,8.8,1.6,4.800000000000001,0.0,0.0,14.4,3.2,15.200000000000001,0.0,0.0,16.51927159,14.00085908
3174,3.0,8.6562499108,6.4,1.0,0.0,0.0,3.0,6.0,1.4,18.0,0.0,0.0,20.24468595,17.00104317
3175,0.0,0.0,654.8,348.4,18.6,3.0,58.0,43.8,32.2,620.6,0.0,0.0,88.47859115,0.0
3176,340.6,835.58435596,11.200000000000001,4.4,6.800000000000001,0.0,0.0,5.6000000000000005,11.200000000000001,54.800000000000004,0.0,0.0,23.92108171,20.00122726
3177,0.0,0.0,413.6,297.6,345.0,8.0,111.0,161.4,146.2,775.8,0.0,0.0,148.2525153,0.0
3178,0.0,0.0,831.4,454.6,48.2,2.0,78.0,145.2,158.4,983.2,0.0,0.0,145.8794853,0.0
3179,565.6,1489.2831747999999,58.8,13.8,32.6,4.0,17.6,33.4,65.4,138.6,1.011401541,0.0,43.08735756,41.00251523
3180,84.0,196.14119595999998,155.6,62.0,30.2,3.6,40.0,69.0,122.4,321.6,0.0,0.0,47.98921924,6.000368177
3181,42.6,92.663842462,112.2,157.4,5.8,3.0,9.0,20.2,27.0,118.4,0.0,0.0,22.59757924,3.000184089
3182,137.2,373.08648012000003,1.6,0.0,1.0,0.0,7.0,67.4,1.2,11.0,0.0,0.0,11.86250363,9.000552266
3183,264.2,707.61748114,87.2,113.4,14.2,2.0,53.2,48.0,193.4,367.4,0.0,5.536231883,55.93023407,18.00110453
3184,294.8,658.84659374,45.0,31.8,29.2,3.0,7.0,17.2,95.6,89.4,0.0,0.0,29.16607298,19.00116589
3185,363.2,759.5875642,24.8,7.0,2.2,1.6,10.6,10.6,23.8,68.4,0.0,0.0,24.90145391,21.00128862
3186,188.8,375.38746724,54.0,94.0,73.0,1.0,6.0,8.8,7.8,160.2,0.0,0.0,29.60724047,13.00079772
3187,555.8,1414.035699,19.0,83.0,5.2,3.0,21.0,52.2,35.0,180.8,0.0,0.0,60.50869438,39.00239315
3188,354.6,1247.2701816,0.0,0.0,0.0,0.0,0.0,59.0,0.0,0.0,1.011401557,0.0,27.25434719,33.00202497
3189,244.8,910.42764854,0.0,0.0,0.0,0.0,0.0,0.0,0.0,0.0,0.0,0.0,14.75460163,20.00122726
3190,201.4,735.93129538,12.4,4.0,1.6,0.0,0.0,1.6,8.8,21.0,1.011401557,0.0,19.90155568,15.00092044
3191,314.2,801.4890229,38.2,23.0,19.8,2.0,23.0,77.4,19.4,148.8,0.0,0.0,26.56808665,27.0016568
3192,59.4,153.51151134,0.0,0.0,0.0,0.0,0.0,110.0,0.0,0.0,0.0,0.0,8.529238149,4.000245451
3193,208.6,531.01005326,147.2,22.8,12.8,61.8,45.0,78.0,56.6,329.8,0.0,0.0,49.36174032,13.00079772
3194,252.4,668.39050736,149.8,108.4,38.6,9.0,88.0,133.4,158.6,457.0,0.0,0.0,69.36133323,16.00098181
3195,264.8,703.50130724,0.0,0.0,0.0,0.0,0.0,40.0,0.0,0.0,0.0,0.0,15.0977319,18.00110453
3196,242.6,621.79470178,28.0,0.0,0.0,0.0,0.0,84.0,0.0,5.0,0.0,0.0,18.33296016,17.00104317
3197,421.6,1349.0455994000001,0.0,0.0,0.0,0.0,0.0,48.0,0.0,0.0,0.0,5.536231883,23.33285839,28.00171816
3198,189.4,663.59862086,0.0,0.0,0.0,0.0,0.0,122.0,0.0,0.0,0.0,0.0,18.18590433,16.00098181
3199,295.6,1040.377373,0.0,0.0,0.0,0.0,0.0,0.0,0.0,0.0,0.0,0.0,15.98006688,21.00128862
3200,132.6,394.4595827,27.2,2.6,3.6,1.0,8.2,28.2,8.8,113.2,1.011401557,0.0,19.75449985,12.00073635
3201,510.4,1593.0156082,0.0,0.0,0.0,0.0,0.0,0.0,0.0,0.0,0.0,0.0,34.16597121,46.00282269
3202,535.0,1648.1520922,20.0,7.0,18.6,3.0,4.0,16.0,5.0,39.8,0.0,0.0,33.82284067,37.00227014
3203,316.4,1085.2881146,0.0,0.0,0.4,0.0,0.0,48.0,0.0,0.0,0.0,0.0,20.53879761,24.00147271
3204,329.4,690.20111476,19.4,7.2,5.2,4.0,6.8,19.0,168.0,39.4,0.0,0.0,31.96013376,22.00134998
3205,146.4,294.94624120000003,39.6,56.4,22.0,16.0,77.8,244.8,115.6,242.6,0.0,0.0,51.27346612,10.00061363
3206,173.0,424.24018244,15.8,20.4,0.0,0.0,5.0,23.2,3.0,162.2,0.0,0.0,18.92118348,12.00073635
3207,291.8,781.97940254,42.4,31.4,6.4,131.0,8.0,33.0,16.2,143.2,0.0,0.0,35.78358534,21.00128862
3208,212.4,533.26696294,3.8,14.0,0.0,0.0,2.0,6.2,13.8,13.2,0.0,0.0,12.74483861,14.00085908
3209,447.6,1274.3648028,75.0,19.6,17.6,3.0,5.0,31.0,44.400000000000006,188.4,1.011401557,0.0,46.76375399,37.00227043
3210,280.2,726.09360282,1.0,0.0,1.0,0.0,1.0,1.0,0.0,22.0,0.0,0.0,14.95067607,18.00110453
3211,640.0,2085.9463864,58.4,48.0,3.6,2.0,20.6,126.2,19.0,263.6,0.0,0.0,58.57723902,42.00257724
3212,414.8,1417.4226978,4.4,0.0,1.0,0.0,10.0,9.0,3.0,20.4,0.0,0.0,28.57784966,35.0021477
3213,137.2,395.45533086,83.6,26.8,26.4,0.0,0.0,50.400000000000006,31.8,146.6,1.011401557,0.0,28.67588688,19.00116589
3214,161.2,345.41062812,86.4,54.0,41.6,3.0,50.8,133.6,93.2,471.8,0.0,0.0,57.10668071,10.00061363
3215,458.8,1243.080616,132.4,52.0,68.2,7.0,64.0,321.4,86.2,679.4,0.0,0.0,110.8800959,43.0026386
3216,279.8,681.35284352,0.8,0.4,0.0,0.0,0.0,93.4,0.0,5.4,0.0,0.0,18.5290346,18.00110453
3217,191.6,580.07471956,0.0,0.0,0.0,0.0,0.0,0.0,0.0,0.0,0.0,0.0,9.803722011,13.00079772
3218,466.6,1533.8675546,1.0,1.0,1.0,0.0,0.0,12.4,2.0,6.0,0.0,0.0,24.3622492,31.00190225
3219,393.2,1306.4621014,4.0,1.0,1.0,0.0,7.0,76.0,1.0,24.0,0.0,0.0,23.57795144,27.0016568
3220,363.8,1276.7349636000001,0.0,0.0,0.0,0.0,0.0,0.0,0.0,0.0,0.0,0.0,18.72510904,25.00153407
3221,564.6,1921.4555994,0.0,0.0,0.0,0.0,0.0,0.0,0.0,0.0,0.0,0.0,28.52883105,38.00233179
3222,337.4,879.1980837399999,83.8,45.4,51.4,0.0,0.0,56.0,78.8,333.6,1.011401557,0.0,115.802806,40.00245451
3223,239.4,723.51454858,0.0,0.0,0.0,0.0,0.0,0.0,0.0,0.0,0.0,0.0,70.59778278,17.00104317
3224,401.0,1392.8766568,29.6,4.6,5.0,1.0,12.6,75.6,11.6,136.4,0.0,0.0,35.73456673,28.00171816
3225,457.6,1486.5383557999999,0.0,0.0,0.0,0.0,0.0,0.0,0.0,0.0,0.0,0.0,25.53869584,34.00208634
3226,264.2,842.1691795,0.0,0.0,0.0,0.0,0.0,68.0,0.0,0.0,0.0,0.0,17.64669962,19.00116589
3227,21.6,63.658603874,8.4,2.8000000000000003,3.2,0.0,0.0,13.200000000000001,8.4,19.6,1.011401557,0.0,77.0781041,10.00061363
3228,39.4,132.25071128,0.0,0.0,0.0,0.0,0.0,0.0,0.0,0.0,2.022803115,0.0,3.578358534,5.000306814
3229,0.0,0.0,0.0,0.0,0.0,0.0,0.0,0.0,0.0,0.0,5.057007786,0.0,0.0,0.0
3230,165.8,503.75599432,0.4,2.4,0.8,3.8,1.0,0.4,3.0,18.0,0.0,0.0,13.1860061,14.00085908
3231,184.6,628.33987698,0.0,0.0,0.0,2.0,0.0,1.0,0.0,0.0,0.0,0.0,9.558628961,13.00079772
3232,353.0,999.39732168,64.4,2.4,58.2,126.0,21.0,9.4,6.0,62.0,0.0,0.0,37.94040418,27.0016568
3233,245.0,732.48144926,0.0,0.0,0.0,0.0,0.0,0.0,0.0,0.0,0.0,0.0,19.65646263,26.00159543
3234,257.6,745.77225694,0.0,0.0,0.0,0.0,0.0,0.0,0.0,0.0,0.0,0.0,41.46974411,55.00337496
3235,157.6,463.23643558000003,0.0,0.0,0.0,0.0,0.0,0.0,0.0,0.0,0.0,0.0,19.75449985,26.00159543
3236,295.8,876.6882036,2.8000000000000003,0.8,49.4,7.0,1.0,184.0,0.4,8.0,0.0,0.0,26.42103082,20.00122726
3237,292.8,863.3586966,29.4,1.2,3.5999999999999996,1.2,7.199999999999999,6.6,3.0,90.0,0.0,0.0,18.23492294,23.00141135
3238,0.0,0.0,53.800000000000004,21.8,20.8,0.0,0.0,29.8,28.200000000000003,132.60000000000002,2.022802787,0.0,39.99917933,20.00122402
3239,772.2,2014.9538545999999,91.0,21.2,31.0,0.0,0.0,25.4,24.4,238.60000000000002,1.011401557,0.0,86.71422651,84.00515448
3240,117.4,326.4918347,8.8,0.8,3.2,0.0,0.0,3.6,3.2,25.200000000000003,1.011401557,0.0,24.75439808,24.00147271
3241,436.4,1236.9068296,47.8,12.2,73.6,1.0,7.0,12.200000000000001,20.0,101.0,1.011401557,0.0,81.27336434,39.00239315
3242,137.0,390.05595682,13.4,5.6000000000000005,4.4,0.0,2.4,9.200000000000001,5.6000000000000005,41.0,1.011401557,0.0,24.55832364,20.00122726
3243,577.2,1401.2958586,64.2,24.8,22.4,0.0,0.0,21.8,26.0,162.0,0.604077694,0.0,68.78450154,28.67061439
3244,325.2,834.5633001,6.0,0.8,2.0,0.0,0.0,1.6,0.8,11.600000000000001,0.407324316,0.0,46.38076537,19.33233555
3245,494.0,1258.3723046,116.2,22.0,25.8,9.0,23.0,63.8,82.4,244.2,1.011401557,0.0,75.5866967,41.00251588
3246,18.0,46.09007559,89.8,6.0,111.6,139.0,28.0,18.6,9.8,104.4,0.0,0.0,28.52883105,5.000306814
3247,162.6,490.35193532,15.4,4.0,10.0,0.0,0.0,38.0,8.0,36.8,3.034204672,0.0,18.43099738,17.00104317
3248,219.0,634.51366338,1.2000000000000002,0.0,9.0,0.0,0.0,0.0,0.0,2.4000000000000004,2.022803115,0.0,19.95057429,22.00134998
3249,359.2,988.6991708,1.0,0.0,0.0,0.0,0.0,1.0,0.0,7.0,1.011401557,0.0,37.85233352,40.00245451
3250,60.400000000000006,174.20890122,0.0,0.0,0.0,0.0,0.0,0.0,0.0,0.0,0.0,0.0,19.61741058,16.00098181
3251,19.6,59.116418878,0.0,0.0,0.0,0.0,0.0,0.0,0.0,0.0,0.0,0.0,2.058781622,3.000184089
3252,13.4,39.101068548,0.0,0.0,0.0,0.0,0.0,0.0,0.0,0.0,0.0,0.0,1.568595522,2.000122726
3253,13.8,40.64240616,0.0,0.0,0.0,0.0,0.0,0.0,0.0,0.0,0.0,0.0,1.960744402,3.000184089
3254,26.8,80.527271858,0.0,0.0,0.0,0.0,0.0,0.0,0.0,0.0,0.0,0.0,4.70578654,6.000368145
3255,815.8,2445.9900738,59.400000000000006,19.4,12.6,0.0,0.0,13.8,20.6,126.0,1.011401557,0.0,77.44940389,85.00521584
3256,1001.2,2785.764069,6.4,0.4,1.2,0.0,0.0,0.4,0.4,10.6,1.011401543,0.0,77.89057023,50.00306741
3257,127.2,389.09795908,0.0,0.0,0.0,0.0,0.0,0.0,0.0,0.0,2.022803003,0.0,9.166479574,10.00061308
3258,651.2,1930.065874,26.8,10.0,7.0,0.0,0.0,9.0,10.8,56.2,2.022803115,0.0,39.0188136,50.00306814
3259,9.2,32.28415313000001,0.0,0.0,0.0,0.0,0.0,0.0,0.0,0.0,4.045606229,0.0,1.225465251,2.000122726
3260,222.4,634.11296002,6.4,1.0,10.6,1.0,0.0,3.0,0.0,8.4,1.011401557,0.0,43.47991422,29.00177952
3261,245.2,713.72726046,197.8,120.0,56.4,5.0,57.8,208.8,69.2,501.8,0.0,0.0,79.26309061,22.00134947
3262,64.4,183.75281478000002,29.0,2.4,5.4,7.0,9.0,20.4,9.0,96.0,0.0,0.0,29.41727131,17.41580746
3263,293.6,817.09652934,2.6,26.2,3.6,0.0,2.2,2.8,2.2,36.2,0.0,0.0,43.21905633,25.58683155
3264,83.80000000000001,238.25154780000003,0.0,0.0,0.0,0.0,0.0,0.0,0.0,0.0,5.7e-08,0.0,10.97252675,14.70934444
3265,120.4,354.03545452000003,0.0,0.0,0.0,0.0,0.0,0.0,0.0,0.0,9.34e-09,0.0,12.89953722,17.29262008
3266,233.6,631.8947497,0.0,0.0,0.0,0.0,0.0,0.0,0.0,0.0,1.415723578,0.0,15.0265735,17.2648167
3267,157.0,418.86495606,12.4,4.8,13.6,0.0,0.0,7.8,3.4,31.6,1.618481027,0.0,17.17865288,19.73745329
3268,96.80000000000001,276.656974,0.0,0.0,0.0,0.0,0.0,0.0,0.0,0.0,0.0,0.0,13.4282255,18.05524074
3269,586.8,1827.1573091999999,0.0,0.0,0.0,0.0,0.0,0.0,0.0,0.0,0.0,0.0,42.35495248,56.94936113
3270,156.8,416.89549838,135.2,64.2,23.2,39.0,20.0,32.4,28.2,259.0,0.0,0.0,34.85223175,15.00092044
3271,507.4,1371.24910804,47.6,3.2,24.8,0.0,5.0,16.8,8.8,55.800000000000004,1.011401557,0.0,106.7145318,69.00423404
3272,794.4000000000001,2388.1551688,66.4,14.200000000000001,21.8,0.0,0.0,26.400000000000002,15.8,140.6,2.022803115,0.0,101.2724484,91.00558402
3273,738.8,2101.2049652,22.8,7.2,4.4,0.0,0.0,8.8,5.6000000000000005,51.2,2.022803115,0.0,73.52791508,81.00497039
3274,736.4,2397.4208038,7.2,1.6,4.0,0.0,0.0,8.8,2.0,10.8,1.011401557,0.0,57.64588542,71.00435676
3275,35.2,103.10596466600002,0.0,0.0,0.0,0.0,0.0,0.0,0.0,0.0,6.068409344,0.0,5.588121546,7.00042954
3276,41.400000000000006,118.97888444400002,8.0,1.0,2.0,0.0,2.0,17.4,3.0,28.0,2.022803115,0.0,8.235126489,7.00042954
3277,104.2,324.8874388,22.6,4.0,31.4,4.4,11.6,125.8,21.799999999999997,60.8,1.011401557,0.0,22.49954201,7.00042954
3278,154.6,441.68280554,8.2,4.8,1.0,4.0,42.8,10.6,2.2,40.2,0.0,0.0,20.9799651,10.00061363
3279,384.8,1109.7774247999998,4.4,2.0,2.4,0.0,0.0,5.4,2.0,15.4,0.0,0.0,21.86230008,27.0016568
3280,257.8,774.65791732,3.0,0.0,0.0,0.0,0.0,2.0,0.0,10.0,0.0,0.0,22.84267229,30.00184089
3281,209.60000000000002,652.91122614,0.0,0.0,0.0,0.0,0.0,0.0,0.0,0.0,0.0,0.0,26.3229936,35.0021477
3282,565.0,1804.4965772,25.0,84.0,20.4,24.0,3.0,10.4,1.0,29.0,0.0,0.0,66.47940534,59.00362041
3283,280.8,812.30675184,130.0,2.0,6.4,6.0,8.0,67.0,4.4,74.4,0.0,0.0,27.84257051,29.00177952
3284,434.8,1293.21062672,0.0,0.0,0.0,0.0,0.0,0.0,0.0,0.0,2.022803115,0.0,60.76385577,56.00343632
3285,216.6,681.9459907400001,0.0,0.0,0.0,0.0,0.0,0.0,0.0,0.0,2.022803115,0.0,26.8131797,36.00220906
3286,251.0,576.6384762399999,53.6,29.4,2.0,23.0,13.0,17.4,22.0,88.4,0.0,0.0,29.27397499,28.00171816
3287,252.6,550.37172966,54.6,50.0,16.6,35.0,15.0,44.6,12.0,161.2,0.0,0.0,47.37180866,28.00171816
3288,316.6,827.92691228,33.0,10.2,6.4,1.0,8.0,29.6,68.4,91.4,0.0,0.0,37.5482553,36.00220906
3289,231.20000000000002,578.80227536,47.6,6.6,8.2,0.0,0.0,11.0,13.0,85.80000000000001,2.022803115,0.0,32.40130125,37.00227043
3290,113.0,306.31799546,10.0,4.4,2.6,0.0,9.0,16.8,16.2,88.0,0.0,0.0,18.5290346,14.00085908
3291,127.6,407.66951136,66.2,28.2,4.6,0.0,18.0,155.8,35.2,80.4,0.0,0.0,31.86209654,8.000490903
3292,278.4,628.19825998,24.0,7.0,10.0,19.8,74.0,19.2,25.8,104.6,0.0,0.0,31.51896626,25.00153407
3293,398.8,992.0566440599999,101.6,25.0,21.4,101.0,65.0,149.6,893.8,447.0,0.0,0.0,119.1152224,28.00171816
3294,384.6,981.88953126,2.8,0.4,0.4,0.0,0.0,0.4,1.8,8.8,0.0,0.0,59.08756179,35.0021477
3295,387.0,1035.12499392,9.0,1.0,1.0,1.0,12.0,10.0,1.0,41.0,0.0,0.0,33.03854318,39.00239315
3296,219.4,711.56578134,0.0,0.0,5.0,0.0,24.0,0.0,3.0,4.0,0.0,0.0,12.94091305,15.00092044
3297,221.8,634.42550862,0.0,0.0,0.0,0.0,0.0,0.0,0.0,0.0,0.0,0.0,12.74483861,17.00104317
3298,330.2,1022.9537304800001,0.0,0.0,0.0,0.0,0.0,50.0,0.0,3.0,0.0,0.0,22.84267229,27.0016568
3299,235.0,702.8656653200001,0.0,0.0,0.0,0.0,0.0,64.0,0.0,0.0,0.0,0.0,87.07790055,31.00190225
3300,317.2,932.9981167200001,0.0,0.0,0.0,0.0,0.0,0.0,0.0,0.0,0.0,0.0,62.79334835,50.00306814
3301,649.0,1899.0471003999999,2.8000000000000003,1.2000000000000002,0.4,0.0,0.0,8.8,1.6,7.2,0.0,0.0,44.90104681,54.00331359
3302,383.4,1118.77269138,4.800000000000001,2.6,10.600000000000001,0.0,0.0,8.0,3.2,24.200000000000003,1.011401557,0.0,26.27397499,35.0021477
3303,617.2,1875.8116758,2.0,0.0,0.0,5.0,4.0,3.0,0.0,17.0,0.0,16.60869565,44.68544635,52.00319087
3304,339.2,1092.06843994,10.0,0.0,1.0,12.0,4.0,9.0,1.0,44.0,0.0,0.0,27.20532858,31.00190225
3305,12.2,31.416419156,0.0,0.0,0.0,0.0,0.0,0.0,0.0,0.0,0.0,0.0,1.813688572,2.000122726
3306,397.4,1144.57472732,3.0,1.0,0.4,0.0,2.0,69.0,1.0,11.0,0.0,0.0,68.74432974,45.00276133
3307,303.8,876.4028605999999,0.4,0.0,0.0,0.0,0.0,47.0,0.0,0.0,0.0,0.0,19.9995929,24.00147271
3308,321.4,900.95196002,0.0,0.0,0.0,2.0,3.0,0.0,0.0,0.0,0.0,0.0,17.98982989,23.00141135
3309,70.2,217.635036878,0.0,0.0,0.0,0.0,0.0,0.0,0.0,0.0,0.0,0.0,9.46059174,13.00079772
3310,400.2,1254.5016143999999,0.0,0.0,0.0,0.0,0.0,0.0,0.0,0.0,0.0,0.0,23.97010032,32.00196361
3311,260.6,812.4640806,4.0,1.2000000000000002,0.0,0.0,0.0,1.6,1.6,5.2,1.011401557,0.0,18.77412765,18.00110453
3312,337.0,1047.3663796,24.8,6.0,5.6000000000000005,0.0,0.0,10.0,6.800000000000001,62.0,1.011401557,0.0,23.52893283,24.00147271
3313,239.8,773.68937456,14.4,1.0,0.0,2.0,6.0,16.0,3.0,46.4,0.0,0.0,20.78389066,22.00134998
3314,378.4,1268.0231423999999,0.0,0.0,2.0,1.0,0.0,7.0,1.0,7.0,0.0,0.0,22.59757924,29.00177952
3315,689.4000000000001,2021.1803656000002,55.6,14.0,10.6,2.0,0.0,11.8,9.4,125.60000000000001,1.011401557,0.0,101.2724484,99.00607492
3316,495.8,1507.7027766,19.4,1.0,2.0,30.0,15.0,13.0,11.0,104.0,0.0,0.0,47.25394009,50.00306814
3317,303.0,979.38386888,6.0,0.0,0.0,14.0,8.0,4.0,1.0,40.4,0.0,0.0,17.86484887,19.18277364
3318,426.4,1402.1563166,48.8,13.2,18.6,0.0,2.0,26.4,23.4,138.4,0.0,0.0,61.4009957,45.00276116
3319,373.4,1237.9581486,78.8,27.2,15.4,0.0,0.0,17.8,4.6,157.6,2.022803115,0.0,95.12651206,29.00177952
3320,513.6,1379.7769214,0.0,0.0,0.0,0.0,0.0,0.0,0.0,0.0,0.0,0.0,38.72470194,52.00319087
3321,6.0,20.774999788,0.0,0.0,0.0,0.0,0.0,0.0,0.0,0.0,0.0,0.0,14.46048997,19.00116589
3322,5.0,7.7906249198,0.0,0.0,0.0,0.0,0.0,0.0,0.0,0.0,0.0,0.0,14.95067607,20.00122726
3323,0.0,0.0,0.0,0.0,0.0,0.0,0.0,0.0,0.0,0.0,0.0,0.0,17.25455074,23.00141135
3324,9.0,35.490624634,0.0,0.0,0.0,0.0,0.0,0.0,0.0,0.0,0.0,0.0,17.30356935,23.00141135
3325,7.0,17.31249982,0.0,0.0,0.0,0.0,0.0,0.0,0.0,0.0,0.0,0.0,21.27407676,28.00171816
3326,10.0,25.103124737999998,0.0,0.0,0.0,0.0,0.0,0.0,0.0,0.0,0.0,0.0,17.00945769,23.00141135
3327,12.0,37.221874616,0.0,0.0,0.0,0.0,0.0,0.0,0.0,0.0,1.011401557,0.0,35.04830619,47.00288405
3328,8.0,24.23749975,0.0,0.0,0.0,0.0,0.0,0.0,0.0,0.0,0.0,0.0,36.96003198,49.00300678
3329,16.0,49.340624487999996,0.0,0.0,0.0,0.0,0.0,0.0,0.0,0.0,0.0,0.0,15.19576912,20.00122726
3330,7.0,22.506249764,0.0,0.0,0.0,0.0,0.0,0.0,0.0,0.0,0.0,0.0,19.75449985,26.00159543
3331,12.0,28.56562471,0.0,0.0,0.0,0.0,0.0,0.0,0.0,0.0,0.0,0.0,19.80351846,26.00159543
3332,9.0,23.371874762,0.0,0.0,0.0,0.0,0.0,0.0,0.0,0.0,0.0,0.0,22.10739313,30.00184089
3333,56.0,206.01874784,0.0,0.0,0.0,0.0,0.0,0.0,0.0,0.0,32.36484983,0.0,2.745042163,4.000245451
3334,16.0,54.534374436,0.0,0.0,0.0,0.0,11.0,2.0,0.0,0.0,24.27363737,0.0,13.08796888,17.00104317
3335,14.0,47.609374512,0.0,0.0,0.0,0.0,0.0,0.0,0.0,0.0,0.0,0.0,15.34282495,20.00122726
3336,4.0,16.446874828,0.0,0.0,0.0,0.0,0.0,0.0,0.0,0.0,0.0,0.0,18.87216487,25.00153407
3337,4.0,12.118749878000001,0.0,0.0,0.0,0.0,0.0,0.0,0.0,0.0,0.0,0.0,22.64659785,30.00184089
3338,10.0,32.028124672,0.0,0.0,0.0,0.0,0.0,0.0,0.0,0.0,0.0,0.0,18.23492294,24.00147271
3339,21.0,49.340624487999996,0.0,0.0,0.0,0.0,0.0,0.0,0.0,0.0,0.0,0.0,17.94081128,24.00147271
3340,7.0,14.715624845999999,0.0,0.0,0.0,0.0,0.0,0.0,0.0,0.0,0.0,0.0,30.04840796,40.00245451
3341,18.2,60.723872588,0.0,0.0,0.0,0.0,0.0,0.0,0.0,0.0,0.0,0.0,21.12702093,28.00171816
3342,32.2,102.59601673200001,0.0,0.0,0.0,0.0,0.0,0.0,0.0,0.0,0.0,0.0,22.8916909,31.00190225
3343,22.200000000000003,81.313177966,0.0,0.0,0.0,0.0,0.0,0.0,0.0,0.0,0.0,0.0,20.44076039,27.0016568
3344,19.0,64.921874332,17.4,1.0,2.0,1.0,6.0,16.4,4.0,63.6,0.0,0.0,57.489779,20.00122726
3345,29.8,77.148708738,11.0,0.0,14.2,1.0,3.0,1.4,0.0,15.4,0.0,0.0,15.14675051,17.00104317
3346,21.4,54.494515,0.0,0.0,0.0,0.0,0.0,0.0,0.0,0.0,0.0,0.0,14.65656441,20.00122726
3347,46.8,138.62073698400002,17.0,2.0,2.0,1.0,5.0,16.4,6.0,63.2,0.0,0.0,70.86230008,22.00134998
3348,12.0,40.684374582,0.0,0.0,0.0,0.0,0.0,0.0,0.0,0.0,43.49026696,0.0,2.794060773,4.000245451
3349,273.4,776.38168018,0.0,0.0,0.0,0.0,0.0,0.0,0.0,0.0,0.0,0.0,31.27387321,42.00257724
3350,22.8,69.40427017600001,0.0,0.0,0.0,0.0,0.0,0.0,0.0,0.0,0.0,0.0,19.70548124,26.00159543
3351,29.6,96.9185755,0.0,0.0,0.0,0.0,0.0,0.0,0.0,0.0,0.0,0.0,19.85253707,27.0016568
3352,26.200000000000003,84.645554706,5.0,0.0,4.4,1.0,2.0,28.0,1.0,18.0,0.0,0.0,18.43099738,24.00147271
3353,81.2,255.16123528800006,0.0,0.0,0.0,0.0,0.0,0.0,0.0,0.0,0.0,0.0,21.81328147,28.00171816
3354,27.8,68.02869724600001,0.0,0.0,0.0,0.0,0.0,0.0,0.0,0.0,0.0,0.0,12.84287583,17.00104317
3355,37.0,96.154708082,0.0,0.0,0.0,0.0,0.0,0.0,0.0,0.0,0.0,0.0,65.68575167,34.00208634
3356,11.2,33.021763894,0.0,0.0,0.0,0.0,0.0,0.0,0.0,0.0,0.0,0.0,21.22505815,28.00171816
3357,24.8,75.653557482,0.0,0.0,0.0,0.0,0.0,0.0,0.0,0.0,0.0,0.0,19.70548124,26.00159543
3358,28.4,89.50144837399999,0.0,0.0,0.0,0.0,0.0,0.0,0.0,0.0,0.0,0.0,46.28394155,24.00147271
3359,82.80000000000001,248.62966286,1.0,0.0,2.0,0.0,1.0,1.0,0.0,4.0,0.0,0.0,26.12691916,34.00208634
3360,60.0,182.73407902,0.0,0.0,0.0,0.0,0.0,0.0,0.0,0.0,0.0,0.0,26.8131797,36.00220906
3361,72.4,203.827005424,1.2000000000000002,0.8,1.6,0.0,0.0,2.0,0.8,3.2,0.0,0.0,29.01901715,33.00202497
3362,50.800000000000004,136.909416734,0.0,0.0,0.0,0.0,0.0,0.0,0.0,0.0,0.0,0.0,17.5486624,23.00141135
3363,241.0,676.33350522,0.0,0.0,0.0,0.0,0.0,0.0,0.0,0.0,1.011401557,0.0,29.90135213,40.00245451
3364,35.0,102.143748972,0.0,1.0,3.0,0.0,118.0,16.0,4.0,1.0,18.20522803,0.0,9.11746147,3.000184089
3365,7.0,19.909374794,3.0,0.0,0.0,5.0,2.0,3.0,1.0,15.0,4.045606229,0.0,24.3622492,31.00190225
3366,20.0,53.668749448,0.0,0.0,0.0,0.0,0.0,0.0,0.0,0.0,0.0,0.0,24.70537947,33.00202497
3367,18.2,47.611483494,0.0,0.0,0.0,0.0,0.0,0.0,0.0,0.0,0.0,0.0,23.92108171,32.00196361
3368,13.8,36.314281210000004,0.0,0.0,0.0,0.0,0.0,0.0,0.0,0.0,0.0,0.0,7.941014829,11.00067499
3369,29.6,83.33820685200001,2.8000000000000003,0.4,0.4,0.0,0.0,2.8,0.0,4.2,0.0,0.0,9.705684791,13.00079772
3370,68.6,193.26952287400002,4.0,0.4,0.4,0.0,1.0,6.0,1.0,10.0,0.0,0.0,16.96043908,21.00128862
3371,10.2,30.382920502,0.0,0.0,0.0,0.0,0.0,0.0,0.0,0.0,0.0,0.0,20.14664873,27.0016568
3372,62.0,160.661116192,0.0,0.0,0.0,0.0,0.0,0.0,0.0,0.0,0.0,0.0,20.29370456,27.0016568
3373,85.0,237.96620478399998,16.0,3.6,19.6,2.0,1.0,34.6,3.2,30.6,0.0,0.0,64.08756179,25.00153407
3374,86.0,233.324371202,5.0,0.0,2.4,0.0,3.0,5.0,1.0,19.2,0.0,0.0,30.41126781,30.00184089
3375,87.4,234.81741346400003,0.0,0.0,0.0,0.0,0.0,0.0,0.0,0.0,0.0,0.0,25.44065862,26.00159543
3376,101.2,282.36488984000005,53.4,14.0,12.8,0.0,0.0,25.8,17.2,102.2,0.0,0.0,40.4893719,37.00227043
3377,118.80000000000001,322.92125016,43.6,7.2,10.4,0.0,5.0,36.8,24.2,107.4,2.022803115,0.0,36.81297615,23.00141135
3378,4.0,10.387499892,0.0,0.0,0.0,0.0,0.0,0.0,0.0,0.0,1.011401557,0.0,1.127428031,2.000122726
3379,1.0,1.731249982,0.0,0.0,0.0,0.0,0.0,0.0,0.0,0.0,0.0,0.0,13.03895027,17.00104317
3380,3.0,8.6562499108,0.0,0.0,0.0,0.0,0.0,0.0,0.0,0.0,1.011401557,0.0,22.98972812,31.00190225
3381,5.2,14.527821463999999,0.0,0.0,0.0,0.0,0.0,0.0,0.0,0.0,1.011401557,0.0,16.86240186,23.00141135
3382,40.400000000000006,137.50751944,0.0,0.0,0.0,0.0,0.0,0.0,0.0,0.0,1.011401557,0.0,18.97020209,25.00153407
3383,30.0,96.203003416,1.0,0.0,1.0,0.0,0.0,0.0,0.0,0.4,3.034204672,0.0,10.7350756,14.00085908
3384,18.6,54.644567933999994,0.0,0.0,0.0,0.0,0.0,0.0,0.0,0.0,4.045606229,0.0,1.666632742,2.000122726
3385,293.6,749.0253372460002,0.0,0.0,0.0,0.0,0.0,0.0,0.0,0.0,3.034204672,0.0,82.8904696,82.00503176
3386,26.6,69.8082425792,59.0,11.4,18.6,0.0,0.0,23.8,18.0,124.80000000000001,3.034204672,0.0,112.8908767,7.00042954
3387,70.0,190.43749802,0.0,0.0,0.0,0.0,0.0,0.0,0.0,0.0,9.102614016,0.0,11.61741058,16.00098181
3388,19.0,51.937499462,0.0,0.0,0.0,0.0,0.0,0.0,0.0,0.0,0.0,0.0,1.421539692,2.000122726
3389,10.6,28.799614468,0.0,0.0,0.0,0.0,0.0,0.0,0.0,0.0,0.0,0.0,7.303772898,10.00061363
3390,36.6,111.80629195,0.0,0.0,0.0,0.0,0.0,0.0,0.0,0.0,0.0,0.0,44.13688572,24.00147271
3391,17.2,45.27274596,0.0,0.0,0.0,0.0,0.0,0.0,0.0,0.0,3.034204672,0.0,9.656666181,13.00079772
3392,70.4,209.80877048000002,1.6,0.8,1.2000000000000002,0.0,0.0,6.4,1.2000000000000002,6.4,2.022803115,0.0,28.08766356,32.00196361
3393,101.4,316.14324534800005,0.0,0.0,0.0,0.0,0.0,0.0,0.0,0.0,1.011401557,0.0,21.81328147,29.00177952
3394,196.8,567.598606,9.600000000000001,2.8000000000000003,2.8000000000000003,0.0,0.0,8.4,1.6,30.400000000000002,1.011401557,0.0,77.93958999,59.00362041
3395,11.0,31.16249968,0.0,0.0,0.0,0.0,0.0,0.0,0.0,0.0,0.0,0.0,4.411674905,6.000368177
3396,19.0,54.96249451999999,0.0,0.0,0.0,0.0,0.0,0.0,0.0,0.0,0.0,0.0,12.64680139,17.00104317
3397,73.0,231.509184414,0.0,0.0,0.0,0.0,0.0,0.0,0.0,0.0,0.0,0.0,42.79375545,24.00147271
3398,116.80000000000001,315.427673264,0.0,0.0,0.0,0.0,0.0,0.0,0.0,0.0,0.0,0.0,26.96023553,36.00220906
3399,45.2,124.92079005599999,0.0,0.0,0.0,0.0,0.0,0.0,0.0,0.0,3.034204672,0.0,15.04871329,20.00122726
3400,118.60000000000001,341.9525573156,16.0,8.0,8.8,0.0,0.0,21.6,8.8,58.800000000000004,2.022803115,0.0,48.43038673,43.0026386
3401,44.6,144.22056833399998,0.0,0.0,0.0,0.0,0.0,0.0,0.0,0.0,0.0,0.0,22.25444896,30.00184089
3402,33.2,105.66298021600002,0.0,0.0,0.0,0.0,0.0,0.0,0.0,0.0,0.0,0.0,20.63683483,28.00171816
3403,78.2,243.925931138,2.8000000000000003,0.4,1.6,0.0,0.0,4.0,0.8,4.0,0.0,0.0,14.99969468,17.00104317
3404,189.8,539.735899712,0.0,0.0,0.0,0.0,0.0,0.0,0.0,0.0,1.011401557,0.0,38.23451584,51.00312951
3405,28.4,76.26526298799999,90.8,7.8,22.0,2.0,30.0,49.0,31.4,388.6,7.079810901,0.0,108.1656659,8.000490903
3406,7.6000000000000005,26.69064874,81.8,17.8,79.0,19.0,16.0,56.4,32.2,222.8,1.011401557,0.0,42.79324658,10.00061363
3407,99.0,310.823590132,0.0,0.0,0.0,0.0,0.0,0.0,0.0,0.0,0.0,0.0,23.47991422,31.00190225
3408,324.6,1020.98279762,2.4000000000000004,2.6,5.2,0.0,69.0,18.0,3.4,8.0,0.0,0.0,47.7931448,58.00355905
3409,140.20000000000002,398.62426314000004,0.0,0.0,0.0,0.0,0.0,0.0,0.0,0.0,0.0,0.0,24.46028642,33.00202497
3410,548.0,1398.5142382000001,40.0,6.4,11.600000000000001,57.0,24.0,19.200000000000003,18.4,90.4,3.034204672,0.0,73.23380342,67.00411131
3411,34.0,83.099999146,38.8,1.0,27.8,212.0,55.0,5.0,3.0,61.0,0.0,0.0,46.42062372,37.00227043
3412,68.2,171.45986432,0.0,0.0,0.0,0.0,0.0,0.0,0.0,0.0,1.011401557,0.0,47.64608897,64.00392722
3413,92.2,287.639518754,0.0,0.0,0.0,0.0,0.0,0.0,0.0,0.0,1.011401557,0.0,28.18570078,38.00233179
3414,59.2,179.221174736,2.6,0.4,5.0,5.0,84.0,1.4,0.4,1.6,4.045606229,0.0,16.96043908,16.00098181
3415,236.8,779.8352176000001,0.0,0.0,18.2,0.0,74.2,0.0,0.0,2.0,0.0,0.0,101.2146845,60.00368177
3416,292.8,892.8637605000001,13.600000000000001,2.8000000000000003,1.6,0.0,0.0,4.4,2.4000000000000004,27.6,0.0,0.0,38.77372055,52.00319087
3417,190.60000000000002,643.2990876,6.0,2.0,135.6,0.0,0.0,10.0,6.0,13.600000000000001,3.034204672,0.0,30.68564989,32.00196361
3418,730.8,2375.1525502,81.0,21.8,45.8,146.0,95.0,38.400000000000006,31.0,190.8,3.034204672,0.0,165.6068334,23.00141135
3419,0.0,0.0,47.8,10.0,525.4,154.0,87.0,32.2,36.0,107.6,1.011401557,0.0,40.53839051,0.0
3420,349.6,895.5263293,34.0,51.0,8.0,94.0,19.0,226.4,17.4,170.4,0.0,0.0,76.44981098,38.00233179
3421,231.6,539.62433476,166.8,62.0,20.2,329.0,61.0,219.6,69.4,280.0,0.0,0.0,80.90043616,28.00171816
3422,7.0,23.371874762,590.2,47.4,95.4,30.0,98.0,7.2,3.0,5.4,1.011401557,0.0,44.31282349,0.0
3423,102.2,302.9509261,50.4,55.4,4.2,42.0,152.0,24.0,59.6,95.8,0.0,0.0,29.16607298,13.00079772
3424,399.0,1012.8820483,3.0,30.0,1.0,8.0,14.0,77.4,1.0,8.0,0.0,0.0,49.07759523,46.00282269
3425,419.0,1024.49085006,135.2,4.0,4.4,36.0,8.0,71.4,3.2,95.6,0.0,0.0,56.22434573,52.00319087
3426,640.8,1667.0647695999999,16.0,39.0,1.0,56.0,7.0,67.0,53.0,57.8,0.0,0.0,81.05756033,65.00398859
3427,91.6,265.458471412,0.0,0.0,0.0,0.0,0.0,0.0,0.0,0.0,0.0,0.0,15.63693661,21.00128862
3428,465.6,1321.6698532,40.0,28.2,19.8,86.6,104.0,10.2,14.0,144.4,3.034204672,0.0,56.91060627,30.00184089
3429,87.6,197.83469542,451.6,191.8,20.4,5.0,764.0,40.6,55.8,59.2,0.0,0.0,111.0181012,14.00085908
3430,404.4,852.01530796,0.0,7.0,0.0,1.0,54.2,6.0,48.0,17.0,0.0,0.0,28.47981244,32.00196361
3431,250.0,829.26874148,3.0,0.0,0.0,25.0,11.0,30.0,21.0,9.0,0.0,0.0,12.94091305,17.00104317
3432,327.0,1129.6406138,16.0,0.0,32.0,0.0,0.0,0.0,0.0,0.0,0.0,0.0,18.18590433,23.00141135
3433,172.0,534.1696007,0.0,0.0,0.0,0.0,0.0,0.0,0.0,0.0,0.0,0.0,31.71504071,42.00257724
3434,824.2,2348.3444326,0.0,0.0,0.0,0.0,0.0,0.0,0.0,0.0,1.011401557,0.0,84.26299068,75.00460222
3435,586.8,1672.7401018,0.0,0.0,0.0,0.0,0.0,0.0,0.0,0.0,1.011401557,0.0,22.20543035,27.0016568
3436,291.0,849.17811624,0.0,2.0,1.0,0.0,158.0,16.0,5.0,10.4,0.0,0.0,23.92108171,19.00116589
3437,377.4,1051.2727118,0.0,0.0,0.0,0.0,0.0,0.0,0.0,0.0,0.0,0.0,18.82314626,25.00153407
3438,247.8,707.701418,0.0,0.0,0.0,0.0,0.0,0.0,0.0,0.0,0.0,0.0,12.54876417,17.00104317
3439,142.0,472.414338294,0.0,0.0,0.0,0.0,0.0,0.0,0.0,0.0,1.011401557,0.0,62.44970921,51.00312951
3440,129.4,373.90075186,0.0,0.0,0.0,0.0,0.0,0.0,0.0,0.0,0.0,0.0,37.00905059,49.00300678
3441,225.2,627.09653626,1.2000000000000002,2.2,1.6,4.0,22.0,4.0,0.0,3.6,0.0,0.0,28.08766356,38.00233179
3442,667.8,2007.4966570000001,0.0,0.0,0.0,0.0,0.0,59.0,0.0,0.0,0.0,0.0,39.55801831,49.00300678
3443,676.6,2205.1791906,0.0,0.0,0.0,0.0,0.0,0.0,0.0,0.0,0.0,0.0,37.30316225,50.00306814
3444,17.0,61.503451764000005,1.0,0.0,7.0,1.0,161.0,2.0,0.0,0.0,7.079810901,0.0,10.83311282,3.000184089
3445,356.4,1120.7210588,0.0,0.0,0.0,0.0,0.0,0.0,0.0,0.0,0.0,0.0,21.20298357,27.82011058
3446,83.80000000000001,250.3651308,0.0,1.0,4.0,3.0,148.0,2.0,0.0,0.0,0.0,0.0,72.54845885,26.00159543
3447,8.8,21.556687946,0.0,0.0,0.0,0.0,0.0,0.0,0.0,0.0,1.011401557,0.0,69.65544489,67.00411131
3448,6.2,15.687225374,0.0,0.0,0.0,0.0,0.0,0.0,0.0,0.0,1.011401557,0.0,57.10668071,41.00251588
3449,25.0,57.996874403999996,0.0,0.0,0.0,0.0,0.0,0.0,0.0,0.0,0.0,0.0,68.66612387,36.00220906
3450,220.8,687.1205485,0.0,0.0,0.0,0.0,0.0,0.0,0.0,0.0,0.0,0.0,17.79375545,24.00147271
3451,3.0,4.3281249552,0.0,0.0,0.0,0.0,0.0,0.0,0.0,0.0,5.057007786,0.0,0.931353591,1.000061363
3452,3.0,6.9249999288,0.0,0.0,0.0,0.0,0.0,0.0,0.0,0.0,1.011401557,0.0,0.931353591,1.000061363
3453,7.2,17.228562986,0.0,0.0,0.0,0.0,0.0,0.0,0.0,0.0,0.0,0.0,1.715651352,2.000122726
3454,16.0,39.81874959,3.6,0.4,2.4000000000000004,0.0,0.0,12.4,1.2000000000000002,8.0,1.011401557,0.0,5.441065716,2.000122726
3455,0.0,0.0,0.0,0.0,0.0,0.0,0.0,0.0,0.0,0.0,0.0,0.0,0.588223321,1.000061363
3456,8.2,18.579988242,0.0,0.0,0.0,0.0,0.0,0.0,0.0,0.0,0.0,0.0,1.911725792,3.000184089
3457,740.4,2253.6867732,4.4,3.8,1.6,6.800000000000001,92.2,5.4,5.2,23.2,0.0,0.0,54.21458272,62.0038045
3458,5.0,18.178124814,0.0,0.0,0.0,0.0,0.0,0.0,0.0,0.0,17.19382647,0.0,0.24509305,0.0
3459,44.0,158.4093734,0.0,0.0,0.0,0.0,0.0,0.0,0.0,0.0,28.3192436,0.0,2.156818842,3.000184089
3460,196.0,715.87186762,0.0,0.0,0.0,0.0,0.0,0.0,0.0,0.0,44.50166852,0.0,9.607647571,13.00079772
3461,113.4,415.64793965999996,0.0,0.0,32.0,0.0,17.0,24.0,0.0,0.0,60.68409344,0.0,11.02918726,10.00061363
3462,54.0,194.76562296,0.0,0.0,0.0,0.0,0.0,0.0,0.0,0.0,5.057007786,0.0,2.892097993,4.000245451
3463,53.2,192.57061142,0.0,1.0,3.0,0.0,97.4,9.0,1.0,0.0,2.022803115,0.0,9.754703401,5.000306814
3464,21.4,78.581961826,0.0,0.0,0.0,5.0,75.0,8.0,2.0,0.0,3.034204672,0.0,9.705684791,2.000122726
3465,7.0,19.909374794,0.0,0.0,0.0,0.0,0.0,0.0,0.0,0.0,1.011401557,0.0,1.470558302,2.000122726
3466,1.0,4.3281249552,0.0,6.0,9.0,1.0,144.0,42.0,3.0,0.0,0.0,0.0,10.63703838,1.000061363
3467,897.4,2551.7428958,0.0,0.0,0.0,0.0,0.0,0.0,0.0,0.0,0.0,0.0,45.58730735,61.00374314
3468,883.0,2331.993726,0.0,0.0,0.0,0.0,0.0,64.0,0.0,0.0,0.0,0.0,46.56767955,58.00355905
3469,7.2,17.41847535,0.0,0.0,0.0,0.0,0.0,0.0,0.0,0.0,0.0,0.0,1.568595522,2.000122726
3470,7.4,17.988212444000002,0.0,0.0,0.0,0.0,0.0,0.0,0.0,0.0,1.011401557,0.0,1.470558302,2.000122726
3471,4.2,13.618119076000001,0.0,0.0,0.0,0.0,1.0,0.0,0.0,0.0,1.011401557,0.0,1.176446641,2.000122726
3472,592.2,1570.6341032,0.4,4.2,6.6,12.0,141.6,5.0,0.0,0.8,0.0,0.0,52.36194387,48.00294542
3473,242.6,682.2006477599999,32.0,20.0,0.0,21.0,45.0,6.0,43.0,1.4,0.0,0.0,28.67588688,27.0016568
3474,427.2,1135.1543992,0.0,0.0,1.0,0.0,27.0,0.0,0.0,0.0,0.0,0.0,23.43089561,29.00177952
3475,423.0,1174.4957844,12.0,38.0,1.4,0.0,52.4,3.0,13.0,13.0,0.0,0.0,34.31302704,42.00257724
3476,948.0,2548.6161428,3.8,20.4,22.0,18.2,220.8,52.4,13.0,3.0,3.034204672,0.0,65.29278859,64.00392722
3477,194.6,523.6831899,171.0,59.0,2.0,1.0,146.0,15.8,4.0,12.0,0.0,0.0,40.53839051,14.00085908
3478,577.0,1582.3624838,49.4,97.0,26.4,32.0,236.0,39.4,5.6,26.4,0.0,0.0,47.49903314,38.00233179
3479,228.2,585.4879076,0.0,0.0,0.0,0.0,0.0,0.0,0.0,0.0,0.0,0.0,28.96999854,39.00239315
3480,687.2,1774.8399846,0.0,0.0,0.0,0.0,0.0,0.0,0.0,0.0,0.0,0.0,52.30285693,70.0042954
3481,18.6,47.18758136,2.0,1.0,8.0,7.0,39.4,1.0,1.0,1.0,3.034204672,0.0,4.999898226,3.000184089
3482,880.6,2175.8203838,0.0,1.8,0.4,0.0,130.2,15.0,3.8000000000000003,0.0,0.0,0.0,28.82294271,23.00141135
3483,392.6,896.37413356,0.4,24.0,10.0,3.8,1022.4,332.0,46.0,8.0,0.0,0.0,102.448895,41.00251588
3484,350.8,932.75242196,33.0,54.0,2.0,0.0,117.8,8.0,9.0,15.0,0.0,38.75362319,61.28353445,36.00220906
3485,288.4,837.03943668,16.0,39.0,4.0,2.0,170.4,13.0,5.0,7.0,0.0,0.0,17.64669962,22.00134998
3486,791.0,2199.2457203999998,0.0,0.0,0.0,0.0,0.0,0.0,0.0,0.0,0.0,0.0,40.44035329,54.00331359
3487,276.0,711.26799562,0.0,0.0,0.0,0.0,0.0,0.0,0.0,0.0,0.0,0.0,78.23370165,104.0063817
3488,607.2,1670.3940884,0.0,0.0,0.0,0.0,0.0,0.0,0.0,0.0,0.0,0.0,40.53839051,54.00331359
3489,1.0,1.0,0.0,0.0,0.0,0.0,0.0,0.0,0.0,0.0,0.0,0.0,1.323502471,2.000122726
3490,103.0,273.79563462,0.0,0.0,0.0,0.0,0.0,0.0,0.0,0.0,1.011401557,0.0,9.06844286,12.00073635
3491,380.6,1105.17756,0.0,0.0,0.0,0.0,0.0,0.0,0.0,0.0,0.0,0.0,37.94040418,51.00312951
3492,206.0,556.79426868,0.0,0.0,0.0,0.0,0.0,0.0,0.0,0.0,0.0,0.0,17.00945769,23.00141135
3493,495.8,1457.279198,0.0,0.0,0.0,0.0,0.0,0.0,0.0,0.0,0.0,0.0,26.37201221,35.0021477
3494,414.0,1165.9968632,0.0,0.0,3.0,4.0,8.0,4.0,1.0,1.0,0.0,0.0,21.32309537,27.0016568
3495,90.0,216.22688034,0.0,0.0,0.0,0.0,0.0,0.0,0.0,0.0,2.022803115,0.0,13.38208054,18.00110453
3496,21.0,59.728124384,0.0,5.0,9.0,22.0,580.0,67.0,11.0,0.0,2.022803115,0.0,37.30316225,4.000245451
3497,141.6,396.12260754,0.0,1.0,1.0,0.0,49.0,4.0,0.0,0.0,0.0,0.0,11.37231753,12.00073635
3498,2128.6,5637.9269204,0.0,0.0,1.0,0.0,7.4,51.0,0.0,0.0,0.0,0.0,126.5761195,148.0090817
3499,429.0,1158.206238,0.0,13.6,16.8,0.0,433.8,11.8,11.2,0.0,1.011401557,0.0,64.11634195,28.00171816
3500,5.2,14.527821463999999,23.0,26.200000000000003,10.600000000000001,1.2000000000000002,764.0,24.200000000000003,18.200000000000003,0.0,4.04560618,0.0,118.8211093,1.000061351
3501,785.8,2357.7202612,0.0,2.0,0.0,0.0,14.0,7.0,0.0,0.0,1.82e-08,0.0,23.53670593,30.52919573
3502,1.0,1.0,0.0,62.6,33.6,0.0,1500.6,38.4,53.8,0.0,0.0,0.0,123.2818043,0.0
3503,16.0,57.13124941,0.0,0.0,1.0,1.0,75.0,7.0,0.0,0.0,334.7739155,0.0,4.901861005,1.000061363
3504,1.0,1.731249982,0.0,0.0,0.0,0.0,0.0,0.0,0.0,0.0,39.44466073,0.0,0.04901861,0.0
3505,0.0,0.0,0.0,0.0,0.0,0.0,0.0,0.0,0.0,0.0,86.98053393,0.0,0.0,0.0
3506,33.0,119.45624873999999,0.0,0.0,0.0,0.0,0.0,0.0,0.0,0.0,3.034204672,0.0,1.617614132,2.000122726
3507,25.0,90.89062406400001,0.0,1.0,1.0,2.0,80.0,10.0,1.0,4.0,89.00333704,0.0,6.127326257,2.000122726
3508,102.0,372.21874616,11.0,1.0,9.0,0.0,49.0,47.0,1.0,0.0,79.90072303,0.0,10.78409421,7.00042954
3509,48.0,137.63437362,0.0,0.0,0.0,0.0,0.0,0.0,0.0,0.0,202.2803115,0.0,2.352893283,3.000184089
3510,16.0,47.609374512,0.0,1.0,3.0,1.0,189.0,14.0,1.0,0.0,63.71829811,0.0,11.07820587,1.000061363
3511,178.0,499.46561986,0.0,0.0,0.0,1.0,14.0,2.0,0.0,0.0,7.079810901,0.0,9.558628961,12.00073635
3512,79.0,260.55312227999997,0.0,0.0,0.0,0.0,0.0,0.0,0.0,0.0,11.12541713,0.0,3.872470194,5.000306814
3513,13.0,46.743749518,0.0,0.0,0.0,0.0,0.0,0.0,0.0,0.0,48.54727475,0.0,0.637241931,1.000061363
3514,1.0,4.3281249552,0.0,0.0,0.0,0.0,0.0,0.0,0.0,0.0,52.59288098,0.0,0.04901861,0.0
3515,56.8,159.71883016,0.0,0.0,0.0,0.0,0.0,0.0,0.0,0.0,0.0,0.0,2.745042163,4.000245451
3516,2.0,3.0,0.0,0.0,0.0,0.0,0.0,0.0,0.0,0.0,0.0,0.0,0.24509305,0.0
3517,0.0,0.0,0.0,0.0,0.0,0.0,0.0,0.0,0.0,0.0,0.0,0.0,0.0,0.0
3518,1.0,1.0,0.0,0.0,0.0,0.0,0.0,5.0,0.0,0.0,0.0,0.0,0.0,0.0
3519,0.0,0.0,0.0,0.0,0.0,0.0,0.0,0.0,0.0,0.0,0.0,0.0,0.0,0.0
3520,0.0,0.0,0.0,0.0,0.0,0.0,0.0,0.0,0.0,0.0,0.0,0.0,0.0,0.0
3521,1.0,1.731249982,0.0,0.0,0.0,0.0,0.0,0.0,0.0,0.0,0.0,0.0,0.04901861,0.0
3522,0.0,0.0,0.0,0.0,0.0,0.0,0.0,0.0,0.0,0.0,0.0,0.0,0.0,0.0
3523,32.0,89.159374082,112.4,152.2,0.0,0.0,0.0,0.0,0.0,114.3,0.0,0.0,0.0,0.0
3524,0.0,0.0,0.0,0.0,0.0,0.0,0.0,0.0,0.0,0.0,0.0,0.0,0.0,0.0
3525,18.0,82.23437415400001,0.0,0.0,0.0,0.0,0.0,0.0,0.0,0.0,0.0,0.0,2.0,0.0
3526,0.0,0.0,0.0,0.0,0.0,0.0,0.0,0.0,0.0,0.0,0.0,0.0,0.0,0.0
3527,4.0,8.6562499108,0.0,0.0,0.0,0.0,0.0,10.5,0.0,31.5,0.0,0.0,0.0,0.0
3528,34.0,71.846874262,0.0,0.0,0.0,0.0,0.0,0.0,0.0,0.0,0.0,0.0,0.0,0.0
3529,6.0,14.715624845999999,0.0,0.0,0.0,0.0,0.0,0.0,0.0,37.0,0.0,0.0,0.0,0.0
3530,2.0,3.4624999646,0.0,0.0,0.0,0.0,0.0,0.0,0.0,0.0,0.0,0.0,0.09803722,0.0
3531,10.0,21.640624776,0.0,0.0,0.0,0.0,0.0,0.0,0.0,0.0,0.0,0.0,0.490186101,1.000061363
3532,41.0,75.309374224,2.0,0.0,0.0,0.0,0.0,0.0,0.0,0.0,0.0,0.0,0.0,0.0
3533,54.0,143.69374854,0.0,0.0,0.0,0.0,0.0,0.0,0.0,0.0,0.0,0.0,0.0,0.0
3534,2.0,3.4624999646,0.0,0.0,0.0,0.0,0.0,0.0,0.0,0.0,0.0,0.0,0.09803722,0.0
3535,0.0,0.0,0.0,0.0,0.0,0.0,0.0,0.0,0.0,0.0,0.0,0.0,0.0,0.0
3536,0.0,0.0,0.0,0.0,0.0,0.0,0.0,0.0,0.0,0.0,0.0,0.0,0.0,0.0
3537,0.0,0.0,0.0,0.0,0.0,0.0,0.0,0.0,0.0,0.0,0.0,0.0,0.0,0.0
3538,0.0,0.0,0.0,0.0,0.0,0.0,0.0,0.0,0.0,0.0,0.0,0.0,0.0,0.0
3539,0.0,0.0,0.0,0.0,0.0,0.0,0.0,0.0,0.0,0.0,0.0,0.0,0.0,0.0
3540,65.0,213.8093728,7.2,0.0,0.0,0.0,0.8,0.0,0.0,0.0,0.0,0.0,8.0,0.0
3541,0.0,0.0,0.0,0.0,0.0,0.0,0.0,0.0,0.0,0.0,0.0,0.0,0.0,0.0
3542,1.0,5.1937499462,0.0,0.0,0.0,0.0,0.0,0.0,0.0,0.0,0.0,0.0,0.0,0.0
3543,0.0,0.0,0.0,0.0,0.0,0.0,0.0,0.0,0.0,0.0,0.0,0.0,0.0,0.0
3544,31.8,82.58062414999999,0.0,0.0,0.0,0.0,0.0,0.0,22.0,0.0,0.0,0.0,0.0,0.0
3545,29.6,111.57906134,0.0,0.0,0.0,0.0,0.0,0.0,0.0,0.0,0.0,0.0,0.0,0.0
3546,0.0,0.0,0.0,0.0,0.0,0.0,0.0,0.0,0.0,0.0,0.0,0.0,0.0,0.0
3547,5.0,21.640624776,0.0,0.0,0.0,0.0,0.0,0.0,0.0,0.0,0.0,0.0,0.0,0.0
3548,2.0,4.3281249552,0.0,0.0,0.0,0.0,0.0,0.0,0.0,0.0,0.0,0.0,0.0,0.0
3549,0.0,0.0,0.0,0.0,0.0,0.0,0.0,0.0,0.0,0.0,0.0,0.0,0.0,0.0
3550,0.0,0.0,0.0,0.0,0.0,0.0,0.0,0.0,0.0,0.0,0.0,0.0,0.0,0.0
3551,0.0,0.0,0.0,0.0,0.0,0.0,0.0,0.0,0.0,0.0,0.0,0.0,0.0,0.0
3552,1.0,4.3281249552,12.4,6.4,12.8,18.8,31.4,7.4,2.0,27.0,0.0,88.57971011,8.774331197,0.0
3553,0.0,0.0,0.0,0.0,0.0,0.0,0.0,0.0,0.0,0.0,1.011401557,0.0,0.0,0.0
3554,0.0,0.0,0.0,0.0,0.0,0.0,0.0,0.0,0.0,0.0,0.0,0.0,0.0,0.0
3555,5.0,7.7906249198,0.0,0.0,0.0,0.0,0.0,0.0,0.0,0.0,0.0,0.0,0.0,0.0
3556,0.0,0.0,0.0,0.0,0.0,0.0,0.0,0.0,0.0,0.0,6.068409343,0.0,0.0,0.0
3557,0.0,0.0,0.0,0.0,0.0,0.0,0.0,0.0,0.0,0.0,0.0,0.0,0.0,0.0
3558,0.0,0.0,0.0,0.0,0.0,0.0,0.0,0.0,0.0,0.0,0.0,0.0,0.0,0.0
3559,3.0,6.0593749378,0.0,0.0,0.0,0.0,0.0,0.0,0.0,0.0,0.0,0.0,0.14705583,0.0
3560,0.0,0.0,0.0,0.0,0.0,0.0,0.0,0.0,0.0,0.0,3.05e-08,0.0,21.95256563,28.47442469
3561,0.0,0.0,0.0,0.0,0.0,0.0,0.0,0.0,0.0,0.0,0.0,0.0,0.0,0.0
3562,0.0,0.0,0.0,0.0,0.0,0.0,0.0,0.0,0.0,0.0,0.0,0.0,0.0,0.0
